month,symbol
2011-01,AAI
2011-01,AAN
2011-01,AAP
2011-01,ACI
2011-01,ACIW
2011-01,ACM
2011-01,ACV
2011-01,ACXM
2011-01,ADS
2011-01,ADTN
2011-01,ADVS
2011-01,AEO
2011-01,AF
2011-01,AFG
2011-01,AGCO
2011-01,AGL
2011-01,AINV
2011-01,AJG
2011-01,ALB
2011-01,ALEX
2011-01,ALK
2011-01,AM
2011-01,AMB
2011-01,AME
2011-01,AMG
2011-01,ANN
2011-01,ANSS
2011-01,AOL
2011-01,ARE
2011-01,ARO
2011-01,ARW
2011-01,ASBC
2011-01,ASH
2011-01,ASNA
2011-01,ATK
2011-01,ATML
2011-01,ATO
2011-01,ATR
2011-01,ATW
2011-01,AVT
2011-01,AYI
2011-01,BBG
2011-01,BCO
2011-01,BEAV
2011-01,BEC
2011-01,BEZ
2011-01,BID
2011-01,BIO
2011-01,BJ
2011-01,BKH
2011-01,BKS
2011-01,BLUD
2011-01,BOBE
2011-01,BOH
2011-01,BR
2011-01,BRE
2011-01,BRO
2011-01,BUCY
2011-01,BWA
2011-01,BXS
2011-01,BYD
2011-01,BYI
2011-01,CAKE
2011-01,CATY
2011-01,CBB
2011-01,CBSH
2011-01,CBT
2011-01,CDNS
2011-01,CECO
2011-01,CFR
2011-01,CHD
2011-01,CHS
2011-01,CIEN
2011-01,CLGX
2011-01,CLH
2011-01,CLI
2011-01,CMC
2011-01,CMG
2011-01,CMP
2011-01,CNL
2011-01,CNQR
2011-01,CNW
2011-01,CPO
2011-01,CPRT
2011-01,CPT
2011-01,CR
2011-01,CREE
2011-01,CRK
2011-01,CRL
2011-01,CRS
2011-01,CSL
2011-01,CUZ
2011-01,CVD
2011-01,CVG
2011-01,CXW
2011-01,CYH
2011-01,CYN
2011-01,CYT
2011-01,DBD
2011-01,DCI
2011-01,DECK
2011-01,DKS
2011-01,DLTR
2011-01,DLX
2011-01,DPL
2011-01,DRE
2011-01,DRIV
2011-01,DRQ
2011-01,DST
2011-01,DWA
2011-01,DYN
2011-01,EAT
2011-01,EGN
2011-01,EK
2011-01,ENDP
2011-01,ENR
2011-01,EQIX
2011-01,EQY
2011-01,ESI
2011-01,ESS
2011-01,EV
2011-01,EW
2011-01,EWBC
2011-01,EXBD
2011-01,EXH
2011-01,FAF
2011-01,FCN
2011-01,FCS
2011-01,FDS
2011-01,FICO
2011-01,FL
2011-01,FLO
2011-01,FMER
2011-01,FNF
2011-01,FNFG
2011-01,FOSL
2011-01,FRT
2011-01,FST
2011-01,FTO
2011-01,FULT
2011-01,GDI
2011-01,GEF
2011-01,GES
2011-01,GGG
2011-01,GHL
2011-01,GMCR
2011-01,GMT
2011-01,GNTX
2011-01,GPN
2011-01,GPRO
2011-01,GVA
2011-01,GXP
2011-01,HANS
2011-01,HBI
2011-01,HCC
2011-01,HE
2011-01,HHS
2011-01,HIW
2011-01,HLX
2011-01,HMA
2011-01,HNI
2011-01,HNT
2011-01,HOLX
2011-01,HPT
2011-01,HRC
2011-01,HSC
2011-01,HSIC
2011-01,HUBB
2011-01,IBOC
2011-01,IDA
2011-01,IDTI
2011-01,IDXX
2011-01,IEX
2011-01,IM
2011-01,INFA
2011-01,IPI
2011-01,IRF
2011-01,ISCA
2011-01,ISIL
2011-01,IT
2011-01,ITRI
2011-01,JBHT
2011-01,JBLU
2011-01,JCG
2011-01,JEF
2011-01,JKHY
2011-01,JLL
2011-01,JOYG
2011-01,JWA
2011-01,KBH
2011-01,KBR
2011-01,KCI
2011-01,KEX
2011-01,KFY
2011-01,KMT
2011-01,KND
2011-01,KSU
2011-01,KWK
2011-01,LAMR
2011-01,LANC
2011-01,LECO
2011-01,LII
2011-01,LKQX
2011-01,LNCR
2011-01,LNT
2011-01,LPNT
2011-01,LPS
2011-01,LPX
2011-01,LRCX
2011-01,LRY
2011-01,LSTR
2011-01,LTM
2011-01,LZ
2011-01,MAC
2011-01,MAN
2011-01,MANT
2011-01,MASI
2011-01,MATW
2011-01,MCRS
2011-01,MCY
2011-01,MD
2011-01,MDC
2011-01,MDRX
2011-01,MDU
2011-01,MENT
2011-01,MHK
2011-01,MLHR
2011-01,MLM
2011-01,MRX
2011-01,MSA
2011-01,MSCI
2011-01,MSM
2011-01,MTD
2011-01,MTX
2011-01,NAL
2011-01,NATI
2011-01,NCI
2011-01,NCR
2011-01,NDN
2011-01,NDSN
2011-01,NEU
2011-01,NFG
2011-01,NHP
2011-01,NSR
2011-01,NST
2011-01,NVE
2011-01,NVR
2011-01,NYB
2011-01,NYT
2011-01,O
2011-01,OCR
2011-01,ODP
2011-01,OFC
2011-01,OGE
2011-01,OHI
2011-01,OII
2011-01,OLN
2011-01,OMI
2011-01,ORI
2011-01,OSG
2011-01,OSK
2011-01,PACW
2011-01,PCH
2011-01,PCX
2011-01,PDE
2011-01,PETM
2011-01,PII
2011-01,PKG
2011-01,PL
2011-01,PLCM
2011-01,PLT
2011-01,PMTC
2011-01,PNM
2011-01,PNR
2011-01,PNRA
2011-01,PPDI
2011-01,PRGO
2011-01,PRSP
2011-01,PSS
2011-01,PTEN
2011-01,PVH
2011-01,PXP
2011-01,QLGC
2011-01,QSFT
2011-01,RAH
2011-01,RAX
2011-01,RBC
2011-01,RCII
2011-01,RDK
2011-01,RE
2011-01,REG
2011-01,RFMD
2011-01,RGA
2011-01,RGS
2011-01,RJF
2011-01,RKT
2011-01,RMD
2011-01,ROL
2011-01,ROVI
2011-01,RPM
2011-01,RS
2011-01,RVBD
2011-01,RYL
2011-01,RYN
2011-01,SCHL
2011-01,SCI
2011-01,SEIC
2011-01,SFD
2011-01,SFG
2011-01,SGMS
2011-01,SHAW
2011-01,SIVB
2011-01,SKS
2011-01,SLAB
2011-01,SLG
2011-01,SLGN
2011-01,SLH
2011-01,SM
2011-01,SMG
2011-01,SMTC
2011-01,SNH
2011-01,SNPS
2011-01,SNV
2011-01,SON
2011-01,SPN
2011-01,SPW
2011-01,SRX
2011-01,STE
2011-01,STLD
2011-01,STR
2011-01,STRA
2011-01,SUG
2011-01,SWKS
2011-01,SXT
2011-01,TBL
2011-01,TCB
2011-01,TCO
2011-01,TDS
2011-01,TDW
2011-01,TECD
2011-01,TECH
2011-01,TEX
2011-01,TFX
2011-01,THG
2011-01,THO
2011-01,THOR
2011-01,TIBX
2011-01,TIN
2011-01,TKR
2011-01,TNB
2011-01,TOL
2011-01,TR
2011-01,TRH
2011-01,TRMB
2011-01,TRMK
2011-01,TRN
2011-01,TSCO
2011-01,TUP
2011-01,TW
2011-01,TWTC
2011-01,UA
2011-01,UDR
2011-01,UGI
2011-01,UHS
2011-01,UNT
2011-01,URI
2011-01,URS
2011-01,UTHR
2011-01,UTR
2011-01,UVV
2011-01,VAL
2011-01,VCLK
2011-01,VLY
2011-01,VMI
2011-01,VRTX
2011-01,VSH
2011-01,VVC
2011-01,WAB
2011-01,WABC
2011-01,WBS
2011-01,WCG
2011-01,WCN
2011-01,WDR
2011-01,WEN
2011-01,WERN
2011-01,WFSL
2011-01,WGL
2011-01,WGOV
2011-01,WMS
2011-01,WOOF
2011-01,WOR
2011-01,WR
2011-01,WRB
2011-01,WRC
2011-01,WRI
2011-01,WSM
2011-01,WSO
2011-01,WTR
2011-01,XEC
2011-01,ZBRA
2011-02,AAI
2011-02,AAN
2011-02,AAP
2011-02,ACI
2011-02,ACIW
2011-02,ACM
2011-02,ACV
2011-02,ACXM
2011-02,ADS
2011-02,ADTN
2011-02,ADVS
2011-02,AEO
2011-02,AF
2011-02,AFG
2011-02,AGCO
2011-02,AGL
2011-02,AINV
2011-02,AJG
2011-02,ALB
2011-02,ALEX
2011-02,ALK
2011-02,AM
2011-02,AMB
2011-02,AME
2011-02,AMG
2011-02,ANN
2011-02,ANSS
2011-02,AOL
2011-02,ARE
2011-02,ARO
2011-02,ARW
2011-02,ASBC
2011-02,ASH
2011-02,ASNA
2011-02,ATK
2011-02,ATML
2011-02,ATO
2011-02,ATR
2011-02,ATW
2011-02,AVT
2011-02,AYI
2011-02,BBG
2011-02,BCO
2011-02,BEAV
2011-02,BEC
2011-02,BEZ
2011-02,BID
2011-02,BIO
2011-02,BJ
2011-02,BKH
2011-02,BKS
2011-02,BLUD
2011-02,BOBE
2011-02,BOH
2011-02,BR
2011-02,BRE
2011-02,BRO
2011-02,BUCY
2011-02,BWA
2011-02,BXS
2011-02,BYD
2011-02,BYI
2011-02,CAKE
2011-02,CATY
2011-02,CBB
2011-02,CBSH
2011-02,CBT
2011-02,CDNS
2011-02,CECO
2011-02,CFR
2011-02,CHD
2011-02,CHS
2011-02,CIEN
2011-02,CLGX
2011-02,CLH
2011-02,CLI
2011-02,CMC
2011-02,CMG
2011-02,CMP
2011-02,CNL
2011-02,CNQR
2011-02,CNW
2011-02,CPO
2011-02,CPRT
2011-02,CPT
2011-02,CR
2011-02,CREE
2011-02,CRK
2011-02,CRL
2011-02,CRS
2011-02,CSL
2011-02,CUZ
2011-02,CVD
2011-02,CVG
2011-02,CXW
2011-02,CYH
2011-02,CYN
2011-02,CYT
2011-02,DBD
2011-02,DCI
2011-02,DECK
2011-02,DKS
2011-02,DLTR
2011-02,DLX
2011-02,DPL
2011-02,DRE
2011-02,DRIV
2011-02,DRQ
2011-02,DST
2011-02,DWA
2011-02,DYN
2011-02,EAT
2011-02,EGN
2011-02,EK
2011-02,ENDP
2011-02,ENR
2011-02,EQIX
2011-02,EQY
2011-02,ESI
2011-02,ESS
2011-02,EV
2011-02,EW
2011-02,EWBC
2011-02,EXBD
2011-02,EXH
2011-02,FAF
2011-02,FCN
2011-02,FCS
2011-02,FDS
2011-02,FICO
2011-02,FL
2011-02,FLO
2011-02,FMER
2011-02,FNF
2011-02,FNFG
2011-02,FOSL
2011-02,FRT
2011-02,FST
2011-02,FTO
2011-02,FULT
2011-02,GDI
2011-02,GEF
2011-02,GES
2011-02,GGG
2011-02,GHL
2011-02,GMCR
2011-02,GMT
2011-02,GNTX
2011-02,GPN
2011-02,GPRO
2011-02,GVA
2011-02,GXP
2011-02,HANS
2011-02,HBI
2011-02,HCC
2011-02,HE
2011-02,HHS
2011-02,HIW
2011-02,HLX
2011-02,HMA
2011-02,HNI
2011-02,HNT
2011-02,HOLX
2011-02,HPT
2011-02,HRC
2011-02,HSC
2011-02,HSIC
2011-02,HUBB
2011-02,IBOC
2011-02,IDA
2011-02,IDTI
2011-02,IDXX
2011-02,IEX
2011-02,IM
2011-02,INFA
2011-02,IPI
2011-02,IRF
2011-02,ISCA
2011-02,ISIL
2011-02,IT
2011-02,ITRI
2011-02,JBHT
2011-02,JBLU
2011-02,JCG
2011-02,JEF
2011-02,JKHY
2011-02,JLL
2011-02,JOYG
2011-02,JWA
2011-02,KBH
2011-02,KBR
2011-02,KCI
2011-02,KEX
2011-02,KFY
2011-02,KMT
2011-02,KND
2011-02,KSU
2011-02,KWK
2011-02,LAMR
2011-02,LANC
2011-02,LECO
2011-02,LII
2011-02,LKQX
2011-02,LNCR
2011-02,LNT
2011-02,LPNT
2011-02,LPS
2011-02,LPX
2011-02,LRCX
2011-02,LRY
2011-02,LSTR
2011-02,LTM
2011-02,LZ
2011-02,MAC
2011-02,MAN
2011-02,MANT
2011-02,MASI
2011-02,MATW
2011-02,MCRS
2011-02,MCY
2011-02,MD
2011-02,MDC
2011-02,MDRX
2011-02,MDU
2011-02,MENT
2011-02,MHK
2011-02,MLHR
2011-02,MLM
2011-02,MRX
2011-02,MSA
2011-02,MSCI
2011-02,MSM
2011-02,MTD
2011-02,MTX
2011-02,NAL
2011-02,NATI
2011-02,NCI
2011-02,NCR
2011-02,NDN
2011-02,NDSN
2011-02,NEU
2011-02,NFG
2011-02,NHP
2011-02,NSR
2011-02,NST
2011-02,NVE
2011-02,NVR
2011-02,NYB
2011-02,NYT
2011-02,O
2011-02,OCR
2011-02,ODP
2011-02,OFC
2011-02,OGE
2011-02,OHI
2011-02,OII
2011-02,OLN
2011-02,OMI
2011-02,ORI
2011-02,OSG
2011-02,OSK
2011-02,PACW
2011-02,PCH
2011-02,PCX
2011-02,PDE
2011-02,PETM
2011-02,PII
2011-02,PKG
2011-02,PL
2011-02,PLCM
2011-02,PLT
2011-02,PMTC
2011-02,PNM
2011-02,PNR
2011-02,PNRA
2011-02,PPDI
2011-02,PRGO
2011-02,PRSP
2011-02,PSS
2011-02,PTEN
2011-02,PVH
2011-02,PXP
2011-02,QLGC
2011-02,QSFT
2011-02,RAH
2011-02,RAX
2011-02,RBC
2011-02,RCII
2011-02,RDK
2011-02,RE
2011-02,REG
2011-02,RFMD
2011-02,RGA
2011-02,RGS
2011-02,RJF
2011-02,RKT
2011-02,RMD
2011-02,ROL
2011-02,ROVI
2011-02,RPM
2011-02,RS
2011-02,RVBD
2011-02,RYL
2011-02,RYN
2011-02,SCHL
2011-02,SCI
2011-02,SEIC
2011-02,SFD
2011-02,SFG
2011-02,SGMS
2011-02,SHAW
2011-02,SIVB
2011-02,SKS
2011-02,SLAB
2011-02,SLG
2011-02,SLGN
2011-02,SLH
2011-02,SM
2011-02,SMG
2011-02,SMTC
2011-02,SNH
2011-02,SNPS
2011-02,SNV
2011-02,SON
2011-02,SPN
2011-02,SPW
2011-02,SRX
2011-02,STE
2011-02,STLD
2011-02,STR
2011-02,STRA
2011-02,SUG
2011-02,SWKS
2011-02,SXT
2011-02,TBL
2011-02,TCB
2011-02,TCO
2011-02,TDS
2011-02,TDW
2011-02,TECD
2011-02,TECH
2011-02,TEX
2011-02,TFX
2011-02,THG
2011-02,THO
2011-02,THOR
2011-02,TIBX
2011-02,TIN
2011-02,TKR
2011-02,TNB
2011-02,TOL
2011-02,TR
2011-02,TRH
2011-02,TRMB
2011-02,TRMK
2011-02,TRN
2011-02,TSCO
2011-02,TUP
2011-02,TW
2011-02,TWTC
2011-02,UA
2011-02,UDR
2011-02,UGI
2011-02,UHS
2011-02,UNT
2011-02,URI
2011-02,URS
2011-02,UTHR
2011-02,UTR
2011-02,UVV
2011-02,VAL
2011-02,VCLK
2011-02,VLY
2011-02,VMI
2011-02,VRTX
2011-02,VSH
2011-02,VVC
2011-02,WAB
2011-02,WABC
2011-02,WBS
2011-02,WCG
2011-02,WCN
2011-02,WDR
2011-02,WEN
2011-02,WERN
2011-02,WFSL
2011-02,WGL
2011-02,WGOV
2011-02,WMS
2011-02,WOOF
2011-02,WOR
2011-02,WR
2011-02,WRB
2011-02,WRC
2011-02,WRI
2011-02,WSM
2011-02,WSO
2011-02,WTR
2011-02,XEC
2011-02,ZBRA
2011-03,AAI
2011-03,AAN
2011-03,AAP
2011-03,ACI
2011-03,ACIW
2011-03,ACM
2011-03,ACV
2011-03,ACXM
2011-03,ADS
2011-03,ADTN
2011-03,ADVS
2011-03,AEO
2011-03,AF
2011-03,AFG
2011-03,AGCO
2011-03,AGL
2011-03,AINV
2011-03,AJG
2011-03,ALB
2011-03,ALEX
2011-03,ALK
2011-03,AM
2011-03,AMB
2011-03,AME
2011-03,AMG
2011-03,ANN
2011-03,ANSS
2011-03,AOL
2011-03,ARE
2011-03,ARO
2011-03,ARW
2011-03,ASBC
2011-03,ASH
2011-03,ASNA
2011-03,ATK
2011-03,ATML
2011-03,ATO
2011-03,ATR
2011-03,ATW
2011-03,AVT
2011-03,AYI
2011-03,BBG
2011-03,BCO
2011-03,BEAV
2011-03,BEC
2011-03,BEZ
2011-03,BID
2011-03,BIO
2011-03,BJ
2011-03,BKH
2011-03,BKS
2011-03,BLUD
2011-03,BOBE
2011-03,BOH
2011-03,BR
2011-03,BRE
2011-03,BRO
2011-03,BUCY
2011-03,BWA
2011-03,BXS
2011-03,BYD
2011-03,BYI
2011-03,CAKE
2011-03,CATY
2011-03,CBB
2011-03,CBSH
2011-03,CBT
2011-03,CDNS
2011-03,CECO
2011-03,CFR
2011-03,CHD
2011-03,CHS
2011-03,CIEN
2011-03,CLGX
2011-03,CLH
2011-03,CLI
2011-03,CMC
2011-03,CMG
2011-03,CMP
2011-03,CNL
2011-03,CNQR
2011-03,CNW
2011-03,CPO
2011-03,CPRT
2011-03,CPT
2011-03,CR
2011-03,CREE
2011-03,CRK
2011-03,CRL
2011-03,CRS
2011-03,CSL
2011-03,CUZ
2011-03,CVD
2011-03,CVG
2011-03,CXW
2011-03,CYH
2011-03,CYN
2011-03,CYT
2011-03,DBD
2011-03,DCI
2011-03,DECK
2011-03,DKS
2011-03,DLTR
2011-03,DLX
2011-03,DPL
2011-03,DRE
2011-03,DRIV
2011-03,DRQ
2011-03,DST
2011-03,DWA
2011-03,DYN
2011-03,EAT
2011-03,EGN
2011-03,EK
2011-03,ENDP
2011-03,ENR
2011-03,EQIX
2011-03,EQY
2011-03,ESI
2011-03,ESS
2011-03,EV
2011-03,EW
2011-03,EWBC
2011-03,EXBD
2011-03,EXH
2011-03,FAF
2011-03,FCN
2011-03,FCS
2011-03,FDS
2011-03,FICO
2011-03,FL
2011-03,FLO
2011-03,FMER
2011-03,FNF
2011-03,FNFG
2011-03,FOSL
2011-03,FRT
2011-03,FST
2011-03,FTO
2011-03,FULT
2011-03,GDI
2011-03,GEF
2011-03,GES
2011-03,GGG
2011-03,GHL
2011-03,GMCR
2011-03,GMT
2011-03,GNTX
2011-03,GPN
2011-03,GPRO
2011-03,GVA
2011-03,GXP
2011-03,HANS
2011-03,HBI
2011-03,HCC
2011-03,HE
2011-03,HHS
2011-03,HIW
2011-03,HLX
2011-03,HMA
2011-03,HNI
2011-03,HNT
2011-03,HOLX
2011-03,HPT
2011-03,HRC
2011-03,HSC
2011-03,HSIC
2011-03,HUBB
2011-03,IBOC
2011-03,IDA
2011-03,IDTI
2011-03,IDXX
2011-03,IEX
2011-03,IM
2011-03,INFA
2011-03,IPI
2011-03,IRF
2011-03,ISCA
2011-03,ISIL
2011-03,IT
2011-03,ITRI
2011-03,JBHT
2011-03,JBLU
2011-03,JCG
2011-03,JEF
2011-03,JKHY
2011-03,JLL
2011-03,JOYG
2011-03,JWA
2011-03,KBH
2011-03,KBR
2011-03,KCI
2011-03,KEX
2011-03,KFY
2011-03,KMT
2011-03,KND
2011-03,KSU
2011-03,KWK
2011-03,LAMR
2011-03,LANC
2011-03,LECO
2011-03,LII
2011-03,LKQX
2011-03,LNCR
2011-03,LNT
2011-03,LPNT
2011-03,LPS
2011-03,LPX
2011-03,LRCX
2011-03,LRY
2011-03,LSTR
2011-03,LTM
2011-03,LZ
2011-03,MAC
2011-03,MAN
2011-03,MANT
2011-03,MASI
2011-03,MATW
2011-03,MCRS
2011-03,MCY
2011-03,MD
2011-03,MDC
2011-03,MDRX
2011-03,MDU
2011-03,MENT
2011-03,MHK
2011-03,MLHR
2011-03,MLM
2011-03,MRX
2011-03,MSA
2011-03,MSCI
2011-03,MSM
2011-03,MTD
2011-03,MTX
2011-03,NAL
2011-03,NATI
2011-03,NCI
2011-03,NCR
2011-03,NDN
2011-03,NDSN
2011-03,NEU
2011-03,NFG
2011-03,NHP
2011-03,NSR
2011-03,NST
2011-03,NVE
2011-03,NVR
2011-03,NYB
2011-03,NYT
2011-03,O
2011-03,OCR
2011-03,ODP
2011-03,OFC
2011-03,OGE
2011-03,OHI
2011-03,OII
2011-03,OLN
2011-03,OMI
2011-03,ORI
2011-03,OSG
2011-03,OSK
2011-03,PACW
2011-03,PCH
2011-03,PCX
2011-03,PDE
2011-03,PETM
2011-03,PII
2011-03,PKG
2011-03,PL
2011-03,PLCM
2011-03,PLT
2011-03,PMTC
2011-03,PNM
2011-03,PNR
2011-03,PNRA
2011-03,PPDI
2011-03,PRGO
2011-03,PRSP
2011-03,PSS
2011-03,PTEN
2011-03,PVH
2011-03,PXP
2011-03,QLGC
2011-03,QSFT
2011-03,RAH
2011-03,RAX
2011-03,RBC
2011-03,RCII
2011-03,RDK
2011-03,RE
2011-03,REG
2011-03,RFMD
2011-03,RGA
2011-03,RGS
2011-03,RJF
2011-03,RKT
2011-03,RMD
2011-03,ROL
2011-03,ROVI
2011-03,RPM
2011-03,RS
2011-03,RVBD
2011-03,RYL
2011-03,RYN
2011-03,SCHL
2011-03,SCI
2011-03,SEIC
2011-03,SFD
2011-03,SFG
2011-03,SGMS
2011-03,SHAW
2011-03,SIVB
2011-03,SKS
2011-03,SLAB
2011-03,SLG
2011-03,SLGN
2011-03,SLH
2011-03,SM
2011-03,SMG
2011-03,SMTC
2011-03,SNH
2011-03,SNPS
2011-03,SNV
2011-03,SON
2011-03,SPN
2011-03,SPW
2011-03,SRX
2011-03,STE
2011-03,STLD
2011-03,STR
2011-03,STRA
2011-03,SUG
2011-03,SWKS
2011-03,SXT
2011-03,TBL
2011-03,TCB
2011-03,TCO
2011-03,TDS
2011-03,TDW
2011-03,TECD
2011-03,TECH
2011-03,TEX
2011-03,TFX
2011-03,THG
2011-03,THO
2011-03,THOR
2011-03,TIBX
2011-03,TIN
2011-03,TKR
2011-03,TNB
2011-03,TOL
2011-03,TR
2011-03,TRH
2011-03,TRMB
2011-03,TRMK
2011-03,TRN
2011-03,TSCO
2011-03,TUP
2011-03,TW
2011-03,TWTC
2011-03,UA
2011-03,UDR
2011-03,UGI
2011-03,UHS
2011-03,UNT
2011-03,URI
2011-03,URS
2011-03,UTHR
2011-03,UTR
2011-03,UVV
2011-03,VAL
2011-03,VCLK
2011-03,VLY
2011-03,VMI
2011-03,VRTX
2011-03,VSH
2011-03,VVC
2011-03,WAB
2011-03,WABC
2011-03,WBS
2011-03,WCG
2011-03,WCN
2011-03,WDR
2011-03,WEN
2011-03,WERN
2011-03,WFSL
2011-03,WGL
2011-03,WGOV
2011-03,WMS
2011-03,WOOF
2011-03,WOR
2011-03,WR
2011-03,WRB
2011-03,WRC
2011-03,WRI
2011-03,WSM
2011-03,WSO
2011-03,WTR
2011-03,XEC
2011-03,ZBRA
2011-04,AAI
2011-04,AAN
2011-04,AAP
2011-04,ACI
2011-04,ACIW
2011-04,ACM
2011-04,ACV
2011-04,ACXM
2011-04,ADS
2011-04,ADTN
2011-04,ADVS
2011-04,AEO
2011-04,AF
2011-04,AFG
2011-04,AGCO
2011-04,AGL
2011-04,AINV
2011-04,AJG
2011-04,ALB
2011-04,ALEX
2011-04,ALK
2011-04,AM
2011-04,AMB
2011-04,AME
2011-04,AMG
2011-04,ANN
2011-04,ANSS
2011-04,AOL
2011-04,ARE
2011-04,ARO
2011-04,ARW
2011-04,ASBC
2011-04,ASH
2011-04,ASNA
2011-04,ATK
2011-04,ATML
2011-04,ATO
2011-04,ATR
2011-04,ATW
2011-04,AVT
2011-04,AYI
2011-04,BBG
2011-04,BCO
2011-04,BEAV
2011-04,BEC
2011-04,BEZ
2011-04,BID
2011-04,BIO
2011-04,BJ
2011-04,BKH
2011-04,BKS
2011-04,BLUD
2011-04,BOBE
2011-04,BOH
2011-04,BR
2011-04,BRE
2011-04,BRO
2011-04,BUCY
2011-04,BWA
2011-04,BXS
2011-04,BYD
2011-04,BYI
2011-04,CAKE
2011-04,CATY
2011-04,CBB
2011-04,CBSH
2011-04,CBT
2011-04,CDNS
2011-04,CECO
2011-04,CFR
2011-04,CHD
2011-04,CHS
2011-04,CIEN
2011-04,CLGX
2011-04,CLH
2011-04,CLI
2011-04,CMC
2011-04,CMG
2011-04,CMP
2011-04,CNL
2011-04,CNQR
2011-04,CNW
2011-04,CPO
2011-04,CPRT
2011-04,CPT
2011-04,CR
2011-04,CREE
2011-04,CRK
2011-04,CRL
2011-04,CRS
2011-04,CSL
2011-04,CUZ
2011-04,CVD
2011-04,CVG
2011-04,CXW
2011-04,CYH
2011-04,CYN
2011-04,CYT
2011-04,DBD
2011-04,DCI
2011-04,DECK
2011-04,DKS
2011-04,DLTR
2011-04,DLX
2011-04,DPL
2011-04,DRE
2011-04,DRIV
2011-04,DRQ
2011-04,DST
2011-04,DWA
2011-04,DYN
2011-04,EAT
2011-04,EGN
2011-04,EK
2011-04,ENDP
2011-04,ENR
2011-04,EQIX
2011-04,EQY
2011-04,ESI
2011-04,ESS
2011-04,EV
2011-04,EW
2011-04,EWBC
2011-04,EXBD
2011-04,EXH
2011-04,FAF
2011-04,FCN
2011-04,FCS
2011-04,FDS
2011-04,FICO
2011-04,FL
2011-04,FLO
2011-04,FMER
2011-04,FNF
2011-04,FNFG
2011-04,FOSL
2011-04,FRT
2011-04,FST
2011-04,FTO
2011-04,FULT
2011-04,GDI
2011-04,GEF
2011-04,GES
2011-04,GGG
2011-04,GHL
2011-04,GMCR
2011-04,GMT
2011-04,GNTX
2011-04,GPN
2011-04,GPRO
2011-04,GVA
2011-04,GXP
2011-04,HANS
2011-04,HBI
2011-04,HCC
2011-04,HE
2011-04,HHS
2011-04,HIW
2011-04,HLX
2011-04,HMA
2011-04,HNI
2011-04,HNT
2011-04,HOLX
2011-04,HPT
2011-04,HRC
2011-04,HSC
2011-04,HSIC
2011-04,HUBB
2011-04,IBOC
2011-04,IDA
2011-04,IDTI
2011-04,IDXX
2011-04,IEX
2011-04,IM
2011-04,INFA
2011-04,IPI
2011-04,IRF
2011-04,ISCA
2011-04,ISIL
2011-04,IT
2011-04,ITRI
2011-04,JBHT
2011-04,JBLU
2011-04,JCG
2011-04,JEF
2011-04,JKHY
2011-04,JLL
2011-04,JOYG
2011-04,JWA
2011-04,KBH
2011-04,KBR
2011-04,KCI
2011-04,KEX
2011-04,KFY
2011-04,KMT
2011-04,KND
2011-04,KSU
2011-04,KWK
2011-04,LAMR
2011-04,LANC
2011-04,LECO
2011-04,LII
2011-04,LKQX
2011-04,LNCR
2011-04,LNT
2011-04,LPNT
2011-04,LPS
2011-04,LPX
2011-04,LRCX
2011-04,LRY
2011-04,LSTR
2011-04,LTM
2011-04,LZ
2011-04,MAC
2011-04,MAN
2011-04,MANT
2011-04,MASI
2011-04,MATW
2011-04,MCRS
2011-04,MCY
2011-04,MD
2011-04,MDC
2011-04,MDRX
2011-04,MDU
2011-04,MENT
2011-04,MHK
2011-04,MLHR
2011-04,MLM
2011-04,MRX
2011-04,MSA
2011-04,MSCI
2011-04,MSM
2011-04,MTD
2011-04,MTX
2011-04,NAL
2011-04,NATI
2011-04,NCI
2011-04,NCR
2011-04,NDN
2011-04,NDSN
2011-04,NEU
2011-04,NFG
2011-04,NHP
2011-04,NSR
2011-04,NST
2011-04,NVE
2011-04,NVR
2011-04,NYB
2011-04,NYT
2011-04,O
2011-04,OCR
2011-04,ODP
2011-04,OFC
2011-04,OGE
2011-04,OHI
2011-04,OII
2011-04,OLN
2011-04,OMI
2011-04,ORI
2011-04,OSG
2011-04,OSK
2011-04,PACW
2011-04,PCH
2011-04,PCX
2011-04,PDE
2011-04,PETM
2011-04,PII
2011-04,PKG
2011-04,PL
2011-04,PLCM
2011-04,PLT
2011-04,PMTC
2011-04,PNM
2011-04,PNR
2011-04,PNRA
2011-04,PPDI
2011-04,PRGO
2011-04,PRSP
2011-04,PSS
2011-04,PTEN
2011-04,PVH
2011-04,PXP
2011-04,QLGC
2011-04,QSFT
2011-04,RAH
2011-04,RAX
2011-04,RBC
2011-04,RCII
2011-04,RDK
2011-04,RE
2011-04,REG
2011-04,RFMD
2011-04,RGA
2011-04,RGS
2011-04,RJF
2011-04,RKT
2011-04,RMD
2011-04,ROL
2011-04,ROVI
2011-04,RPM
2011-04,RS
2011-04,RVBD
2011-04,RYL
2011-04,RYN
2011-04,SCHL
2011-04,SCI
2011-04,SEIC
2011-04,SFD
2011-04,SFG
2011-04,SGMS
2011-04,SHAW
2011-04,SIVB
2011-04,SKS
2011-04,SLAB
2011-04,SLG
2011-04,SLGN
2011-04,SLH
2011-04,SM
2011-04,SMG
2011-04,SMTC
2011-04,SNH
2011-04,SNPS
2011-04,SNV
2011-04,SON
2011-04,SPN
2011-04,SPW
2011-04,SRX
2011-04,STE
2011-04,STLD
2011-04,STR
2011-04,STRA
2011-04,SUG
2011-04,SWKS
2011-04,SXT
2011-04,TBL
2011-04,TCB
2011-04,TCO
2011-04,TDS
2011-04,TDW
2011-04,TECD
2011-04,TECH
2011-04,TEX
2011-04,TFX
2011-04,THG
2011-04,THO
2011-04,THOR
2011-04,TIBX
2011-04,TIN
2011-04,TKR
2011-04,TNB
2011-04,TOL
2011-04,TR
2011-04,TRH
2011-04,TRMB
2011-04,TRMK
2011-04,TRN
2011-04,TSCO
2011-04,TUP
2011-04,TW
2011-04,TWTC
2011-04,UA
2011-04,UDR
2011-04,UGI
2011-04,UHS
2011-04,UNT
2011-04,URI
2011-04,URS
2011-04,UTHR
2011-04,UTR
2011-04,UVV
2011-04,VAL
2011-04,VCLK
2011-04,VLY
2011-04,VMI
2011-04,VRTX
2011-04,VSH
2011-04,VVC
2011-04,WAB
2011-04,WABC
2011-04,WBS
2011-04,WCG
2011-04,WCN
2011-04,WDR
2011-04,WEN
2011-04,WERN
2011-04,WFSL
2011-04,WGL
2011-04,WGOV
2011-04,WMS
2011-04,WOOF
2011-04,WOR
2011-04,WR
2011-04,WRB
2011-04,WRC
2011-04,WRI
2011-04,WSM
2011-04,WSO
2011-04,WTR
2011-04,XEC
2011-04,ZBRA
2011-05,AAI
2011-05,AAN
2011-05,AAP
2011-05,ACI
2011-05,ACIW
2011-05,ACM
2011-05,ACV
2011-05,ACXM
2011-05,ADS
2011-05,ADTN
2011-05,ADVS
2011-05,AEO
2011-05,AF
2011-05,AFG
2011-05,AGCO
2011-05,AGL
2011-05,AINV
2011-05,AJG
2011-05,ALB
2011-05,ALEX
2011-05,ALK
2011-05,AM
2011-05,AMB
2011-05,AME
2011-05,AMG
2011-05,ANN
2011-05,ANSS
2011-05,AOL
2011-05,ARE
2011-05,ARO
2011-05,ARW
2011-05,ASBC
2011-05,ASH
2011-05,ASNA
2011-05,ATK
2011-05,ATML
2011-05,ATO
2011-05,ATR
2011-05,ATW
2011-05,AVT
2011-05,AYI
2011-05,BBG
2011-05,BCO
2011-05,BEAV
2011-05,BEC
2011-05,BEZ
2011-05,BID
2011-05,BIO
2011-05,BJ
2011-05,BKH
2011-05,BKS
2011-05,BLUD
2011-05,BOBE
2011-05,BOH
2011-05,BR
2011-05,BRE
2011-05,BRO
2011-05,BUCY
2011-05,BWA
2011-05,BXS
2011-05,BYD
2011-05,BYI
2011-05,CAKE
2011-05,CATY
2011-05,CBB
2011-05,CBSH
2011-05,CBT
2011-05,CDNS
2011-05,CECO
2011-05,CFR
2011-05,CHD
2011-05,CHS
2011-05,CIEN
2011-05,CLGX
2011-05,CLH
2011-05,CLI
2011-05,CMC
2011-05,CMG
2011-05,CMP
2011-05,CNL
2011-05,CNQR
2011-05,CNW
2011-05,CPO
2011-05,CPRT
2011-05,CPT
2011-05,CR
2011-05,CREE
2011-05,CRK
2011-05,CRL
2011-05,CRS
2011-05,CSL
2011-05,CUZ
2011-05,CVD
2011-05,CVG
2011-05,CXW
2011-05,CYH
2011-05,CYN
2011-05,CYT
2011-05,DBD
2011-05,DCI
2011-05,DECK
2011-05,DKS
2011-05,DLTR
2011-05,DLX
2011-05,DPL
2011-05,DRE
2011-05,DRIV
2011-05,DRQ
2011-05,DST
2011-05,DWA
2011-05,DYN
2011-05,EAT
2011-05,EGN
2011-05,EK
2011-05,ENDP
2011-05,ENR
2011-05,EQIX
2011-05,EQY
2011-05,ESI
2011-05,ESS
2011-05,EV
2011-05,EW
2011-05,EWBC
2011-05,EXBD
2011-05,EXH
2011-05,FAF
2011-05,FCN
2011-05,FCS
2011-05,FDS
2011-05,FICO
2011-05,FL
2011-05,FLO
2011-05,FMER
2011-05,FNF
2011-05,FNFG
2011-05,FOSL
2011-05,FRT
2011-05,FST
2011-05,FTO
2011-05,FULT
2011-05,GDI
2011-05,GEF
2011-05,GES
2011-05,GGG
2011-05,GHL
2011-05,GMCR
2011-05,GMT
2011-05,GNTX
2011-05,GPN
2011-05,GPRO
2011-05,GVA
2011-05,GXP
2011-05,HANS
2011-05,HBI
2011-05,HCC
2011-05,HE
2011-05,HHS
2011-05,HIW
2011-05,HLX
2011-05,HMA
2011-05,HNI
2011-05,HNT
2011-05,HOLX
2011-05,HPT
2011-05,HRC
2011-05,HSC
2011-05,HSIC
2011-05,HUBB
2011-05,IBOC
2011-05,IDA
2011-05,IDTI
2011-05,IDXX
2011-05,IEX
2011-05,IM
2011-05,INFA
2011-05,IPI
2011-05,IRF
2011-05,ISCA
2011-05,ISIL
2011-05,IT
2011-05,ITRI
2011-05,JBHT
2011-05,JBLU
2011-05,JCG
2011-05,JEF
2011-05,JKHY
2011-05,JLL
2011-05,JOYG
2011-05,JWA
2011-05,KBH
2011-05,KBR
2011-05,KCI
2011-05,KEX
2011-05,KFY
2011-05,KMT
2011-05,KND
2011-05,KSU
2011-05,KWK
2011-05,LAMR
2011-05,LANC
2011-05,LECO
2011-05,LII
2011-05,LKQX
2011-05,LNCR
2011-05,LNT
2011-05,LPNT
2011-05,LPS
2011-05,LPX
2011-05,LRCX
2011-05,LRY
2011-05,LSTR
2011-05,LTM
2011-05,LZ
2011-05,MAC
2011-05,MAN
2011-05,MANT
2011-05,MASI
2011-05,MATW
2011-05,MCRS
2011-05,MCY
2011-05,MD
2011-05,MDC
2011-05,MDRX
2011-05,MDU
2011-05,MENT
2011-05,MHK
2011-05,MLHR
2011-05,MLM
2011-05,MRX
2011-05,MSA
2011-05,MSCI
2011-05,MSM
2011-05,MTD
2011-05,MTX
2011-05,NAL
2011-05,NATI
2011-05,NCI
2011-05,NCR
2011-05,NDN
2011-05,NDSN
2011-05,NEU
2011-05,NFG
2011-05,NHP
2011-05,NSR
2011-05,NST
2011-05,NVE
2011-05,NVR
2011-05,NYB
2011-05,NYT
2011-05,O
2011-05,OCR
2011-05,ODP
2011-05,OFC
2011-05,OGE
2011-05,OHI
2011-05,OII
2011-05,OLN
2011-05,OMI
2011-05,ORI
2011-05,OSG
2011-05,OSK
2011-05,PACW
2011-05,PCH
2011-05,PCX
2011-05,PDE
2011-05,PETM
2011-05,PII
2011-05,PKG
2011-05,PL
2011-05,PLCM
2011-05,PLT
2011-05,PMTC
2011-05,PNM
2011-05,PNR
2011-05,PNRA
2011-05,PPDI
2011-05,PRGO
2011-05,PRSP
2011-05,PSS
2011-05,PTEN
2011-05,PVH
2011-05,PXP
2011-05,QLGC
2011-05,QSFT
2011-05,RAH
2011-05,RAX
2011-05,RBC
2011-05,RCII
2011-05,RDK
2011-05,RE
2011-05,REG
2011-05,RFMD
2011-05,RGA
2011-05,RGS
2011-05,RJF
2011-05,RKT
2011-05,RMD
2011-05,ROL
2011-05,ROVI
2011-05,RPM
2011-05,RS
2011-05,RVBD
2011-05,RYL
2011-05,RYN
2011-05,SCHL
2011-05,SCI
2011-05,SEIC
2011-05,SFD
2011-05,SFG
2011-05,SGMS
2011-05,SHAW
2011-05,SIVB
2011-05,SKS
2011-05,SLAB
2011-05,SLG
2011-05,SLGN
2011-05,SLH
2011-05,SM
2011-05,SMG
2011-05,SMTC
2011-05,SNH
2011-05,SNPS
2011-05,SNV
2011-05,SON
2011-05,SPN
2011-05,SPW
2011-05,SRX
2011-05,STE
2011-05,STLD
2011-05,STR
2011-05,STRA
2011-05,SUG
2011-05,SWKS
2011-05,SXT
2011-05,TBL
2011-05,TCB
2011-05,TCO
2011-05,TDS
2011-05,TDW
2011-05,TECD
2011-05,TECH
2011-05,TEX
2011-05,TFX
2011-05,THG
2011-05,THO
2011-05,THOR
2011-05,TIBX
2011-05,TIN
2011-05,TKR
2011-05,TNB
2011-05,TOL
2011-05,TR
2011-05,TRH
2011-05,TRMB
2011-05,TRMK
2011-05,TRN
2011-05,TSCO
2011-05,TUP
2011-05,TW
2011-05,TWTC
2011-05,UA
2011-05,UDR
2011-05,UGI
2011-05,UHS
2011-05,UNT
2011-05,URI
2011-05,URS
2011-05,UTHR
2011-05,UTR
2011-05,UVV
2011-05,VAL
2011-05,VCLK
2011-05,VLY
2011-05,VMI
2011-05,VRTX
2011-05,VSH
2011-05,VVC
2011-05,WAB
2011-05,WABC
2011-05,WBS
2011-05,WCG
2011-05,WCN
2011-05,WDR
2011-05,WEN
2011-05,WERN
2011-05,WFSL
2011-05,WGL
2011-05,WGOV
2011-05,WMS
2011-05,WOOF
2011-05,WOR
2011-05,WR
2011-05,WRB
2011-05,WRC
2011-05,WRI
2011-05,WSM
2011-05,WSO
2011-05,WTR
2011-05,XEC
2011-05,ZBRA
2011-06,AAI
2011-06,AAN
2011-06,AAP
2011-06,ACI
2011-06,ACIW
2011-06,ACM
2011-06,ACV
2011-06,ACXM
2011-06,ADS
2011-06,ADTN
2011-06,ADVS
2011-06,AEO
2011-06,AF
2011-06,AFG
2011-06,AGCO
2011-06,AGL
2011-06,AINV
2011-06,AJG
2011-06,ALB
2011-06,ALEX
2011-06,ALK
2011-06,AM
2011-06,AMB
2011-06,AME
2011-06,AMG
2011-06,ANN
2011-06,ANSS
2011-06,AOL
2011-06,ARE
2011-06,ARO
2011-06,ARW
2011-06,ASBC
2011-06,ASH
2011-06,ASNA
2011-06,ATK
2011-06,ATML
2011-06,ATO
2011-06,ATR
2011-06,ATW
2011-06,AVT
2011-06,AYI
2011-06,BBG
2011-06,BCO
2011-06,BEAV
2011-06,BEC
2011-06,BEZ
2011-06,BID
2011-06,BIO
2011-06,BJ
2011-06,BKH
2011-06,BKS
2011-06,BLUD
2011-06,BOBE
2011-06,BOH
2011-06,BR
2011-06,BRE
2011-06,BRO
2011-06,BUCY
2011-06,BWA
2011-06,BXS
2011-06,BYD
2011-06,BYI
2011-06,CAKE
2011-06,CATY
2011-06,CBB
2011-06,CBSH
2011-06,CBT
2011-06,CDNS
2011-06,CECO
2011-06,CFR
2011-06,CHD
2011-06,CHS
2011-06,CIEN
2011-06,CLGX
2011-06,CLH
2011-06,CLI
2011-06,CMC
2011-06,CMG
2011-06,CMP
2011-06,CNL
2011-06,CNQR
2011-06,CNW
2011-06,CPO
2011-06,CPRT
2011-06,CPT
2011-06,CR
2011-06,CREE
2011-06,CRK
2011-06,CRL
2011-06,CRS
2011-06,CSL
2011-06,CUZ
2011-06,CVD
2011-06,CVG
2011-06,CXW
2011-06,CYH
2011-06,CYN
2011-06,CYT
2011-06,DBD
2011-06,DCI
2011-06,DECK
2011-06,DKS
2011-06,DLTR
2011-06,DLX
2011-06,DPL
2011-06,DRE
2011-06,DRIV
2011-06,DRQ
2011-06,DST
2011-06,DWA
2011-06,DYN
2011-06,EAT
2011-06,EGN
2011-06,EK
2011-06,ENDP
2011-06,ENR
2011-06,EQIX
2011-06,EQY
2011-06,ESI
2011-06,ESS
2011-06,EV
2011-06,EW
2011-06,EWBC
2011-06,EXBD
2011-06,EXH
2011-06,FAF
2011-06,FCN
2011-06,FCS
2011-06,FDS
2011-06,FICO
2011-06,FL
2011-06,FLO
2011-06,FMER
2011-06,FNF
2011-06,FNFG
2011-06,FOSL
2011-06,FRT
2011-06,FST
2011-06,FTO
2011-06,FULT
2011-06,GDI
2011-06,GEF
2011-06,GES
2011-06,GGG
2011-06,GHL
2011-06,GMCR
2011-06,GMT
2011-06,GNTX
2011-06,GPN
2011-06,GPRO
2011-06,GVA
2011-06,GXP
2011-06,HANS
2011-06,HBI
2011-06,HCC
2011-06,HE
2011-06,HHS
2011-06,HIW
2011-06,HLX
2011-06,HMA
2011-06,HNI
2011-06,HNT
2011-06,HOLX
2011-06,HPT
2011-06,HRC
2011-06,HSC
2011-06,HSIC
2011-06,HUBB
2011-06,IBOC
2011-06,IDA
2011-06,IDTI
2011-06,IDXX
2011-06,IEX
2011-06,IM
2011-06,INFA
2011-06,IPI
2011-06,IRF
2011-06,ISCA
2011-06,ISIL
2011-06,IT
2011-06,ITRI
2011-06,JBHT
2011-06,JBLU
2011-06,JCG
2011-06,JEF
2011-06,JKHY
2011-06,JLL
2011-06,JOYG
2011-06,JWA
2011-06,KBH
2011-06,KBR
2011-06,KCI
2011-06,KEX
2011-06,KFY
2011-06,KMT
2011-06,KND
2011-06,KSU
2011-06,KWK
2011-06,LAMR
2011-06,LANC
2011-06,LECO
2011-06,LII
2011-06,LKQX
2011-06,LNCR
2011-06,LNT
2011-06,LPNT
2011-06,LPS
2011-06,LPX
2011-06,LRCX
2011-06,LRY
2011-06,LSTR
2011-06,LTM
2011-06,LZ
2011-06,MAC
2011-06,MAN
2011-06,MANT
2011-06,MASI
2011-06,MATW
2011-06,MCRS
2011-06,MCY
2011-06,MD
2011-06,MDC
2011-06,MDRX
2011-06,MDU
2011-06,MENT
2011-06,MHK
2011-06,MLHR
2011-06,MLM
2011-06,MRX
2011-06,MSA
2011-06,MSCI
2011-06,MSM
2011-06,MTD
2011-06,MTX
2011-06,NAL
2011-06,NATI
2011-06,NCI
2011-06,NCR
2011-06,NDN
2011-06,NDSN
2011-06,NEU
2011-06,NFG
2011-06,NHP
2011-06,NSR
2011-06,NST
2011-06,NVE
2011-06,NVR
2011-06,NYB
2011-06,NYT
2011-06,O
2011-06,OCR
2011-06,ODP
2011-06,OFC
2011-06,OGE
2011-06,OHI
2011-06,OII
2011-06,OLN
2011-06,OMI
2011-06,ORI
2011-06,OSG
2011-06,OSK
2011-06,PACW
2011-06,PCH
2011-06,PCX
2011-06,PDE
2011-06,PETM
2011-06,PII
2011-06,PKG
2011-06,PL
2011-06,PLCM
2011-06,PLT
2011-06,PMTC
2011-06,PNM
2011-06,PNR
2011-06,PNRA
2011-06,PPDI
2011-06,PRGO
2011-06,PRSP
2011-06,PSS
2011-06,PTEN
2011-06,PVH
2011-06,PXP
2011-06,QLGC
2011-06,QSFT
2011-06,RAH
2011-06,RAX
2011-06,RBC
2011-06,RCII
2011-06,RDK
2011-06,RE
2011-06,REG
2011-06,RFMD
2011-06,RGA
2011-06,RGS
2011-06,RJF
2011-06,RKT
2011-06,RMD
2011-06,ROL
2011-06,ROVI
2011-06,RPM
2011-06,RS
2011-06,RVBD
2011-06,RYL
2011-06,RYN
2011-06,SCHL
2011-06,SCI
2011-06,SEIC
2011-06,SFD
2011-06,SFG
2011-06,SGMS
2011-06,SHAW
2011-06,SIVB
2011-06,SKS
2011-06,SLAB
2011-06,SLG
2011-06,SLGN
2011-06,SLH
2011-06,SM
2011-06,SMG
2011-06,SMTC
2011-06,SNH
2011-06,SNPS
2011-06,SNV
2011-06,SON
2011-06,SPN
2011-06,SPW
2011-06,SRX
2011-06,STE
2011-06,STLD
2011-06,STR
2011-06,STRA
2011-06,SUG
2011-06,SWKS
2011-06,SXT
2011-06,TBL
2011-06,TCB
2011-06,TCO
2011-06,TDS
2011-06,TDW
2011-06,TECD
2011-06,TECH
2011-06,TEX
2011-06,TFX
2011-06,THG
2011-06,THO
2011-06,THOR
2011-06,TIBX
2011-06,TIN
2011-06,TKR
2011-06,TNB
2011-06,TOL
2011-06,TR
2011-06,TRH
2011-06,TRMB
2011-06,TRMK
2011-06,TRN
2011-06,TSCO
2011-06,TUP
2011-06,TW
2011-06,TWTC
2011-06,UA
2011-06,UDR
2011-06,UGI
2011-06,UHS
2011-06,UNT
2011-06,URI
2011-06,URS
2011-06,UTHR
2011-06,UTR
2011-06,UVV
2011-06,VAL
2011-06,VCLK
2011-06,VLY
2011-06,VMI
2011-06,VRTX
2011-06,VSH
2011-06,VVC
2011-06,WAB
2011-06,WABC
2011-06,WBS
2011-06,WCG
2011-06,WCN
2011-06,WDR
2011-06,WEN
2011-06,WERN
2011-06,WFSL
2011-06,WGL
2011-06,WGOV
2011-06,WMS
2011-06,WOOF
2011-06,WOR
2011-06,WR
2011-06,WRB
2011-06,WRC
2011-06,WRI
2011-06,WSM
2011-06,WSO
2011-06,WTR
2011-06,XEC
2011-06,ZBRA
2011-07,AAI
2011-07,AAN
2011-07,AAP
2011-07,ACI
2011-07,ACIW
2011-07,ACM
2011-07,ACV
2011-07,ACXM
2011-07,ADS
2011-07,ADTN
2011-07,ADVS
2011-07,AEO
2011-07,AF
2011-07,AFG
2011-07,AGCO
2011-07,AGL
2011-07,AINV
2011-07,AJG
2011-07,ALB
2011-07,ALEX
2011-07,ALK
2011-07,AM
2011-07,AMB
2011-07,AME
2011-07,AMG
2011-07,ANN
2011-07,ANSS
2011-07,AOL
2011-07,ARE
2011-07,ARO
2011-07,ARW
2011-07,ASBC
2011-07,ASH
2011-07,ASNA
2011-07,ATK
2011-07,ATML
2011-07,ATO
2011-07,ATR
2011-07,ATW
2011-07,AVT
2011-07,AYI
2011-07,BBG
2011-07,BCO
2011-07,BEAV
2011-07,BEC
2011-07,BEZ
2011-07,BID
2011-07,BIO
2011-07,BJ
2011-07,BKH
2011-07,BKS
2011-07,BLUD
2011-07,BOBE
2011-07,BOH
2011-07,BR
2011-07,BRE
2011-07,BRO
2011-07,BUCY
2011-07,BWA
2011-07,BXS
2011-07,BYD
2011-07,BYI
2011-07,CAKE
2011-07,CATY
2011-07,CBB
2011-07,CBSH
2011-07,CBT
2011-07,CDNS
2011-07,CECO
2011-07,CFR
2011-07,CHD
2011-07,CHS
2011-07,CIEN
2011-07,CLGX
2011-07,CLH
2011-07,CLI
2011-07,CMC
2011-07,CMG
2011-07,CMP
2011-07,CNL
2011-07,CNQR
2011-07,CNW
2011-07,CPO
2011-07,CPRT
2011-07,CPT
2011-07,CR
2011-07,CREE
2011-07,CRK
2011-07,CRL
2011-07,CRS
2011-07,CSL
2011-07,CUZ
2011-07,CVD
2011-07,CVG
2011-07,CXW
2011-07,CYH
2011-07,CYN
2011-07,CYT
2011-07,DBD
2011-07,DCI
2011-07,DECK
2011-07,DKS
2011-07,DLTR
2011-07,DLX
2011-07,DPL
2011-07,DRE
2011-07,DRIV
2011-07,DRQ
2011-07,DST
2011-07,DWA
2011-07,DYN
2011-07,EAT
2011-07,EGN
2011-07,EK
2011-07,ENDP
2011-07,ENR
2011-07,EQIX
2011-07,EQY
2011-07,ESI
2011-07,ESS
2011-07,EV
2011-07,EW
2011-07,EWBC
2011-07,EXBD
2011-07,EXH
2011-07,FAF
2011-07,FCN
2011-07,FCS
2011-07,FDS
2011-07,FICO
2011-07,FL
2011-07,FLO
2011-07,FMER
2011-07,FNF
2011-07,FNFG
2011-07,FOSL
2011-07,FRT
2011-07,FST
2011-07,FTO
2011-07,FULT
2011-07,GDI
2011-07,GEF
2011-07,GES
2011-07,GGG
2011-07,GHL
2011-07,GMCR
2011-07,GMT
2011-07,GNTX
2011-07,GPN
2011-07,GPRO
2011-07,GVA
2011-07,GXP
2011-07,HANS
2011-07,HBI
2011-07,HCC
2011-07,HE
2011-07,HHS
2011-07,HIW
2011-07,HLX
2011-07,HMA
2011-07,HNI
2011-07,HNT
2011-07,HOLX
2011-07,HPT
2011-07,HRC
2011-07,HSC
2011-07,HSIC
2011-07,HUBB
2011-07,IBOC
2011-07,IDA
2011-07,IDTI
2011-07,IDXX
2011-07,IEX
2011-07,IM
2011-07,INFA
2011-07,IPI
2011-07,IRF
2011-07,ISCA
2011-07,ISIL
2011-07,IT
2011-07,ITRI
2011-07,JBHT
2011-07,JBLU
2011-07,JCG
2011-07,JEF
2011-07,JKHY
2011-07,JLL
2011-07,JOYG
2011-07,JWA
2011-07,KBH
2011-07,KBR
2011-07,KCI
2011-07,KEX
2011-07,KFY
2011-07,KMT
2011-07,KND
2011-07,KSU
2011-07,KWK
2011-07,LAMR
2011-07,LANC
2011-07,LECO
2011-07,LII
2011-07,LKQX
2011-07,LNCR
2011-07,LNT
2011-07,LPNT
2011-07,LPS
2011-07,LPX
2011-07,LRCX
2011-07,LRY
2011-07,LSTR
2011-07,LTM
2011-07,LZ
2011-07,MAC
2011-07,MAN
2011-07,MANT
2011-07,MASI
2011-07,MATW
2011-07,MCRS
2011-07,MCY
2011-07,MD
2011-07,MDC
2011-07,MDRX
2011-07,MDU
2011-07,MENT
2011-07,MHK
2011-07,MLHR
2011-07,MLM
2011-07,MRX
2011-07,MSA
2011-07,MSCI
2011-07,MSM
2011-07,MTD
2011-07,MTX
2011-07,NAL
2011-07,NATI
2011-07,NCI
2011-07,NCR
2011-07,NDN
2011-07,NDSN
2011-07,NEU
2011-07,NFG
2011-07,NHP
2011-07,NSR
2011-07,NST
2011-07,NVE
2011-07,NVR
2011-07,NYB
2011-07,NYT
2011-07,O
2011-07,OCR
2011-07,ODP
2011-07,OFC
2011-07,OGE
2011-07,OHI
2011-07,OII
2011-07,OLN
2011-07,OMI
2011-07,ORI
2011-07,OSG
2011-07,OSK
2011-07,PACW
2011-07,PCH
2011-07,PCX
2011-07,PDE
2011-07,PETM
2011-07,PII
2011-07,PKG
2011-07,PL
2011-07,PLCM
2011-07,PLT
2011-07,PMTC
2011-07,PNM
2011-07,PNR
2011-07,PNRA
2011-07,PPDI
2011-07,PRGO
2011-07,PRSP
2011-07,PSS
2011-07,PTEN
2011-07,PVH
2011-07,PXP
2011-07,QLGC
2011-07,QSFT
2011-07,RAH
2011-07,RAX
2011-07,RBC
2011-07,RCII
2011-07,RDK
2011-07,RE
2011-07,REG
2011-07,RFMD
2011-07,RGA
2011-07,RGS
2011-07,RJF
2011-07,RKT
2011-07,RMD
2011-07,ROL
2011-07,ROVI
2011-07,RPM
2011-07,RS
2011-07,RVBD
2011-07,RYL
2011-07,RYN
2011-07,SCHL
2011-07,SCI
2011-07,SEIC
2011-07,SFD
2011-07,SFG
2011-07,SGMS
2011-07,SHAW
2011-07,SIVB
2011-07,SKS
2011-07,SLAB
2011-07,SLG
2011-07,SLGN
2011-07,SLH
2011-07,SM
2011-07,SMG
2011-07,SMTC
2011-07,SNH
2011-07,SNPS
2011-07,SNV
2011-07,SON
2011-07,SPN
2011-07,SPW
2011-07,SRX
2011-07,STE
2011-07,STLD
2011-07,STR
2011-07,STRA
2011-07,SUG
2011-07,SWKS
2011-07,SXT
2011-07,TBL
2011-07,TCB
2011-07,TCO
2011-07,TDS
2011-07,TDW
2011-07,TECD
2011-07,TECH
2011-07,TEX
2011-07,TFX
2011-07,THG
2011-07,THO
2011-07,THOR
2011-07,TIBX
2011-07,TIN
2011-07,TKR
2011-07,TNB
2011-07,TOL
2011-07,TR
2011-07,TRH
2011-07,TRMB
2011-07,TRMK
2011-07,TRN
2011-07,TSCO
2011-07,TUP
2011-07,TW
2011-07,TWTC
2011-07,UA
2011-07,UDR
2011-07,UGI
2011-07,UHS
2011-07,UNT
2011-07,URI
2011-07,URS
2011-07,UTHR
2011-07,UTR
2011-07,UVV
2011-07,VAL
2011-07,VCLK
2011-07,VLY
2011-07,VMI
2011-07,VRTX
2011-07,VSH
2011-07,VVC
2011-07,WAB
2011-07,WABC
2011-07,WBS
2011-07,WCG
2011-07,WCN
2011-07,WDR
2011-07,WEN
2011-07,WERN
2011-07,WFSL
2011-07,WGL
2011-07,WGOV
2011-07,WMS
2011-07,WOOF
2011-07,WOR
2011-07,WR
2011-07,WRB
2011-07,WRC
2011-07,WRI
2011-07,WSM
2011-07,WSO
2011-07,WTR
2011-07,XEC
2011-07,ZBRA
2011-08,AAI
2011-08,AAN
2011-08,AAP
2011-08,ACI
2011-08,ACIW
2011-08,ACM
2011-08,ACV
2011-08,ACXM
2011-08,ADS
2011-08,ADTN
2011-08,ADVS
2011-08,AEO
2011-08,AF
2011-08,AFG
2011-08,AGCO
2011-08,AGL
2011-08,AINV
2011-08,AJG
2011-08,ALB
2011-08,ALEX
2011-08,ALK
2011-08,AM
2011-08,AMB
2011-08,AME
2011-08,AMG
2011-08,ANN
2011-08,ANSS
2011-08,AOL
2011-08,ARE
2011-08,ARO
2011-08,ARW
2011-08,ASBC
2011-08,ASH
2011-08,ASNA
2011-08,ATK
2011-08,ATML
2011-08,ATO
2011-08,ATR
2011-08,ATW
2011-08,AVT
2011-08,AYI
2011-08,BBG
2011-08,BCO
2011-08,BEAV
2011-08,BEC
2011-08,BEZ
2011-08,BID
2011-08,BIO
2011-08,BJ
2011-08,BKH
2011-08,BKS
2011-08,BLUD
2011-08,BOBE
2011-08,BOH
2011-08,BR
2011-08,BRE
2011-08,BRO
2011-08,BUCY
2011-08,BWA
2011-08,BXS
2011-08,BYD
2011-08,BYI
2011-08,CAKE
2011-08,CATY
2011-08,CBB
2011-08,CBSH
2011-08,CBT
2011-08,CDNS
2011-08,CECO
2011-08,CFR
2011-08,CHD
2011-08,CHS
2011-08,CIEN
2011-08,CLGX
2011-08,CLH
2011-08,CLI
2011-08,CMC
2011-08,CMG
2011-08,CMP
2011-08,CNL
2011-08,CNQR
2011-08,CNW
2011-08,CPO
2011-08,CPRT
2011-08,CPT
2011-08,CR
2011-08,CREE
2011-08,CRK
2011-08,CRL
2011-08,CRS
2011-08,CSL
2011-08,CUZ
2011-08,CVD
2011-08,CVG
2011-08,CXW
2011-08,CYH
2011-08,CYN
2011-08,CYT
2011-08,DBD
2011-08,DCI
2011-08,DECK
2011-08,DKS
2011-08,DLTR
2011-08,DLX
2011-08,DPL
2011-08,DRE
2011-08,DRIV
2011-08,DRQ
2011-08,DST
2011-08,DWA
2011-08,DYN
2011-08,EAT
2011-08,EGN
2011-08,EK
2011-08,ENDP
2011-08,ENR
2011-08,EQIX
2011-08,EQY
2011-08,ESI
2011-08,ESS
2011-08,EV
2011-08,EW
2011-08,EWBC
2011-08,EXBD
2011-08,EXH
2011-08,FAF
2011-08,FCN
2011-08,FCS
2011-08,FDS
2011-08,FICO
2011-08,FL
2011-08,FLO
2011-08,FMER
2011-08,FNF
2011-08,FNFG
2011-08,FOSL
2011-08,FRT
2011-08,FST
2011-08,FTO
2011-08,FULT
2011-08,GDI
2011-08,GEF
2011-08,GES
2011-08,GGG
2011-08,GHL
2011-08,GMCR
2011-08,GMT
2011-08,GNTX
2011-08,GPN
2011-08,GPRO
2011-08,GVA
2011-08,GXP
2011-08,HANS
2011-08,HBI
2011-08,HCC
2011-08,HE
2011-08,HHS
2011-08,HIW
2011-08,HLX
2011-08,HMA
2011-08,HNI
2011-08,HNT
2011-08,HOLX
2011-08,HPT
2011-08,HRC
2011-08,HSC
2011-08,HSIC
2011-08,HUBB
2011-08,IBOC
2011-08,IDA
2011-08,IDTI
2011-08,IDXX
2011-08,IEX
2011-08,IM
2011-08,INFA
2011-08,IPI
2011-08,IRF
2011-08,ISCA
2011-08,ISIL
2011-08,IT
2011-08,ITRI
2011-08,JBHT
2011-08,JBLU
2011-08,JCG
2011-08,JEF
2011-08,JKHY
2011-08,JLL
2011-08,JOYG
2011-08,JWA
2011-08,KBH
2011-08,KBR
2011-08,KCI
2011-08,KEX
2011-08,KFY
2011-08,KMT
2011-08,KND
2011-08,KSU
2011-08,KWK
2011-08,LAMR
2011-08,LANC
2011-08,LECO
2011-08,LII
2011-08,LKQX
2011-08,LNCR
2011-08,LNT
2011-08,LPNT
2011-08,LPS
2011-08,LPX
2011-08,LRCX
2011-08,LRY
2011-08,LSTR
2011-08,LTM
2011-08,LZ
2011-08,MAC
2011-08,MAN
2011-08,MANT
2011-08,MASI
2011-08,MATW
2011-08,MCRS
2011-08,MCY
2011-08,MD
2011-08,MDC
2011-08,MDRX
2011-08,MDU
2011-08,MENT
2011-08,MHK
2011-08,MLHR
2011-08,MLM
2011-08,MRX
2011-08,MSA
2011-08,MSCI
2011-08,MSM
2011-08,MTD
2011-08,MTX
2011-08,NAL
2011-08,NATI
2011-08,NCI
2011-08,NCR
2011-08,NDN
2011-08,NDSN
2011-08,NEU
2011-08,NFG
2011-08,NHP
2011-08,NSR
2011-08,NST
2011-08,NVE
2011-08,NVR
2011-08,NYB
2011-08,NYT
2011-08,O
2011-08,OCR
2011-08,ODP
2011-08,OFC
2011-08,OGE
2011-08,OHI
2011-08,OII
2011-08,OLN
2011-08,OMI
2011-08,ORI
2011-08,OSG
2011-08,OSK
2011-08,PACW
2011-08,PCH
2011-08,PCX
2011-08,PDE
2011-08,PETM
2011-08,PII
2011-08,PKG
2011-08,PL
2011-08,PLCM
2011-08,PLT
2011-08,PMTC
2011-08,PNM
2011-08,PNR
2011-08,PNRA
2011-08,PPDI
2011-08,PRGO
2011-08,PRSP
2011-08,PSS
2011-08,PTEN
2011-08,PVH
2011-08,PXP
2011-08,QLGC
2011-08,QSFT
2011-08,RAH
2011-08,RAX
2011-08,RBC
2011-08,RCII
2011-08,RDK
2011-08,RE
2011-08,REG
2011-08,RFMD
2011-08,RGA
2011-08,RGS
2011-08,RJF
2011-08,RKT
2011-08,RMD
2011-08,ROL
2011-08,ROVI
2011-08,RPM
2011-08,RS
2011-08,RVBD
2011-08,RYL
2011-08,RYN
2011-08,SCHL
2011-08,SCI
2011-08,SEIC
2011-08,SFD
2011-08,SFG
2011-08,SGMS
2011-08,SHAW
2011-08,SIVB
2011-08,SKS
2011-08,SLAB
2011-08,SLG
2011-08,SLGN
2011-08,SLH
2011-08,SM
2011-08,SMG
2011-08,SMTC
2011-08,SNH
2011-08,SNPS
2011-08,SNV
2011-08,SON
2011-08,SPN
2011-08,SPW
2011-08,SRX
2011-08,STE
2011-08,STLD
2011-08,STR
2011-08,STRA
2011-08,SUG
2011-08,SWKS
2011-08,SXT
2011-08,TBL
2011-08,TCB
2011-08,TCO
2011-08,TDS
2011-08,TDW
2011-08,TECD
2011-08,TECH
2011-08,TEX
2011-08,TFX
2011-08,THG
2011-08,THO
2011-08,THOR
2011-08,TIBX
2011-08,TIN
2011-08,TKR
2011-08,TNB
2011-08,TOL
2011-08,TR
2011-08,TRH
2011-08,TRMB
2011-08,TRMK
2011-08,TRN
2011-08,TSCO
2011-08,TUP
2011-08,TW
2011-08,TWTC
2011-08,UA
2011-08,UDR
2011-08,UGI
2011-08,UHS
2011-08,UNT
2011-08,URI
2011-08,URS
2011-08,UTHR
2011-08,UTR
2011-08,UVV
2011-08,VAL
2011-08,VCLK
2011-08,VLY
2011-08,VMI
2011-08,VRTX
2011-08,VSH
2011-08,VVC
2011-08,WAB
2011-08,WABC
2011-08,WBS
2011-08,WCG
2011-08,WCN
2011-08,WDR
2011-08,WEN
2011-08,WERN
2011-08,WFSL
2011-08,WGL
2011-08,WGOV
2011-08,WMS
2011-08,WOOF
2011-08,WOR
2011-08,WR
2011-08,WRB
2011-08,WRC
2011-08,WRI
2011-08,WSM
2011-08,WSO
2011-08,WTR
2011-08,XEC
2011-08,ZBRA
2011-09,AAI
2011-09,AAN
2011-09,AAP
2011-09,ACI
2011-09,ACIW
2011-09,ACM
2011-09,ACV
2011-09,ACXM
2011-09,ADS
2011-09,ADTN
2011-09,ADVS
2011-09,AEO
2011-09,AF
2011-09,AFG
2011-09,AGCO
2011-09,AGL
2011-09,AINV
2011-09,AJG
2011-09,ALB
2011-09,ALEX
2011-09,ALK
2011-09,AM
2011-09,AMB
2011-09,AME
2011-09,AMG
2011-09,ANN
2011-09,ANSS
2011-09,AOL
2011-09,ARE
2011-09,ARO
2011-09,ARW
2011-09,ASBC
2011-09,ASH
2011-09,ASNA
2011-09,ATK
2011-09,ATML
2011-09,ATO
2011-09,ATR
2011-09,ATW
2011-09,AVT
2011-09,AYI
2011-09,BBG
2011-09,BCO
2011-09,BEAV
2011-09,BEC
2011-09,BEZ
2011-09,BID
2011-09,BIO
2011-09,BJ
2011-09,BKH
2011-09,BKS
2011-09,BLUD
2011-09,BOBE
2011-09,BOH
2011-09,BR
2011-09,BRE
2011-09,BRO
2011-09,BUCY
2011-09,BWA
2011-09,BXS
2011-09,BYD
2011-09,BYI
2011-09,CAKE
2011-09,CATY
2011-09,CBB
2011-09,CBSH
2011-09,CBT
2011-09,CDNS
2011-09,CECO
2011-09,CFR
2011-09,CHD
2011-09,CHS
2011-09,CIEN
2011-09,CLGX
2011-09,CLH
2011-09,CLI
2011-09,CMC
2011-09,CMG
2011-09,CMP
2011-09,CNL
2011-09,CNQR
2011-09,CNW
2011-09,CPO
2011-09,CPRT
2011-09,CPT
2011-09,CR
2011-09,CREE
2011-09,CRK
2011-09,CRL
2011-09,CRS
2011-09,CSL
2011-09,CUZ
2011-09,CVD
2011-09,CVG
2011-09,CXW
2011-09,CYH
2011-09,CYN
2011-09,CYT
2011-09,DBD
2011-09,DCI
2011-09,DECK
2011-09,DKS
2011-09,DLTR
2011-09,DLX
2011-09,DPL
2011-09,DRE
2011-09,DRIV
2011-09,DRQ
2011-09,DST
2011-09,DWA
2011-09,DYN
2011-09,EAT
2011-09,EGN
2011-09,EK
2011-09,ENDP
2011-09,ENR
2011-09,EQIX
2011-09,EQY
2011-09,ESI
2011-09,ESS
2011-09,EV
2011-09,EW
2011-09,EWBC
2011-09,EXBD
2011-09,EXH
2011-09,FAF
2011-09,FCN
2011-09,FCS
2011-09,FDS
2011-09,FICO
2011-09,FL
2011-09,FLO
2011-09,FMER
2011-09,FNF
2011-09,FNFG
2011-09,FOSL
2011-09,FRT
2011-09,FST
2011-09,FTO
2011-09,FULT
2011-09,GDI
2011-09,GEF
2011-09,GES
2011-09,GGG
2011-09,GHL
2011-09,GMCR
2011-09,GMT
2011-09,GNTX
2011-09,GPN
2011-09,GPRO
2011-09,GVA
2011-09,GXP
2011-09,HANS
2011-09,HBI
2011-09,HCC
2011-09,HE
2011-09,HHS
2011-09,HIW
2011-09,HLX
2011-09,HMA
2011-09,HNI
2011-09,HNT
2011-09,HOLX
2011-09,HPT
2011-09,HRC
2011-09,HSC
2011-09,HSIC
2011-09,HUBB
2011-09,IBOC
2011-09,IDA
2011-09,IDTI
2011-09,IDXX
2011-09,IEX
2011-09,IM
2011-09,INFA
2011-09,IPI
2011-09,IRF
2011-09,ISCA
2011-09,ISIL
2011-09,IT
2011-09,ITRI
2011-09,JBHT
2011-09,JBLU
2011-09,JCG
2011-09,JEF
2011-09,JKHY
2011-09,JLL
2011-09,JOYG
2011-09,JWA
2011-09,KBH
2011-09,KBR
2011-09,KCI
2011-09,KEX
2011-09,KFY
2011-09,KMT
2011-09,KND
2011-09,KSU
2011-09,KWK
2011-09,LAMR
2011-09,LANC
2011-09,LECO
2011-09,LII
2011-09,LKQX
2011-09,LNCR
2011-09,LNT
2011-09,LPNT
2011-09,LPS
2011-09,LPX
2011-09,LRCX
2011-09,LRY
2011-09,LSTR
2011-09,LTM
2011-09,LZ
2011-09,MAC
2011-09,MAN
2011-09,MANT
2011-09,MASI
2011-09,MATW
2011-09,MCRS
2011-09,MCY
2011-09,MD
2011-09,MDC
2011-09,MDRX
2011-09,MDU
2011-09,MENT
2011-09,MHK
2011-09,MLHR
2011-09,MLM
2011-09,MRX
2011-09,MSA
2011-09,MSCI
2011-09,MSM
2011-09,MTD
2011-09,MTX
2011-09,NAL
2011-09,NATI
2011-09,NCI
2011-09,NCR
2011-09,NDN
2011-09,NDSN
2011-09,NEU
2011-09,NFG
2011-09,NHP
2011-09,NSR
2011-09,NST
2011-09,NVE
2011-09,NVR
2011-09,NYB
2011-09,NYT
2011-09,O
2011-09,OCR
2011-09,ODP
2011-09,OFC
2011-09,OGE
2011-09,OHI
2011-09,OII
2011-09,OLN
2011-09,OMI
2011-09,ORI
2011-09,OSG
2011-09,OSK
2011-09,PACW
2011-09,PCH
2011-09,PCX
2011-09,PDE
2011-09,PETM
2011-09,PII
2011-09,PKG
2011-09,PL
2011-09,PLCM
2011-09,PLT
2011-09,PMTC
2011-09,PNM
2011-09,PNR
2011-09,PNRA
2011-09,PPDI
2011-09,PRGO
2011-09,PRSP
2011-09,PSS
2011-09,PTEN
2011-09,PVH
2011-09,PXP
2011-09,QLGC
2011-09,QSFT
2011-09,RAH
2011-09,RAX
2011-09,RBC
2011-09,RCII
2011-09,RDK
2011-09,RE
2011-09,REG
2011-09,RFMD
2011-09,RGA
2011-09,RGS
2011-09,RJF
2011-09,RKT
2011-09,RMD
2011-09,ROL
2011-09,ROVI
2011-09,RPM
2011-09,RS
2011-09,RVBD
2011-09,RYL
2011-09,RYN
2011-09,SCHL
2011-09,SCI
2011-09,SEIC
2011-09,SFD
2011-09,SFG
2011-09,SGMS
2011-09,SHAW
2011-09,SIVB
2011-09,SKS
2011-09,SLAB
2011-09,SLG
2011-09,SLGN
2011-09,SLH
2011-09,SM
2011-09,SMG
2011-09,SMTC
2011-09,SNH
2011-09,SNPS
2011-09,SNV
2011-09,SON
2011-09,SPN
2011-09,SPW
2011-09,SRX
2011-09,STE
2011-09,STLD
2011-09,STR
2011-09,STRA
2011-09,SUG
2011-09,SWKS
2011-09,SXT
2011-09,TBL
2011-09,TCB
2011-09,TCO
2011-09,TDS
2011-09,TDW
2011-09,TECD
2011-09,TECH
2011-09,TEX
2011-09,TFX
2011-09,THG
2011-09,THO
2011-09,THOR
2011-09,TIBX
2011-09,TIN
2011-09,TKR
2011-09,TNB
2011-09,TOL
2011-09,TR
2011-09,TRH
2011-09,TRMB
2011-09,TRMK
2011-09,TRN
2011-09,TSCO
2011-09,TUP
2011-09,TW
2011-09,TWTC
2011-09,UA
2011-09,UDR
2011-09,UGI
2011-09,UHS
2011-09,UNT
2011-09,URI
2011-09,URS
2011-09,UTHR
2011-09,UTR
2011-09,UVV
2011-09,VAL
2011-09,VCLK
2011-09,VLY
2011-09,VMI
2011-09,VRTX
2011-09,VSH
2011-09,VVC
2011-09,WAB
2011-09,WABC
2011-09,WBS
2011-09,WCG
2011-09,WCN
2011-09,WDR
2011-09,WEN
2011-09,WERN
2011-09,WFSL
2011-09,WGL
2011-09,WGOV
2011-09,WMS
2011-09,WOOF
2011-09,WOR
2011-09,WR
2011-09,WRB
2011-09,WRC
2011-09,WRI
2011-09,WSM
2011-09,WSO
2011-09,WTR
2011-09,XEC
2011-09,ZBRA
2011-10,AAI
2011-10,AAN
2011-10,AAP
2011-10,ACI
2011-10,ACIW
2011-10,ACM
2011-10,ACV
2011-10,ACXM
2011-10,ADS
2011-10,ADTN
2011-10,ADVS
2011-10,AEO
2011-10,AF
2011-10,AFG
2011-10,AGCO
2011-10,AGL
2011-10,AINV
2011-10,AJG
2011-10,ALB
2011-10,ALEX
2011-10,ALK
2011-10,AM
2011-10,AMB
2011-10,AME
2011-10,AMG
2011-10,ANN
2011-10,ANSS
2011-10,AOL
2011-10,ARE
2011-10,ARO
2011-10,ARW
2011-10,ASBC
2011-10,ASH
2011-10,ASNA
2011-10,ATK
2011-10,ATML
2011-10,ATO
2011-10,ATR
2011-10,ATW
2011-10,AVT
2011-10,AYI
2011-10,BBG
2011-10,BCO
2011-10,BEAV
2011-10,BEC
2011-10,BEZ
2011-10,BID
2011-10,BIO
2011-10,BJ
2011-10,BKH
2011-10,BKS
2011-10,BLUD
2011-10,BOBE
2011-10,BOH
2011-10,BR
2011-10,BRE
2011-10,BRO
2011-10,BUCY
2011-10,BWA
2011-10,BXS
2011-10,BYD
2011-10,BYI
2011-10,CAKE
2011-10,CATY
2011-10,CBB
2011-10,CBSH
2011-10,CBT
2011-10,CDNS
2011-10,CECO
2011-10,CFR
2011-10,CHD
2011-10,CHS
2011-10,CIEN
2011-10,CLGX
2011-10,CLH
2011-10,CLI
2011-10,CMC
2011-10,CMG
2011-10,CMP
2011-10,CNL
2011-10,CNQR
2011-10,CNW
2011-10,CPO
2011-10,CPRT
2011-10,CPT
2011-10,CR
2011-10,CREE
2011-10,CRK
2011-10,CRL
2011-10,CRS
2011-10,CSL
2011-10,CUZ
2011-10,CVD
2011-10,CVG
2011-10,CXW
2011-10,CYH
2011-10,CYN
2011-10,CYT
2011-10,DBD
2011-10,DCI
2011-10,DECK
2011-10,DKS
2011-10,DLTR
2011-10,DLX
2011-10,DPL
2011-10,DRE
2011-10,DRIV
2011-10,DRQ
2011-10,DST
2011-10,DWA
2011-10,DYN
2011-10,EAT
2011-10,EGN
2011-10,EK
2011-10,ENDP
2011-10,ENR
2011-10,EQIX
2011-10,EQY
2011-10,ESI
2011-10,ESS
2011-10,EV
2011-10,EW
2011-10,EWBC
2011-10,EXBD
2011-10,EXH
2011-10,FAF
2011-10,FCN
2011-10,FCS
2011-10,FDS
2011-10,FICO
2011-10,FL
2011-10,FLO
2011-10,FMER
2011-10,FNF
2011-10,FNFG
2011-10,FOSL
2011-10,FRT
2011-10,FST
2011-10,FTO
2011-10,FULT
2011-10,GDI
2011-10,GEF
2011-10,GES
2011-10,GGG
2011-10,GHL
2011-10,GMCR
2011-10,GMT
2011-10,GNTX
2011-10,GPN
2011-10,GPRO
2011-10,GVA
2011-10,GXP
2011-10,HANS
2011-10,HBI
2011-10,HCC
2011-10,HE
2011-10,HHS
2011-10,HIW
2011-10,HLX
2011-10,HMA
2011-10,HNI
2011-10,HNT
2011-10,HOLX
2011-10,HPT
2011-10,HRC
2011-10,HSC
2011-10,HSIC
2011-10,HUBB
2011-10,IBOC
2011-10,IDA
2011-10,IDTI
2011-10,IDXX
2011-10,IEX
2011-10,IM
2011-10,INFA
2011-10,IPI
2011-10,IRF
2011-10,ISCA
2011-10,ISIL
2011-10,IT
2011-10,ITRI
2011-10,JBHT
2011-10,JBLU
2011-10,JCG
2011-10,JEF
2011-10,JKHY
2011-10,JLL
2011-10,JOYG
2011-10,JWA
2011-10,KBH
2011-10,KBR
2011-10,KCI
2011-10,KEX
2011-10,KFY
2011-10,KMT
2011-10,KND
2011-10,KSU
2011-10,KWK
2011-10,LAMR
2011-10,LANC
2011-10,LECO
2011-10,LII
2011-10,LKQX
2011-10,LNCR
2011-10,LNT
2011-10,LPNT
2011-10,LPS
2011-10,LPX
2011-10,LRCX
2011-10,LRY
2011-10,LSTR
2011-10,LTM
2011-10,LZ
2011-10,MAC
2011-10,MAN
2011-10,MANT
2011-10,MASI
2011-10,MATW
2011-10,MCRS
2011-10,MCY
2011-10,MD
2011-10,MDC
2011-10,MDRX
2011-10,MDU
2011-10,MENT
2011-10,MHK
2011-10,MLHR
2011-10,MLM
2011-10,MRX
2011-10,MSA
2011-10,MSCI
2011-10,MSM
2011-10,MTD
2011-10,MTX
2011-10,NAL
2011-10,NATI
2011-10,NCI
2011-10,NCR
2011-10,NDN
2011-10,NDSN
2011-10,NEU
2011-10,NFG
2011-10,NHP
2011-10,NSR
2011-10,NST
2011-10,NVE
2011-10,NVR
2011-10,NYB
2011-10,NYT
2011-10,O
2011-10,OCR
2011-10,ODP
2011-10,OFC
2011-10,OGE
2011-10,OHI
2011-10,OII
2011-10,OLN
2011-10,OMI
2011-10,ORI
2011-10,OSG
2011-10,OSK
2011-10,PACW
2011-10,PCH
2011-10,PCX
2011-10,PDE
2011-10,PETM
2011-10,PII
2011-10,PKG
2011-10,PL
2011-10,PLCM
2011-10,PLT
2011-10,PMTC
2011-10,PNM
2011-10,PNR
2011-10,PNRA
2011-10,PPDI
2011-10,PRGO
2011-10,PRSP
2011-10,PSS
2011-10,PTEN
2011-10,PVH
2011-10,PXP
2011-10,QLGC
2011-10,QSFT
2011-10,RAH
2011-10,RAX
2011-10,RBC
2011-10,RCII
2011-10,RDK
2011-10,RE
2011-10,REG
2011-10,RFMD
2011-10,RGA
2011-10,RGS
2011-10,RJF
2011-10,RKT
2011-10,RMD
2011-10,ROL
2011-10,ROVI
2011-10,RPM
2011-10,RS
2011-10,RVBD
2011-10,RYL
2011-10,RYN
2011-10,SCHL
2011-10,SCI
2011-10,SEIC
2011-10,SFD
2011-10,SFG
2011-10,SGMS
2011-10,SHAW
2011-10,SIVB
2011-10,SKS
2011-10,SLAB
2011-10,SLG
2011-10,SLGN
2011-10,SLH
2011-10,SM
2011-10,SMG
2011-10,SMTC
2011-10,SNH
2011-10,SNPS
2011-10,SNV
2011-10,SON
2011-10,SPN
2011-10,SPW
2011-10,SRX
2011-10,STE
2011-10,STLD
2011-10,STR
2011-10,STRA
2011-10,SUG
2011-10,SWKS
2011-10,SXT
2011-10,TBL
2011-10,TCB
2011-10,TCO
2011-10,TDS
2011-10,TDW
2011-10,TECD
2011-10,TECH
2011-10,TEX
2011-10,TFX
2011-10,THG
2011-10,THO
2011-10,THOR
2011-10,TIBX
2011-10,TIN
2011-10,TKR
2011-10,TNB
2011-10,TOL
2011-10,TR
2011-10,TRH
2011-10,TRMB
2011-10,TRMK
2011-10,TRN
2011-10,TSCO
2011-10,TUP
2011-10,TW
2011-10,TWTC
2011-10,UA
2011-10,UDR
2011-10,UGI
2011-10,UHS
2011-10,UNT
2011-10,URI
2011-10,URS
2011-10,UTHR
2011-10,UTR
2011-10,UVV
2011-10,VAL
2011-10,VCLK
2011-10,VLY
2011-10,VMI
2011-10,VRTX
2011-10,VSH
2011-10,VVC
2011-10,WAB
2011-10,WABC
2011-10,WBS
2011-10,WCG
2011-10,WCN
2011-10,WDR
2011-10,WEN
2011-10,WERN
2011-10,WFSL
2011-10,WGL
2011-10,WGOV
2011-10,WMS
2011-10,WOOF
2011-10,WOR
2011-10,WR
2011-10,WRB
2011-10,WRC
2011-10,WRI
2011-10,WSM
2011-10,WSO
2011-10,WTR
2011-10,XEC
2011-10,ZBRA
2011-11,AAI
2011-11,AAN
2011-11,AAP
2011-11,ACI
2011-11,ACIW
2011-11,ACM
2011-11,ACV
2011-11,ACXM
2011-11,ADS
2011-11,ADTN
2011-11,ADVS
2011-11,AEO
2011-11,AF
2011-11,AFG
2011-11,AGCO
2011-11,AGL
2011-11,AINV
2011-11,AJG
2011-11,ALB
2011-11,ALEX
2011-11,ALK
2011-11,AM
2011-11,AMB
2011-11,AME
2011-11,AMG
2011-11,ANN
2011-11,ANSS
2011-11,AOL
2011-11,ARE
2011-11,ARO
2011-11,ARW
2011-11,ASBC
2011-11,ASH
2011-11,ASNA
2011-11,ATK
2011-11,ATML
2011-11,ATO
2011-11,ATR
2011-11,ATW
2011-11,AVT
2011-11,AYI
2011-11,BBG
2011-11,BCO
2011-11,BEAV
2011-11,BEC
2011-11,BEZ
2011-11,BID
2011-11,BIO
2011-11,BJ
2011-11,BKH
2011-11,BKS
2011-11,BLUD
2011-11,BOBE
2011-11,BOH
2011-11,BR
2011-11,BRE
2011-11,BRO
2011-11,BUCY
2011-11,BWA
2011-11,BXS
2011-11,BYD
2011-11,BYI
2011-11,CAKE
2011-11,CATY
2011-11,CBB
2011-11,CBSH
2011-11,CBT
2011-11,CDNS
2011-11,CECO
2011-11,CFR
2011-11,CHD
2011-11,CHS
2011-11,CIEN
2011-11,CLGX
2011-11,CLH
2011-11,CLI
2011-11,CMC
2011-11,CMG
2011-11,CMP
2011-11,CNL
2011-11,CNQR
2011-11,CNW
2011-11,CPO
2011-11,CPRT
2011-11,CPT
2011-11,CR
2011-11,CREE
2011-11,CRK
2011-11,CRL
2011-11,CRS
2011-11,CSL
2011-11,CUZ
2011-11,CVD
2011-11,CVG
2011-11,CXW
2011-11,CYH
2011-11,CYN
2011-11,CYT
2011-11,DBD
2011-11,DCI
2011-11,DECK
2011-11,DKS
2011-11,DLTR
2011-11,DLX
2011-11,DPL
2011-11,DRE
2011-11,DRIV
2011-11,DRQ
2011-11,DST
2011-11,DWA
2011-11,DYN
2011-11,EAT
2011-11,EGN
2011-11,EK
2011-11,ENDP
2011-11,ENR
2011-11,EQIX
2011-11,EQY
2011-11,ESI
2011-11,ESS
2011-11,EV
2011-11,EW
2011-11,EWBC
2011-11,EXBD
2011-11,EXH
2011-11,FAF
2011-11,FCN
2011-11,FCS
2011-11,FDS
2011-11,FICO
2011-11,FL
2011-11,FLO
2011-11,FMER
2011-11,FNF
2011-11,FNFG
2011-11,FOSL
2011-11,FRT
2011-11,FST
2011-11,FTO
2011-11,FULT
2011-11,GDI
2011-11,GEF
2011-11,GES
2011-11,GGG
2011-11,GHL
2011-11,GMCR
2011-11,GMT
2011-11,GNTX
2011-11,GPN
2011-11,GPRO
2011-11,GVA
2011-11,GXP
2011-11,HANS
2011-11,HBI
2011-11,HCC
2011-11,HE
2011-11,HHS
2011-11,HIW
2011-11,HLX
2011-11,HMA
2011-11,HNI
2011-11,HNT
2011-11,HOLX
2011-11,HPT
2011-11,HRC
2011-11,HSC
2011-11,HSIC
2011-11,HUBB
2011-11,IBOC
2011-11,IDA
2011-11,IDTI
2011-11,IDXX
2011-11,IEX
2011-11,IM
2011-11,INFA
2011-11,IPI
2011-11,IRF
2011-11,ISCA
2011-11,ISIL
2011-11,IT
2011-11,ITRI
2011-11,JBHT
2011-11,JBLU
2011-11,JCG
2011-11,JEF
2011-11,JKHY
2011-11,JLL
2011-11,JOYG
2011-11,JWA
2011-11,KBH
2011-11,KBR
2011-11,KCI
2011-11,KEX
2011-11,KFY
2011-11,KMT
2011-11,KND
2011-11,KSU
2011-11,KWK
2011-11,LAMR
2011-11,LANC
2011-11,LECO
2011-11,LII
2011-11,LKQX
2011-11,LNCR
2011-11,LNT
2011-11,LPNT
2011-11,LPS
2011-11,LPX
2011-11,LRCX
2011-11,LRY
2011-11,LSTR
2011-11,LTM
2011-11,LZ
2011-11,MAC
2011-11,MAN
2011-11,MANT
2011-11,MASI
2011-11,MATW
2011-11,MCRS
2011-11,MCY
2011-11,MD
2011-11,MDC
2011-11,MDRX
2011-11,MDU
2011-11,MENT
2011-11,MHK
2011-11,MLHR
2011-11,MLM
2011-11,MRX
2011-11,MSA
2011-11,MSCI
2011-11,MSM
2011-11,MTD
2011-11,MTX
2011-11,NAL
2011-11,NATI
2011-11,NCI
2011-11,NCR
2011-11,NDN
2011-11,NDSN
2011-11,NEU
2011-11,NFG
2011-11,NHP
2011-11,NSR
2011-11,NST
2011-11,NVE
2011-11,NVR
2011-11,NYB
2011-11,NYT
2011-11,O
2011-11,OCR
2011-11,ODP
2011-11,OFC
2011-11,OGE
2011-11,OHI
2011-11,OII
2011-11,OLN
2011-11,OMI
2011-11,ORI
2011-11,OSG
2011-11,OSK
2011-11,PACW
2011-11,PCH
2011-11,PCX
2011-11,PDE
2011-11,PETM
2011-11,PII
2011-11,PKG
2011-11,PL
2011-11,PLCM
2011-11,PLT
2011-11,PMTC
2011-11,PNM
2011-11,PNR
2011-11,PNRA
2011-11,PPDI
2011-11,PRGO
2011-11,PRSP
2011-11,PSS
2011-11,PTEN
2011-11,PVH
2011-11,PXP
2011-11,QLGC
2011-11,QSFT
2011-11,RAH
2011-11,RAX
2011-11,RBC
2011-11,RCII
2011-11,RDK
2011-11,RE
2011-11,REG
2011-11,RFMD
2011-11,RGA
2011-11,RGS
2011-11,RJF
2011-11,RKT
2011-11,RMD
2011-11,ROL
2011-11,ROVI
2011-11,RPM
2011-11,RS
2011-11,RVBD
2011-11,RYL
2011-11,RYN
2011-11,SCHL
2011-11,SCI
2011-11,SEIC
2011-11,SFD
2011-11,SFG
2011-11,SGMS
2011-11,SHAW
2011-11,SIVB
2011-11,SKS
2011-11,SLAB
2011-11,SLG
2011-11,SLGN
2011-11,SLH
2011-11,SM
2011-11,SMG
2011-11,SMTC
2011-11,SNH
2011-11,SNPS
2011-11,SNV
2011-11,SON
2011-11,SPN
2011-11,SPW
2011-11,SRX
2011-11,STE
2011-11,STLD
2011-11,STR
2011-11,STRA
2011-11,SUG
2011-11,SWKS
2011-11,SXT
2011-11,TBL
2011-11,TCB
2011-11,TCO
2011-11,TDS
2011-11,TDW
2011-11,TECD
2011-11,TECH
2011-11,TEX
2011-11,TFX
2011-11,THG
2011-11,THO
2011-11,THOR
2011-11,TIBX
2011-11,TIN
2011-11,TKR
2011-11,TNB
2011-11,TOL
2011-11,TR
2011-11,TRH
2011-11,TRMB
2011-11,TRMK
2011-11,TRN
2011-11,TSCO
2011-11,TUP
2011-11,TW
2011-11,TWTC
2011-11,UA
2011-11,UDR
2011-11,UGI
2011-11,UHS
2011-11,UNT
2011-11,URI
2011-11,URS
2011-11,UTHR
2011-11,UTR
2011-11,UVV
2011-11,VAL
2011-11,VCLK
2011-11,VLY
2011-11,VMI
2011-11,VRTX
2011-11,VSH
2011-11,VVC
2011-11,WAB
2011-11,WABC
2011-11,WBS
2011-11,WCG
2011-11,WCN
2011-11,WDR
2011-11,WEN
2011-11,WERN
2011-11,WFSL
2011-11,WGL
2011-11,WGOV
2011-11,WMS
2011-11,WOOF
2011-11,WOR
2011-11,WR
2011-11,WRB
2011-11,WRC
2011-11,WRI
2011-11,WSM
2011-11,WSO
2011-11,WTR
2011-11,XEC
2011-11,ZBRA
2011-12,AAI
2011-12,AAN
2011-12,AAP
2011-12,ACI
2011-12,ACIW
2011-12,ACM
2011-12,ACV
2011-12,ACXM
2011-12,ADS
2011-12,ADTN
2011-12,ADVS
2011-12,AEO
2011-12,AF
2011-12,AFG
2011-12,AGCO
2011-12,AGL
2011-12,AINV
2011-12,AJG
2011-12,ALB
2011-12,ALEX
2011-12,ALK
2011-12,AM
2011-12,AMB
2011-12,AME
2011-12,AMG
2011-12,ANN
2011-12,ANSS
2011-12,AOL
2011-12,ARE
2011-12,ARO
2011-12,ARW
2011-12,ASBC
2011-12,ASH
2011-12,ASNA
2011-12,ATK
2011-12,ATML
2011-12,ATO
2011-12,ATR
2011-12,ATW
2011-12,AVT
2011-12,AYI
2011-12,BBG
2011-12,BCO
2011-12,BEAV
2011-12,BEC
2011-12,BEZ
2011-12,BID
2011-12,BIO
2011-12,BJ
2011-12,BKH
2011-12,BKS
2011-12,BLUD
2011-12,BOBE
2011-12,BOH
2011-12,BR
2011-12,BRE
2011-12,BRO
2011-12,BUCY
2011-12,BWA
2011-12,BXS
2011-12,BYD
2011-12,BYI
2011-12,CAKE
2011-12,CATY
2011-12,CBB
2011-12,CBSH
2011-12,CBT
2011-12,CDNS
2011-12,CECO
2011-12,CFR
2011-12,CHD
2011-12,CHS
2011-12,CIEN
2011-12,CLGX
2011-12,CLH
2011-12,CLI
2011-12,CMC
2011-12,CMG
2011-12,CMP
2011-12,CNL
2011-12,CNQR
2011-12,CNW
2011-12,CPO
2011-12,CPRT
2011-12,CPT
2011-12,CR
2011-12,CREE
2011-12,CRK
2011-12,CRL
2011-12,CRS
2011-12,CSL
2011-12,CUZ
2011-12,CVD
2011-12,CVG
2011-12,CXW
2011-12,CYH
2011-12,CYN
2011-12,CYT
2011-12,DBD
2011-12,DCI
2011-12,DECK
2011-12,DKS
2011-12,DLTR
2011-12,DLX
2011-12,DPL
2011-12,DRE
2011-12,DRIV
2011-12,DRQ
2011-12,DST
2011-12,DWA
2011-12,DYN
2011-12,EAT
2011-12,EGN
2011-12,EK
2011-12,ENDP
2011-12,ENR
2011-12,EQIX
2011-12,EQY
2011-12,ESI
2011-12,ESS
2011-12,EV
2011-12,EW
2011-12,EWBC
2011-12,EXBD
2011-12,EXH
2011-12,FAF
2011-12,FCN
2011-12,FCS
2011-12,FDS
2011-12,FICO
2011-12,FL
2011-12,FLO
2011-12,FMER
2011-12,FNF
2011-12,FNFG
2011-12,FOSL
2011-12,FRT
2011-12,FST
2011-12,FTO
2011-12,FULT
2011-12,GDI
2011-12,GEF
2011-12,GES
2011-12,GGG
2011-12,GHL
2011-12,GMCR
2011-12,GMT
2011-12,GNTX
2011-12,GPN
2011-12,GPRO
2011-12,GVA
2011-12,GXP
2011-12,HANS
2011-12,HBI
2011-12,HCC
2011-12,HE
2011-12,HHS
2011-12,HIW
2011-12,HLX
2011-12,HMA
2011-12,HNI
2011-12,HNT
2011-12,HOLX
2011-12,HPT
2011-12,HRC
2011-12,HSC
2011-12,HSIC
2011-12,HUBB
2011-12,IBOC
2011-12,IDA
2011-12,IDTI
2011-12,IDXX
2011-12,IEX
2011-12,IM
2011-12,INFA
2011-12,IPI
2011-12,IRF
2011-12,ISCA
2011-12,ISIL
2011-12,IT
2011-12,ITRI
2011-12,JBHT
2011-12,JBLU
2011-12,JCG
2011-12,JEF
2011-12,JKHY
2011-12,JLL
2011-12,JOYG
2011-12,JWA
2011-12,KBH
2011-12,KBR
2011-12,KCI
2011-12,KEX
2011-12,KFY
2011-12,KMT
2011-12,KND
2011-12,KSU
2011-12,KWK
2011-12,LAMR
2011-12,LANC
2011-12,LECO
2011-12,LII
2011-12,LKQX
2011-12,LNCR
2011-12,LNT
2011-12,LPNT
2011-12,LPS
2011-12,LPX
2011-12,LRCX
2011-12,LRY
2011-12,LSTR
2011-12,LTM
2011-12,LZ
2011-12,MAC
2011-12,MAN
2011-12,MANT
2011-12,MASI
2011-12,MATW
2011-12,MCRS
2011-12,MCY
2011-12,MD
2011-12,MDC
2011-12,MDRX
2011-12,MDU
2011-12,MENT
2011-12,MHK
2011-12,MLHR
2011-12,MLM
2011-12,MRX
2011-12,MSA
2011-12,MSCI
2011-12,MSM
2011-12,MTD
2011-12,MTX
2011-12,NAL
2011-12,NATI
2011-12,NCI
2011-12,NCR
2011-12,NDN
2011-12,NDSN
2011-12,NEU
2011-12,NFG
2011-12,NHP
2011-12,NSR
2011-12,NST
2011-12,NVE
2011-12,NVR
2011-12,NYB
2011-12,NYT
2011-12,O
2011-12,OCR
2011-12,ODP
2011-12,OFC
2011-12,OGE
2011-12,OHI
2011-12,OII
2011-12,OLN
2011-12,OMI
2011-12,ORI
2011-12,OSG
2011-12,OSK
2011-12,PACW
2011-12,PCH
2011-12,PCX
2011-12,PDE
2011-12,PETM
2011-12,PII
2011-12,PKG
2011-12,PL
2011-12,PLCM
2011-12,PLT
2011-12,PMTC
2011-12,PNM
2011-12,PNR
2011-12,PNRA
2011-12,PPDI
2011-12,PRGO
2011-12,PRSP
2011-12,PSS
2011-12,PTEN
2011-12,PVH
2011-12,PXP
2011-12,QLGC
2011-12,QSFT
2011-12,RAH
2011-12,RAX
2011-12,RBC
2011-12,RCII
2011-12,RDK
2011-12,RE
2011-12,REG
2011-12,RFMD
2011-12,RGA
2011-12,RGS
2011-12,RJF
2011-12,RKT
2011-12,RMD
2011-12,ROL
2011-12,ROVI
2011-12,RPM
2011-12,RS
2011-12,RVBD
2011-12,RYL
2011-12,RYN
2011-12,SCHL
2011-12,SCI
2011-12,SEIC
2011-12,SFD
2011-12,SFG
2011-12,SGMS
2011-12,SHAW
2011-12,SIVB
2011-12,SKS
2011-12,SLAB
2011-12,SLG
2011-12,SLGN
2011-12,SLH
2011-12,SM
2011-12,SMG
2011-12,SMTC
2011-12,SNH
2011-12,SNPS
2011-12,SNV
2011-12,SON
2011-12,SPN
2011-12,SPW
2011-12,SRX
2011-12,STE
2011-12,STLD
2011-12,STR
2011-12,STRA
2011-12,SUG
2011-12,SWKS
2011-12,SXT
2011-12,TBL
2011-12,TCB
2011-12,TCO
2011-12,TDS
2011-12,TDW
2011-12,TECD
2011-12,TECH
2011-12,TEX
2011-12,TFX
2011-12,THG
2011-12,THO
2011-12,THOR
2011-12,TIBX
2011-12,TIN
2011-12,TKR
2011-12,TNB
2011-12,TOL
2011-12,TR
2011-12,TRH
2011-12,TRMB
2011-12,TRMK
2011-12,TRN
2011-12,TSCO
2011-12,TUP
2011-12,TW
2011-12,TWTC
2011-12,UA
2011-12,UDR
2011-12,UGI
2011-12,UHS
2011-12,UNT
2011-12,URI
2011-12,URS
2011-12,UTHR
2011-12,UTR
2011-12,UVV
2011-12,VAL
2011-12,VCLK
2011-12,VLY
2011-12,VMI
2011-12,VRTX
2011-12,VSH
2011-12,VVC
2011-12,WAB
2011-12,WABC
2011-12,WBS
2011-12,WCG
2011-12,WCN
2011-12,WDR
2011-12,WEN
2011-12,WERN
2011-12,WFSL
2011-12,WGL
2011-12,WGOV
2011-12,WMS
2011-12,WOOF
2011-12,WOR
2011-12,WR
2011-12,WRB
2011-12,WRC
2011-12,WRI
2011-12,WSM
2011-12,WSO
2011-12,WTR
2011-12,XEC
2011-12,ZBRA
2012-01,AAI
2012-01,AAN
2012-01,AAP
2012-01,ACI
2012-01,ACIW
2012-01,ACM
2012-01,ACV
2012-01,ACXM
2012-01,ADS
2012-01,ADTN
2012-01,ADVS
2012-01,AEO
2012-01,AF
2012-01,AFG
2012-01,AGCO
2012-01,AGL
2012-01,AINV
2012-01,AJG
2012-01,ALB
2012-01,ALEX
2012-01,ALK
2012-01,AM
2012-01,AMB
2012-01,AME
2012-01,AMG
2012-01,ANN
2012-01,ANSS
2012-01,AOL
2012-01,ARE
2012-01,ARO
2012-01,ARW
2012-01,ASBC
2012-01,ASH
2012-01,ASNA
2012-01,ATK
2012-01,ATML
2012-01,ATO
2012-01,ATR
2012-01,ATW
2012-01,AVT
2012-01,AYI
2012-01,BBG
2012-01,BCO
2012-01,BEAV
2012-01,BEC
2012-01,BEZ
2012-01,BID
2012-01,BIO
2012-01,BJ
2012-01,BKH
2012-01,BKS
2012-01,BLUD
2012-01,BOBE
2012-01,BOH
2012-01,BR
2012-01,BRE
2012-01,BRO
2012-01,BUCY
2012-01,BWA
2012-01,BXS
2012-01,BYD
2012-01,BYI
2012-01,CAKE
2012-01,CATY
2012-01,CBB
2012-01,CBSH
2012-01,CBT
2012-01,CDNS
2012-01,CECO
2012-01,CFR
2012-01,CHD
2012-01,CHS
2012-01,CIEN
2012-01,CLGX
2012-01,CLH
2012-01,CLI
2012-01,CMC
2012-01,CMG
2012-01,CMP
2012-01,CNL
2012-01,CNQR
2012-01,CNW
2012-01,CPO
2012-01,CPRT
2012-01,CPT
2012-01,CR
2012-01,CREE
2012-01,CRK
2012-01,CRL
2012-01,CRS
2012-01,CSL
2012-01,CUZ
2012-01,CVD
2012-01,CVG
2012-01,CXW
2012-01,CYH
2012-01,CYN
2012-01,CYT
2012-01,DBD
2012-01,DCI
2012-01,DECK
2012-01,DKS
2012-01,DLTR
2012-01,DLX
2012-01,DPL
2012-01,DRE
2012-01,DRIV
2012-01,DRQ
2012-01,DST
2012-01,DWA
2012-01,DYN
2012-01,EAT
2012-01,EGN
2012-01,EK
2012-01,ENDP
2012-01,ENR
2012-01,EQIX
2012-01,EQY
2012-01,ESI
2012-01,ESS
2012-01,EV
2012-01,EW
2012-01,EWBC
2012-01,EXBD
2012-01,EXH
2012-01,FAF
2012-01,FCN
2012-01,FCS
2012-01,FDS
2012-01,FICO
2012-01,FL
2012-01,FLO
2012-01,FMER
2012-01,FNF
2012-01,FNFG
2012-01,FOSL
2012-01,FRT
2012-01,FST
2012-01,FTO
2012-01,FULT
2012-01,GDI
2012-01,GEF
2012-01,GES
2012-01,GGG
2012-01,GHL
2012-01,GMCR
2012-01,GMT
2012-01,GNTX
2012-01,GPN
2012-01,GPRO
2012-01,GVA
2012-01,GXP
2012-01,HANS
2012-01,HBI
2012-01,HCC
2012-01,HE
2012-01,HHS
2012-01,HIW
2012-01,HLX
2012-01,HMA
2012-01,HNI
2012-01,HNT
2012-01,HOLX
2012-01,HPT
2012-01,HRC
2012-01,HSC
2012-01,HSIC
2012-01,HUBB
2012-01,IBOC
2012-01,IDA
2012-01,IDTI
2012-01,IDXX
2012-01,IEX
2012-01,IM
2012-01,INFA
2012-01,IPI
2012-01,IRF
2012-01,ISCA
2012-01,ISIL
2012-01,IT
2012-01,ITRI
2012-01,JBHT
2012-01,JBLU
2012-01,JCG
2012-01,JEF
2012-01,JKHY
2012-01,JLL
2012-01,JOYG
2012-01,JWA
2012-01,KBH
2012-01,KBR
2012-01,KCI
2012-01,KEX
2012-01,KFY
2012-01,KMT
2012-01,KND
2012-01,KSU
2012-01,KWK
2012-01,LAMR
2012-01,LANC
2012-01,LECO
2012-01,LII
2012-01,LKQX
2012-01,LNCR
2012-01,LNT
2012-01,LPNT
2012-01,LPS
2012-01,LPX
2012-01,LRCX
2012-01,LRY
2012-01,LSTR
2012-01,LTM
2012-01,LZ
2012-01,MAC
2012-01,MAN
2012-01,MANT
2012-01,MASI
2012-01,MATW
2012-01,MCRS
2012-01,MCY
2012-01,MD
2012-01,MDC
2012-01,MDRX
2012-01,MDU
2012-01,MENT
2012-01,MHK
2012-01,MLHR
2012-01,MLM
2012-01,MRX
2012-01,MSA
2012-01,MSCI
2012-01,MSM
2012-01,MTD
2012-01,MTX
2012-01,NAL
2012-01,NATI
2012-01,NCI
2012-01,NCR
2012-01,NDN
2012-01,NDSN
2012-01,NEU
2012-01,NFG
2012-01,NHP
2012-01,NSR
2012-01,NST
2012-01,NVE
2012-01,NVR
2012-01,NYB
2012-01,NYT
2012-01,O
2012-01,OCR
2012-01,ODP
2012-01,OFC
2012-01,OGE
2012-01,OHI
2012-01,OII
2012-01,OLN
2012-01,OMI
2012-01,ORI
2012-01,OSG
2012-01,OSK
2012-01,PACW
2012-01,PCH
2012-01,PCX
2012-01,PDE
2012-01,PETM
2012-01,PII
2012-01,PKG
2012-01,PL
2012-01,PLCM
2012-01,PLT
2012-01,PMTC
2012-01,PNM
2012-01,PNR
2012-01,PNRA
2012-01,PPDI
2012-01,PRGO
2012-01,PRSP
2012-01,PSS
2012-01,PTEN
2012-01,PVH
2012-01,PXP
2012-01,QLGC
2012-01,QSFT
2012-01,RAH
2012-01,RAX
2012-01,RBC
2012-01,RCII
2012-01,RDK
2012-01,RE
2012-01,REG
2012-01,RFMD
2012-01,RGA
2012-01,RGS
2012-01,RJF
2012-01,RKT
2012-01,RMD
2012-01,ROL
2012-01,ROVI
2012-01,RPM
2012-01,RS
2012-01,RVBD
2012-01,RYL
2012-01,RYN
2012-01,SCHL
2012-01,SCI
2012-01,SEIC
2012-01,SFD
2012-01,SFG
2012-01,SGMS
2012-01,SHAW
2012-01,SIVB
2012-01,SKS
2012-01,SLAB
2012-01,SLG
2012-01,SLGN
2012-01,SLH
2012-01,SM
2012-01,SMG
2012-01,SMTC
2012-01,SNH
2012-01,SNPS
2012-01,SNV
2012-01,SON
2012-01,SPN
2012-01,SPW
2012-01,SRX
2012-01,STE
2012-01,STLD
2012-01,STR
2012-01,STRA
2012-01,SUG
2012-01,SWKS
2012-01,SXT
2012-01,TBL
2012-01,TCB
2012-01,TCO
2012-01,TDS
2012-01,TDW
2012-01,TECD
2012-01,TECH
2012-01,TEX
2012-01,TFX
2012-01,THG
2012-01,THO
2012-01,THOR
2012-01,TIBX
2012-01,TIN
2012-01,TKR
2012-01,TNB
2012-01,TOL
2012-01,TR
2012-01,TRH
2012-01,TRMB
2012-01,TRMK
2012-01,TRN
2012-01,TSCO
2012-01,TUP
2012-01,TW
2012-01,TWTC
2012-01,UA
2012-01,UDR
2012-01,UGI
2012-01,UHS
2012-01,UNT
2012-01,URI
2012-01,URS
2012-01,UTHR
2012-01,UTR
2012-01,UVV
2012-01,VAL
2012-01,VCLK
2012-01,VLY
2012-01,VMI
2012-01,VRTX
2012-01,VSH
2012-01,VVC
2012-01,WAB
2012-01,WABC
2012-01,WBS
2012-01,WCG
2012-01,WCN
2012-01,WDR
2012-01,WEN
2012-01,WERN
2012-01,WFSL
2012-01,WGL
2012-01,WGOV
2012-01,WMS
2012-01,WOOF
2012-01,WOR
2012-01,WR
2012-01,WRB
2012-01,WRC
2012-01,WRI
2012-01,WSM
2012-01,WSO
2012-01,WTR
2012-01,XEC
2012-01,ZBRA
2012-02,AAI
2012-02,AAN
2012-02,AAP
2012-02,ACI
2012-02,ACIW
2012-02,ACM
2012-02,ACV
2012-02,ACXM
2012-02,ADS
2012-02,ADTN
2012-02,ADVS
2012-02,AEO
2012-02,AF
2012-02,AFG
2012-02,AGCO
2012-02,AGL
2012-02,AINV
2012-02,AJG
2012-02,ALB
2012-02,ALEX
2012-02,ALK
2012-02,AM
2012-02,AMB
2012-02,AME
2012-02,AMG
2012-02,ANN
2012-02,ANSS
2012-02,AOL
2012-02,ARE
2012-02,ARO
2012-02,ARW
2012-02,ASBC
2012-02,ASH
2012-02,ASNA
2012-02,ATK
2012-02,ATML
2012-02,ATO
2012-02,ATR
2012-02,ATW
2012-02,AVT
2012-02,AYI
2012-02,BBG
2012-02,BCO
2012-02,BEAV
2012-02,BEC
2012-02,BEZ
2012-02,BID
2012-02,BIO
2012-02,BJ
2012-02,BKH
2012-02,BKS
2012-02,BLUD
2012-02,BOBE
2012-02,BOH
2012-02,BR
2012-02,BRE
2012-02,BRO
2012-02,BUCY
2012-02,BWA
2012-02,BXS
2012-02,BYD
2012-02,BYI
2012-02,CAKE
2012-02,CATY
2012-02,CBB
2012-02,CBSH
2012-02,CBT
2012-02,CDNS
2012-02,CECO
2012-02,CFR
2012-02,CHD
2012-02,CHS
2012-02,CIEN
2012-02,CLGX
2012-02,CLH
2012-02,CLI
2012-02,CMC
2012-02,CMG
2012-02,CMP
2012-02,CNL
2012-02,CNQR
2012-02,CNW
2012-02,CPO
2012-02,CPRT
2012-02,CPT
2012-02,CR
2012-02,CREE
2012-02,CRK
2012-02,CRL
2012-02,CRS
2012-02,CSL
2012-02,CUZ
2012-02,CVD
2012-02,CVG
2012-02,CXW
2012-02,CYH
2012-02,CYN
2012-02,CYT
2012-02,DBD
2012-02,DCI
2012-02,DECK
2012-02,DKS
2012-02,DLTR
2012-02,DLX
2012-02,DPL
2012-02,DRE
2012-02,DRIV
2012-02,DRQ
2012-02,DST
2012-02,DWA
2012-02,DYN
2012-02,EAT
2012-02,EGN
2012-02,EK
2012-02,ENDP
2012-02,ENR
2012-02,EQIX
2012-02,EQY
2012-02,ESI
2012-02,ESS
2012-02,EV
2012-02,EW
2012-02,EWBC
2012-02,EXBD
2012-02,EXH
2012-02,FAF
2012-02,FCN
2012-02,FCS
2012-02,FDS
2012-02,FICO
2012-02,FL
2012-02,FLO
2012-02,FMER
2012-02,FNF
2012-02,FNFG
2012-02,FOSL
2012-02,FRT
2012-02,FST
2012-02,FTO
2012-02,FULT
2012-02,GDI
2012-02,GEF
2012-02,GES
2012-02,GGG
2012-02,GHL
2012-02,GMCR
2012-02,GMT
2012-02,GNTX
2012-02,GPN
2012-02,GPRO
2012-02,GVA
2012-02,GXP
2012-02,HANS
2012-02,HBI
2012-02,HCC
2012-02,HE
2012-02,HHS
2012-02,HIW
2012-02,HLX
2012-02,HMA
2012-02,HNI
2012-02,HNT
2012-02,HOLX
2012-02,HPT
2012-02,HRC
2012-02,HSC
2012-02,HSIC
2012-02,HUBB
2012-02,IBOC
2012-02,IDA
2012-02,IDTI
2012-02,IDXX
2012-02,IEX
2012-02,IM
2012-02,INFA
2012-02,IPI
2012-02,IRF
2012-02,ISCA
2012-02,ISIL
2012-02,IT
2012-02,ITRI
2012-02,JBHT
2012-02,JBLU
2012-02,JCG
2012-02,JEF
2012-02,JKHY
2012-02,JLL
2012-02,JOYG
2012-02,JWA
2012-02,KBH
2012-02,KBR
2012-02,KCI
2012-02,KEX
2012-02,KFY
2012-02,KMT
2012-02,KND
2012-02,KSU
2012-02,KWK
2012-02,LAMR
2012-02,LANC
2012-02,LECO
2012-02,LII
2012-02,LKQX
2012-02,LNCR
2012-02,LNT
2012-02,LPNT
2012-02,LPS
2012-02,LPX
2012-02,LRCX
2012-02,LRY
2012-02,LSTR
2012-02,LTM
2012-02,LZ
2012-02,MAC
2012-02,MAN
2012-02,MANT
2012-02,MASI
2012-02,MATW
2012-02,MCRS
2012-02,MCY
2012-02,MD
2012-02,MDC
2012-02,MDRX
2012-02,MDU
2012-02,MENT
2012-02,MHK
2012-02,MLHR
2012-02,MLM
2012-02,MRX
2012-02,MSA
2012-02,MSCI
2012-02,MSM
2012-02,MTD
2012-02,MTX
2012-02,NAL
2012-02,NATI
2012-02,NCI
2012-02,NCR
2012-02,NDN
2012-02,NDSN
2012-02,NEU
2012-02,NFG
2012-02,NHP
2012-02,NSR
2012-02,NST
2012-02,NVE
2012-02,NVR
2012-02,NYB
2012-02,NYT
2012-02,O
2012-02,OCR
2012-02,ODP
2012-02,OFC
2012-02,OGE
2012-02,OHI
2012-02,OII
2012-02,OLN
2012-02,OMI
2012-02,ORI
2012-02,OSG
2012-02,OSK
2012-02,PACW
2012-02,PCH
2012-02,PCX
2012-02,PDE
2012-02,PETM
2012-02,PII
2012-02,PKG
2012-02,PL
2012-02,PLCM
2012-02,PLT
2012-02,PMTC
2012-02,PNM
2012-02,PNR
2012-02,PNRA
2012-02,PPDI
2012-02,PRGO
2012-02,PRSP
2012-02,PSS
2012-02,PTEN
2012-02,PVH
2012-02,PXP
2012-02,QLGC
2012-02,QSFT
2012-02,RAH
2012-02,RAX
2012-02,RBC
2012-02,RCII
2012-02,RDK
2012-02,RE
2012-02,REG
2012-02,RFMD
2012-02,RGA
2012-02,RGS
2012-02,RJF
2012-02,RKT
2012-02,RMD
2012-02,ROL
2012-02,ROVI
2012-02,RPM
2012-02,RS
2012-02,RVBD
2012-02,RYL
2012-02,RYN
2012-02,SCHL
2012-02,SCI
2012-02,SEIC
2012-02,SFD
2012-02,SFG
2012-02,SGMS
2012-02,SHAW
2012-02,SIVB
2012-02,SKS
2012-02,SLAB
2012-02,SLG
2012-02,SLGN
2012-02,SLH
2012-02,SM
2012-02,SMG
2012-02,SMTC
2012-02,SNH
2012-02,SNPS
2012-02,SNV
2012-02,SON
2012-02,SPN
2012-02,SPW
2012-02,SRX
2012-02,STE
2012-02,STLD
2012-02,STR
2012-02,STRA
2012-02,SUG
2012-02,SWKS
2012-02,SXT
2012-02,TBL
2012-02,TCB
2012-02,TCO
2012-02,TDS
2012-02,TDW
2012-02,TECD
2012-02,TECH
2012-02,TEX
2012-02,TFX
2012-02,THG
2012-02,THO
2012-02,THOR
2012-02,TIBX
2012-02,TIN
2012-02,TKR
2012-02,TNB
2012-02,TOL
2012-02,TR
2012-02,TRH
2012-02,TRMB
2012-02,TRMK
2012-02,TRN
2012-02,TSCO
2012-02,TUP
2012-02,TW
2012-02,TWTC
2012-02,UA
2012-02,UDR
2012-02,UGI
2012-02,UHS
2012-02,UNT
2012-02,URI
2012-02,URS
2012-02,UTHR
2012-02,UTR
2012-02,UVV
2012-02,VAL
2012-02,VCLK
2012-02,VLY
2012-02,VMI
2012-02,VRTX
2012-02,VSH
2012-02,VVC
2012-02,WAB
2012-02,WABC
2012-02,WBS
2012-02,WCG
2012-02,WCN
2012-02,WDR
2012-02,WEN
2012-02,WERN
2012-02,WFSL
2012-02,WGL
2012-02,WGOV
2012-02,WMS
2012-02,WOOF
2012-02,WOR
2012-02,WR
2012-02,WRB
2012-02,WRC
2012-02,WRI
2012-02,WSM
2012-02,WSO
2012-02,WTR
2012-02,XEC
2012-02,ZBRA
2012-03,AAI
2012-03,AAN
2012-03,AAP
2012-03,ACI
2012-03,ACIW
2012-03,ACM
2012-03,ACV
2012-03,ACXM
2012-03,ADS
2012-03,ADTN
2012-03,ADVS
2012-03,AEO
2012-03,AF
2012-03,AFG
2012-03,AGCO
2012-03,AGL
2012-03,AINV
2012-03,AJG
2012-03,ALB
2012-03,ALEX
2012-03,ALK
2012-03,AM
2012-03,AMB
2012-03,AME
2012-03,AMG
2012-03,ANN
2012-03,ANSS
2012-03,AOL
2012-03,ARE
2012-03,ARO
2012-03,ARW
2012-03,ASBC
2012-03,ASH
2012-03,ASNA
2012-03,ATK
2012-03,ATML
2012-03,ATO
2012-03,ATR
2012-03,ATW
2012-03,AVT
2012-03,AYI
2012-03,BBG
2012-03,BCO
2012-03,BEAV
2012-03,BEC
2012-03,BEZ
2012-03,BID
2012-03,BIO
2012-03,BJ
2012-03,BKH
2012-03,BKS
2012-03,BLUD
2012-03,BOBE
2012-03,BOH
2012-03,BR
2012-03,BRE
2012-03,BRO
2012-03,BUCY
2012-03,BWA
2012-03,BXS
2012-03,BYD
2012-03,BYI
2012-03,CAKE
2012-03,CATY
2012-03,CBB
2012-03,CBSH
2012-03,CBT
2012-03,CDNS
2012-03,CECO
2012-03,CFR
2012-03,CHD
2012-03,CHS
2012-03,CIEN
2012-03,CLGX
2012-03,CLH
2012-03,CLI
2012-03,CMC
2012-03,CMG
2012-03,CMP
2012-03,CNL
2012-03,CNQR
2012-03,CNW
2012-03,CPO
2012-03,CPRT
2012-03,CPT
2012-03,CR
2012-03,CREE
2012-03,CRK
2012-03,CRL
2012-03,CRS
2012-03,CSL
2012-03,CUZ
2012-03,CVD
2012-03,CVG
2012-03,CXW
2012-03,CYH
2012-03,CYN
2012-03,CYT
2012-03,DBD
2012-03,DCI
2012-03,DECK
2012-03,DKS
2012-03,DLTR
2012-03,DLX
2012-03,DPL
2012-03,DRE
2012-03,DRIV
2012-03,DRQ
2012-03,DST
2012-03,DWA
2012-03,DYN
2012-03,EAT
2012-03,EGN
2012-03,EK
2012-03,ENDP
2012-03,ENR
2012-03,EQIX
2012-03,EQY
2012-03,ESI
2012-03,ESS
2012-03,EV
2012-03,EW
2012-03,EWBC
2012-03,EXBD
2012-03,EXH
2012-03,FAF
2012-03,FCN
2012-03,FCS
2012-03,FDS
2012-03,FICO
2012-03,FL
2012-03,FLO
2012-03,FMER
2012-03,FNF
2012-03,FNFG
2012-03,FOSL
2012-03,FRT
2012-03,FST
2012-03,FTO
2012-03,FULT
2012-03,GDI
2012-03,GEF
2012-03,GES
2012-03,GGG
2012-03,GHL
2012-03,GMCR
2012-03,GMT
2012-03,GNTX
2012-03,GPN
2012-03,GPRO
2012-03,GVA
2012-03,GXP
2012-03,HANS
2012-03,HBI
2012-03,HCC
2012-03,HE
2012-03,HHS
2012-03,HIW
2012-03,HLX
2012-03,HMA
2012-03,HNI
2012-03,HNT
2012-03,HOLX
2012-03,HPT
2012-03,HRC
2012-03,HSC
2012-03,HSIC
2012-03,HUBB
2012-03,IBOC
2012-03,IDA
2012-03,IDTI
2012-03,IDXX
2012-03,IEX
2012-03,IM
2012-03,INFA
2012-03,IPI
2012-03,IRF
2012-03,ISCA
2012-03,ISIL
2012-03,IT
2012-03,ITRI
2012-03,JBHT
2012-03,JBLU
2012-03,JCG
2012-03,JEF
2012-03,JKHY
2012-03,JLL
2012-03,JOYG
2012-03,JWA
2012-03,KBH
2012-03,KBR
2012-03,KCI
2012-03,KEX
2012-03,KFY
2012-03,KMT
2012-03,KND
2012-03,KSU
2012-03,KWK
2012-03,LAMR
2012-03,LANC
2012-03,LECO
2012-03,LII
2012-03,LKQX
2012-03,LNCR
2012-03,LNT
2012-03,LPNT
2012-03,LPS
2012-03,LPX
2012-03,LRCX
2012-03,LRY
2012-03,LSTR
2012-03,LTM
2012-03,LZ
2012-03,MAC
2012-03,MAN
2012-03,MANT
2012-03,MASI
2012-03,MATW
2012-03,MCRS
2012-03,MCY
2012-03,MD
2012-03,MDC
2012-03,MDRX
2012-03,MDU
2012-03,MENT
2012-03,MHK
2012-03,MLHR
2012-03,MLM
2012-03,MRX
2012-03,MSA
2012-03,MSCI
2012-03,MSM
2012-03,MTD
2012-03,MTX
2012-03,NAL
2012-03,NATI
2012-03,NCI
2012-03,NCR
2012-03,NDN
2012-03,NDSN
2012-03,NEU
2012-03,NFG
2012-03,NHP
2012-03,NSR
2012-03,NST
2012-03,NVE
2012-03,NVR
2012-03,NYB
2012-03,NYT
2012-03,O
2012-03,OCR
2012-03,ODP
2012-03,OFC
2012-03,OGE
2012-03,OHI
2012-03,OII
2012-03,OLN
2012-03,OMI
2012-03,ORI
2012-03,OSG
2012-03,OSK
2012-03,PACW
2012-03,PCH
2012-03,PCX
2012-03,PDE
2012-03,PETM
2012-03,PII
2012-03,PKG
2012-03,PL
2012-03,PLCM
2012-03,PLT
2012-03,PMTC
2012-03,PNM
2012-03,PNR
2012-03,PNRA
2012-03,PPDI
2012-03,PRGO
2012-03,PRSP
2012-03,PSS
2012-03,PTEN
2012-03,PVH
2012-03,PXP
2012-03,QLGC
2012-03,QSFT
2012-03,RAH
2012-03,RAX
2012-03,RBC
2012-03,RCII
2012-03,RDK
2012-03,RE
2012-03,REG
2012-03,RFMD
2012-03,RGA
2012-03,RGS
2012-03,RJF
2012-03,RKT
2012-03,RMD
2012-03,ROL
2012-03,ROVI
2012-03,RPM
2012-03,RS
2012-03,RVBD
2012-03,RYL
2012-03,RYN
2012-03,SCHL
2012-03,SCI
2012-03,SEIC
2012-03,SFD
2012-03,SFG
2012-03,SGMS
2012-03,SHAW
2012-03,SIVB
2012-03,SKS
2012-03,SLAB
2012-03,SLG
2012-03,SLGN
2012-03,SLH
2012-03,SM
2012-03,SMG
2012-03,SMTC
2012-03,SNH
2012-03,SNPS
2012-03,SNV
2012-03,SON
2012-03,SPN
2012-03,SPW
2012-03,SRX
2012-03,STE
2012-03,STLD
2012-03,STR
2012-03,STRA
2012-03,SUG
2012-03,SWKS
2012-03,SXT
2012-03,TBL
2012-03,TCB
2012-03,TCO
2012-03,TDS
2012-03,TDW
2012-03,TECD
2012-03,TECH
2012-03,TEX
2012-03,TFX
2012-03,THG
2012-03,THO
2012-03,THOR
2012-03,TIBX
2012-03,TIN
2012-03,TKR
2012-03,TNB
2012-03,TOL
2012-03,TR
2012-03,TRH
2012-03,TRMB
2012-03,TRMK
2012-03,TRN
2012-03,TSCO
2012-03,TUP
2012-03,TW
2012-03,TWTC
2012-03,UA
2012-03,UDR
2012-03,UGI
2012-03,UHS
2012-03,UNT
2012-03,URI
2012-03,URS
2012-03,UTHR
2012-03,UTR
2012-03,UVV
2012-03,VAL
2012-03,VCLK
2012-03,VLY
2012-03,VMI
2012-03,VRTX
2012-03,VSH
2012-03,VVC
2012-03,WAB
2012-03,WABC
2012-03,WBS
2012-03,WCG
2012-03,WCN
2012-03,WDR
2012-03,WEN
2012-03,WERN
2012-03,WFSL
2012-03,WGL
2012-03,WGOV
2012-03,WMS
2012-03,WOOF
2012-03,WOR
2012-03,WR
2012-03,WRB
2012-03,WRC
2012-03,WRI
2012-03,WSM
2012-03,WSO
2012-03,WTR
2012-03,XEC
2012-03,ZBRA
2012-04,AAI
2012-04,AAN
2012-04,AAP
2012-04,ACI
2012-04,ACIW
2012-04,ACM
2012-04,ACV
2012-04,ACXM
2012-04,ADS
2012-04,ADTN
2012-04,ADVS
2012-04,AEO
2012-04,AF
2012-04,AFG
2012-04,AGCO
2012-04,AGL
2012-04,AINV
2012-04,AJG
2012-04,ALB
2012-04,ALEX
2012-04,ALK
2012-04,AM
2012-04,AMB
2012-04,AME
2012-04,AMG
2012-04,ANN
2012-04,ANSS
2012-04,AOL
2012-04,ARE
2012-04,ARO
2012-04,ARW
2012-04,ASBC
2012-04,ASH
2012-04,ASNA
2012-04,ATK
2012-04,ATML
2012-04,ATO
2012-04,ATR
2012-04,ATW
2012-04,AVT
2012-04,AYI
2012-04,BBG
2012-04,BCO
2012-04,BEAV
2012-04,BEC
2012-04,BEZ
2012-04,BID
2012-04,BIO
2012-04,BJ
2012-04,BKH
2012-04,BKS
2012-04,BLUD
2012-04,BOBE
2012-04,BOH
2012-04,BR
2012-04,BRE
2012-04,BRO
2012-04,BUCY
2012-04,BWA
2012-04,BXS
2012-04,BYD
2012-04,BYI
2012-04,CAKE
2012-04,CATY
2012-04,CBB
2012-04,CBSH
2012-04,CBT
2012-04,CDNS
2012-04,CECO
2012-04,CFR
2012-04,CHD
2012-04,CHS
2012-04,CIEN
2012-04,CLGX
2012-04,CLH
2012-04,CLI
2012-04,CMC
2012-04,CMG
2012-04,CMP
2012-04,CNL
2012-04,CNQR
2012-04,CNW
2012-04,CPO
2012-04,CPRT
2012-04,CPT
2012-04,CR
2012-04,CREE
2012-04,CRK
2012-04,CRL
2012-04,CRS
2012-04,CSL
2012-04,CUZ
2012-04,CVD
2012-04,CVG
2012-04,CXW
2012-04,CYH
2012-04,CYN
2012-04,CYT
2012-04,DBD
2012-04,DCI
2012-04,DECK
2012-04,DKS
2012-04,DLTR
2012-04,DLX
2012-04,DPL
2012-04,DRE
2012-04,DRIV
2012-04,DRQ
2012-04,DST
2012-04,DWA
2012-04,DYN
2012-04,EAT
2012-04,EGN
2012-04,EK
2012-04,ENDP
2012-04,ENR
2012-04,EQIX
2012-04,EQY
2012-04,ESI
2012-04,ESS
2012-04,EV
2012-04,EW
2012-04,EWBC
2012-04,EXBD
2012-04,EXH
2012-04,FAF
2012-04,FCN
2012-04,FCS
2012-04,FDS
2012-04,FICO
2012-04,FL
2012-04,FLO
2012-04,FMER
2012-04,FNF
2012-04,FNFG
2012-04,FOSL
2012-04,FRT
2012-04,FST
2012-04,FTO
2012-04,FULT
2012-04,GDI
2012-04,GEF
2012-04,GES
2012-04,GGG
2012-04,GHL
2012-04,GMCR
2012-04,GMT
2012-04,GNTX
2012-04,GPN
2012-04,GPRO
2012-04,GVA
2012-04,GXP
2012-04,HANS
2012-04,HBI
2012-04,HCC
2012-04,HE
2012-04,HHS
2012-04,HIW
2012-04,HLX
2012-04,HMA
2012-04,HNI
2012-04,HNT
2012-04,HOLX
2012-04,HPT
2012-04,HRC
2012-04,HSC
2012-04,HSIC
2012-04,HUBB
2012-04,IBOC
2012-04,IDA
2012-04,IDTI
2012-04,IDXX
2012-04,IEX
2012-04,IM
2012-04,INFA
2012-04,IPI
2012-04,IRF
2012-04,ISCA
2012-04,ISIL
2012-04,IT
2012-04,ITRI
2012-04,JBHT
2012-04,JBLU
2012-04,JCG
2012-04,JEF
2012-04,JKHY
2012-04,JLL
2012-04,JOYG
2012-04,JWA
2012-04,KBH
2012-04,KBR
2012-04,KCI
2012-04,KEX
2012-04,KFY
2012-04,KMT
2012-04,KND
2012-04,KSU
2012-04,KWK
2012-04,LAMR
2012-04,LANC
2012-04,LECO
2012-04,LII
2012-04,LKQX
2012-04,LNCR
2012-04,LNT
2012-04,LPNT
2012-04,LPS
2012-04,LPX
2012-04,LRCX
2012-04,LRY
2012-04,LSTR
2012-04,LTM
2012-04,LZ
2012-04,MAC
2012-04,MAN
2012-04,MANT
2012-04,MASI
2012-04,MATW
2012-04,MCRS
2012-04,MCY
2012-04,MD
2012-04,MDC
2012-04,MDRX
2012-04,MDU
2012-04,MENT
2012-04,MHK
2012-04,MLHR
2012-04,MLM
2012-04,MRX
2012-04,MSA
2012-04,MSCI
2012-04,MSM
2012-04,MTD
2012-04,MTX
2012-04,NAL
2012-04,NATI
2012-04,NCI
2012-04,NCR
2012-04,NDN
2012-04,NDSN
2012-04,NEU
2012-04,NFG
2012-04,NHP
2012-04,NSR
2012-04,NST
2012-04,NVE
2012-04,NVR
2012-04,NYB
2012-04,NYT
2012-04,O
2012-04,OCR
2012-04,ODP
2012-04,OFC
2012-04,OGE
2012-04,OHI
2012-04,OII
2012-04,OLN
2012-04,OMI
2012-04,ORI
2012-04,OSG
2012-04,OSK
2012-04,PACW
2012-04,PCH
2012-04,PCX
2012-04,PDE
2012-04,PETM
2012-04,PII
2012-04,PKG
2012-04,PL
2012-04,PLCM
2012-04,PLT
2012-04,PMTC
2012-04,PNM
2012-04,PNR
2012-04,PNRA
2012-04,PPDI
2012-04,PRGO
2012-04,PRSP
2012-04,PSS
2012-04,PTEN
2012-04,PVH
2012-04,PXP
2012-04,QLGC
2012-04,QSFT
2012-04,RAH
2012-04,RAX
2012-04,RBC
2012-04,RCII
2012-04,RDK
2012-04,RE
2012-04,REG
2012-04,RFMD
2012-04,RGA
2012-04,RGS
2012-04,RJF
2012-04,RKT
2012-04,RMD
2012-04,ROL
2012-04,ROVI
2012-04,RPM
2012-04,RS
2012-04,RVBD
2012-04,RYL
2012-04,RYN
2012-04,SCHL
2012-04,SCI
2012-04,SEIC
2012-04,SFD
2012-04,SFG
2012-04,SGMS
2012-04,SHAW
2012-04,SIVB
2012-04,SKS
2012-04,SLAB
2012-04,SLG
2012-04,SLGN
2012-04,SLH
2012-04,SM
2012-04,SMG
2012-04,SMTC
2012-04,SNH
2012-04,SNPS
2012-04,SNV
2012-04,SON
2012-04,SPN
2012-04,SPW
2012-04,SRX
2012-04,STE
2012-04,STLD
2012-04,STR
2012-04,STRA
2012-04,SUG
2012-04,SWKS
2012-04,SXT
2012-04,TBL
2012-04,TCB
2012-04,TCO
2012-04,TDS
2012-04,TDW
2012-04,TECD
2012-04,TECH
2012-04,TEX
2012-04,TFX
2012-04,THG
2012-04,THO
2012-04,THOR
2012-04,TIBX
2012-04,TIN
2012-04,TKR
2012-04,TNB
2012-04,TOL
2012-04,TR
2012-04,TRH
2012-04,TRMB
2012-04,TRMK
2012-04,TRN
2012-04,TSCO
2012-04,TUP
2012-04,TW
2012-04,TWTC
2012-04,UA
2012-04,UDR
2012-04,UGI
2012-04,UHS
2012-04,UNT
2012-04,URI
2012-04,URS
2012-04,UTHR
2012-04,UTR
2012-04,UVV
2012-04,VAL
2012-04,VCLK
2012-04,VLY
2012-04,VMI
2012-04,VRTX
2012-04,VSH
2012-04,VVC
2012-04,WAB
2012-04,WABC
2012-04,WBS
2012-04,WCG
2012-04,WCN
2012-04,WDR
2012-04,WEN
2012-04,WERN
2012-04,WFSL
2012-04,WGL
2012-04,WGOV
2012-04,WMS
2012-04,WOOF
2012-04,WOR
2012-04,WR
2012-04,WRB
2012-04,WRC
2012-04,WRI
2012-04,WSM
2012-04,WSO
2012-04,WTR
2012-04,XEC
2012-04,ZBRA
2012-05,AAI
2012-05,AAN
2012-05,AAP
2012-05,ACI
2012-05,ACIW
2012-05,ACM
2012-05,ACV
2012-05,ACXM
2012-05,ADS
2012-05,ADTN
2012-05,ADVS
2012-05,AEO
2012-05,AF
2012-05,AFG
2012-05,AGCO
2012-05,AGL
2012-05,AINV
2012-05,AJG
2012-05,ALB
2012-05,ALEX
2012-05,ALK
2012-05,AM
2012-05,AMB
2012-05,AME
2012-05,AMG
2012-05,ANN
2012-05,ANSS
2012-05,AOL
2012-05,ARE
2012-05,ARO
2012-05,ARW
2012-05,ASBC
2012-05,ASH
2012-05,ASNA
2012-05,ATK
2012-05,ATML
2012-05,ATO
2012-05,ATR
2012-05,ATW
2012-05,AVT
2012-05,AYI
2012-05,BBG
2012-05,BCO
2012-05,BEAV
2012-05,BEC
2012-05,BEZ
2012-05,BID
2012-05,BIO
2012-05,BJ
2012-05,BKH
2012-05,BKS
2012-05,BLUD
2012-05,BOBE
2012-05,BOH
2012-05,BR
2012-05,BRE
2012-05,BRO
2012-05,BUCY
2012-05,BWA
2012-05,BXS
2012-05,BYD
2012-05,BYI
2012-05,CAKE
2012-05,CATY
2012-05,CBB
2012-05,CBSH
2012-05,CBT
2012-05,CDNS
2012-05,CECO
2012-05,CFR
2012-05,CHD
2012-05,CHS
2012-05,CIEN
2012-05,CLGX
2012-05,CLH
2012-05,CLI
2012-05,CMC
2012-05,CMG
2012-05,CMP
2012-05,CNL
2012-05,CNQR
2012-05,CNW
2012-05,CPO
2012-05,CPRT
2012-05,CPT
2012-05,CR
2012-05,CREE
2012-05,CRK
2012-05,CRL
2012-05,CRS
2012-05,CSL
2012-05,CUZ
2012-05,CVD
2012-05,CVG
2012-05,CXW
2012-05,CYH
2012-05,CYN
2012-05,CYT
2012-05,DBD
2012-05,DCI
2012-05,DECK
2012-05,DKS
2012-05,DLTR
2012-05,DLX
2012-05,DPL
2012-05,DRE
2012-05,DRIV
2012-05,DRQ
2012-05,DST
2012-05,DWA
2012-05,DYN
2012-05,EAT
2012-05,EGN
2012-05,EK
2012-05,ENDP
2012-05,ENR
2012-05,EQIX
2012-05,EQY
2012-05,ESI
2012-05,ESS
2012-05,EV
2012-05,EW
2012-05,EWBC
2012-05,EXBD
2012-05,EXH
2012-05,FAF
2012-05,FCN
2012-05,FCS
2012-05,FDS
2012-05,FICO
2012-05,FL
2012-05,FLO
2012-05,FMER
2012-05,FNF
2012-05,FNFG
2012-05,FOSL
2012-05,FRT
2012-05,FST
2012-05,FTO
2012-05,FULT
2012-05,GDI
2012-05,GEF
2012-05,GES
2012-05,GGG
2012-05,GHL
2012-05,GMCR
2012-05,GMT
2012-05,GNTX
2012-05,GPN
2012-05,GPRO
2012-05,GVA
2012-05,GXP
2012-05,HANS
2012-05,HBI
2012-05,HCC
2012-05,HE
2012-05,HHS
2012-05,HIW
2012-05,HLX
2012-05,HMA
2012-05,HNI
2012-05,HNT
2012-05,HOLX
2012-05,HPT
2012-05,HRC
2012-05,HSC
2012-05,HSIC
2012-05,HUBB
2012-05,IBOC
2012-05,IDA
2012-05,IDTI
2012-05,IDXX
2012-05,IEX
2012-05,IM
2012-05,INFA
2012-05,IPI
2012-05,IRF
2012-05,ISCA
2012-05,ISIL
2012-05,IT
2012-05,ITRI
2012-05,JBHT
2012-05,JBLU
2012-05,JCG
2012-05,JEF
2012-05,JKHY
2012-05,JLL
2012-05,JOYG
2012-05,JWA
2012-05,KBH
2012-05,KBR
2012-05,KCI
2012-05,KEX
2012-05,KFY
2012-05,KMT
2012-05,KND
2012-05,KSU
2012-05,KWK
2012-05,LAMR
2012-05,LANC
2012-05,LECO
2012-05,LII
2012-05,LKQX
2012-05,LNCR
2012-05,LNT
2012-05,LPNT
2012-05,LPS
2012-05,LPX
2012-05,LRCX
2012-05,LRY
2012-05,LSTR
2012-05,LTM
2012-05,LZ
2012-05,MAC
2012-05,MAN
2012-05,MANT
2012-05,MASI
2012-05,MATW
2012-05,MCRS
2012-05,MCY
2012-05,MD
2012-05,MDC
2012-05,MDRX
2012-05,MDU
2012-05,MENT
2012-05,MHK
2012-05,MLHR
2012-05,MLM
2012-05,MRX
2012-05,MSA
2012-05,MSCI
2012-05,MSM
2012-05,MTD
2012-05,MTX
2012-05,NAL
2012-05,NATI
2012-05,NCI
2012-05,NCR
2012-05,NDN
2012-05,NDSN
2012-05,NEU
2012-05,NFG
2012-05,NHP
2012-05,NSR
2012-05,NST
2012-05,NVE
2012-05,NVR
2012-05,NYB
2012-05,NYT
2012-05,O
2012-05,OCR
2012-05,ODP
2012-05,OFC
2012-05,OGE
2012-05,OHI
2012-05,OII
2012-05,OLN
2012-05,OMI
2012-05,ORI
2012-05,OSG
2012-05,OSK
2012-05,PACW
2012-05,PCH
2012-05,PCX
2012-05,PDE
2012-05,PETM
2012-05,PII
2012-05,PKG
2012-05,PL
2012-05,PLCM
2012-05,PLT
2012-05,PMTC
2012-05,PNM
2012-05,PNR
2012-05,PNRA
2012-05,PPDI
2012-05,PRGO
2012-05,PRSP
2012-05,PSS
2012-05,PTEN
2012-05,PVH
2012-05,PXP
2012-05,QLGC
2012-05,QSFT
2012-05,RAH
2012-05,RAX
2012-05,RBC
2012-05,RCII
2012-05,RDK
2012-05,RE
2012-05,REG
2012-05,RFMD
2012-05,RGA
2012-05,RGS
2012-05,RJF
2012-05,RKT
2012-05,RMD
2012-05,ROL
2012-05,ROVI
2012-05,RPM
2012-05,RS
2012-05,RVBD
2012-05,RYL
2012-05,RYN
2012-05,SCHL
2012-05,SCI
2012-05,SEIC
2012-05,SFD
2012-05,SFG
2012-05,SGMS
2012-05,SHAW
2012-05,SIVB
2012-05,SKS
2012-05,SLAB
2012-05,SLG
2012-05,SLGN
2012-05,SLH
2012-05,SM
2012-05,SMG
2012-05,SMTC
2012-05,SNH
2012-05,SNPS
2012-05,SNV
2012-05,SON
2012-05,SPN
2012-05,SPW
2012-05,SRX
2012-05,STE
2012-05,STLD
2012-05,STR
2012-05,STRA
2012-05,SUG
2012-05,SWKS
2012-05,SXT
2012-05,TBL
2012-05,TCB
2012-05,TCO
2012-05,TDS
2012-05,TDW
2012-05,TECD
2012-05,TECH
2012-05,TEX
2012-05,TFX
2012-05,THG
2012-05,THO
2012-05,THOR
2012-05,TIBX
2012-05,TIN
2012-05,TKR
2012-05,TNB
2012-05,TOL
2012-05,TR
2012-05,TRH
2012-05,TRMB
2012-05,TRMK
2012-05,TRN
2012-05,TSCO
2012-05,TUP
2012-05,TW
2012-05,TWTC
2012-05,UA
2012-05,UDR
2012-05,UGI
2012-05,UHS
2012-05,UNT
2012-05,URI
2012-05,URS
2012-05,UTHR
2012-05,UTR
2012-05,UVV
2012-05,VAL
2012-05,VCLK
2012-05,VLY
2012-05,VMI
2012-05,VRTX
2012-05,VSH
2012-05,VVC
2012-05,WAB
2012-05,WABC
2012-05,WBS
2012-05,WCG
2012-05,WCN
2012-05,WDR
2012-05,WEN
2012-05,WERN
2012-05,WFSL
2012-05,WGL
2012-05,WGOV
2012-05,WMS
2012-05,WOOF
2012-05,WOR
2012-05,WR
2012-05,WRB
2012-05,WRC
2012-05,WRI
2012-05,WSM
2012-05,WSO
2012-05,WTR
2012-05,XEC
2012-05,ZBRA
2012-06,AAI
2012-06,AAN
2012-06,AAP
2012-06,ACI
2012-06,ACIW
2012-06,ACM
2012-06,ACV
2012-06,ACXM
2012-06,ADS
2012-06,ADTN
2012-06,ADVS
2012-06,AEO
2012-06,AF
2012-06,AFG
2012-06,AGCO
2012-06,AGL
2012-06,AINV
2012-06,AJG
2012-06,ALB
2012-06,ALEX
2012-06,ALK
2012-06,AM
2012-06,AMB
2012-06,AME
2012-06,AMG
2012-06,ANN
2012-06,ANSS
2012-06,AOL
2012-06,ARE
2012-06,ARO
2012-06,ARW
2012-06,ASBC
2012-06,ASH
2012-06,ASNA
2012-06,ATK
2012-06,ATML
2012-06,ATO
2012-06,ATR
2012-06,ATW
2012-06,AVT
2012-06,AYI
2012-06,BBG
2012-06,BCO
2012-06,BEAV
2012-06,BEC
2012-06,BEZ
2012-06,BID
2012-06,BIO
2012-06,BJ
2012-06,BKH
2012-06,BKS
2012-06,BLUD
2012-06,BOBE
2012-06,BOH
2012-06,BR
2012-06,BRE
2012-06,BRO
2012-06,BUCY
2012-06,BWA
2012-06,BXS
2012-06,BYD
2012-06,BYI
2012-06,CAKE
2012-06,CATY
2012-06,CBB
2012-06,CBSH
2012-06,CBT
2012-06,CDNS
2012-06,CECO
2012-06,CFR
2012-06,CHD
2012-06,CHS
2012-06,CIEN
2012-06,CLGX
2012-06,CLH
2012-06,CLI
2012-06,CMC
2012-06,CMG
2012-06,CMP
2012-06,CNL
2012-06,CNQR
2012-06,CNW
2012-06,CPO
2012-06,CPRT
2012-06,CPT
2012-06,CR
2012-06,CREE
2012-06,CRK
2012-06,CRL
2012-06,CRS
2012-06,CSL
2012-06,CUZ
2012-06,CVD
2012-06,CVG
2012-06,CXW
2012-06,CYH
2012-06,CYN
2012-06,CYT
2012-06,DBD
2012-06,DCI
2012-06,DECK
2012-06,DKS
2012-06,DLTR
2012-06,DLX
2012-06,DPL
2012-06,DRE
2012-06,DRIV
2012-06,DRQ
2012-06,DST
2012-06,DWA
2012-06,DYN
2012-06,EAT
2012-06,EGN
2012-06,EK
2012-06,ENDP
2012-06,ENR
2012-06,EQIX
2012-06,EQY
2012-06,ESI
2012-06,ESS
2012-06,EV
2012-06,EW
2012-06,EWBC
2012-06,EXBD
2012-06,EXH
2012-06,FAF
2012-06,FCN
2012-06,FCS
2012-06,FDS
2012-06,FICO
2012-06,FL
2012-06,FLO
2012-06,FMER
2012-06,FNF
2012-06,FNFG
2012-06,FOSL
2012-06,FRT
2012-06,FST
2012-06,FTO
2012-06,FULT
2012-06,GDI
2012-06,GEF
2012-06,GES
2012-06,GGG
2012-06,GHL
2012-06,GMCR
2012-06,GMT
2012-06,GNTX
2012-06,GPN
2012-06,GPRO
2012-06,GVA
2012-06,GXP
2012-06,HANS
2012-06,HBI
2012-06,HCC
2012-06,HE
2012-06,HHS
2012-06,HIW
2012-06,HLX
2012-06,HMA
2012-06,HNI
2012-06,HNT
2012-06,HOLX
2012-06,HPT
2012-06,HRC
2012-06,HSC
2012-06,HSIC
2012-06,HUBB
2012-06,IBOC
2012-06,IDA
2012-06,IDTI
2012-06,IDXX
2012-06,IEX
2012-06,IM
2012-06,INFA
2012-06,IPI
2012-06,IRF
2012-06,ISCA
2012-06,ISIL
2012-06,IT
2012-06,ITRI
2012-06,JBHT
2012-06,JBLU
2012-06,JCG
2012-06,JEF
2012-06,JKHY
2012-06,JLL
2012-06,JOYG
2012-06,JWA
2012-06,KBH
2012-06,KBR
2012-06,KCI
2012-06,KEX
2012-06,KFY
2012-06,KMT
2012-06,KND
2012-06,KSU
2012-06,KWK
2012-06,LAMR
2012-06,LANC
2012-06,LECO
2012-06,LII
2012-06,LKQX
2012-06,LNCR
2012-06,LNT
2012-06,LPNT
2012-06,LPS
2012-06,LPX
2012-06,LRCX
2012-06,LRY
2012-06,LSTR
2012-06,LTM
2012-06,LZ
2012-06,MAC
2012-06,MAN
2012-06,MANT
2012-06,MASI
2012-06,MATW
2012-06,MCRS
2012-06,MCY
2012-06,MD
2012-06,MDC
2012-06,MDRX
2012-06,MDU
2012-06,MENT
2012-06,MHK
2012-06,MLHR
2012-06,MLM
2012-06,MRX
2012-06,MSA
2012-06,MSCI
2012-06,MSM
2012-06,MTD
2012-06,MTX
2012-06,NAL
2012-06,NATI
2012-06,NCI
2012-06,NCR
2012-06,NDN
2012-06,NDSN
2012-06,NEU
2012-06,NFG
2012-06,NHP
2012-06,NSR
2012-06,NST
2012-06,NVE
2012-06,NVR
2012-06,NYB
2012-06,NYT
2012-06,O
2012-06,OCR
2012-06,ODP
2012-06,OFC
2012-06,OGE
2012-06,OHI
2012-06,OII
2012-06,OLN
2012-06,OMI
2012-06,ORI
2012-06,OSG
2012-06,OSK
2012-06,PACW
2012-06,PCH
2012-06,PCX
2012-06,PDE
2012-06,PETM
2012-06,PII
2012-06,PKG
2012-06,PL
2012-06,PLCM
2012-06,PLT
2012-06,PMTC
2012-06,PNM
2012-06,PNR
2012-06,PNRA
2012-06,PPDI
2012-06,PRGO
2012-06,PRSP
2012-06,PSS
2012-06,PTEN
2012-06,PVH
2012-06,PXP
2012-06,QLGC
2012-06,QSFT
2012-06,RAH
2012-06,RAX
2012-06,RBC
2012-06,RCII
2012-06,RDK
2012-06,RE
2012-06,REG
2012-06,RFMD
2012-06,RGA
2012-06,RGS
2012-06,RJF
2012-06,RKT
2012-06,RMD
2012-06,ROL
2012-06,ROVI
2012-06,RPM
2012-06,RS
2012-06,RVBD
2012-06,RYL
2012-06,RYN
2012-06,SCHL
2012-06,SCI
2012-06,SEIC
2012-06,SFD
2012-06,SFG
2012-06,SGMS
2012-06,SHAW
2012-06,SIVB
2012-06,SKS
2012-06,SLAB
2012-06,SLG
2012-06,SLGN
2012-06,SLH
2012-06,SM
2012-06,SMG
2012-06,SMTC
2012-06,SNH
2012-06,SNPS
2012-06,SNV
2012-06,SON
2012-06,SPN
2012-06,SPW
2012-06,SRX
2012-06,STE
2012-06,STLD
2012-06,STR
2012-06,STRA
2012-06,SUG
2012-06,SWKS
2012-06,SXT
2012-06,TBL
2012-06,TCB
2012-06,TCO
2012-06,TDS
2012-06,TDW
2012-06,TECD
2012-06,TECH
2012-06,TEX
2012-06,TFX
2012-06,THG
2012-06,THO
2012-06,THOR
2012-06,TIBX
2012-06,TIN
2012-06,TKR
2012-06,TNB
2012-06,TOL
2012-06,TR
2012-06,TRH
2012-06,TRMB
2012-06,TRMK
2012-06,TRN
2012-06,TSCO
2012-06,TUP
2012-06,TW
2012-06,TWTC
2012-06,UA
2012-06,UDR
2012-06,UGI
2012-06,UHS
2012-06,UNT
2012-06,URI
2012-06,URS
2012-06,UTHR
2012-06,UTR
2012-06,UVV
2012-06,VAL
2012-06,VCLK
2012-06,VLY
2012-06,VMI
2012-06,VRTX
2012-06,VSH
2012-06,VVC
2012-06,WAB
2012-06,WABC
2012-06,WBS
2012-06,WCG
2012-06,WCN
2012-06,WDR
2012-06,WEN
2012-06,WERN
2012-06,WFSL
2012-06,WGL
2012-06,WGOV
2012-06,WMS
2012-06,WOOF
2012-06,WOR
2012-06,WR
2012-06,WRB
2012-06,WRC
2012-06,WRI
2012-06,WSM
2012-06,WSO
2012-06,WTR
2012-06,XEC
2012-06,ZBRA
2012-07,AAI
2012-07,AAN
2012-07,AAP
2012-07,ACI
2012-07,ACIW
2012-07,ACM
2012-07,ACV
2012-07,ACXM
2012-07,ADS
2012-07,ADTN
2012-07,ADVS
2012-07,AEO
2012-07,AF
2012-07,AFG
2012-07,AGCO
2012-07,AGL
2012-07,AINV
2012-07,AJG
2012-07,ALB
2012-07,ALEX
2012-07,ALK
2012-07,AM
2012-07,AMB
2012-07,AME
2012-07,AMG
2012-07,ANN
2012-07,ANSS
2012-07,AOL
2012-07,ARE
2012-07,ARO
2012-07,ARW
2012-07,ASBC
2012-07,ASH
2012-07,ASNA
2012-07,ATK
2012-07,ATML
2012-07,ATO
2012-07,ATR
2012-07,ATW
2012-07,AVT
2012-07,AYI
2012-07,BBG
2012-07,BCO
2012-07,BEAV
2012-07,BEC
2012-07,BEZ
2012-07,BID
2012-07,BIO
2012-07,BJ
2012-07,BKH
2012-07,BKS
2012-07,BLUD
2012-07,BOBE
2012-07,BOH
2012-07,BR
2012-07,BRE
2012-07,BRO
2012-07,BUCY
2012-07,BWA
2012-07,BXS
2012-07,BYD
2012-07,BYI
2012-07,CAKE
2012-07,CATY
2012-07,CBB
2012-07,CBSH
2012-07,CBT
2012-07,CDNS
2012-07,CECO
2012-07,CFR
2012-07,CHD
2012-07,CHS
2012-07,CIEN
2012-07,CLGX
2012-07,CLH
2012-07,CLI
2012-07,CMC
2012-07,CMG
2012-07,CMP
2012-07,CNL
2012-07,CNQR
2012-07,CNW
2012-07,CPO
2012-07,CPRT
2012-07,CPT
2012-07,CR
2012-07,CREE
2012-07,CRK
2012-07,CRL
2012-07,CRS
2012-07,CSL
2012-07,CUZ
2012-07,CVD
2012-07,CVG
2012-07,CXW
2012-07,CYH
2012-07,CYN
2012-07,CYT
2012-07,DBD
2012-07,DCI
2012-07,DECK
2012-07,DKS
2012-07,DLTR
2012-07,DLX
2012-07,DPL
2012-07,DRE
2012-07,DRIV
2012-07,DRQ
2012-07,DST
2012-07,DWA
2012-07,DYN
2012-07,EAT
2012-07,EGN
2012-07,EK
2012-07,ENDP
2012-07,ENR
2012-07,EQIX
2012-07,EQY
2012-07,ESI
2012-07,ESS
2012-07,EV
2012-07,EW
2012-07,EWBC
2012-07,EXBD
2012-07,EXH
2012-07,FAF
2012-07,FCN
2012-07,FCS
2012-07,FDS
2012-07,FICO
2012-07,FL
2012-07,FLO
2012-07,FMER
2012-07,FNF
2012-07,FNFG
2012-07,FOSL
2012-07,FRT
2012-07,FST
2012-07,FTO
2012-07,FULT
2012-07,GDI
2012-07,GEF
2012-07,GES
2012-07,GGG
2012-07,GHL
2012-07,GMCR
2012-07,GMT
2012-07,GNTX
2012-07,GPN
2012-07,GPRO
2012-07,GVA
2012-07,GXP
2012-07,HANS
2012-07,HBI
2012-07,HCC
2012-07,HE
2012-07,HHS
2012-07,HIW
2012-07,HLX
2012-07,HMA
2012-07,HNI
2012-07,HNT
2012-07,HOLX
2012-07,HPT
2012-07,HRC
2012-07,HSC
2012-07,HSIC
2012-07,HUBB
2012-07,IBOC
2012-07,IDA
2012-07,IDTI
2012-07,IDXX
2012-07,IEX
2012-07,IM
2012-07,INFA
2012-07,IPI
2012-07,IRF
2012-07,ISCA
2012-07,ISIL
2012-07,IT
2012-07,ITRI
2012-07,JBHT
2012-07,JBLU
2012-07,JCG
2012-07,JEF
2012-07,JKHY
2012-07,JLL
2012-07,JOYG
2012-07,JWA
2012-07,KBH
2012-07,KBR
2012-07,KCI
2012-07,KEX
2012-07,KFY
2012-07,KMT
2012-07,KND
2012-07,KSU
2012-07,KWK
2012-07,LAMR
2012-07,LANC
2012-07,LECO
2012-07,LII
2012-07,LKQX
2012-07,LNCR
2012-07,LNT
2012-07,LPNT
2012-07,LPS
2012-07,LPX
2012-07,LRCX
2012-07,LRY
2012-07,LSTR
2012-07,LTM
2012-07,LZ
2012-07,MAC
2012-07,MAN
2012-07,MANT
2012-07,MASI
2012-07,MATW
2012-07,MCRS
2012-07,MCY
2012-07,MD
2012-07,MDC
2012-07,MDRX
2012-07,MDU
2012-07,MENT
2012-07,MHK
2012-07,MLHR
2012-07,MLM
2012-07,MRX
2012-07,MSA
2012-07,MSCI
2012-07,MSM
2012-07,MTD
2012-07,MTX
2012-07,NAL
2012-07,NATI
2012-07,NCI
2012-07,NCR
2012-07,NDN
2012-07,NDSN
2012-07,NEU
2012-07,NFG
2012-07,NHP
2012-07,NSR
2012-07,NST
2012-07,NVE
2012-07,NVR
2012-07,NYB
2012-07,NYT
2012-07,O
2012-07,OCR
2012-07,ODP
2012-07,OFC
2012-07,OGE
2012-07,OHI
2012-07,OII
2012-07,OLN
2012-07,OMI
2012-07,ORI
2012-07,OSG
2012-07,OSK
2012-07,PACW
2012-07,PCH
2012-07,PCX
2012-07,PDE
2012-07,PETM
2012-07,PII
2012-07,PKG
2012-07,PL
2012-07,PLCM
2012-07,PLT
2012-07,PMTC
2012-07,PNM
2012-07,PNR
2012-07,PNRA
2012-07,PPDI
2012-07,PRGO
2012-07,PRSP
2012-07,PSS
2012-07,PTEN
2012-07,PVH
2012-07,PXP
2012-07,QLGC
2012-07,QSFT
2012-07,RAH
2012-07,RAX
2012-07,RBC
2012-07,RCII
2012-07,RDK
2012-07,RE
2012-07,REG
2012-07,RFMD
2012-07,RGA
2012-07,RGS
2012-07,RJF
2012-07,RKT
2012-07,RMD
2012-07,ROL
2012-07,ROVI
2012-07,RPM
2012-07,RS
2012-07,RVBD
2012-07,RYL
2012-07,RYN
2012-07,SCHL
2012-07,SCI
2012-07,SEIC
2012-07,SFD
2012-07,SFG
2012-07,SGMS
2012-07,SHAW
2012-07,SIVB
2012-07,SKS
2012-07,SLAB
2012-07,SLG
2012-07,SLGN
2012-07,SLH
2012-07,SM
2012-07,SMG
2012-07,SMTC
2012-07,SNH
2012-07,SNPS
2012-07,SNV
2012-07,SON
2012-07,SPN
2012-07,SPW
2012-07,SRX
2012-07,STE
2012-07,STLD
2012-07,STR
2012-07,STRA
2012-07,SUG
2012-07,SWKS
2012-07,SXT
2012-07,TBL
2012-07,TCB
2012-07,TCO
2012-07,TDS
2012-07,TDW
2012-07,TECD
2012-07,TECH
2012-07,TEX
2012-07,TFX
2012-07,THG
2012-07,THO
2012-07,THOR
2012-07,TIBX
2012-07,TIN
2012-07,TKR
2012-07,TNB
2012-07,TOL
2012-07,TR
2012-07,TRH
2012-07,TRMB
2012-07,TRMK
2012-07,TRN
2012-07,TSCO
2012-07,TUP
2012-07,TW
2012-07,TWTC
2012-07,UA
2012-07,UDR
2012-07,UGI
2012-07,UHS
2012-07,UNT
2012-07,URI
2012-07,URS
2012-07,UTHR
2012-07,UTR
2012-07,UVV
2012-07,VAL
2012-07,VCLK
2012-07,VLY
2012-07,VMI
2012-07,VRTX
2012-07,VSH
2012-07,VVC
2012-07,WAB
2012-07,WABC
2012-07,WBS
2012-07,WCG
2012-07,WCN
2012-07,WDR
2012-07,WEN
2012-07,WERN
2012-07,WFSL
2012-07,WGL
2012-07,WGOV
2012-07,WMS
2012-07,WOOF
2012-07,WOR
2012-07,WR
2012-07,WRB
2012-07,WRC
2012-07,WRI
2012-07,WSM
2012-07,WSO
2012-07,WTR
2012-07,XEC
2012-07,ZBRA
2012-08,AAI
2012-08,AAN
2012-08,AAP
2012-08,ACI
2012-08,ACIW
2012-08,ACM
2012-08,ACV
2012-08,ACXM
2012-08,ADS
2012-08,ADTN
2012-08,ADVS
2012-08,AEO
2012-08,AF
2012-08,AFG
2012-08,AGCO
2012-08,AGL
2012-08,AINV
2012-08,AJG
2012-08,ALB
2012-08,ALEX
2012-08,ALK
2012-08,AM
2012-08,AMB
2012-08,AME
2012-08,AMG
2012-08,ANN
2012-08,ANSS
2012-08,AOL
2012-08,ARE
2012-08,ARO
2012-08,ARW
2012-08,ASBC
2012-08,ASH
2012-08,ASNA
2012-08,ATK
2012-08,ATML
2012-08,ATO
2012-08,ATR
2012-08,ATW
2012-08,AVT
2012-08,AYI
2012-08,BBG
2012-08,BCO
2012-08,BEAV
2012-08,BEC
2012-08,BEZ
2012-08,BID
2012-08,BIO
2012-08,BJ
2012-08,BKH
2012-08,BKS
2012-08,BLUD
2012-08,BOBE
2012-08,BOH
2012-08,BR
2012-08,BRE
2012-08,BRO
2012-08,BUCY
2012-08,BWA
2012-08,BXS
2012-08,BYD
2012-08,BYI
2012-08,CAKE
2012-08,CATY
2012-08,CBB
2012-08,CBSH
2012-08,CBT
2012-08,CDNS
2012-08,CECO
2012-08,CFR
2012-08,CHD
2012-08,CHS
2012-08,CIEN
2012-08,CLGX
2012-08,CLH
2012-08,CLI
2012-08,CMC
2012-08,CMG
2012-08,CMP
2012-08,CNL
2012-08,CNQR
2012-08,CNW
2012-08,CPO
2012-08,CPRT
2012-08,CPT
2012-08,CR
2012-08,CREE
2012-08,CRK
2012-08,CRL
2012-08,CRS
2012-08,CSL
2012-08,CUZ
2012-08,CVD
2012-08,CVG
2012-08,CXW
2012-08,CYH
2012-08,CYN
2012-08,CYT
2012-08,DBD
2012-08,DCI
2012-08,DECK
2012-08,DKS
2012-08,DLTR
2012-08,DLX
2012-08,DPL
2012-08,DRE
2012-08,DRIV
2012-08,DRQ
2012-08,DST
2012-08,DWA
2012-08,DYN
2012-08,EAT
2012-08,EGN
2012-08,EK
2012-08,ENDP
2012-08,ENR
2012-08,EQIX
2012-08,EQY
2012-08,ESI
2012-08,ESS
2012-08,EV
2012-08,EW
2012-08,EWBC
2012-08,EXBD
2012-08,EXH
2012-08,FAF
2012-08,FCN
2012-08,FCS
2012-08,FDS
2012-08,FICO
2012-08,FL
2012-08,FLO
2012-08,FMER
2012-08,FNF
2012-08,FNFG
2012-08,FOSL
2012-08,FRT
2012-08,FST
2012-08,FTO
2012-08,FULT
2012-08,GDI
2012-08,GEF
2012-08,GES
2012-08,GGG
2012-08,GHL
2012-08,GMCR
2012-08,GMT
2012-08,GNTX
2012-08,GPN
2012-08,GPRO
2012-08,GVA
2012-08,GXP
2012-08,HANS
2012-08,HBI
2012-08,HCC
2012-08,HE
2012-08,HHS
2012-08,HIW
2012-08,HLX
2012-08,HMA
2012-08,HNI
2012-08,HNT
2012-08,HOLX
2012-08,HPT
2012-08,HRC
2012-08,HSC
2012-08,HSIC
2012-08,HUBB
2012-08,IBOC
2012-08,IDA
2012-08,IDTI
2012-08,IDXX
2012-08,IEX
2012-08,IM
2012-08,INFA
2012-08,IPI
2012-08,IRF
2012-08,ISCA
2012-08,ISIL
2012-08,IT
2012-08,ITRI
2012-08,JBHT
2012-08,JBLU
2012-08,JCG
2012-08,JEF
2012-08,JKHY
2012-08,JLL
2012-08,JOYG
2012-08,JWA
2012-08,KBH
2012-08,KBR
2012-08,KCI
2012-08,KEX
2012-08,KFY
2012-08,KMT
2012-08,KND
2012-08,KSU
2012-08,KWK
2012-08,LAMR
2012-08,LANC
2012-08,LECO
2012-08,LII
2012-08,LKQX
2012-08,LNCR
2012-08,LNT
2012-08,LPNT
2012-08,LPS
2012-08,LPX
2012-08,LRCX
2012-08,LRY
2012-08,LSTR
2012-08,LTM
2012-08,LZ
2012-08,MAC
2012-08,MAN
2012-08,MANT
2012-08,MASI
2012-08,MATW
2012-08,MCRS
2012-08,MCY
2012-08,MD
2012-08,MDC
2012-08,MDRX
2012-08,MDU
2012-08,MENT
2012-08,MHK
2012-08,MLHR
2012-08,MLM
2012-08,MRX
2012-08,MSA
2012-08,MSCI
2012-08,MSM
2012-08,MTD
2012-08,MTX
2012-08,NAL
2012-08,NATI
2012-08,NCI
2012-08,NCR
2012-08,NDSN
2012-08,NEU
2012-08,NFG
2012-08,NHP
2012-08,NSR
2012-08,NST
2012-08,NVE
2012-08,NVR
2012-08,NYB
2012-08,NYT
2012-08,O
2012-08,OCR
2012-08,ODP
2012-08,OFC
2012-08,OGE
2012-08,OHI
2012-08,OII
2012-08,OLN
2012-08,OMI
2012-08,ORI
2012-08,OSG
2012-08,OSK
2012-08,PACW
2012-08,PCH
2012-08,PCX
2012-08,PDE
2012-08,PETM
2012-08,PII
2012-08,PKG
2012-08,PL
2012-08,PLCM
2012-08,PLT
2012-08,PMTC
2012-08,PNM
2012-08,PNR
2012-08,PNRA
2012-08,PPDI
2012-08,PRGO
2012-08,PRSP
2012-08,PSS
2012-08,PTEN
2012-08,PVH
2012-08,PXP
2012-08,QLGC
2012-08,QSFT
2012-08,RAH
2012-08,RAX
2012-08,RBC
2012-08,RCII
2012-08,RDK
2012-08,RE
2012-08,REG
2012-08,RFMD
2012-08,RGA
2012-08,RGS
2012-08,RJF
2012-08,RKT
2012-08,RMD
2012-08,ROL
2012-08,ROVI
2012-08,RPM
2012-08,RS
2012-08,RVBD
2012-08,RYL
2012-08,RYN
2012-08,SCHL
2012-08,SCI
2012-08,SEIC
2012-08,SFD
2012-08,SFG
2012-08,SGMS
2012-08,SHAW
2012-08,SIVB
2012-08,SKS
2012-08,SLAB
2012-08,SLG
2012-08,SLGN
2012-08,SLH
2012-08,SM
2012-08,SMG
2012-08,SMTC
2012-08,SNH
2012-08,SNPS
2012-08,SNV
2012-08,SON
2012-08,SPN
2012-08,SPW
2012-08,SRX
2012-08,STE
2012-08,STLD
2012-08,STR
2012-08,STRA
2012-08,SUG
2012-08,SWKS
2012-08,SXT
2012-08,TBL
2012-08,TCB
2012-08,TCO
2012-08,TDS
2012-08,TDW
2012-08,TECD
2012-08,TECH
2012-08,TEX
2012-08,TFX
2012-08,THG
2012-08,THO
2012-08,THOR
2012-08,TIBX
2012-08,TIN
2012-08,TKR
2012-08,TNB
2012-08,TOL
2012-08,TR
2012-08,TRH
2012-08,TRMB
2012-08,TRMK
2012-08,TRN
2012-08,TSCO
2012-08,TUP
2012-08,TW
2012-08,TWTC
2012-08,UA
2012-08,UDR
2012-08,UGI
2012-08,UHS
2012-08,UNT
2012-08,URI
2012-08,URS
2012-08,UTHR
2012-08,UTR
2012-08,UVV
2012-08,VAL
2012-08,VCLK
2012-08,VLY
2012-08,VMI
2012-08,VRTX
2012-08,VSH
2012-08,VVC
2012-08,WAB
2012-08,WABC
2012-08,WBS
2012-08,WCG
2012-08,WCN
2012-08,WDR
2012-08,WEN
2012-08,WERN
2012-08,WFSL
2012-08,WGL
2012-08,WGOV
2012-08,WMS
2012-08,WOOF
2012-08,WOR
2012-08,WR
2012-08,WRB
2012-08,WRC
2012-08,WRI
2012-08,WSM
2012-08,WSO
2012-08,WTR
2012-08,XEC
2012-08,ZBRA
2012-09,AAI
2012-09,AAN
2012-09,AAP
2012-09,ACI
2012-09,ACIW
2012-09,ACM
2012-09,ACV
2012-09,ACXM
2012-09,ADS
2012-09,ADTN
2012-09,ADVS
2012-09,AEO
2012-09,AF
2012-09,AFG
2012-09,AGCO
2012-09,AGL
2012-09,AINV
2012-09,AJG
2012-09,ALB
2012-09,ALEX
2012-09,ALK
2012-09,AM
2012-09,AMB
2012-09,AME
2012-09,AMG
2012-09,ANN
2012-09,ANSS
2012-09,AOL
2012-09,ARE
2012-09,ARO
2012-09,ARW
2012-09,ASBC
2012-09,ASH
2012-09,ASNA
2012-09,ATK
2012-09,ATML
2012-09,ATO
2012-09,ATR
2012-09,ATW
2012-09,AVT
2012-09,AYI
2012-09,BBG
2012-09,BCO
2012-09,BEAV
2012-09,BEC
2012-09,BEZ
2012-09,BID
2012-09,BIO
2012-09,BJ
2012-09,BKH
2012-09,BKS
2012-09,BLUD
2012-09,BOBE
2012-09,BOH
2012-09,BR
2012-09,BRE
2012-09,BRO
2012-09,BUCY
2012-09,BWA
2012-09,BXS
2012-09,BYD
2012-09,BYI
2012-09,CAKE
2012-09,CATY
2012-09,CBB
2012-09,CBSH
2012-09,CBT
2012-09,CDNS
2012-09,CECO
2012-09,CFR
2012-09,CHD
2012-09,CHS
2012-09,CIEN
2012-09,CLGX
2012-09,CLH
2012-09,CLI
2012-09,CMC
2012-09,CMG
2012-09,CMP
2012-09,CNL
2012-09,CNQR
2012-09,CNW
2012-09,CPO
2012-09,CPRT
2012-09,CPT
2012-09,CR
2012-09,CREE
2012-09,CRK
2012-09,CRL
2012-09,CRS
2012-09,CSL
2012-09,CUZ
2012-09,CVD
2012-09,CVG
2012-09,CXW
2012-09,CYH
2012-09,CYN
2012-09,CYT
2012-09,DBD
2012-09,DCI
2012-09,DECK
2012-09,DKS
2012-09,DLTR
2012-09,DLX
2012-09,DPL
2012-09,DRE
2012-09,DRIV
2012-09,DRQ
2012-09,DST
2012-09,DWA
2012-09,DYN
2012-09,EAT
2012-09,EGN
2012-09,EK
2012-09,ENDP
2012-09,ENR
2012-09,EQIX
2012-09,EQY
2012-09,ESI
2012-09,ESS
2012-09,EV
2012-09,EW
2012-09,EWBC
2012-09,EXBD
2012-09,EXH
2012-09,FAF
2012-09,FCN
2012-09,FCS
2012-09,FDS
2012-09,FICO
2012-09,FL
2012-09,FLO
2012-09,FMER
2012-09,FNF
2012-09,FNFG
2012-09,FOSL
2012-09,FRT
2012-09,FST
2012-09,FTO
2012-09,FULT
2012-09,GDI
2012-09,GEF
2012-09,GES
2012-09,GGG
2012-09,GHL
2012-09,GMCR
2012-09,GMT
2012-09,GNTX
2012-09,GPN
2012-09,GPRO
2012-09,GVA
2012-09,GXP
2012-09,HANS
2012-09,HBI
2012-09,HCC
2012-09,HE
2012-09,HHS
2012-09,HIW
2012-09,HLX
2012-09,HMA
2012-09,HNI
2012-09,HNT
2012-09,HOLX
2012-09,HPT
2012-09,HRC
2012-09,HSC
2012-09,HSIC
2012-09,HUBB
2012-09,IBOC
2012-09,IDA
2012-09,IDTI
2012-09,IDXX
2012-09,IEX
2012-09,IM
2012-09,INFA
2012-09,IPI
2012-09,IRF
2012-09,ISCA
2012-09,ISIL
2012-09,IT
2012-09,ITRI
2012-09,JBHT
2012-09,JBLU
2012-09,JCG
2012-09,JEF
2012-09,JKHY
2012-09,JLL
2012-09,JOYG
2012-09,JWA
2012-09,KBH
2012-09,KBR
2012-09,KCI
2012-09,KEX
2012-09,KFY
2012-09,KMT
2012-09,KND
2012-09,KSU
2012-09,KWK
2012-09,LAMR
2012-09,LANC
2012-09,LECO
2012-09,LII
2012-09,LKQX
2012-09,LNCR
2012-09,LNT
2012-09,LPNT
2012-09,LPS
2012-09,LPX
2012-09,LRCX
2012-09,LRY
2012-09,LSTR
2012-09,LTM
2012-09,LZ
2012-09,MAC
2012-09,MAN
2012-09,MANT
2012-09,MASI
2012-09,MATW
2012-09,MCRS
2012-09,MCY
2012-09,MD
2012-09,MDC
2012-09,MDRX
2012-09,MDU
2012-09,MENT
2012-09,MHK
2012-09,MLHR
2012-09,MLM
2012-09,MRX
2012-09,MSA
2012-09,MSCI
2012-09,MSM
2012-09,MTD
2012-09,MTX
2012-09,NAL
2012-09,NATI
2012-09,NCI
2012-09,NCR
2012-09,NDSN
2012-09,NEU
2012-09,NFG
2012-09,NHP
2012-09,NSR
2012-09,NST
2012-09,NVE
2012-09,NVR
2012-09,NYB
2012-09,NYT
2012-09,O
2012-09,OCR
2012-09,ODP
2012-09,OFC
2012-09,OGE
2012-09,OHI
2012-09,OII
2012-09,OLN
2012-09,OMI
2012-09,ORI
2012-09,OSG
2012-09,OSK
2012-09,PACW
2012-09,PCH
2012-09,PCX
2012-09,PDE
2012-09,PETM
2012-09,PII
2012-09,PKG
2012-09,PL
2012-09,PLCM
2012-09,PLT
2012-09,PMTC
2012-09,PNM
2012-09,PNR
2012-09,PNRA
2012-09,PPDI
2012-09,PRGO
2012-09,PRSP
2012-09,PSS
2012-09,PTEN
2012-09,PVH
2012-09,PXP
2012-09,QLGC
2012-09,QSFT
2012-09,RAH
2012-09,RAX
2012-09,RBC
2012-09,RCII
2012-09,RDK
2012-09,RE
2012-09,REG
2012-09,RFMD
2012-09,RGA
2012-09,RGS
2012-09,RJF
2012-09,RKT
2012-09,RMD
2012-09,ROL
2012-09,ROVI
2012-09,RPM
2012-09,RS
2012-09,RVBD
2012-09,RYL
2012-09,RYN
2012-09,SCHL
2012-09,SCI
2012-09,SEIC
2012-09,SFD
2012-09,SFG
2012-09,SGMS
2012-09,SHAW
2012-09,SIVB
2012-09,SKS
2012-09,SLAB
2012-09,SLG
2012-09,SLGN
2012-09,SLH
2012-09,SM
2012-09,SMG
2012-09,SMTC
2012-09,SNH
2012-09,SNPS
2012-09,SNV
2012-09,SON
2012-09,SPN
2012-09,SPW
2012-09,SRX
2012-09,STE
2012-09,STLD
2012-09,STR
2012-09,STRA
2012-09,SUG
2012-09,SWKS
2012-09,SXT
2012-09,TBL
2012-09,TCB
2012-09,TCO
2012-09,TDS
2012-09,TDW
2012-09,TECD
2012-09,TECH
2012-09,TEX
2012-09,TFX
2012-09,THG
2012-09,THO
2012-09,THOR
2012-09,TIBX
2012-09,TIN
2012-09,TKR
2012-09,TNB
2012-09,TOL
2012-09,TR
2012-09,TRH
2012-09,TRMB
2012-09,TRMK
2012-09,TRN
2012-09,TSCO
2012-09,TUP
2012-09,TW
2012-09,TWTC
2012-09,UA
2012-09,UDR
2012-09,UGI
2012-09,UHS
2012-09,UNT
2012-09,URI
2012-09,URS
2012-09,UTHR
2012-09,UTR
2012-09,UVV
2012-09,VAL
2012-09,VCLK
2012-09,VLY
2012-09,VMI
2012-09,VRTX
2012-09,VSH
2012-09,VVC
2012-09,WAB
2012-09,WABC
2012-09,WBS
2012-09,WCG
2012-09,WCN
2012-09,WDR
2012-09,WEN
2012-09,WERN
2012-09,WFSL
2012-09,WGL
2012-09,WGOV
2012-09,WMS
2012-09,WOOF
2012-09,WOR
2012-09,WR
2012-09,WRB
2012-09,WRC
2012-09,WRI
2012-09,WSM
2012-09,WSO
2012-09,WTR
2012-09,XEC
2012-09,ZBRA
2012-10,AAI
2012-10,AAN
2012-10,AAP
2012-10,ACI
2012-10,ACIW
2012-10,ACM
2012-10,ACV
2012-10,ACXM
2012-10,ADS
2012-10,ADTN
2012-10,ADVS
2012-10,AEO
2012-10,AF
2012-10,AFG
2012-10,AGCO
2012-10,AGL
2012-10,AINV
2012-10,AJG
2012-10,ALB
2012-10,ALEX
2012-10,ALK
2012-10,AM
2012-10,AMB
2012-10,AME
2012-10,AMG
2012-10,ANN
2012-10,ANSS
2012-10,AOL
2012-10,ARE
2012-10,ARO
2012-10,ARW
2012-10,ASBC
2012-10,ASH
2012-10,ASNA
2012-10,ATK
2012-10,ATML
2012-10,ATO
2012-10,ATR
2012-10,ATW
2012-10,AVT
2012-10,AYI
2012-10,BBG
2012-10,BCO
2012-10,BEAV
2012-10,BEC
2012-10,BEZ
2012-10,BID
2012-10,BIO
2012-10,BJ
2012-10,BKH
2012-10,BKS
2012-10,BLUD
2012-10,BOBE
2012-10,BOH
2012-10,BR
2012-10,BRE
2012-10,BRO
2012-10,BUCY
2012-10,BWA
2012-10,BXS
2012-10,BYD
2012-10,BYI
2012-10,CAKE
2012-10,CATY
2012-10,CBB
2012-10,CBSH
2012-10,CBT
2012-10,CDNS
2012-10,CECO
2012-10,CFR
2012-10,CHD
2012-10,CHS
2012-10,CIEN
2012-10,CLGX
2012-10,CLH
2012-10,CLI
2012-10,CMC
2012-10,CMG
2012-10,CMP
2012-10,CNL
2012-10,CNQR
2012-10,CNW
2012-10,CPO
2012-10,CPRT
2012-10,CPT
2012-10,CR
2012-10,CREE
2012-10,CRK
2012-10,CRL
2012-10,CRS
2012-10,CSL
2012-10,CUZ
2012-10,CVD
2012-10,CVG
2012-10,CXW
2012-10,CYH
2012-10,CYN
2012-10,CYT
2012-10,DBD
2012-10,DCI
2012-10,DECK
2012-10,DKS
2012-10,DLTR
2012-10,DLX
2012-10,DPL
2012-10,DRE
2012-10,DRIV
2012-10,DRQ
2012-10,DST
2012-10,DWA
2012-10,DYN
2012-10,EAT
2012-10,EGN
2012-10,EK
2012-10,ENDP
2012-10,ENR
2012-10,EQIX
2012-10,EQY
2012-10,ESI
2012-10,ESS
2012-10,EV
2012-10,EW
2012-10,EWBC
2012-10,EXBD
2012-10,EXH
2012-10,FAF
2012-10,FCN
2012-10,FCS
2012-10,FDS
2012-10,FICO
2012-10,FL
2012-10,FLO
2012-10,FMER
2012-10,FNF
2012-10,FNFG
2012-10,FOSL
2012-10,FRT
2012-10,FST
2012-10,FTO
2012-10,FULT
2012-10,GDI
2012-10,GEF
2012-10,GES
2012-10,GGG
2012-10,GHL
2012-10,GMCR
2012-10,GMT
2012-10,GNTX
2012-10,GPN
2012-10,GPRO
2012-10,GVA
2012-10,GXP
2012-10,HANS
2012-10,HBI
2012-10,HCC
2012-10,HE
2012-10,HHS
2012-10,HIW
2012-10,HLX
2012-10,HMA
2012-10,HNI
2012-10,HNT
2012-10,HOLX
2012-10,HPT
2012-10,HRC
2012-10,HSC
2012-10,HSIC
2012-10,HUBB
2012-10,IBOC
2012-10,IDA
2012-10,IDTI
2012-10,IDXX
2012-10,IEX
2012-10,IM
2012-10,INFA
2012-10,IPI
2012-10,IRF
2012-10,ISCA
2012-10,ISIL
2012-10,IT
2012-10,ITRI
2012-10,JBHT
2012-10,JBLU
2012-10,JCG
2012-10,JEF
2012-10,JKHY
2012-10,JLL
2012-10,JOYG
2012-10,JWA
2012-10,KBH
2012-10,KBR
2012-10,KCI
2012-10,KEX
2012-10,KFY
2012-10,KMT
2012-10,KND
2012-10,KSU
2012-10,KWK
2012-10,LAMR
2012-10,LANC
2012-10,LECO
2012-10,LII
2012-10,LKQX
2012-10,LNCR
2012-10,LNT
2012-10,LPNT
2012-10,LPS
2012-10,LPX
2012-10,LRCX
2012-10,LRY
2012-10,LSTR
2012-10,LTM
2012-10,LZ
2012-10,MAC
2012-10,MAN
2012-10,MANT
2012-10,MASI
2012-10,MATW
2012-10,MCRS
2012-10,MCY
2012-10,MD
2012-10,MDC
2012-10,MDRX
2012-10,MDU
2012-10,MENT
2012-10,MHK
2012-10,MLHR
2012-10,MLM
2012-10,MRX
2012-10,MSA
2012-10,MSCI
2012-10,MSM
2012-10,MTD
2012-10,MTX
2012-10,NAL
2012-10,NATI
2012-10,NCI
2012-10,NCR
2012-10,NDSN
2012-10,NEU
2012-10,NFG
2012-10,NHP
2012-10,NSR
2012-10,NST
2012-10,NVE
2012-10,NVR
2012-10,NYB
2012-10,NYT
2012-10,O
2012-10,OCR
2012-10,ODP
2012-10,OFC
2012-10,OGE
2012-10,OHI
2012-10,OII
2012-10,OLN
2012-10,OMI
2012-10,ORI
2012-10,OSG
2012-10,OSK
2012-10,PACW
2012-10,PCH
2012-10,PCX
2012-10,PDE
2012-10,PETM
2012-10,PII
2012-10,PKG
2012-10,PL
2012-10,PLCM
2012-10,PLT
2012-10,PMTC
2012-10,PNM
2012-10,PNR
2012-10,PNRA
2012-10,PPDI
2012-10,PRGO
2012-10,PRSP
2012-10,PSS
2012-10,PTEN
2012-10,PVH
2012-10,PXP
2012-10,QLGC
2012-10,QSFT
2012-10,RAH
2012-10,RAX
2012-10,RBC
2012-10,RCII
2012-10,RDK
2012-10,RE
2012-10,REG
2012-10,RFMD
2012-10,RGA
2012-10,RGS
2012-10,RJF
2012-10,RKT
2012-10,RMD
2012-10,ROL
2012-10,ROVI
2012-10,RPM
2012-10,RS
2012-10,RVBD
2012-10,RYL
2012-10,RYN
2012-10,SCHL
2012-10,SCI
2012-10,SEIC
2012-10,SFD
2012-10,SFG
2012-10,SGMS
2012-10,SHAW
2012-10,SIVB
2012-10,SKS
2012-10,SLAB
2012-10,SLG
2012-10,SLGN
2012-10,SLH
2012-10,SM
2012-10,SMG
2012-10,SMTC
2012-10,SNH
2012-10,SNPS
2012-10,SNV
2012-10,SON
2012-10,SPN
2012-10,SPW
2012-10,SRX
2012-10,STE
2012-10,STLD
2012-10,STR
2012-10,STRA
2012-10,SUG
2012-10,SWKS
2012-10,SXT
2012-10,TBL
2012-10,TCB
2012-10,TCO
2012-10,TDS
2012-10,TDW
2012-10,TECD
2012-10,TECH
2012-10,TEX
2012-10,TFX
2012-10,THG
2012-10,THO
2012-10,THOR
2012-10,TIBX
2012-10,TIN
2012-10,TKR
2012-10,TNB
2012-10,TOL
2012-10,TR
2012-10,TRH
2012-10,TRMB
2012-10,TRMK
2012-10,TRN
2012-10,TSCO
2012-10,TUP
2012-10,TW
2012-10,TWTC
2012-10,UA
2012-10,UDR
2012-10,UGI
2012-10,UHS
2012-10,UNT
2012-10,URI
2012-10,URS
2012-10,UTHR
2012-10,UTR
2012-10,UVV
2012-10,VAL
2012-10,VCLK
2012-10,VLY
2012-10,VMI
2012-10,VRTX
2012-10,VSH
2012-10,VVC
2012-10,WAB
2012-10,WABC
2012-10,WBS
2012-10,WCG
2012-10,WCN
2012-10,WDR
2012-10,WEN
2012-10,WERN
2012-10,WFSL
2012-10,WGL
2012-10,WGOV
2012-10,WMS
2012-10,WOOF
2012-10,WOR
2012-10,WR
2012-10,WRB
2012-10,WRC
2012-10,WRI
2012-10,WSM
2012-10,WSO
2012-10,WTR
2012-10,XEC
2012-10,ZBRA
2012-11,AAI
2012-11,AAN
2012-11,AAP
2012-11,ACI
2012-11,ACIW
2012-11,ACM
2012-11,ACV
2012-11,ACXM
2012-11,ADS
2012-11,ADTN
2012-11,ADVS
2012-11,AEO
2012-11,AF
2012-11,AFG
2012-11,AGCO
2012-11,AGL
2012-11,AINV
2012-11,AJG
2012-11,ALB
2012-11,ALEX
2012-11,ALK
2012-11,AM
2012-11,AMB
2012-11,AME
2012-11,AMG
2012-11,ANN
2012-11,ANSS
2012-11,AOL
2012-11,ARE
2012-11,ARO
2012-11,ARW
2012-11,ASBC
2012-11,ASH
2012-11,ASNA
2012-11,ATK
2012-11,ATML
2012-11,ATO
2012-11,ATR
2012-11,ATW
2012-11,AVT
2012-11,AYI
2012-11,BBG
2012-11,BCO
2012-11,BEAV
2012-11,BEC
2012-11,BEZ
2012-11,BID
2012-11,BIO
2012-11,BJ
2012-11,BKH
2012-11,BKS
2012-11,BLUD
2012-11,BOBE
2012-11,BOH
2012-11,BR
2012-11,BRE
2012-11,BRO
2012-11,BUCY
2012-11,BWA
2012-11,BXS
2012-11,BYD
2012-11,BYI
2012-11,CAKE
2012-11,CATY
2012-11,CBB
2012-11,CBSH
2012-11,CBT
2012-11,CDNS
2012-11,CECO
2012-11,CFR
2012-11,CHD
2012-11,CHS
2012-11,CIEN
2012-11,CLGX
2012-11,CLH
2012-11,CLI
2012-11,CMC
2012-11,CMG
2012-11,CMP
2012-11,CNL
2012-11,CNQR
2012-11,CNW
2012-11,CPO
2012-11,CPRT
2012-11,CPT
2012-11,CR
2012-11,CREE
2012-11,CRK
2012-11,CRL
2012-11,CRS
2012-11,CSL
2012-11,CUZ
2012-11,CVD
2012-11,CVG
2012-11,CXW
2012-11,CYH
2012-11,CYN
2012-11,CYT
2012-11,DBD
2012-11,DCI
2012-11,DECK
2012-11,DKS
2012-11,DLTR
2012-11,DLX
2012-11,DPL
2012-11,DRE
2012-11,DRIV
2012-11,DRQ
2012-11,DST
2012-11,DWA
2012-11,DYN
2012-11,EAT
2012-11,EGN
2012-11,EK
2012-11,ENDP
2012-11,ENR
2012-11,EQIX
2012-11,EQY
2012-11,ESI
2012-11,ESS
2012-11,EV
2012-11,EW
2012-11,EWBC
2012-11,EXBD
2012-11,EXH
2012-11,FAF
2012-11,FCN
2012-11,FCS
2012-11,FDS
2012-11,FICO
2012-11,FL
2012-11,FLO
2012-11,FMER
2012-11,FNF
2012-11,FNFG
2012-11,FOSL
2012-11,FRT
2012-11,FST
2012-11,FTO
2012-11,FULT
2012-11,GDI
2012-11,GEF
2012-11,GES
2012-11,GGG
2012-11,GHL
2012-11,GMCR
2012-11,GMT
2012-11,GNTX
2012-11,GPN
2012-11,GPRO
2012-11,GVA
2012-11,GXP
2012-11,HANS
2012-11,HBI
2012-11,HCC
2012-11,HE
2012-11,HHS
2012-11,HIW
2012-11,HLX
2012-11,HMA
2012-11,HNI
2012-11,HNT
2012-11,HOLX
2012-11,HPT
2012-11,HRC
2012-11,HSC
2012-11,HSIC
2012-11,HUBB
2012-11,IBOC
2012-11,IDA
2012-11,IDTI
2012-11,IDXX
2012-11,IEX
2012-11,IM
2012-11,INFA
2012-11,IPI
2012-11,IRF
2012-11,ISCA
2012-11,ISIL
2012-11,IT
2012-11,ITRI
2012-11,JBHT
2012-11,JBLU
2012-11,JCG
2012-11,JEF
2012-11,JKHY
2012-11,JLL
2012-11,JOYG
2012-11,JWA
2012-11,KBH
2012-11,KBR
2012-11,KCI
2012-11,KEX
2012-11,KFY
2012-11,KMT
2012-11,KND
2012-11,KSU
2012-11,KWK
2012-11,LAMR
2012-11,LANC
2012-11,LECO
2012-11,LII
2012-11,LKQX
2012-11,LNCR
2012-11,LNT
2012-11,LPNT
2012-11,LPS
2012-11,LPX
2012-11,LRCX
2012-11,LRY
2012-11,LSTR
2012-11,LTM
2012-11,LZ
2012-11,MAC
2012-11,MAN
2012-11,MANT
2012-11,MASI
2012-11,MATW
2012-11,MCRS
2012-11,MCY
2012-11,MD
2012-11,MDC
2012-11,MDRX
2012-11,MDU
2012-11,MENT
2012-11,MHK
2012-11,MLHR
2012-11,MLM
2012-11,MRX
2012-11,MSA
2012-11,MSCI
2012-11,MSM
2012-11,MTD
2012-11,MTX
2012-11,NAL
2012-11,NATI
2012-11,NCI
2012-11,NCR
2012-11,NDSN
2012-11,NEU
2012-11,NFG
2012-11,NHP
2012-11,NSR
2012-11,NST
2012-11,NVE
2012-11,NVR
2012-11,NYB
2012-11,NYT
2012-11,O
2012-11,OCR
2012-11,ODP
2012-11,OFC
2012-11,OGE
2012-11,OHI
2012-11,OII
2012-11,OLN
2012-11,OMI
2012-11,ORI
2012-11,OSG
2012-11,OSK
2012-11,PACW
2012-11,PCH
2012-11,PCX
2012-11,PDE
2012-11,PETM
2012-11,PII
2012-11,PKG
2012-11,PL
2012-11,PLCM
2012-11,PLT
2012-11,PMTC
2012-11,PNM
2012-11,PNR
2012-11,PNRA
2012-11,PPDI
2012-11,PRGO
2012-11,PRSP
2012-11,PSS
2012-11,PTEN
2012-11,PVH
2012-11,PXP
2012-11,QLGC
2012-11,QSFT
2012-11,RAH
2012-11,RAX
2012-11,RBC
2012-11,RCII
2012-11,RDK
2012-11,RE
2012-11,REG
2012-11,RFMD
2012-11,RGA
2012-11,RGS
2012-11,RJF
2012-11,RKT
2012-11,RMD
2012-11,ROL
2012-11,ROVI
2012-11,RPM
2012-11,RS
2012-11,RVBD
2012-11,RYL
2012-11,RYN
2012-11,SCHL
2012-11,SCI
2012-11,SEIC
2012-11,SFD
2012-11,SFG
2012-11,SGMS
2012-11,SHAW
2012-11,SIVB
2012-11,SKS
2012-11,SLAB
2012-11,SLG
2012-11,SLGN
2012-11,SLH
2012-11,SM
2012-11,SMG
2012-11,SMTC
2012-11,SNH
2012-11,SNPS
2012-11,SNV
2012-11,SON
2012-11,SPN
2012-11,SPW
2012-11,SRX
2012-11,STE
2012-11,STLD
2012-11,STR
2012-11,STRA
2012-11,SUG
2012-11,SWKS
2012-11,SXT
2012-11,TBL
2012-11,TCB
2012-11,TCO
2012-11,TDS
2012-11,TDW
2012-11,TECD
2012-11,TECH
2012-11,TEX
2012-11,TFX
2012-11,THG
2012-11,THO
2012-11,THOR
2012-11,TIBX
2012-11,TIN
2012-11,TKR
2012-11,TNB
2012-11,TOL
2012-11,TR
2012-11,TRH
2012-11,TRMB
2012-11,TRMK
2012-11,TRN
2012-11,TSCO
2012-11,TUP
2012-11,TW
2012-11,TWTC
2012-11,UA
2012-11,UDR
2012-11,UGI
2012-11,UHS
2012-11,UNT
2012-11,URI
2012-11,URS
2012-11,UTHR
2012-11,UTR
2012-11,UVV
2012-11,VAL
2012-11,VCLK
2012-11,VLY
2012-11,VMI
2012-11,VRTX
2012-11,VSH
2012-11,VVC
2012-11,WAB
2012-11,WABC
2012-11,WBS
2012-11,WCG
2012-11,WCN
2012-11,WDR
2012-11,WEN
2012-11,WERN
2012-11,WFSL
2012-11,WGL
2012-11,WGOV
2012-11,WMS
2012-11,WOOF
2012-11,WOR
2012-11,WR
2012-11,WRB
2012-11,WRC
2012-11,WRI
2012-11,WSM
2012-11,WSO
2012-11,WTR
2012-11,XEC
2012-11,ZBRA
2012-12,AAI
2012-12,AAN
2012-12,AAP
2012-12,ACI
2012-12,ACIW
2012-12,ACM
2012-12,ACV
2012-12,ACXM
2012-12,ADS
2012-12,ADTN
2012-12,ADVS
2012-12,AEO
2012-12,AF
2012-12,AFG
2012-12,AGCO
2012-12,AGL
2012-12,AINV
2012-12,AJG
2012-12,ALB
2012-12,ALEX
2012-12,ALK
2012-12,AM
2012-12,AMB
2012-12,AME
2012-12,AMG
2012-12,ANN
2012-12,ANSS
2012-12,AOL
2012-12,ARE
2012-12,ARO
2012-12,ARW
2012-12,ASBC
2012-12,ASH
2012-12,ASNA
2012-12,ATK
2012-12,ATML
2012-12,ATO
2012-12,ATR
2012-12,ATW
2012-12,AVT
2012-12,AYI
2012-12,BBG
2012-12,BCO
2012-12,BEAV
2012-12,BEC
2012-12,BEZ
2012-12,BID
2012-12,BIO
2012-12,BJ
2012-12,BKH
2012-12,BKS
2012-12,BLUD
2012-12,BOBE
2012-12,BOH
2012-12,BR
2012-12,BRE
2012-12,BRO
2012-12,BUCY
2012-12,BWA
2012-12,BXS
2012-12,BYD
2012-12,BYI
2012-12,CAKE
2012-12,CATY
2012-12,CBB
2012-12,CBSH
2012-12,CBT
2012-12,CDNS
2012-12,CECO
2012-12,CFR
2012-12,CHD
2012-12,CHS
2012-12,CIEN
2012-12,CLGX
2012-12,CLH
2012-12,CLI
2012-12,CMC
2012-12,CMG
2012-12,CMP
2012-12,CNL
2012-12,CNQR
2012-12,CNW
2012-12,CPO
2012-12,CPRT
2012-12,CPT
2012-12,CR
2012-12,CREE
2012-12,CRK
2012-12,CRL
2012-12,CRS
2012-12,CSL
2012-12,CUZ
2012-12,CVD
2012-12,CVG
2012-12,CXW
2012-12,CYH
2012-12,CYN
2012-12,CYT
2012-12,DBD
2012-12,DCI
2012-12,DECK
2012-12,DKS
2012-12,DLTR
2012-12,DLX
2012-12,DPL
2012-12,DRE
2012-12,DRIV
2012-12,DRQ
2012-12,DST
2012-12,DWA
2012-12,DYN
2012-12,EAT
2012-12,EGN
2012-12,EK
2012-12,ENDP
2012-12,ENR
2012-12,EQIX
2012-12,EQY
2012-12,ESI
2012-12,ESS
2012-12,EV
2012-12,EW
2012-12,EWBC
2012-12,EXBD
2012-12,EXH
2012-12,FAF
2012-12,FCN
2012-12,FCS
2012-12,FDS
2012-12,FICO
2012-12,FL
2012-12,FLO
2012-12,FMER
2012-12,FNF
2012-12,FNFG
2012-12,FOSL
2012-12,FRT
2012-12,FST
2012-12,FTO
2012-12,FULT
2012-12,GDI
2012-12,GEF
2012-12,GES
2012-12,GGG
2012-12,GHL
2012-12,GMCR
2012-12,GMT
2012-12,GNTX
2012-12,GPN
2012-12,GPRO
2012-12,GVA
2012-12,GXP
2012-12,HANS
2012-12,HBI
2012-12,HCC
2012-12,HE
2012-12,HHS
2012-12,HIW
2012-12,HLX
2012-12,HMA
2012-12,HNI
2012-12,HNT
2012-12,HOLX
2012-12,HPT
2012-12,HRC
2012-12,HSC
2012-12,HSIC
2012-12,HUBB
2012-12,IBOC
2012-12,IDA
2012-12,IDTI
2012-12,IDXX
2012-12,IEX
2012-12,IM
2012-12,INFA
2012-12,IPI
2012-12,IRF
2012-12,ISCA
2012-12,ISIL
2012-12,IT
2012-12,ITRI
2012-12,JBHT
2012-12,JBLU
2012-12,JCG
2012-12,JEF
2012-12,JKHY
2012-12,JLL
2012-12,JOYG
2012-12,JWA
2012-12,KBH
2012-12,KBR
2012-12,KCI
2012-12,KEX
2012-12,KFY
2012-12,KMT
2012-12,KND
2012-12,KSU
2012-12,KWK
2012-12,LAMR
2012-12,LANC
2012-12,LECO
2012-12,LII
2012-12,LKQX
2012-12,LNCR
2012-12,LNT
2012-12,LPNT
2012-12,LPS
2012-12,LPX
2012-12,LRCX
2012-12,LRY
2012-12,LSTR
2012-12,LTM
2012-12,LZ
2012-12,MAC
2012-12,MAN
2012-12,MANT
2012-12,MASI
2012-12,MATW
2012-12,MCRS
2012-12,MCY
2012-12,MD
2012-12,MDC
2012-12,MDRX
2012-12,MDU
2012-12,MENT
2012-12,MHK
2012-12,MLHR
2012-12,MLM
2012-12,MRX
2012-12,MSA
2012-12,MSCI
2012-12,MSM
2012-12,MTD
2012-12,MTX
2012-12,NAL
2012-12,NATI
2012-12,NCI
2012-12,NCR
2012-12,NDSN
2012-12,NEU
2012-12,NFG
2012-12,NHP
2012-12,NSR
2012-12,NST
2012-12,NVE
2012-12,NVR
2012-12,NYB
2012-12,NYT
2012-12,O
2012-12,OCR
2012-12,ODP
2012-12,OFC
2012-12,OGE
2012-12,OHI
2012-12,OII
2012-12,OLN
2012-12,OMI
2012-12,ORI
2012-12,OSG
2012-12,OSK
2012-12,PACW
2012-12,PCH
2012-12,PCX
2012-12,PDE
2012-12,PETM
2012-12,PII
2012-12,PKG
2012-12,PL
2012-12,PLCM
2012-12,PLT
2012-12,PMTC
2012-12,PNM
2012-12,PNR
2012-12,PNRA
2012-12,PPDI
2012-12,PRGO
2012-12,PRSP
2012-12,PSS
2012-12,PTEN
2012-12,PVH
2012-12,PXP
2012-12,QLGC
2012-12,QSFT
2012-12,RAH
2012-12,RAX
2012-12,RBC
2012-12,RCII
2012-12,RDK
2012-12,RE
2012-12,REG
2012-12,RFMD
2012-12,RGA
2012-12,RGS
2012-12,RJF
2012-12,RKT
2012-12,RMD
2012-12,ROL
2012-12,ROVI
2012-12,RPM
2012-12,RS
2012-12,RVBD
2012-12,RYL
2012-12,RYN
2012-12,SCHL
2012-12,SCI
2012-12,SEIC
2012-12,SFD
2012-12,SFG
2012-12,SGMS
2012-12,SHAW
2012-12,SIVB
2012-12,SKS
2012-12,SLAB
2012-12,SLG
2012-12,SLGN
2012-12,SLH
2012-12,SM
2012-12,SMG
2012-12,SMTC
2012-12,SNH
2012-12,SNPS
2012-12,SNV
2012-12,SON
2012-12,SPN
2012-12,SPW
2012-12,SRX
2012-12,STE
2012-12,STLD
2012-12,STR
2012-12,STRA
2012-12,SUG
2012-12,SWKS
2012-12,SXT
2012-12,TBL
2012-12,TCB
2012-12,TCO
2012-12,TDS
2012-12,TDW
2012-12,TECD
2012-12,TECH
2012-12,TEX
2012-12,TFX
2012-12,THG
2012-12,THO
2012-12,THOR
2012-12,TIBX
2012-12,TIN
2012-12,TKR
2012-12,TNB
2012-12,TOL
2012-12,TR
2012-12,TRH
2012-12,TRMB
2012-12,TRMK
2012-12,TRN
2012-12,TSCO
2012-12,TUP
2012-12,TW
2012-12,TWTC
2012-12,UA
2012-12,UDR
2012-12,UGI
2012-12,UHS
2012-12,UNT
2012-12,URI
2012-12,URS
2012-12,UTHR
2012-12,UTR
2012-12,UVV
2012-12,VAL
2012-12,VCLK
2012-12,VLY
2012-12,VMI
2012-12,VRTX
2012-12,VSH
2012-12,VVC
2012-12,WAB
2012-12,WABC
2012-12,WBS
2012-12,WCG
2012-12,WCN
2012-12,WDR
2012-12,WEN
2012-12,WERN
2012-12,WFSL
2012-12,WGL
2012-12,WGOV
2012-12,WMS
2012-12,WOOF
2012-12,WOR
2012-12,WR
2012-12,WRB
2012-12,WRC
2012-12,WRI
2012-12,WSM
2012-12,WSO
2012-12,WTR
2012-12,XEC
2012-12,ZBRA
2013-01,AAI
2013-01,AAN
2013-01,AAP
2013-01,ACI
2013-01,ACIW
2013-01,ACM
2013-01,ACV
2013-01,ACXM
2013-01,ADS
2013-01,ADTN
2013-01,ADVS
2013-01,AEO
2013-01,AF
2013-01,AFG
2013-01,AGCO
2013-01,AINV
2013-01,AJG
2013-01,ALB
2013-01,ALEX
2013-01,ALK
2013-01,AM
2013-01,AMB
2013-01,AME
2013-01,AMG
2013-01,ANN
2013-01,ANSS
2013-01,AOL
2013-01,ARE
2013-01,ARO
2013-01,ARW
2013-01,ASBC
2013-01,ASH
2013-01,ASNA
2013-01,ATK
2013-01,ATML
2013-01,ATO
2013-01,ATR
2013-01,ATW
2013-01,AVT
2013-01,AYI
2013-01,BBG
2013-01,BCO
2013-01,BEAV
2013-01,BEC
2013-01,BEZ
2013-01,BID
2013-01,BIO
2013-01,BJ
2013-01,BKH
2013-01,BKS
2013-01,BLUD
2013-01,BOBE
2013-01,BOH
2013-01,BR
2013-01,BRE
2013-01,BRO
2013-01,BUCY
2013-01,BWA
2013-01,BXS
2013-01,BYD
2013-01,BYI
2013-01,CAKE
2013-01,CATY
2013-01,CBB
2013-01,CBSH
2013-01,CBT
2013-01,CDNS
2013-01,CECO
2013-01,CFR
2013-01,CHD
2013-01,CHS
2013-01,CIEN
2013-01,CLGX
2013-01,CLH
2013-01,CLI
2013-01,CMC
2013-01,CMG
2013-01,CMP
2013-01,CNL
2013-01,CNQR
2013-01,CNW
2013-01,CPO
2013-01,CPRT
2013-01,CPT
2013-01,CR
2013-01,CREE
2013-01,CRK
2013-01,CRL
2013-01,CRS
2013-01,CSL
2013-01,CUZ
2013-01,CVD
2013-01,CVG
2013-01,CXW
2013-01,CYH
2013-01,CYN
2013-01,CYT
2013-01,DBD
2013-01,DCI
2013-01,DECK
2013-01,DKS
2013-01,DLTR
2013-01,DLX
2013-01,DPL
2013-01,DRE
2013-01,DRIV
2013-01,DRQ
2013-01,DST
2013-01,DWA
2013-01,DYN
2013-01,EAT
2013-01,EGN
2013-01,EK
2013-01,ENDP
2013-01,ENR
2013-01,EQIX
2013-01,EQY
2013-01,ESI
2013-01,ESS
2013-01,EV
2013-01,EW
2013-01,EWBC
2013-01,EXBD
2013-01,EXH
2013-01,FAF
2013-01,FCN
2013-01,FCS
2013-01,FDS
2013-01,FICO
2013-01,FL
2013-01,FLO
2013-01,FMER
2013-01,FNF
2013-01,FNFG
2013-01,FOSL
2013-01,FRT
2013-01,FST
2013-01,FTO
2013-01,FULT
2013-01,GAS
2013-01,GDI
2013-01,GEF
2013-01,GES
2013-01,GGG
2013-01,GHL
2013-01,GMCR
2013-01,GMT
2013-01,GNTX
2013-01,GPN
2013-01,GPRO
2013-01,GVA
2013-01,GXP
2013-01,HANS
2013-01,HBI
2013-01,HCC
2013-01,HE
2013-01,HHS
2013-01,HIW
2013-01,HLX
2013-01,HMA
2013-01,HNI
2013-01,HNT
2013-01,HOLX
2013-01,HPT
2013-01,HRC
2013-01,HSC
2013-01,HSIC
2013-01,HUBB
2013-01,IBOC
2013-01,IDA
2013-01,IDTI
2013-01,IDXX
2013-01,IEX
2013-01,IM
2013-01,INFA
2013-01,IPI
2013-01,IRF
2013-01,ISCA
2013-01,ISIL
2013-01,IT
2013-01,ITRI
2013-01,JBHT
2013-01,JBLU
2013-01,JCG
2013-01,JEF
2013-01,JKHY
2013-01,JLL
2013-01,JOYG
2013-01,JWA
2013-01,KBH
2013-01,KBR
2013-01,KCI
2013-01,KEX
2013-01,KFY
2013-01,KMT
2013-01,KND
2013-01,KSU
2013-01,KWK
2013-01,LAMR
2013-01,LANC
2013-01,LECO
2013-01,LII
2013-01,LKQX
2013-01,LNCR
2013-01,LNT
2013-01,LPNT
2013-01,LPS
2013-01,LPX
2013-01,LRCX
2013-01,LRY
2013-01,LSTR
2013-01,LTM
2013-01,LZ
2013-01,MAC
2013-01,MAN
2013-01,MANT
2013-01,MASI
2013-01,MATW
2013-01,MCRS
2013-01,MCY
2013-01,MD
2013-01,MDC
2013-01,MDRX
2013-01,MDU
2013-01,MENT
2013-01,MHK
2013-01,MLHR
2013-01,MLM
2013-01,MRX
2013-01,MSA
2013-01,MSCI
2013-01,MSM
2013-01,MTD
2013-01,MTX
2013-01,NAL
2013-01,NATI
2013-01,NCI
2013-01,NCR
2013-01,NDSN
2013-01,NEU
2013-01,NFG
2013-01,NHP
2013-01,NSR
2013-01,NST
2013-01,NVE
2013-01,NVR
2013-01,NYB
2013-01,NYT
2013-01,O
2013-01,OCR
2013-01,ODP
2013-01,OFC
2013-01,OGE
2013-01,OHI
2013-01,OII
2013-01,OLN
2013-01,OMI
2013-01,ORI
2013-01,OSG
2013-01,OSK
2013-01,PACW
2013-01,PCH
2013-01,PCX
2013-01,PDE
2013-01,PETM
2013-01,PII
2013-01,PKG
2013-01,PL
2013-01,PLCM
2013-01,PLT
2013-01,PMTC
2013-01,PNM
2013-01,PNR
2013-01,PNRA
2013-01,PPDI
2013-01,PRGO
2013-01,PRSP
2013-01,PSS
2013-01,PTEN
2013-01,PVH
2013-01,PXP
2013-01,QLGC
2013-01,QSFT
2013-01,RAH
2013-01,RAX
2013-01,RBC
2013-01,RCII
2013-01,RDK
2013-01,RE
2013-01,REG
2013-01,RFMD
2013-01,RGA
2013-01,RGS
2013-01,RJF
2013-01,RKT
2013-01,RMD
2013-01,ROL
2013-01,ROVI
2013-01,RPM
2013-01,RS
2013-01,RVBD
2013-01,RYL
2013-01,RYN
2013-01,SCHL
2013-01,SCI
2013-01,SEIC
2013-01,SFD
2013-01,SFG
2013-01,SGMS
2013-01,SHAW
2013-01,SIVB
2013-01,SKS
2013-01,SLAB
2013-01,SLG
2013-01,SLGN
2013-01,SLH
2013-01,SM
2013-01,SMG
2013-01,SMTC
2013-01,SNH
2013-01,SNPS
2013-01,SNV
2013-01,SON
2013-01,SPN
2013-01,SPW
2013-01,SRX
2013-01,STE
2013-01,STLD
2013-01,STR
2013-01,STRA
2013-01,SUG
2013-01,SWKS
2013-01,SXT
2013-01,TBL
2013-01,TCB
2013-01,TCO
2013-01,TDS
2013-01,TDW
2013-01,TECD
2013-01,TECH
2013-01,TEX
2013-01,TFX
2013-01,THG
2013-01,THO
2013-01,THOR
2013-01,TIBX
2013-01,TIN
2013-01,TKR
2013-01,TNB
2013-01,TOL
2013-01,TR
2013-01,TRH
2013-01,TRMB
2013-01,TRMK
2013-01,TRN
2013-01,TSCO
2013-01,TUP
2013-01,TW
2013-01,TWTC
2013-01,UA
2013-01,UDR
2013-01,UGI
2013-01,UHS
2013-01,UNT
2013-01,URI
2013-01,URS
2013-01,UTHR
2013-01,UTR
2013-01,UVV
2013-01,VAL
2013-01,VCLK
2013-01,VLY
2013-01,VMI
2013-01,VRTX
2013-01,VSH
2013-01,VVC
2013-01,WAB
2013-01,WABC
2013-01,WBS
2013-01,WCG
2013-01,WCN
2013-01,WDR
2013-01,WEN
2013-01,WERN
2013-01,WFSL
2013-01,WGL
2013-01,WGOV
2013-01,WMS
2013-01,WOOF
2013-01,WOR
2013-01,WR
2013-01,WRB
2013-01,WRC
2013-01,WRI
2013-01,WSM
2013-01,WSO
2013-01,WTR
2013-01,XEC
2013-01,ZBRA
2013-02,AAI
2013-02,AAN
2013-02,AAP
2013-02,ACI
2013-02,ACIW
2013-02,ACM
2013-02,ACV
2013-02,ACXM
2013-02,ADS
2013-02,ADTN
2013-02,ADVS
2013-02,AEO
2013-02,AF
2013-02,AFG
2013-02,AGCO
2013-02,AINV
2013-02,AJG
2013-02,ALB
2013-02,ALEX
2013-02,ALK
2013-02,AM
2013-02,AMB
2013-02,AME
2013-02,AMG
2013-02,ANN
2013-02,ANSS
2013-02,AOL
2013-02,ARE
2013-02,ARO
2013-02,ARW
2013-02,ASBC
2013-02,ASH
2013-02,ASNA
2013-02,ATK
2013-02,ATML
2013-02,ATO
2013-02,ATR
2013-02,ATW
2013-02,AVT
2013-02,AYI
2013-02,BBG
2013-02,BCO
2013-02,BEAV
2013-02,BEC
2013-02,BEZ
2013-02,BID
2013-02,BIO
2013-02,BJ
2013-02,BKH
2013-02,BKS
2013-02,BLUD
2013-02,BOBE
2013-02,BOH
2013-02,BR
2013-02,BRE
2013-02,BRO
2013-02,BUCY
2013-02,BWA
2013-02,BXS
2013-02,BYD
2013-02,BYI
2013-02,CAKE
2013-02,CATY
2013-02,CBB
2013-02,CBSH
2013-02,CBT
2013-02,CDNS
2013-02,CECO
2013-02,CFR
2013-02,CHD
2013-02,CHS
2013-02,CIEN
2013-02,CLGX
2013-02,CLH
2013-02,CLI
2013-02,CMC
2013-02,CMG
2013-02,CMP
2013-02,CNL
2013-02,CNQR
2013-02,CNW
2013-02,CPO
2013-02,CPRT
2013-02,CPT
2013-02,CR
2013-02,CREE
2013-02,CRK
2013-02,CRL
2013-02,CRS
2013-02,CSL
2013-02,CUZ
2013-02,CVD
2013-02,CVG
2013-02,CXW
2013-02,CYH
2013-02,CYN
2013-02,CYT
2013-02,DBD
2013-02,DCI
2013-02,DECK
2013-02,DKS
2013-02,DLTR
2013-02,DLX
2013-02,DPL
2013-02,DRE
2013-02,DRIV
2013-02,DRQ
2013-02,DST
2013-02,DWA
2013-02,DYN
2013-02,EAT
2013-02,EGN
2013-02,EK
2013-02,ENDP
2013-02,ENR
2013-02,EQIX
2013-02,EQY
2013-02,ESI
2013-02,ESS
2013-02,EV
2013-02,EW
2013-02,EWBC
2013-02,EXBD
2013-02,EXH
2013-02,FAF
2013-02,FCN
2013-02,FCS
2013-02,FDS
2013-02,FICO
2013-02,FL
2013-02,FLO
2013-02,FMER
2013-02,FNF
2013-02,FNFG
2013-02,FOSL
2013-02,FRT
2013-02,FST
2013-02,FTO
2013-02,FULT
2013-02,GAS
2013-02,GDI
2013-02,GEF
2013-02,GES
2013-02,GGG
2013-02,GHL
2013-02,GMCR
2013-02,GMT
2013-02,GNTX
2013-02,GPN
2013-02,GPRO
2013-02,GVA
2013-02,GXP
2013-02,HANS
2013-02,HBI
2013-02,HCC
2013-02,HE
2013-02,HHS
2013-02,HIW
2013-02,HLX
2013-02,HMA
2013-02,HNI
2013-02,HNT
2013-02,HOLX
2013-02,HPT
2013-02,HRC
2013-02,HSC
2013-02,HSIC
2013-02,HUBB
2013-02,IBOC
2013-02,IDA
2013-02,IDTI
2013-02,IDXX
2013-02,IEX
2013-02,IM
2013-02,INFA
2013-02,IPI
2013-02,IRF
2013-02,ISCA
2013-02,ISIL
2013-02,IT
2013-02,ITRI
2013-02,JBHT
2013-02,JBLU
2013-02,JCG
2013-02,JEF
2013-02,JKHY
2013-02,JLL
2013-02,JOYG
2013-02,JWA
2013-02,KBH
2013-02,KBR
2013-02,KCI
2013-02,KEX
2013-02,KFY
2013-02,KMT
2013-02,KND
2013-02,KSU
2013-02,KWK
2013-02,LAMR
2013-02,LANC
2013-02,LECO
2013-02,LII
2013-02,LKQX
2013-02,LNCR
2013-02,LNT
2013-02,LPNT
2013-02,LPS
2013-02,LPX
2013-02,LRCX
2013-02,LRY
2013-02,LSTR
2013-02,LTM
2013-02,LZ
2013-02,MAC
2013-02,MAN
2013-02,MANT
2013-02,MASI
2013-02,MATW
2013-02,MCRS
2013-02,MCY
2013-02,MD
2013-02,MDC
2013-02,MDRX
2013-02,MDU
2013-02,MENT
2013-02,MHK
2013-02,MLHR
2013-02,MLM
2013-02,MRX
2013-02,MSA
2013-02,MSCI
2013-02,MSM
2013-02,MTD
2013-02,MTX
2013-02,NAL
2013-02,NATI
2013-02,NCI
2013-02,NCR
2013-02,NDSN
2013-02,NEU
2013-02,NFG
2013-02,NHP
2013-02,NSR
2013-02,NST
2013-02,NVE
2013-02,NVR
2013-02,NYB
2013-02,NYT
2013-02,O
2013-02,OCR
2013-02,ODP
2013-02,OFC
2013-02,OGE
2013-02,OHI
2013-02,OII
2013-02,OLN
2013-02,OMI
2013-02,ORI
2013-02,OSG
2013-02,OSK
2013-02,PACW
2013-02,PCH
2013-02,PCX
2013-02,PDE
2013-02,PETM
2013-02,PII
2013-02,PKG
2013-02,PL
2013-02,PLCM
2013-02,PLT
2013-02,PMTC
2013-02,PNM
2013-02,PNR
2013-02,PNRA
2013-02,PPDI
2013-02,PRGO
2013-02,PRSP
2013-02,PSS
2013-02,PTEN
2013-02,PVH
2013-02,PXP
2013-02,QLGC
2013-02,QSFT
2013-02,RAH
2013-02,RAX
2013-02,RBC
2013-02,RCII
2013-02,RDK
2013-02,RE
2013-02,REG
2013-02,RFMD
2013-02,RGA
2013-02,RGS
2013-02,RJF
2013-02,RKT
2013-02,RMD
2013-02,ROL
2013-02,ROVI
2013-02,RPM
2013-02,RS
2013-02,RVBD
2013-02,RYL
2013-02,RYN
2013-02,SCHL
2013-02,SCI
2013-02,SEIC
2013-02,SFD
2013-02,SFG
2013-02,SGMS
2013-02,SHAW
2013-02,SIVB
2013-02,SKS
2013-02,SLAB
2013-02,SLG
2013-02,SLGN
2013-02,SLH
2013-02,SM
2013-02,SMG
2013-02,SMTC
2013-02,SNH
2013-02,SNPS
2013-02,SNV
2013-02,SON
2013-02,SPN
2013-02,SPW
2013-02,SRX
2013-02,STE
2013-02,STLD
2013-02,STR
2013-02,STRA
2013-02,SUG
2013-02,SWKS
2013-02,SXT
2013-02,TBL
2013-02,TCB
2013-02,TCO
2013-02,TDS
2013-02,TDW
2013-02,TECD
2013-02,TECH
2013-02,TEX
2013-02,TFX
2013-02,THG
2013-02,THO
2013-02,THOR
2013-02,TIBX
2013-02,TIN
2013-02,TKR
2013-02,TNB
2013-02,TOL
2013-02,TR
2013-02,TRH
2013-02,TRMB
2013-02,TRMK
2013-02,TRN
2013-02,TSCO
2013-02,TUP
2013-02,TW
2013-02,TWTC
2013-02,UA
2013-02,UDR
2013-02,UGI
2013-02,UHS
2013-02,UNT
2013-02,URI
2013-02,URS
2013-02,UTHR
2013-02,UTR
2013-02,UVV
2013-02,VAL
2013-02,VCLK
2013-02,VLY
2013-02,VMI
2013-02,VRTX
2013-02,VSH
2013-02,VVC
2013-02,WAB
2013-02,WABC
2013-02,WBS
2013-02,WCG
2013-02,WCN
2013-02,WDR
2013-02,WEN
2013-02,WERN
2013-02,WFSL
2013-02,WGL
2013-02,WGOV
2013-02,WMS
2013-02,WOOF
2013-02,WOR
2013-02,WR
2013-02,WRB
2013-02,WRC
2013-02,WRI
2013-02,WSM
2013-02,WSO
2013-02,WTR
2013-02,XEC
2013-02,ZBRA
2013-03,AAI
2013-03,AAN
2013-03,AAP
2013-03,ACI
2013-03,ACIW
2013-03,ACM
2013-03,ACV
2013-03,ACXM
2013-03,ADS
2013-03,ADTN
2013-03,ADVS
2013-03,AEO
2013-03,AF
2013-03,AFG
2013-03,AGCO
2013-03,AINV
2013-03,AJG
2013-03,ALB
2013-03,ALEX
2013-03,ALK
2013-03,AM
2013-03,AMB
2013-03,AME
2013-03,AMG
2013-03,ANN
2013-03,ANSS
2013-03,AOL
2013-03,ARE
2013-03,ARO
2013-03,ARW
2013-03,ASBC
2013-03,ASH
2013-03,ASNA
2013-03,ATK
2013-03,ATML
2013-03,ATO
2013-03,ATR
2013-03,ATW
2013-03,AVT
2013-03,AYI
2013-03,BBG
2013-03,BCO
2013-03,BEAV
2013-03,BEC
2013-03,BEZ
2013-03,BID
2013-03,BIO
2013-03,BJ
2013-03,BKH
2013-03,BKS
2013-03,BLUD
2013-03,BOBE
2013-03,BOH
2013-03,BR
2013-03,BRE
2013-03,BRO
2013-03,BUCY
2013-03,BWA
2013-03,BXS
2013-03,BYD
2013-03,BYI
2013-03,CAKE
2013-03,CATY
2013-03,CBB
2013-03,CBSH
2013-03,CBT
2013-03,CDNS
2013-03,CECO
2013-03,CFR
2013-03,CHD
2013-03,CHS
2013-03,CIEN
2013-03,CLGX
2013-03,CLH
2013-03,CLI
2013-03,CMC
2013-03,CMG
2013-03,CMP
2013-03,CNL
2013-03,CNQR
2013-03,CNW
2013-03,CPO
2013-03,CPRT
2013-03,CPT
2013-03,CR
2013-03,CREE
2013-03,CRK
2013-03,CRL
2013-03,CRS
2013-03,CSL
2013-03,CUZ
2013-03,CVD
2013-03,CVG
2013-03,CXW
2013-03,CYH
2013-03,CYN
2013-03,CYT
2013-03,DBD
2013-03,DCI
2013-03,DECK
2013-03,DKS
2013-03,DLTR
2013-03,DLX
2013-03,DPL
2013-03,DRE
2013-03,DRIV
2013-03,DRQ
2013-03,DST
2013-03,DWA
2013-03,DYN
2013-03,EAT
2013-03,EGN
2013-03,EK
2013-03,ENDP
2013-03,ENR
2013-03,EQIX
2013-03,EQY
2013-03,ESI
2013-03,ESS
2013-03,EV
2013-03,EW
2013-03,EWBC
2013-03,EXBD
2013-03,EXH
2013-03,FAF
2013-03,FCN
2013-03,FCS
2013-03,FDS
2013-03,FICO
2013-03,FL
2013-03,FLO
2013-03,FMER
2013-03,FNF
2013-03,FNFG
2013-03,FOSL
2013-03,FRT
2013-03,FST
2013-03,FTO
2013-03,FULT
2013-03,GAS
2013-03,GDI
2013-03,GEF
2013-03,GES
2013-03,GGG
2013-03,GHL
2013-03,GMCR
2013-03,GMT
2013-03,GNTX
2013-03,GPN
2013-03,GPRO
2013-03,GVA
2013-03,GXP
2013-03,HANS
2013-03,HBI
2013-03,HCC
2013-03,HE
2013-03,HHS
2013-03,HIW
2013-03,HLX
2013-03,HMA
2013-03,HNI
2013-03,HNT
2013-03,HOLX
2013-03,HPT
2013-03,HRC
2013-03,HSC
2013-03,HSIC
2013-03,HUBB
2013-03,IBOC
2013-03,IDA
2013-03,IDTI
2013-03,IDXX
2013-03,IEX
2013-03,IM
2013-03,INFA
2013-03,IPI
2013-03,IRF
2013-03,ISCA
2013-03,ISIL
2013-03,IT
2013-03,ITRI
2013-03,JBHT
2013-03,JBLU
2013-03,JCG
2013-03,JEF
2013-03,JKHY
2013-03,JLL
2013-03,JOYG
2013-03,JWA
2013-03,KBH
2013-03,KBR
2013-03,KCI
2013-03,KEX
2013-03,KFY
2013-03,KMT
2013-03,KND
2013-03,KSU
2013-03,KWK
2013-03,LAMR
2013-03,LANC
2013-03,LECO
2013-03,LII
2013-03,LKQX
2013-03,LNCR
2013-03,LNT
2013-03,LPNT
2013-03,LPS
2013-03,LPX
2013-03,LRCX
2013-03,LRY
2013-03,LSTR
2013-03,LTM
2013-03,LZ
2013-03,MAC
2013-03,MAN
2013-03,MANT
2013-03,MASI
2013-03,MATW
2013-03,MCRS
2013-03,MCY
2013-03,MD
2013-03,MDC
2013-03,MDRX
2013-03,MDU
2013-03,MENT
2013-03,MHK
2013-03,MLHR
2013-03,MLM
2013-03,MRX
2013-03,MSA
2013-03,MSCI
2013-03,MSM
2013-03,MTD
2013-03,MTX
2013-03,NAL
2013-03,NATI
2013-03,NCI
2013-03,NCR
2013-03,NDSN
2013-03,NEU
2013-03,NFG
2013-03,NHP
2013-03,NSR
2013-03,NST
2013-03,NVE
2013-03,NVR
2013-03,NYB
2013-03,NYT
2013-03,O
2013-03,OCR
2013-03,ODP
2013-03,OFC
2013-03,OGE
2013-03,OHI
2013-03,OII
2013-03,OLN
2013-03,OMI
2013-03,ORI
2013-03,OSG
2013-03,OSK
2013-03,PACW
2013-03,PCH
2013-03,PCX
2013-03,PDE
2013-03,PETM
2013-03,PII
2013-03,PKG
2013-03,PL
2013-03,PLCM
2013-03,PLT
2013-03,PMTC
2013-03,PNM
2013-03,PNR
2013-03,PNRA
2013-03,PPDI
2013-03,PRGO
2013-03,PRI
2013-03,PRSP
2013-03,PSS
2013-03,PTEN
2013-03,PVH
2013-03,PXP
2013-03,QLGC
2013-03,QSFT
2013-03,RAH
2013-03,RAX
2013-03,RBC
2013-03,RCII
2013-03,RDK
2013-03,RE
2013-03,REG
2013-03,RFMD
2013-03,RGA
2013-03,RGS
2013-03,RJF
2013-03,RKT
2013-03,RMD
2013-03,ROL
2013-03,ROVI
2013-03,RPM
2013-03,RS
2013-03,RVBD
2013-03,RYL
2013-03,RYN
2013-03,SCHL
2013-03,SCI
2013-03,SEIC
2013-03,SFD
2013-03,SFG
2013-03,SGMS
2013-03,SIVB
2013-03,SKS
2013-03,SLAB
2013-03,SLG
2013-03,SLGN
2013-03,SLH
2013-03,SM
2013-03,SMG
2013-03,SMTC
2013-03,SNH
2013-03,SNPS
2013-03,SNV
2013-03,SON
2013-03,SPN
2013-03,SPW
2013-03,SRX
2013-03,STE
2013-03,STLD
2013-03,STR
2013-03,STRA
2013-03,SUG
2013-03,SWKS
2013-03,SXT
2013-03,TBL
2013-03,TCB
2013-03,TCO
2013-03,TDS
2013-03,TDW
2013-03,TECD
2013-03,TECH
2013-03,TEX
2013-03,TFX
2013-03,THG
2013-03,THO
2013-03,THOR
2013-03,TIBX
2013-03,TIN
2013-03,TKR
2013-03,TNB
2013-03,TOL
2013-03,TR
2013-03,TRH
2013-03,TRMB
2013-03,TRMK
2013-03,TRN
2013-03,TSCO
2013-03,TUP
2013-03,TW
2013-03,TWTC
2013-03,UA
2013-03,UDR
2013-03,UGI
2013-03,UHS
2013-03,UNT
2013-03,URI
2013-03,URS
2013-03,UTHR
2013-03,UTR
2013-03,UVV
2013-03,VAL
2013-03,VCLK
2013-03,VLY
2013-03,VMI
2013-03,VRTX
2013-03,VSH
2013-03,VVC
2013-03,WAB
2013-03,WABC
2013-03,WBS
2013-03,WCG
2013-03,WCN
2013-03,WDR
2013-03,WEN
2013-03,WERN
2013-03,WFSL
2013-03,WGL
2013-03,WGOV
2013-03,WMS
2013-03,WOOF
2013-03,WOR
2013-03,WR
2013-03,WRB
2013-03,WRC
2013-03,WRI
2013-03,WSM
2013-03,WSO
2013-03,WTR
2013-03,XEC
2013-03,ZBRA
2013-04,AAI
2013-04,AAN
2013-04,AAP
2013-04,ACI
2013-04,ACIW
2013-04,ACM
2013-04,ACV
2013-04,ACXM
2013-04,ADS
2013-04,ADTN
2013-04,ADVS
2013-04,AEO
2013-04,AF
2013-04,AFG
2013-04,AGCO
2013-04,AINV
2013-04,AJG
2013-04,ALB
2013-04,ALEX
2013-04,ALK
2013-04,AM
2013-04,AMB
2013-04,AME
2013-04,AMG
2013-04,ANN
2013-04,ANSS
2013-04,AOL
2013-04,ARE
2013-04,ARO
2013-04,ARW
2013-04,ASBC
2013-04,ASH
2013-04,ASNA
2013-04,ATK
2013-04,ATML
2013-04,ATO
2013-04,ATR
2013-04,ATW
2013-04,AVT
2013-04,AYI
2013-04,BBG
2013-04,BCO
2013-04,BEAV
2013-04,BEC
2013-04,BEZ
2013-04,BID
2013-04,BIO
2013-04,BJ
2013-04,BKH
2013-04,BKS
2013-04,BLUD
2013-04,BOBE
2013-04,BOH
2013-04,BR
2013-04,BRE
2013-04,BRO
2013-04,BUCY
2013-04,BWA
2013-04,BXS
2013-04,BYD
2013-04,BYI
2013-04,CAKE
2013-04,CATY
2013-04,CBB
2013-04,CBSH
2013-04,CBT
2013-04,CDNS
2013-04,CECO
2013-04,CFR
2013-04,CHD
2013-04,CHS
2013-04,CIEN
2013-04,CLGX
2013-04,CLH
2013-04,CLI
2013-04,CMC
2013-04,CMG
2013-04,CMP
2013-04,CNL
2013-04,CNQR
2013-04,CNW
2013-04,CPO
2013-04,CPRT
2013-04,CPT
2013-04,CR
2013-04,CREE
2013-04,CRK
2013-04,CRL
2013-04,CRS
2013-04,CSL
2013-04,CUZ
2013-04,CVD
2013-04,CVG
2013-04,CXW
2013-04,CYH
2013-04,CYN
2013-04,CYT
2013-04,DBD
2013-04,DCI
2013-04,DECK
2013-04,DKS
2013-04,DLTR
2013-04,DLX
2013-04,DPL
2013-04,DRE
2013-04,DRIV
2013-04,DRQ
2013-04,DST
2013-04,DWA
2013-04,DYN
2013-04,EAT
2013-04,EGN
2013-04,EK
2013-04,ENDP
2013-04,ENR
2013-04,EQIX
2013-04,EQY
2013-04,ESI
2013-04,ESS
2013-04,EV
2013-04,EW
2013-04,EWBC
2013-04,EXBD
2013-04,EXH
2013-04,FAF
2013-04,FCN
2013-04,FCS
2013-04,FDS
2013-04,FICO
2013-04,FL
2013-04,FLO
2013-04,FMER
2013-04,FNF
2013-04,FNFG
2013-04,FOSL
2013-04,FRT
2013-04,FST
2013-04,FTO
2013-04,FULT
2013-04,GAS
2013-04,GDI
2013-04,GEF
2013-04,GES
2013-04,GGG
2013-04,GHL
2013-04,GMCR
2013-04,GMT
2013-04,GNTX
2013-04,GPN
2013-04,GPRO
2013-04,GVA
2013-04,GXP
2013-04,HANS
2013-04,HBI
2013-04,HCC
2013-04,HE
2013-04,HHS
2013-04,HIW
2013-04,HLX
2013-04,HMA
2013-04,HNI
2013-04,HNT
2013-04,HOLX
2013-04,HPT
2013-04,HRC
2013-04,HSC
2013-04,HSIC
2013-04,HUBB
2013-04,IBOC
2013-04,IDA
2013-04,IDTI
2013-04,IDXX
2013-04,IEX
2013-04,IM
2013-04,INFA
2013-04,IPI
2013-04,IRF
2013-04,ISCA
2013-04,ISIL
2013-04,IT
2013-04,ITRI
2013-04,JBHT
2013-04,JBLU
2013-04,JCG
2013-04,JEF
2013-04,JKHY
2013-04,JLL
2013-04,JOYG
2013-04,JWA
2013-04,KBH
2013-04,KBR
2013-04,KCI
2013-04,KEX
2013-04,KFY
2013-04,KMT
2013-04,KND
2013-04,KSU
2013-04,KWK
2013-04,LAMR
2013-04,LANC
2013-04,LECO
2013-04,LII
2013-04,LKQX
2013-04,LNCR
2013-04,LNT
2013-04,LPNT
2013-04,LPS
2013-04,LPX
2013-04,LRCX
2013-04,LRY
2013-04,LSTR
2013-04,LTM
2013-04,LZ
2013-04,MAC
2013-04,MAN
2013-04,MANT
2013-04,MASI
2013-04,MATW
2013-04,MCRS
2013-04,MCY
2013-04,MD
2013-04,MDC
2013-04,MDRX
2013-04,MDU
2013-04,MENT
2013-04,MHK
2013-04,MLHR
2013-04,MLM
2013-04,MRX
2013-04,MSA
2013-04,MSCI
2013-04,MSM
2013-04,MTD
2013-04,MTX
2013-04,NAL
2013-04,NATI
2013-04,NCI
2013-04,NCR
2013-04,NDSN
2013-04,NEU
2013-04,NFG
2013-04,NHP
2013-04,NSR
2013-04,NST
2013-04,NVE
2013-04,NVR
2013-04,NYB
2013-04,NYT
2013-04,O
2013-04,OCR
2013-04,ODP
2013-04,OFC
2013-04,OGE
2013-04,OHI
2013-04,OII
2013-04,OLN
2013-04,OMI
2013-04,ORI
2013-04,OSG
2013-04,OSK
2013-04,PACW
2013-04,PCH
2013-04,PCX
2013-04,PDE
2013-04,PETM
2013-04,PII
2013-04,PKG
2013-04,PL
2013-04,PLCM
2013-04,PLT
2013-04,PMTC
2013-04,PNM
2013-04,PNR
2013-04,PNRA
2013-04,PPDI
2013-04,PRGO
2013-04,PRI
2013-04,PRSP
2013-04,PSS
2013-04,PTEN
2013-04,PVH
2013-04,PXP
2013-04,QLGC
2013-04,QSFT
2013-04,RAH
2013-04,RAX
2013-04,RBC
2013-04,RCII
2013-04,RDK
2013-04,RE
2013-04,REG
2013-04,RFMD
2013-04,RGA
2013-04,RGS
2013-04,RJF
2013-04,RKT
2013-04,RMD
2013-04,ROL
2013-04,ROVI
2013-04,RPM
2013-04,RS
2013-04,RVBD
2013-04,RYL
2013-04,RYN
2013-04,SCHL
2013-04,SCI
2013-04,SEIC
2013-04,SFD
2013-04,SFG
2013-04,SGMS
2013-04,SIVB
2013-04,SKS
2013-04,SLAB
2013-04,SLG
2013-04,SLGN
2013-04,SLH
2013-04,SM
2013-04,SMG
2013-04,SMTC
2013-04,SNH
2013-04,SNPS
2013-04,SNV
2013-04,SON
2013-04,SPN
2013-04,SPW
2013-04,SRX
2013-04,STE
2013-04,STLD
2013-04,STR
2013-04,STRA
2013-04,SUG
2013-04,SWKS
2013-04,SXT
2013-04,TBL
2013-04,TCB
2013-04,TCO
2013-04,TDS
2013-04,TDW
2013-04,TECD
2013-04,TECH
2013-04,TEX
2013-04,TFX
2013-04,THG
2013-04,THO
2013-04,THOR
2013-04,TIBX
2013-04,TIN
2013-04,TKR
2013-04,TNB
2013-04,TOL
2013-04,TR
2013-04,TRH
2013-04,TRMB
2013-04,TRMK
2013-04,TRN
2013-04,TSCO
2013-04,TUP
2013-04,TW
2013-04,TWTC
2013-04,UA
2013-04,UDR
2013-04,UGI
2013-04,UHS
2013-04,UNT
2013-04,URI
2013-04,URS
2013-04,UTHR
2013-04,UTR
2013-04,UVV
2013-04,VAL
2013-04,VCLK
2013-04,VLY
2013-04,VMI
2013-04,VRTX
2013-04,VSH
2013-04,VVC
2013-04,WAB
2013-04,WABC
2013-04,WBS
2013-04,WCG
2013-04,WCN
2013-04,WDR
2013-04,WEN
2013-04,WERN
2013-04,WFSL
2013-04,WGL
2013-04,WGOV
2013-04,WMS
2013-04,WOOF
2013-04,WOR
2013-04,WR
2013-04,WRB
2013-04,WRC
2013-04,WRI
2013-04,WSM
2013-04,WSO
2013-04,WTR
2013-04,XEC
2013-04,ZBRA
2013-05,AAI
2013-05,AAN
2013-05,AAP
2013-05,ACI
2013-05,ACIW
2013-05,ACM
2013-05,ACV
2013-05,ACXM
2013-05,ADS
2013-05,ADTN
2013-05,ADVS
2013-05,AEO
2013-05,AF
2013-05,AFG
2013-05,AGCO
2013-05,AINV
2013-05,AJG
2013-05,ALB
2013-05,ALEX
2013-05,ALK
2013-05,AM
2013-05,AMB
2013-05,AME
2013-05,AMG
2013-05,ANN
2013-05,ANSS
2013-05,AOL
2013-05,ARE
2013-05,ARO
2013-05,ARW
2013-05,ASBC
2013-05,ASH
2013-05,ASNA
2013-05,ATK
2013-05,ATML
2013-05,ATO
2013-05,ATR
2013-05,ATW
2013-05,AVT
2013-05,AYI
2013-05,BBG
2013-05,BCO
2013-05,BEAV
2013-05,BEC
2013-05,BEZ
2013-05,BID
2013-05,BIO
2013-05,BJ
2013-05,BKH
2013-05,BKS
2013-05,BLUD
2013-05,BOBE
2013-05,BOH
2013-05,BR
2013-05,BRE
2013-05,BRO
2013-05,BUCY
2013-05,BWA
2013-05,BXS
2013-05,BYD
2013-05,BYI
2013-05,CAKE
2013-05,CATY
2013-05,CBB
2013-05,CBSH
2013-05,CBT
2013-05,CDNS
2013-05,CECO
2013-05,CFR
2013-05,CHD
2013-05,CHS
2013-05,CIEN
2013-05,CLGX
2013-05,CLH
2013-05,CLI
2013-05,CMC
2013-05,CMG
2013-05,CMP
2013-05,CNL
2013-05,CNQR
2013-05,CNW
2013-05,CPO
2013-05,CPRT
2013-05,CPT
2013-05,CR
2013-05,CREE
2013-05,CRK
2013-05,CRL
2013-05,CRS
2013-05,CSL
2013-05,CUZ
2013-05,CVD
2013-05,CVG
2013-05,CXW
2013-05,CYH
2013-05,CYN
2013-05,CYT
2013-05,DBD
2013-05,DCI
2013-05,DECK
2013-05,DKS
2013-05,DLTR
2013-05,DLX
2013-05,DPL
2013-05,DRE
2013-05,DRIV
2013-05,DRQ
2013-05,DST
2013-05,DWA
2013-05,DYN
2013-05,EAT
2013-05,EGN
2013-05,EK
2013-05,ENDP
2013-05,ENR
2013-05,EQIX
2013-05,EQY
2013-05,ESI
2013-05,ESS
2013-05,EV
2013-05,EW
2013-05,EWBC
2013-05,EXBD
2013-05,EXH
2013-05,FAF
2013-05,FCN
2013-05,FCS
2013-05,FDS
2013-05,FICO
2013-05,FL
2013-05,FLO
2013-05,FMER
2013-05,FNF
2013-05,FNFG
2013-05,FOSL
2013-05,FRT
2013-05,FST
2013-05,FTO
2013-05,FULT
2013-05,GAS
2013-05,GDI
2013-05,GEF
2013-05,GES
2013-05,GGG
2013-05,GHL
2013-05,GMCR
2013-05,GMT
2013-05,GNTX
2013-05,GPN
2013-05,GPRO
2013-05,GVA
2013-05,GXP
2013-05,HANS
2013-05,HBI
2013-05,HCC
2013-05,HE
2013-05,HHS
2013-05,HIW
2013-05,HLX
2013-05,HMA
2013-05,HNI
2013-05,HNT
2013-05,HOLX
2013-05,HPT
2013-05,HRC
2013-05,HSC
2013-05,HSIC
2013-05,HUBB
2013-05,IBOC
2013-05,IDA
2013-05,IDTI
2013-05,IDXX
2013-05,IEX
2013-05,IM
2013-05,INFA
2013-05,IPI
2013-05,IRF
2013-05,ISCA
2013-05,ISIL
2013-05,IT
2013-05,ITRI
2013-05,JBHT
2013-05,JBLU
2013-05,JCG
2013-05,JEF
2013-05,JKHY
2013-05,JLL
2013-05,JOYG
2013-05,JWA
2013-05,KBH
2013-05,KBR
2013-05,KCI
2013-05,KEX
2013-05,KFY
2013-05,KMT
2013-05,KND
2013-05,KSU
2013-05,KWK
2013-05,LAMR
2013-05,LANC
2013-05,LECO
2013-05,LII
2013-05,LKQX
2013-05,LNCR
2013-05,LNT
2013-05,LPNT
2013-05,LPS
2013-05,LPX
2013-05,LRCX
2013-05,LRY
2013-05,LSTR
2013-05,LTM
2013-05,LZ
2013-05,MAC
2013-05,MAN
2013-05,MANT
2013-05,MASI
2013-05,MATW
2013-05,MCRS
2013-05,MCY
2013-05,MD
2013-05,MDC
2013-05,MDRX
2013-05,MDU
2013-05,MENT
2013-05,MHK
2013-05,MLHR
2013-05,MLM
2013-05,MRX
2013-05,MSA
2013-05,MSCI
2013-05,MSM
2013-05,MTD
2013-05,MTX
2013-05,NAL
2013-05,NATI
2013-05,NCI
2013-05,NCR
2013-05,NDSN
2013-05,NEU
2013-05,NFG
2013-05,NHP
2013-05,NSR
2013-05,NST
2013-05,NVE
2013-05,NVR
2013-05,NYB
2013-05,NYT
2013-05,O
2013-05,OCR
2013-05,ODP
2013-05,OFC
2013-05,OGE
2013-05,OHI
2013-05,OII
2013-05,OLN
2013-05,OMI
2013-05,ORI
2013-05,OSG
2013-05,OSK
2013-05,PACW
2013-05,PCH
2013-05,PCX
2013-05,PDE
2013-05,PETM
2013-05,PII
2013-05,PKG
2013-05,PL
2013-05,PLCM
2013-05,PLT
2013-05,PMTC
2013-05,PNM
2013-05,PNR
2013-05,PNRA
2013-05,PPDI
2013-05,PRGO
2013-05,PRI
2013-05,PRSP
2013-05,PSS
2013-05,PTEN
2013-05,PVH
2013-05,PXP
2013-05,QLGC
2013-05,QSFT
2013-05,RAH
2013-05,RAX
2013-05,RBC
2013-05,RCII
2013-05,RDK
2013-05,RE
2013-05,REG
2013-05,RFMD
2013-05,RGA
2013-05,RGS
2013-05,RJF
2013-05,RKT
2013-05,RMD
2013-05,ROL
2013-05,ROVI
2013-05,RPM
2013-05,RS
2013-05,RVBD
2013-05,RYL
2013-05,RYN
2013-05,SCHL
2013-05,SCI
2013-05,SEIC
2013-05,SFD
2013-05,SFG
2013-05,SGMS
2013-05,SIVB
2013-05,SKS
2013-05,SLAB
2013-05,SLG
2013-05,SLGN
2013-05,SLH
2013-05,SM
2013-05,SMG
2013-05,SMTC
2013-05,SNH
2013-05,SNPS
2013-05,SNV
2013-05,SON
2013-05,SPN
2013-05,SPW
2013-05,SRX
2013-05,STE
2013-05,STLD
2013-05,STR
2013-05,STRA
2013-05,SUG
2013-05,SWKS
2013-05,SXT
2013-05,TBL
2013-05,TCB
2013-05,TCO
2013-05,TDS
2013-05,TDW
2013-05,TECD
2013-05,TECH
2013-05,TEX
2013-05,TFX
2013-05,THG
2013-05,THO
2013-05,THOR
2013-05,TIBX
2013-05,TIN
2013-05,TKR
2013-05,TNB
2013-05,TOL
2013-05,TR
2013-05,TRH
2013-05,TRMB
2013-05,TRMK
2013-05,TRN
2013-05,TSCO
2013-05,TUP
2013-05,TW
2013-05,TWTC
2013-05,UA
2013-05,UDR
2013-05,UGI
2013-05,UHS
2013-05,UNT
2013-05,URI
2013-05,URS
2013-05,UTHR
2013-05,UTR
2013-05,UVV
2013-05,VAL
2013-05,VCLK
2013-05,VLY
2013-05,VMI
2013-05,VRTX
2013-05,VSH
2013-05,VVC
2013-05,WAB
2013-05,WABC
2013-05,WBS
2013-05,WCG
2013-05,WCN
2013-05,WDR
2013-05,WEN
2013-05,WERN
2013-05,WFSL
2013-05,WGL
2013-05,WGOV
2013-05,WMS
2013-05,WOOF
2013-05,WOR
2013-05,WR
2013-05,WRB
2013-05,WRC
2013-05,WRI
2013-05,WSM
2013-05,WSO
2013-05,WTR
2013-05,XEC
2013-05,ZBRA
2013-06,AAI
2013-06,AAN
2013-06,AAP
2013-06,ACI
2013-06,ACIW
2013-06,ACM
2013-06,ACV
2013-06,ACXM
2013-06,ADS
2013-06,ADTN
2013-06,ADVS
2013-06,AEO
2013-06,AF
2013-06,AFG
2013-06,AGCO
2013-06,AINV
2013-06,AJG
2013-06,ALB
2013-06,ALEX
2013-06,ALK
2013-06,AM
2013-06,AMB
2013-06,AME
2013-06,AMG
2013-06,ANN
2013-06,ANSS
2013-06,AOL
2013-06,ARE
2013-06,ARO
2013-06,ARW
2013-06,ASBC
2013-06,ASH
2013-06,ASNA
2013-06,ATK
2013-06,ATML
2013-06,ATO
2013-06,ATR
2013-06,ATW
2013-06,AVT
2013-06,AYI
2013-06,BBG
2013-06,BCO
2013-06,BEAV
2013-06,BEC
2013-06,BEZ
2013-06,BID
2013-06,BIO
2013-06,BJ
2013-06,BKH
2013-06,BKS
2013-06,BLUD
2013-06,BOBE
2013-06,BOH
2013-06,BR
2013-06,BRE
2013-06,BRO
2013-06,BUCY
2013-06,BWA
2013-06,BXS
2013-06,BYD
2013-06,BYI
2013-06,CAKE
2013-06,CATY
2013-06,CBB
2013-06,CBSH
2013-06,CBT
2013-06,CDNS
2013-06,CECO
2013-06,CFR
2013-06,CHD
2013-06,CHS
2013-06,CIEN
2013-06,CLGX
2013-06,CLH
2013-06,CLI
2013-06,CMC
2013-06,CMG
2013-06,CMP
2013-06,CNL
2013-06,CNQR
2013-06,CNW
2013-06,CPO
2013-06,CPRT
2013-06,CPT
2013-06,CR
2013-06,CREE
2013-06,CRK
2013-06,CRL
2013-06,CRS
2013-06,CSL
2013-06,CUZ
2013-06,CVD
2013-06,CVG
2013-06,CXW
2013-06,CYH
2013-06,CYN
2013-06,CYT
2013-06,DBD
2013-06,DCI
2013-06,DECK
2013-06,DKS
2013-06,DLTR
2013-06,DLX
2013-06,DPL
2013-06,DRE
2013-06,DRIV
2013-06,DRQ
2013-06,DST
2013-06,DWA
2013-06,DYN
2013-06,EAT
2013-06,EGN
2013-06,EK
2013-06,ENDP
2013-06,ENR
2013-06,EQIX
2013-06,EQY
2013-06,ESI
2013-06,ESS
2013-06,EV
2013-06,EW
2013-06,EWBC
2013-06,EXBD
2013-06,EXH
2013-06,FAF
2013-06,FCN
2013-06,FCS
2013-06,FDS
2013-06,FICO
2013-06,FL
2013-06,FLO
2013-06,FMER
2013-06,FNF
2013-06,FNFG
2013-06,FOSL
2013-06,FRT
2013-06,FST
2013-06,FTO
2013-06,FULT
2013-06,GAS
2013-06,GDI
2013-06,GEF
2013-06,GES
2013-06,GGG
2013-06,GHL
2013-06,GMCR
2013-06,GMT
2013-06,GNTX
2013-06,GPN
2013-06,GPRO
2013-06,GVA
2013-06,GXP
2013-06,HANS
2013-06,HBI
2013-06,HCC
2013-06,HE
2013-06,HHS
2013-06,HIW
2013-06,HLX
2013-06,HMA
2013-06,HNI
2013-06,HNT
2013-06,HOLX
2013-06,HPT
2013-06,HRC
2013-06,HSC
2013-06,HSIC
2013-06,HUBB
2013-06,IBOC
2013-06,IDA
2013-06,IDTI
2013-06,IDXX
2013-06,IEX
2013-06,IM
2013-06,INFA
2013-06,IPI
2013-06,IRF
2013-06,ISCA
2013-06,ISIL
2013-06,IT
2013-06,ITRI
2013-06,JBHT
2013-06,JBLU
2013-06,JCG
2013-06,JEF
2013-06,JKHY
2013-06,JLL
2013-06,JOYG
2013-06,JWA
2013-06,KBH
2013-06,KBR
2013-06,KCI
2013-06,KEX
2013-06,KFY
2013-06,KMT
2013-06,KND
2013-06,KSU
2013-06,KWK
2013-06,LAMR
2013-06,LANC
2013-06,LECO
2013-06,LII
2013-06,LKQX
2013-06,LNCR
2013-06,LNT
2013-06,LPNT
2013-06,LPS
2013-06,LPX
2013-06,LRCX
2013-06,LRY
2013-06,LSTR
2013-06,LTM
2013-06,LZ
2013-06,MAC
2013-06,MAN
2013-06,MANT
2013-06,MASI
2013-06,MATW
2013-06,MCRS
2013-06,MCY
2013-06,MD
2013-06,MDC
2013-06,MDRX
2013-06,MDU
2013-06,MENT
2013-06,MHK
2013-06,MLHR
2013-06,MLM
2013-06,MRX
2013-06,MSA
2013-06,MSCI
2013-06,MSM
2013-06,MTD
2013-06,MTX
2013-06,NAL
2013-06,NATI
2013-06,NCI
2013-06,NCR
2013-06,NDSN
2013-06,NEU
2013-06,NFG
2013-06,NHP
2013-06,NSR
2013-06,NST
2013-06,NVE
2013-06,NVR
2013-06,NYB
2013-06,NYT
2013-06,O
2013-06,OCR
2013-06,ODP
2013-06,OFC
2013-06,OGE
2013-06,OHI
2013-06,OII
2013-06,OLN
2013-06,OMI
2013-06,ORI
2013-06,OSG
2013-06,OSK
2013-06,PACW
2013-06,PCH
2013-06,PCX
2013-06,PDE
2013-06,PETM
2013-06,PII
2013-06,PKG
2013-06,PL
2013-06,PLCM
2013-06,PLT
2013-06,PMTC
2013-06,PNM
2013-06,PNR
2013-06,PNRA
2013-06,PPDI
2013-06,PRGO
2013-06,PRI
2013-06,PRSP
2013-06,PSS
2013-06,PTEN
2013-06,PVH
2013-06,PXP
2013-06,QLGC
2013-06,QSFT
2013-06,RAH
2013-06,RAX
2013-06,RBC
2013-06,RCII
2013-06,RDK
2013-06,RE
2013-06,REG
2013-06,RFMD
2013-06,RGA
2013-06,RGS
2013-06,RJF
2013-06,RKT
2013-06,RMD
2013-06,ROL
2013-06,ROVI
2013-06,RPM
2013-06,RS
2013-06,RVBD
2013-06,RYL
2013-06,RYN
2013-06,SCHL
2013-06,SCI
2013-06,SEIC
2013-06,SFD
2013-06,SFG
2013-06,SGMS
2013-06,SIVB
2013-06,SKS
2013-06,SLAB
2013-06,SLG
2013-06,SLGN
2013-06,SLH
2013-06,SM
2013-06,SMG
2013-06,SMTC
2013-06,SNH
2013-06,SNPS
2013-06,SNV
2013-06,SON
2013-06,SPN
2013-06,SPW
2013-06,SRX
2013-06,STE
2013-06,STLD
2013-06,STR
2013-06,STRA
2013-06,SUG
2013-06,SWKS
2013-06,SXT
2013-06,TBL
2013-06,TCB
2013-06,TCO
2013-06,TDS
2013-06,TDW
2013-06,TECD
2013-06,TECH
2013-06,TEX
2013-06,TFX
2013-06,THG
2013-06,THO
2013-06,THOR
2013-06,TIBX
2013-06,TIN
2013-06,TKR
2013-06,TNB
2013-06,TOL
2013-06,TR
2013-06,TRH
2013-06,TRMB
2013-06,TRMK
2013-06,TRN
2013-06,TSCO
2013-06,TUP
2013-06,TW
2013-06,TWTC
2013-06,UA
2013-06,UDR
2013-06,UGI
2013-06,UHS
2013-06,UNT
2013-06,URI
2013-06,URS
2013-06,UTHR
2013-06,UTR
2013-06,UVV
2013-06,VAL
2013-06,VCLK
2013-06,VLY
2013-06,VMI
2013-06,VRTX
2013-06,VSH
2013-06,VVC
2013-06,WAB
2013-06,WABC
2013-06,WBS
2013-06,WCG
2013-06,WCN
2013-06,WDR
2013-06,WEN
2013-06,WERN
2013-06,WFSL
2013-06,WGL
2013-06,WGOV
2013-06,WMS
2013-06,WOOF
2013-06,WOR
2013-06,WR
2013-06,WRB
2013-06,WRC
2013-06,WRI
2013-06,WSM
2013-06,WSO
2013-06,WTR
2013-06,XEC
2013-06,ZBRA
2013-07,AAI
2013-07,AAN
2013-07,AAP
2013-07,ACI
2013-07,ACIW
2013-07,ACM
2013-07,ACV
2013-07,ACXM
2013-07,ADS
2013-07,ADTN
2013-07,ADVS
2013-07,AEO
2013-07,AF
2013-07,AFG
2013-07,AGCO
2013-07,AINV
2013-07,AJG
2013-07,ALB
2013-07,ALEX
2013-07,ALK
2013-07,AM
2013-07,AMB
2013-07,AME
2013-07,AMG
2013-07,ANN
2013-07,ANSS
2013-07,AOL
2013-07,ARE
2013-07,ARO
2013-07,ARW
2013-07,ASBC
2013-07,ASH
2013-07,ASNA
2013-07,ATK
2013-07,ATML
2013-07,ATO
2013-07,ATR
2013-07,ATW
2013-07,AVT
2013-07,AYI
2013-07,BBG
2013-07,BCO
2013-07,BEAV
2013-07,BEC
2013-07,BEZ
2013-07,BID
2013-07,BIO
2013-07,BJ
2013-07,BKH
2013-07,BKS
2013-07,BLUD
2013-07,BOBE
2013-07,BOH
2013-07,BR
2013-07,BRE
2013-07,BRO
2013-07,BUCY
2013-07,BWA
2013-07,BXS
2013-07,BYD
2013-07,BYI
2013-07,CAKE
2013-07,CATY
2013-07,CBB
2013-07,CBSH
2013-07,CBT
2013-07,CDNS
2013-07,CECO
2013-07,CFR
2013-07,CHD
2013-07,CHS
2013-07,CIEN
2013-07,CLGX
2013-07,CLH
2013-07,CLI
2013-07,CMC
2013-07,CMG
2013-07,CMP
2013-07,CNL
2013-07,CNQR
2013-07,CNW
2013-07,CPO
2013-07,CPRT
2013-07,CPT
2013-07,CR
2013-07,CREE
2013-07,CRK
2013-07,CRL
2013-07,CRS
2013-07,CSL
2013-07,CUZ
2013-07,CVD
2013-07,CVG
2013-07,CXW
2013-07,CYH
2013-07,CYN
2013-07,CYT
2013-07,DBD
2013-07,DCI
2013-07,DECK
2013-07,DKS
2013-07,DLTR
2013-07,DLX
2013-07,DPL
2013-07,DRE
2013-07,DRIV
2013-07,DRQ
2013-07,DST
2013-07,DWA
2013-07,DYN
2013-07,EAT
2013-07,EGN
2013-07,EK
2013-07,ENDP
2013-07,ENR
2013-07,EQIX
2013-07,EQY
2013-07,ESI
2013-07,ESS
2013-07,EV
2013-07,EW
2013-07,EWBC
2013-07,EXBD
2013-07,EXH
2013-07,FAF
2013-07,FCN
2013-07,FCS
2013-07,FDS
2013-07,FICO
2013-07,FL
2013-07,FLO
2013-07,FMER
2013-07,FNF
2013-07,FNFG
2013-07,FOSL
2013-07,FRT
2013-07,FST
2013-07,FTO
2013-07,FULT
2013-07,GAS
2013-07,GDI
2013-07,GEF
2013-07,GES
2013-07,GGG
2013-07,GHL
2013-07,GMCR
2013-07,GMT
2013-07,GNTX
2013-07,GPN
2013-07,GPRO
2013-07,GVA
2013-07,GXP
2013-07,HANS
2013-07,HBI
2013-07,HCC
2013-07,HE
2013-07,HHS
2013-07,HIW
2013-07,HLX
2013-07,HMA
2013-07,HNI
2013-07,HNT
2013-07,HOLX
2013-07,HPT
2013-07,HRC
2013-07,HSC
2013-07,HSIC
2013-07,HUBB
2013-07,IBOC
2013-07,IDA
2013-07,IDTI
2013-07,IDXX
2013-07,IEX
2013-07,IM
2013-07,INFA
2013-07,IPI
2013-07,IRF
2013-07,ISCA
2013-07,ISIL
2013-07,IT
2013-07,ITRI
2013-07,JBHT
2013-07,JBLU
2013-07,JCG
2013-07,JEF
2013-07,JKHY
2013-07,JLL
2013-07,JOYG
2013-07,JWA
2013-07,KBH
2013-07,KBR
2013-07,KCI
2013-07,KEX
2013-07,KFY
2013-07,KMT
2013-07,KND
2013-07,KSU
2013-07,KWK
2013-07,LAMR
2013-07,LANC
2013-07,LECO
2013-07,LII
2013-07,LKQX
2013-07,LNCR
2013-07,LNT
2013-07,LPNT
2013-07,LPS
2013-07,LPX
2013-07,LRCX
2013-07,LRY
2013-07,LSTR
2013-07,LTM
2013-07,LZ
2013-07,MAC
2013-07,MAN
2013-07,MANT
2013-07,MASI
2013-07,MATW
2013-07,MCRS
2013-07,MCY
2013-07,MD
2013-07,MDC
2013-07,MDRX
2013-07,MDU
2013-07,MENT
2013-07,MHK
2013-07,MLHR
2013-07,MLM
2013-07,MRX
2013-07,MSA
2013-07,MSCI
2013-07,MSM
2013-07,MTD
2013-07,MTX
2013-07,NAL
2013-07,NATI
2013-07,NCI
2013-07,NCR
2013-07,NDSN
2013-07,NEU
2013-07,NFG
2013-07,NHP
2013-07,NSR
2013-07,NST
2013-07,NVE
2013-07,NVR
2013-07,NYB
2013-07,NYT
2013-07,O
2013-07,OCR
2013-07,ODP
2013-07,OFC
2013-07,OGE
2013-07,OHI
2013-07,OII
2013-07,OLN
2013-07,OMI
2013-07,ORI
2013-07,OSG
2013-07,OSK
2013-07,PACW
2013-07,PCH
2013-07,PCX
2013-07,PDE
2013-07,PETM
2013-07,PII
2013-07,PKG
2013-07,PL
2013-07,PLCM
2013-07,PLT
2013-07,PMTC
2013-07,PNM
2013-07,PNR
2013-07,PNRA
2013-07,PPDI
2013-07,PRGO
2013-07,PRI
2013-07,PRSP
2013-07,PSS
2013-07,PTEN
2013-07,PVH
2013-07,PXP
2013-07,QLGC
2013-07,QSFT
2013-07,RAH
2013-07,RAX
2013-07,RBC
2013-07,RCII
2013-07,RDK
2013-07,RE
2013-07,REG
2013-07,RFMD
2013-07,RGA
2013-07,RGS
2013-07,RJF
2013-07,RKT
2013-07,RMD
2013-07,ROL
2013-07,ROVI
2013-07,RPM
2013-07,RS
2013-07,RVBD
2013-07,RYL
2013-07,RYN
2013-07,SCHL
2013-07,SCI
2013-07,SEIC
2013-07,SFD
2013-07,SFG
2013-07,SGMS
2013-07,SIVB
2013-07,SKS
2013-07,SLAB
2013-07,SLG
2013-07,SLGN
2013-07,SLH
2013-07,SM
2013-07,SMG
2013-07,SMTC
2013-07,SNH
2013-07,SNPS
2013-07,SNV
2013-07,SON
2013-07,SPN
2013-07,SPW
2013-07,SRX
2013-07,STE
2013-07,STLD
2013-07,STR
2013-07,STRA
2013-07,SUG
2013-07,SWKS
2013-07,SXT
2013-07,TBL
2013-07,TCB
2013-07,TCO
2013-07,TDS
2013-07,TDW
2013-07,TECD
2013-07,TECH
2013-07,TEX
2013-07,TFX
2013-07,THG
2013-07,THO
2013-07,THOR
2013-07,TIBX
2013-07,TIN
2013-07,TKR
2013-07,TNB
2013-07,TOL
2013-07,TR
2013-07,TRH
2013-07,TRMB
2013-07,TRMK
2013-07,TRN
2013-07,TSCO
2013-07,TUP
2013-07,TW
2013-07,TWTC
2013-07,UA
2013-07,UDR
2013-07,UGI
2013-07,UHS
2013-07,UNT
2013-07,URI
2013-07,URS
2013-07,UTHR
2013-07,UTR
2013-07,UVV
2013-07,VAL
2013-07,VCLK
2013-07,VLY
2013-07,VMI
2013-07,VRTX
2013-07,VSH
2013-07,VVC
2013-07,WAB
2013-07,WABC
2013-07,WBS
2013-07,WCG
2013-07,WCN
2013-07,WDR
2013-07,WEN
2013-07,WERN
2013-07,WFSL
2013-07,WGL
2013-07,WGOV
2013-07,WMS
2013-07,WOOF
2013-07,WOR
2013-07,WR
2013-07,WRB
2013-07,WRC
2013-07,WRI
2013-07,WSM
2013-07,WSO
2013-07,WTR
2013-07,XEC
2013-07,ZBRA
2013-08,AAN
2013-08,AAP
2013-08,ACI
2013-08,ACIW
2013-08,ACM
2013-08,ACXM
2013-08,ADS
2013-08,ADTN
2013-08,ADVS
2013-08,AEO
2013-08,AF
2013-08,AFG
2013-08,AGCO
2013-08,AHL
2013-08,AINV
2013-08,AJG
2013-08,ALB
2013-08,ALEX
2013-08,ALK
2013-08,AMB
2013-08,AME
2013-08,AMG
2013-08,ANN
2013-08,ANR
2013-08,ANSS
2013-08,AOL
2013-08,ARE
2013-08,ARO
2013-08,ARW
2013-08,ASBC
2013-08,ASH
2013-08,ASNA
2013-08,ATK
2013-08,ATML
2013-08,ATO
2013-08,ATR
2013-08,ATW
2013-08,AVT
2013-08,AYI
2013-08,BBG
2013-08,BCO
2013-08,BEAV
2013-08,BID
2013-08,BIG
2013-08,BIO
2013-08,BKH
2013-08,BKS
2013-08,BLUD
2013-08,BOBE
2013-08,BOH
2013-08,BR
2013-08,BRO
2013-08,BXS
2013-08,BYD
2013-08,BYI
2013-08,CAB
2013-08,CAKE
2013-08,CATY
2013-08,CBOE
2013-08,CBSH
2013-08,CBT
2013-08,CDNS
2013-08,CFR
2013-08,CHD
2013-08,CHS
2013-08,CIEN
2013-08,CLGX
2013-08,CLH
2013-08,CLI
2013-08,CMC
2013-08,CMG
2013-08,CMP
2013-08,CNK
2013-08,CNL
2013-08,CNQR
2013-08,CNW
2013-08,CPRT
2013-08,CPT
2013-08,CR
2013-08,CREE
2013-08,CRK
2013-08,CRL
2013-08,CRR
2013-08,CRS
2013-08,CSL
2013-08,CVD
2013-08,CVG
2013-08,CXW
2013-08,CYH
2013-08,CYN
2013-08,CYT
2013-08,DBD
2013-08,DCI
2013-08,DDD
2013-08,DECK
2013-08,DKS
2013-08,DLTR
2013-08,DLX
2013-08,DPL
2013-08,DRE
2013-08,DRIV
2013-08,DRQ
2013-08,DST
2013-08,DWA
2013-08,DYN
2013-08,EAT
2013-08,EGN
2013-08,EK
2013-08,ENDP
2013-08,ENR
2013-08,EQIX
2013-08,EQY
2013-08,ESS
2013-08,EV
2013-08,EW
2013-08,EWBC
2013-08,EXBD
2013-08,EXH
2013-08,FAF
2013-08,FCN
2013-08,FCS
2013-08,FDS
2013-08,FICO
2013-08,FL
2013-08,FLO
2013-08,FMER
2013-08,FNF
2013-08,FNFG
2013-08,FOSL
2013-08,FRT
2013-08,FST
2013-08,FTO
2013-08,FULT
2013-08,GDI
2013-08,GEF
2013-08,GES
2013-08,GGG
2013-08,GHL
2013-08,GMCR
2013-08,GMT
2013-08,GNTX
2013-08,GPN
2013-08,GPRO
2013-08,GVA
2013-08,GXP
2013-08,HANS
2013-08,HBI
2013-08,HCC
2013-08,HE
2013-08,HHS
2013-08,HIW
2013-08,HLX
2013-08,HMA
2013-08,HNI
2013-08,HNT
2013-08,HOLX
2013-08,HPT
2013-08,HRC
2013-08,HSC
2013-08,HSIC
2013-08,HSNI
2013-08,HUBB
2013-08,IBOC
2013-08,IDA
2013-08,IDTI
2013-08,IDXX
2013-08,IEX
2013-08,IM
2013-08,INFA
2013-08,IPI
2013-08,IRF
2013-08,ISCA
2013-08,ISIL
2013-08,IT
2013-08,ITRI
2013-08,ITT
2013-08,JAH
2013-08,JBHT
2013-08,JBLU
2013-08,JKHY
2013-08,JLL
2013-08,JNS
2013-08,KBH
2013-08,KBR
2013-08,KEX
2013-08,KMPR
2013-08,KMT
2013-08,KRC
2013-08,LAMR
2013-08,LANC
2013-08,LECO
2013-08,LII
2013-08,LNT
2013-08,LPNT
2013-08,LPS
2013-08,LPX
2013-08,LRY
2013-08,LSTR
2013-08,LTM
2013-08,LZ
2013-08,MAN
2013-08,MANT
2013-08,MASI
2013-08,MATW
2013-08,MCRS
2013-08,MCY
2013-08,MD
2013-08,MDC
2013-08,MDRX
2013-08,MDU
2013-08,MENT
2013-08,MHK
2013-08,MLHR
2013-08,MLM
2013-08,MRX
2013-08,MSA
2013-08,MSCI
2013-08,MSM
2013-08,MTD
2013-08,MTX
2013-08,NATI
2013-08,NCR
2013-08,NDSN
2013-08,NEU
2013-08,NFG
2013-08,NHP
2013-08,NSR
2013-08,NVE
2013-08,NVR
2013-08,NYB
2013-08,NYT
2013-08,O
2013-08,OCR
2013-08,ODP
2013-08,OFC
2013-08,OGE
2013-08,OHI
2013-08,OII
2013-08,OLN
2013-08,OMI
2013-08,ORI
2013-08,OSK
2013-08,PACW
2013-08,PB
2013-08,PCH
2013-08,PCX
2013-08,PII
2013-08,PKG
2013-08,PL
2013-08,PLCM
2013-08,PLT
2013-08,PMTC
2013-08,PNM
2013-08,PNR
2013-08,PNRA
2013-08,POST
2013-08,PPDI
2013-08,PRGO
2013-08,PRI
2013-08,PTEN
2013-08,PVH
2013-08,PXP
2013-08,RAX
2013-08,RBC
2013-08,RCII
2013-08,RDK
2013-08,RE
2013-08,REG
2013-08,RFMD
2013-08,RGA
2013-08,RGS
2013-08,RJF
2013-08,RKT
2013-08,RMD
2013-08,ROL
2013-08,ROVI
2013-08,RPM
2013-08,RS
2013-08,RVBD
2013-08,RYL
2013-08,RYN
2013-08,SCHL
2013-08,SCI
2013-08,SEIC
2013-08,SFD
2013-08,SFG
2013-08,SGMS
2013-08,SIVB
2013-08,SKS
2013-08,SLAB
2013-08,SLG
2013-08,SLGN
2013-08,SLH
2013-08,SM
2013-08,SMG
2013-08,SMTC
2013-08,SNH
2013-08,SNPS
2013-08,SNV
2013-08,SON
2013-08,SPN
2013-08,SPW
2013-08,SRX
2013-08,STE
2013-08,STLD
2013-08,STR
2013-08,STRA
2013-08,SUG
2013-08,SWKS
2013-08,SXT
2013-08,TBL
2013-08,TCB
2013-08,TCO
2013-08,TDS
2013-08,TDW
2013-08,TECD
2013-08,TECH
2013-08,TEX
2013-08,TFX
2013-08,THG
2013-08,THO
2013-08,THOR
2013-08,TIBX
2013-08,TIN
2013-08,TKR
2013-08,TNB
2013-08,TOL
2013-08,TR
2013-08,TRH
2013-08,TRMB
2013-08,TRMK
2013-08,TRN
2013-08,TSCO
2013-08,TUP
2013-08,TW
2013-08,TWTC
2013-08,UA
2013-08,UDR
2013-08,UGI
2013-08,UHS
2013-08,UNT
2013-08,URI
2013-08,URS
2013-08,UTHR
2013-08,UVV
2013-08,VAL
2013-08,VCLK
2013-08,VLY
2013-08,VMI
2013-08,VRTX
2013-08,VSH
2013-08,VVC
2013-08,WAB
2013-08,WABC
2013-08,WBS
2013-08,WCG
2013-08,WCN
2013-08,WDR
2013-08,WEN
2013-08,WERN
2013-08,WFSL
2013-08,WGL
2013-08,WGOV
2013-08,WMS
2013-08,WOOF
2013-08,WOR
2013-08,WR
2013-08,WRB
2013-08,WRC
2013-08,WRI
2013-08,WSM
2013-08,WSO
2013-08,WTR
2013-08,XEC
2013-08,Y
2013-08,ZBRA
2013-09,AAN
2013-09,AAP
2013-09,ACI
2013-09,ACIW
2013-09,ACM
2013-09,ACXM
2013-09,ADS
2013-09,ADTN
2013-09,ADVS
2013-09,AEO
2013-09,AF
2013-09,AFG
2013-09,AGCO
2013-09,AHL
2013-09,AINV
2013-09,AJG
2013-09,ALB
2013-09,ALEX
2013-09,ALK
2013-09,AMB
2013-09,AME
2013-09,AMG
2013-09,ANN
2013-09,ANR
2013-09,ANSS
2013-09,AOL
2013-09,ARE
2013-09,ARO
2013-09,ARW
2013-09,ASBC
2013-09,ASH
2013-09,ASNA
2013-09,ATK
2013-09,ATML
2013-09,ATO
2013-09,ATR
2013-09,ATW
2013-09,AVT
2013-09,AYI
2013-09,BBG
2013-09,BCO
2013-09,BEAV
2013-09,BID
2013-09,BIG
2013-09,BIO
2013-09,BKH
2013-09,BKS
2013-09,BLUD
2013-09,BOBE
2013-09,BOH
2013-09,BR
2013-09,BRO
2013-09,BXS
2013-09,BYD
2013-09,BYI
2013-09,CAB
2013-09,CAKE
2013-09,CATY
2013-09,CBOE
2013-09,CBSH
2013-09,CBT
2013-09,CDNS
2013-09,CFR
2013-09,CHD
2013-09,CHS
2013-09,CIEN
2013-09,CLGX
2013-09,CLH
2013-09,CLI
2013-09,CMC
2013-09,CMG
2013-09,CMP
2013-09,CNK
2013-09,CNL
2013-09,CNQR
2013-09,CNW
2013-09,CPRT
2013-09,CPT
2013-09,CR
2013-09,CREE
2013-09,CRK
2013-09,CRL
2013-09,CRR
2013-09,CRS
2013-09,CSL
2013-09,CVD
2013-09,CVG
2013-09,CXW
2013-09,CYH
2013-09,CYN
2013-09,CYT
2013-09,DBD
2013-09,DCI
2013-09,DDD
2013-09,DECK
2013-09,DKS
2013-09,DLTR
2013-09,DLX
2013-09,DPL
2013-09,DRE
2013-09,DRIV
2013-09,DRQ
2013-09,DST
2013-09,DWA
2013-09,DYN
2013-09,EAT
2013-09,EGN
2013-09,EK
2013-09,ENDP
2013-09,ENR
2013-09,EQIX
2013-09,EQY
2013-09,ESS
2013-09,EV
2013-09,EW
2013-09,EWBC
2013-09,EXBD
2013-09,EXH
2013-09,FAF
2013-09,FCN
2013-09,FCS
2013-09,FDS
2013-09,FICO
2013-09,FL
2013-09,FLO
2013-09,FMER
2013-09,FNF
2013-09,FNFG
2013-09,FOSL
2013-09,FRT
2013-09,FST
2013-09,FTO
2013-09,FULT
2013-09,GDI
2013-09,GEF
2013-09,GES
2013-09,GGG
2013-09,GHL
2013-09,GMCR
2013-09,GMT
2013-09,GNTX
2013-09,GPN
2013-09,GPRO
2013-09,GVA
2013-09,GXP
2013-09,HANS
2013-09,HBI
2013-09,HCC
2013-09,HE
2013-09,HHS
2013-09,HIW
2013-09,HLX
2013-09,HMA
2013-09,HNI
2013-09,HNT
2013-09,HOLX
2013-09,HPT
2013-09,HRC
2013-09,HSC
2013-09,HSIC
2013-09,HSNI
2013-09,HUBB
2013-09,IBOC
2013-09,IDA
2013-09,IDTI
2013-09,IDXX
2013-09,IEX
2013-09,IM
2013-09,INFA
2013-09,IPI
2013-09,IRF
2013-09,ISCA
2013-09,ISIL
2013-09,IT
2013-09,ITRI
2013-09,ITT
2013-09,JAH
2013-09,JBHT
2013-09,JBLU
2013-09,JKHY
2013-09,JLL
2013-09,JNS
2013-09,KBH
2013-09,KBR
2013-09,KEX
2013-09,KMPR
2013-09,KMT
2013-09,KRC
2013-09,LAMR
2013-09,LANC
2013-09,LECO
2013-09,LII
2013-09,LNT
2013-09,LPNT
2013-09,LPS
2013-09,LPX
2013-09,LRY
2013-09,LSTR
2013-09,LTM
2013-09,LZ
2013-09,MAN
2013-09,MANT
2013-09,MASI
2013-09,MATW
2013-09,MCRS
2013-09,MCY
2013-09,MD
2013-09,MDC
2013-09,MDRX
2013-09,MDU
2013-09,MENT
2013-09,MHK
2013-09,MLHR
2013-09,MLM
2013-09,MRX
2013-09,MSA
2013-09,MSCI
2013-09,MSM
2013-09,MTD
2013-09,MTX
2013-09,NATI
2013-09,NCR
2013-09,NDSN
2013-09,NEU
2013-09,NFG
2013-09,NHP
2013-09,NSR
2013-09,NVE
2013-09,NVR
2013-09,NYB
2013-09,NYT
2013-09,O
2013-09,OCR
2013-09,ODP
2013-09,OFC
2013-09,OGE
2013-09,OHI
2013-09,OII
2013-09,OLN
2013-09,OMI
2013-09,ORI
2013-09,OSK
2013-09,PACW
2013-09,PB
2013-09,PCH
2013-09,PCX
2013-09,PII
2013-09,PKG
2013-09,PL
2013-09,PLCM
2013-09,PLT
2013-09,PMTC
2013-09,PNM
2013-09,PNR
2013-09,PNRA
2013-09,POST
2013-09,PPDI
2013-09,PRGO
2013-09,PRI
2013-09,PTEN
2013-09,PVH
2013-09,PXP
2013-09,RAX
2013-09,RBC
2013-09,RCII
2013-09,RDK
2013-09,RE
2013-09,REG
2013-09,RFMD
2013-09,RGA
2013-09,RGS
2013-09,RJF
2013-09,RKT
2013-09,RMD
2013-09,ROL
2013-09,ROVI
2013-09,RPM
2013-09,RS
2013-09,RVBD
2013-09,RYL
2013-09,RYN
2013-09,SCHL
2013-09,SCI
2013-09,SEIC
2013-09,SFD
2013-09,SFG
2013-09,SGMS
2013-09,SIVB
2013-09,SKS
2013-09,SLAB
2013-09,SLG
2013-09,SLGN
2013-09,SLH
2013-09,SM
2013-09,SMG
2013-09,SMTC
2013-09,SNH
2013-09,SNPS
2013-09,SNV
2013-09,SON
2013-09,SPN
2013-09,SPW
2013-09,SRX
2013-09,STE
2013-09,STLD
2013-09,STR
2013-09,STRA
2013-09,SUG
2013-09,SWKS
2013-09,SXT
2013-09,TBL
2013-09,TCB
2013-09,TCO
2013-09,TDS
2013-09,TDW
2013-09,TECD
2013-09,TECH
2013-09,TEX
2013-09,TFX
2013-09,THG
2013-09,THO
2013-09,THOR
2013-09,TIBX
2013-09,TIN
2013-09,TKR
2013-09,TNB
2013-09,TOL
2013-09,TR
2013-09,TRH
2013-09,TRMB
2013-09,TRMK
2013-09,TRN
2013-09,TSCO
2013-09,TUP
2013-09,TW
2013-09,TWTC
2013-09,UA
2013-09,UDR
2013-09,UGI
2013-09,UHS
2013-09,UNT
2013-09,URI
2013-09,URS
2013-09,UTHR
2013-09,UVV
2013-09,VAL
2013-09,VCLK
2013-09,VLY
2013-09,VMI
2013-09,VRTX
2013-09,VSH
2013-09,VVC
2013-09,WAB
2013-09,WABC
2013-09,WBS
2013-09,WCG
2013-09,WCN
2013-09,WDR
2013-09,WEN
2013-09,WERN
2013-09,WFSL
2013-09,WGL
2013-09,WGOV
2013-09,WMS
2013-09,WOOF
2013-09,WOR
2013-09,WR
2013-09,WRB
2013-09,WRC
2013-09,WRI
2013-09,WSM
2013-09,WSO
2013-09,WTR
2013-09,XEC
2013-09,Y
2013-09,ZBRA
2013-10,AAN
2013-10,AAP
2013-10,ACC
2013-10,ACI
2013-10,ACIW
2013-10,ACM
2013-10,ACXM
2013-10,ADS
2013-10,ADTN
2013-10,ADVS
2013-10,AEO
2013-10,AF
2013-10,AFG
2013-10,AGCO
2013-10,AHL
2013-10,AINV
2013-10,AJG
2013-10,ALB
2013-10,ALEX
2013-10,ALK
2013-10,AMCX
2013-10,AMD
2013-10,AME
2013-10,AMG
2013-10,ANN
2013-10,ANR
2013-10,ANSS
2013-10,AOL
2013-10,APOL
2013-10,ARE
2013-10,ARO
2013-10,ARW
2013-10,ASBC
2013-10,ASH
2013-10,ASNA
2013-10,ATK
2013-10,ATML
2013-10,ATO
2013-10,ATR
2013-10,ATW
2013-10,AVT
2013-10,AYI
2013-10,BBG
2013-10,BCO
2013-10,BEAV
2013-10,BGC
2013-10,BID
2013-10,BIG
2013-10,BIO
2013-10,BKH
2013-10,BKS
2013-10,BLUD
2013-10,BMR
2013-10,BOBE
2013-10,BOH
2013-10,BR
2013-10,BRE
2013-10,BRO
2013-10,BXS
2013-10,BYD
2013-10,BYI
2013-10,CAB
2013-10,CAKE
2013-10,CATY
2013-10,CBOE
2013-10,CBSH
2013-10,CBST
2013-10,CBT
2013-10,CDNS
2013-10,CEB
2013-10,CFR
2013-10,CHD
2013-10,CHS
2013-10,CIEN
2013-10,CLC
2013-10,CLGX
2013-10,CLH
2013-10,CLI
2013-10,CMC
2013-10,CMG
2013-10,CMP
2013-10,CNK
2013-10,CNL
2013-10,CNQR
2013-10,CNW
2013-10,COO
2013-10,CPRT
2013-10,CPT
2013-10,CPWR
2013-10,CR
2013-10,CREE
2013-10,CRI
2013-10,CRK
2013-10,CRL
2013-10,CRR
2013-10,CRS
2013-10,CSL
2013-10,CST
2013-10,CVD
2013-10,CVG
2013-10,CVLT
2013-10,CXW
2013-10,CY
2013-10,CYH
2013-10,CYN
2013-10,CYT
2013-10,DBD
2013-10,DCI
2013-10,DDD
2013-10,DECK
2013-10,DF
2013-10,DKS
2013-10,DLTR
2013-10,DLX
2013-10,DPL
2013-10,DPZ
2013-10,DRC
2013-10,DRE
2013-10,DRIV
2013-10,DRQ
2013-10,DST
2013-10,DV
2013-10,DWA
2013-10,DYN
2013-10,EAT
2013-10,EGN
2013-10,EK
2013-10,ENDP
2013-10,ENR
2013-10,EQIX
2013-10,EQY
2013-10,ESL
2013-10,ESS
2013-10,EV
2013-10,EW
2013-10,EWBC
2013-10,EXH
2013-10,FAF
2013-10,FCN
2013-10,FCS
2013-10,FDS
2013-10,FICO
2013-10,FL
2013-10,FLO
2013-10,FMER
2013-10,FNF
2013-10,FNFG
2013-10,FOSL
2013-10,FRT
2013-10,FST
2013-10,FTO
2013-10,FULT
2013-10,GDI
2013-10,GEF
2013-10,GES
2013-10,GGG
2013-10,GHL
2013-10,GMCR
2013-10,GMT
2013-10,GNTX
2013-10,GPN
2013-10,GPRO
2013-10,GVA
2013-10,GXP
2013-10,HANS
2013-10,HBI
2013-10,HCC
2013-10,HE
2013-10,HHS
2013-10,HIW
2013-10,HLX
2013-10,HMA
2013-10,HNI
2013-10,HNT
2013-10,HOLX
2013-10,HPT
2013-10,HRC
2013-10,HSC
2013-10,HSIC
2013-10,HSNI
2013-10,HUBB
2013-10,IBOC
2013-10,IDA
2013-10,IDTI
2013-10,IDXX
2013-10,IEX
2013-10,IM
2013-10,INFA
2013-10,IPI
2013-10,IRF
2013-10,ISCA
2013-10,ISIL
2013-10,IT
2013-10,ITRI
2013-10,ITT
2013-10,JAH
2013-10,JBHT
2013-10,JBLU
2013-10,JKHY
2013-10,JLL
2013-10,JNS
2013-10,KBH
2013-10,KBR
2013-10,KEX
2013-10,KMPR
2013-10,KMT
2013-10,KRC
2013-10,LAMR
2013-10,LANC
2013-10,LECO
2013-10,LII
2013-10,LNT
2013-10,LPNT
2013-10,LPS
2013-10,LPX
2013-10,LRY
2013-10,LSTR
2013-10,LTM
2013-10,LZ
2013-10,MAN
2013-10,MANT
2013-10,MASI
2013-10,MATW
2013-10,MCRS
2013-10,MCY
2013-10,MD
2013-10,MDC
2013-10,MDRX
2013-10,MDU
2013-10,MENT
2013-10,MHK
2013-10,MLHR
2013-10,MLM
2013-10,MRX
2013-10,MSA
2013-10,MSCI
2013-10,MSM
2013-10,MTD
2013-10,MTX
2013-10,NATI
2013-10,NCR
2013-10,NDSN
2013-10,NEU
2013-10,NFG
2013-10,NHP
2013-10,NSR
2013-10,NVE
2013-10,NVR
2013-10,NYB
2013-10,NYT
2013-10,O
2013-10,OCR
2013-10,ODP
2013-10,OFC
2013-10,OGE
2013-10,OHI
2013-10,OII
2013-10,OLN
2013-10,OMI
2013-10,ORI
2013-10,OSK
2013-10,PACW
2013-10,PB
2013-10,PCH
2013-10,PCX
2013-10,PII
2013-10,PKG
2013-10,PL
2013-10,PLCM
2013-10,PLT
2013-10,PMTC
2013-10,PNM
2013-10,PNR
2013-10,PNRA
2013-10,POST
2013-10,PPDI
2013-10,PRGO
2013-10,PRI
2013-10,PTEN
2013-10,PVH
2013-10,PXP
2013-10,RAX
2013-10,RBC
2013-10,RCII
2013-10,RDK
2013-10,RE
2013-10,REG
2013-10,RFMD
2013-10,RGA
2013-10,RGS
2013-10,RJF
2013-10,RKT
2013-10,RMD
2013-10,ROL
2013-10,ROVI
2013-10,RPM
2013-10,RS
2013-10,RVBD
2013-10,RYL
2013-10,RYN
2013-10,SCHL
2013-10,SCI
2013-10,SEIC
2013-10,SFD
2013-10,SFG
2013-10,SGMS
2013-10,SIVB
2013-10,SKS
2013-10,SLAB
2013-10,SLG
2013-10,SLGN
2013-10,SLH
2013-10,SM
2013-10,SMG
2013-10,SMTC
2013-10,SNH
2013-10,SNPS
2013-10,SNV
2013-10,SON
2013-10,SPN
2013-10,SPW
2013-10,SRX
2013-10,STE
2013-10,STLD
2013-10,STR
2013-10,STRA
2013-10,SUG
2013-10,SWKS
2013-10,SXT
2013-10,TBL
2013-10,TCB
2013-10,TCO
2013-10,TDS
2013-10,TDW
2013-10,TECD
2013-10,TECH
2013-10,TEX
2013-10,TFX
2013-10,THG
2013-10,THO
2013-10,THOR
2013-10,TIBX
2013-10,TIN
2013-10,TKR
2013-10,TNB
2013-10,TOL
2013-10,TR
2013-10,TRH
2013-10,TRMB
2013-10,TRMK
2013-10,TRN
2013-10,TSCO
2013-10,TUP
2013-10,TW
2013-10,TWTC
2013-10,UA
2013-10,UDR
2013-10,UGI
2013-10,UHS
2013-10,UNT
2013-10,URI
2013-10,URS
2013-10,UTHR
2013-10,UVV
2013-10,VAL
2013-10,VCLK
2013-10,VLY
2013-10,VMI
2013-10,VRTX
2013-10,VSH
2013-10,VVC
2013-10,WAB
2013-10,WABC
2013-10,WBS
2013-10,WCG
2013-10,WCN
2013-10,WDR
2013-10,WEN
2013-10,WERN
2013-10,WFSL
2013-10,WGL
2013-10,WGOV
2013-10,WMS
2013-10,WOOF
2013-10,WOR
2013-10,WR
2013-10,WRB
2013-10,WRC
2013-10,WRI
2013-10,WSM
2013-10,WSO
2013-10,WTR
2013-10,XEC
2013-10,Y
2013-10,ZBRA
2013-11,AAN
2013-11,AAP
2013-11,ACC
2013-11,ACI
2013-11,ACIW
2013-11,ACM
2013-11,ACXM
2013-11,ADS
2013-11,ADTN
2013-11,ADVS
2013-11,AEO
2013-11,AF
2013-11,AFG
2013-11,AGCO
2013-11,AHL
2013-11,AINV
2013-11,AJG
2013-11,ALB
2013-11,ALEX
2013-11,ALK
2013-11,AMCX
2013-11,AMD
2013-11,AMG
2013-11,ANN
2013-11,ANR
2013-11,ANSS
2013-11,AOL
2013-11,APOL
2013-11,ARE
2013-11,ARO
2013-11,ARW
2013-11,ASBC
2013-11,ASH
2013-11,ASNA
2013-11,ATK
2013-11,ATML
2013-11,ATO
2013-11,ATR
2013-11,ATW
2013-11,AVT
2013-11,AYI
2013-11,BBG
2013-11,BCO
2013-11,BEAV
2013-11,BGC
2013-11,BID
2013-11,BIG
2013-11,BIO
2013-11,BKH
2013-11,BMR
2013-11,BOBE
2013-11,BOH
2013-11,BR
2013-11,BRE
2013-11,BRO
2013-11,BXS
2013-11,BYI
2013-11,CAB
2013-11,CAKE
2013-11,CATY
2013-11,CBOE
2013-11,CBSH
2013-11,CBST
2013-11,CBT
2013-11,CDNS
2013-11,CEB
2013-11,CFR
2013-11,CHD
2013-11,CHS
2013-11,CIEN
2013-11,CLC
2013-11,CLGX
2013-11,CLH
2013-11,CLI
2013-11,CMC
2013-11,CMP
2013-11,CNK
2013-11,CNL
2013-11,CNQR
2013-11,CNW
2013-11,COO
2013-11,CPRT
2013-11,CPT
2013-11,CPWR
2013-11,CR
2013-11,CREE
2013-11,CRI
2013-11,CRL
2013-11,CRR
2013-11,CRS
2013-11,CSL
2013-11,CST
2013-11,CVD
2013-11,CVG
2013-11,CVLT
2013-11,CXW
2013-11,CY
2013-11,CYH
2013-11,CYN
2013-11,CYT
2013-11,DBD
2013-11,DCI
2013-11,DDD
2013-11,DECK
2013-11,DF
2013-11,DKS
2013-11,DLX
2013-11,DPZ
2013-11,DRC
2013-11,DRE
2013-11,DRQ
2013-11,DST
2013-11,DV
2013-11,DWA
2013-11,EAT
2013-11,EGN
2013-11,ENDP
2013-11,ENR
2013-11,EQIX
2013-11,EQY
2013-11,ESL
2013-11,ESS
2013-11,EV
2013-11,EWBC
2013-11,EXP
2013-11,EXR
2013-11,FAF
2013-11,FBHS
2013-11,FCN
2013-11,FCS
2013-11,FDS
2013-11,FHN
2013-11,FICO
2013-11,FII
2013-11,FL
2013-11,FLO
2013-11,FMER
2013-11,FNF
2013-11,FNFG
2013-11,FRT
2013-11,FULT
2013-11,GEF
2013-11,GES
2013-11,GGG
2013-11,GHL
2013-11,GMCR
2013-11,GMT
2013-11,GNTX
2013-11,GPN
2013-11,GVA
2013-11,GWR
2013-11,GXP
2013-11,HBHC
2013-11,HBI
2013-11,HCC
2013-11,HE
2013-11,HFC
2013-11,HII
2013-11,HIW
2013-11,HLX
2013-11,HMA
2013-11,HME
2013-11,HMSY
2013-11,HNI
2013-11,HNT
2013-11,HOLX
2013-11,HPT
2013-11,HRC
2013-11,HSC
2013-11,HSH
2013-11,HSIC
2013-11,HSNI
2013-11,HTSI
2013-11,HUBB
2013-11,IBOC
2013-11,IDA
2013-11,IDCC
2013-11,IDTI
2013-11,IDXX
2013-11,IEX
2013-11,IM
2013-11,INFA
2013-11,INGR
2013-11,INT
2013-11,IPI
2013-11,IRF
2013-11,ISCA
2013-11,ISIL
2013-11,IT
2013-11,ITRI
2013-11,ITT
2013-11,JAH
2013-11,JBHT
2013-11,JBLU
2013-11,JKHY
2013-11,JLL
2013-11,JNS
2013-11,JWA
2013-11,KBH
2013-11,KBR
2013-11,KEX
2013-11,KMPR
2013-11,KMT
2013-11,KRC
2013-11,LAMR
2013-11,LANC
2013-11,LDOS
2013-11,LECO
2013-11,LII
2013-11,LKQ
2013-11,LNT
2013-11,LPNT
2013-11,LPS
2013-11,LPX
2013-11,LRY
2013-11,LSTR
2013-11,LTM
2013-11,LXK
2013-11,MAN
2013-11,MANT
2013-11,MASI
2013-11,MATW
2013-11,MATX
2013-11,MCRS
2013-11,MCY
2013-11,MD
2013-11,MDC
2013-11,MDP
2013-11,MDRX
2013-11,MDU
2013-11,MENT
2013-11,MHK
2013-11,MLHR
2013-11,MLM
2013-11,MNK
2013-11,MSA
2013-11,MSCI
2013-11,MSM
2013-11,MTD
2013-11,MTX
2013-11,MUSA
2013-11,MWW
2013-11,NATI
2013-11,NCR
2013-11,NDSN
2013-11,NEU
2013-11,NFG
2013-11,NNN
2013-11,NSR
2013-11,NVE
2013-11,NVR
2013-11,NYCB
2013-11,NYT
2013-11,O
2013-11,OCR
2013-11,ODP
2013-11,OFC
2013-11,OGE
2013-11,OHI
2013-11,OII
2013-11,OIS
2013-11,OLN
2013-11,OMI
2013-11,ORI
2013-11,OSK
2013-11,PAY
2013-11,PB
2013-11,PCH
2013-11,PII
2013-11,PKG
2013-11,PL
2013-11,PLCM
2013-11,PLT
2013-11,PMTC
2013-11,PNM
2013-11,PNRA
2013-11,POST
2013-11,PRI
2013-11,PTEN
2013-11,RAX
2013-11,RBC
2013-11,RCII
2013-11,RE
2013-11,REG
2013-11,RFMD
2013-11,RGA
2013-11,RGLD
2013-11,RGS
2013-11,RJF
2013-11,RKT
2013-11,RMD
2013-11,ROL
2013-11,ROSE
2013-11,ROVI
2013-11,RPM
2013-11,RRD
2013-11,RS
2013-11,RVBD
2013-11,RYN
2013-11,SAIC
2013-11,SBNY
2013-11,SCHL
2013-11,SCI
2013-11,SEIC
2013-11,SFG
2013-11,SGMS
2013-11,SIG
2013-11,SIVB
2013-11,SKS
2013-11,SLAB
2013-11,SLG
2013-11,SLGN
2013-11,SLH
2013-11,SLXP
2013-11,SM
2013-11,SMG
2013-11,SMTC
2013-11,SNH
2013-11,SNPS
2013-11,SNV
2013-11,SON
2013-11,SPN
2013-11,SPW
2013-11,STE
2013-11,STLD
2013-11,STR
2013-11,SUNE
2013-11,SVU
2013-11,SWI
2013-11,SWKS
2013-11,SXT
2013-11,TCB
2013-11,TCO
2013-11,TDS
2013-11,TDW
2013-11,TECD
2013-11,TECH
2013-11,TEX
2013-11,TFX
2013-11,TGI
2013-11,THG
2013-11,THO
2013-11,THOR
2013-11,TIBX
2013-11,TKR
2013-11,TOL
2013-11,TPX
2013-11,TR
2013-11,TRMB
2013-11,TRMK
2013-11,TRN
2013-11,TSCO
2013-11,TUP
2013-11,TW
2013-11,TWTC
2013-11,UA
2013-11,UDR
2013-11,UFS
2013-11,UGI
2013-11,UHS
2013-11,UNFI
2013-11,UNT
2013-11,URI
2013-11,URS
2013-11,UTHR
2013-11,UTIW
2013-11,UVV
2013-11,VAL
2013-11,VCI
2013-11,VCLK
2013-11,VLY
2013-11,VMI
2013-11,VSH
2013-11,VVC
2013-11,WAB
2013-11,WABC
2013-11,WAFD
2013-11,WBS
2013-11,WCG
2013-11,WCN
2013-11,WDR
2013-11,WEN
2013-11,WERN
2013-11,WEX
2013-11,WGL
2013-11,WMS
2013-11,WOOF
2013-11,WOR
2013-11,WR
2013-11,WRB
2013-11,WRI
2013-11,WSM
2013-11,WSO
2013-11,WTR
2013-11,WWAV
2013-11,WWD
2013-11,XEC
2013-11,XLS
2013-11,Y
2013-11,ZBRA
2013-12,AAN
2013-12,AAP
2013-12,ACC
2013-12,ACI
2013-12,ACIW
2013-12,ACM
2013-12,ACXM
2013-12,ADS
2013-12,ADTN
2013-12,ADVS
2013-12,AEO
2013-12,AF
2013-12,AFG
2013-12,AGCO
2013-12,AHL
2013-12,AINV
2013-12,AJG
2013-12,ALB
2013-12,ALEX
2013-12,ALK
2013-12,AMCX
2013-12,AMD
2013-12,AMG
2013-12,ANN
2013-12,ANR
2013-12,ANSS
2013-12,AOL
2013-12,APOL
2013-12,ARE
2013-12,ARO
2013-12,ARW
2013-12,ASBC
2013-12,ASH
2013-12,ASNA
2013-12,ATK
2013-12,ATML
2013-12,ATO
2013-12,ATR
2013-12,ATW
2013-12,AVT
2013-12,AYI
2013-12,BBG
2013-12,BCO
2013-12,BEAV
2013-12,BGC
2013-12,BID
2013-12,BIG
2013-12,BIO
2013-12,BKH
2013-12,BMR
2013-12,BOBE
2013-12,BOH
2013-12,BR
2013-12,BRE
2013-12,BRO
2013-12,BXS
2013-12,BYI
2013-12,CAB
2013-12,CAKE
2013-12,CATY
2013-12,CBOE
2013-12,CBSH
2013-12,CBST
2013-12,CBT
2013-12,CDNS
2013-12,CEB
2013-12,CFR
2013-12,CHD
2013-12,CHS
2013-12,CIEN
2013-12,CLC
2013-12,CLGX
2013-12,CLH
2013-12,CLI
2013-12,CMC
2013-12,CMP
2013-12,CNK
2013-12,CNL
2013-12,CNQR
2013-12,CNW
2013-12,COO
2013-12,CPRT
2013-12,CPT
2013-12,CPWR
2013-12,CR
2013-12,CREE
2013-12,CRI
2013-12,CRL
2013-12,CRR
2013-12,CRS
2013-12,CSL
2013-12,CST
2013-12,CVD
2013-12,CVG
2013-12,CVLT
2013-12,CXW
2013-12,CY
2013-12,CYH
2013-12,CYN
2013-12,CYT
2013-12,DBD
2013-12,DCI
2013-12,DDD
2013-12,DECK
2013-12,DF
2013-12,DKS
2013-12,DLX
2013-12,DPZ
2013-12,DRC
2013-12,DRE
2013-12,DRQ
2013-12,DST
2013-12,DV
2013-12,DWA
2013-12,EAT
2013-12,EGN
2013-12,ENDP
2013-12,ENR
2013-12,EQIX
2013-12,EQY
2013-12,ESL
2013-12,ESS
2013-12,EV
2013-12,EWBC
2013-12,EXP
2013-12,EXR
2013-12,FAF
2013-12,FBHS
2013-12,FCN
2013-12,FCS
2013-12,FDS
2013-12,FHN
2013-12,FICO
2013-12,FII
2013-12,FL
2013-12,FLO
2013-12,FMER
2013-12,FNF
2013-12,FNFG
2013-12,FRT
2013-12,FULT
2013-12,GEF
2013-12,GES
2013-12,GGG
2013-12,GHL
2013-12,GMCR
2013-12,GMT
2013-12,GNTX
2013-12,GPN
2013-12,GVA
2013-12,GWR
2013-12,GXP
2013-12,HBHC
2013-12,HBI
2013-12,HCC
2013-12,HE
2013-12,HFC
2013-12,HII
2013-12,HIW
2013-12,HLX
2013-12,HMA
2013-12,HME
2013-12,HMSY
2013-12,HNI
2013-12,HNT
2013-12,HOLX
2013-12,HPT
2013-12,HRC
2013-12,HSC
2013-12,HSH
2013-12,HSIC
2013-12,HSNI
2013-12,HTSI
2013-12,HUBB
2013-12,IBOC
2013-12,IDA
2013-12,IDCC
2013-12,IDTI
2013-12,IDXX
2013-12,IEX
2013-12,IM
2013-12,INFA
2013-12,INGR
2013-12,INT
2013-12,IPI
2013-12,IRF
2013-12,ISCA
2013-12,ISIL
2013-12,IT
2013-12,ITRI
2013-12,ITT
2013-12,JAH
2013-12,JBHT
2013-12,JBLU
2013-12,JKHY
2013-12,JLL
2013-12,JNS
2013-12,JWA
2013-12,KBH
2013-12,KBR
2013-12,KEX
2013-12,KMPR
2013-12,KMT
2013-12,KRC
2013-12,LAMR
2013-12,LANC
2013-12,LDOS
2013-12,LECO
2013-12,LII
2013-12,LKQ
2013-12,LNT
2013-12,LPNT
2013-12,LPS
2013-12,LPX
2013-12,LRY
2013-12,LSTR
2013-12,LTM
2013-12,LXK
2013-12,MAN
2013-12,MANT
2013-12,MASI
2013-12,MATW
2013-12,MATX
2013-12,MCRS
2013-12,MCY
2013-12,MD
2013-12,MDC
2013-12,MDP
2013-12,MDRX
2013-12,MDU
2013-12,MENT
2013-12,MHK
2013-12,MLHR
2013-12,MLM
2013-12,MNK
2013-12,MSA
2013-12,MSCI
2013-12,MSM
2013-12,MTD
2013-12,MTX
2013-12,MUSA
2013-12,MWW
2013-12,NATI
2013-12,NCR
2013-12,NDSN
2013-12,NEU
2013-12,NFG
2013-12,NNN
2013-12,NSR
2013-12,NVE
2013-12,NVR
2013-12,NYCB
2013-12,NYT
2013-12,O
2013-12,OCR
2013-12,ODP
2013-12,OFC
2013-12,OGE
2013-12,OHI
2013-12,OII
2013-12,OIS
2013-12,OLN
2013-12,OMI
2013-12,ORI
2013-12,OSK
2013-12,PAY
2013-12,PB
2013-12,PCH
2013-12,PII
2013-12,PKG
2013-12,PL
2013-12,PLCM
2013-12,PLT
2013-12,PMTC
2013-12,PNM
2013-12,PNRA
2013-12,POST
2013-12,PRI
2013-12,PTEN
2013-12,RAX
2013-12,RBC
2013-12,RCII
2013-12,RE
2013-12,REG
2013-12,RFMD
2013-12,RGA
2013-12,RGLD
2013-12,RGS
2013-12,RJF
2013-12,RKT
2013-12,RMD
2013-12,ROL
2013-12,ROSE
2013-12,ROVI
2013-12,RPM
2013-12,RRD
2013-12,RS
2013-12,RVBD
2013-12,RYN
2013-12,SAIC
2013-12,SBNY
2013-12,SCHL
2013-12,SCI
2013-12,SEIC
2013-12,SFG
2013-12,SGMS
2013-12,SIG
2013-12,SIVB
2013-12,SKS
2013-12,SLAB
2013-12,SLG
2013-12,SLGN
2013-12,SLH
2013-12,SLXP
2013-12,SM
2013-12,SMG
2013-12,SMTC
2013-12,SNH
2013-12,SNPS
2013-12,SNV
2013-12,SON
2013-12,SPN
2013-12,SPW
2013-12,STE
2013-12,STLD
2013-12,STR
2013-12,SUNE
2013-12,SVU
2013-12,SWI
2013-12,SWKS
2013-12,SXT
2013-12,TCB
2013-12,TCO
2013-12,TDS
2013-12,TDW
2013-12,TECD
2013-12,TECH
2013-12,TEX
2013-12,TFX
2013-12,TGI
2013-12,THG
2013-12,THO
2013-12,THOR
2013-12,TIBX
2013-12,TKR
2013-12,TOL
2013-12,TPX
2013-12,TR
2013-12,TRMB
2013-12,TRMK
2013-12,TRN
2013-12,TSCO
2013-12,TUP
2013-12,TW
2013-12,TWTC
2013-12,UA
2013-12,UDR
2013-12,UFS
2013-12,UGI
2013-12,UHS
2013-12,UNFI
2013-12,UNT
2013-12,URI
2013-12,URS
2013-12,UTHR
2013-12,UTIW
2013-12,UVV
2013-12,VAL
2013-12,VCI
2013-12,VCLK
2013-12,VLY
2013-12,VMI
2013-12,VSH
2013-12,VVC
2013-12,WAB
2013-12,WABC
2013-12,WAFD
2013-12,WBS
2013-12,WCG
2013-12,WCN
2013-12,WDR
2013-12,WEN
2013-12,WERN
2013-12,WEX
2013-12,WGL
2013-12,WMS
2013-12,WOOF
2013-12,WOR
2013-12,WR
2013-12,WRB
2013-12,WRI
2013-12,WSM
2013-12,WSO
2013-12,WTR
2013-12,WWAV
2013-12,WWD
2013-12,XEC
2013-12,XLS
2013-12,Y
2013-12,ZBRA
2014-01,AAN
2014-01,AAP
2014-01,ACC
2014-01,ACI
2014-01,ACIW
2014-01,ACM
2014-01,ACXM
2014-01,ADS
2014-01,ADTN
2014-01,ADVS
2014-01,AEO
2014-01,AF
2014-01,AFG
2014-01,AGCO
2014-01,AHL
2014-01,AINV
2014-01,AJG
2014-01,ALB
2014-01,ALEX
2014-01,ALK
2014-01,AMCX
2014-01,AMD
2014-01,AMG
2014-01,ANN
2014-01,ANR
2014-01,ANSS
2014-01,AOL
2014-01,APOL
2014-01,ARE
2014-01,ARO
2014-01,ARW
2014-01,ASBC
2014-01,ASH
2014-01,ASNA
2014-01,ATK
2014-01,ATML
2014-01,ATO
2014-01,ATR
2014-01,ATW
2014-01,AVT
2014-01,AYI
2014-01,BBG
2014-01,BCO
2014-01,BEAV
2014-01,BGC
2014-01,BID
2014-01,BIG
2014-01,BIO
2014-01,BKH
2014-01,BMR
2014-01,BOBE
2014-01,BOH
2014-01,BR
2014-01,BRE
2014-01,BRO
2014-01,BXS
2014-01,BYI
2014-01,CAB
2014-01,CAKE
2014-01,CATY
2014-01,CBOE
2014-01,CBSH
2014-01,CBST
2014-01,CBT
2014-01,CDNS
2014-01,CEB
2014-01,CFR
2014-01,CHD
2014-01,CHS
2014-01,CIEN
2014-01,CLC
2014-01,CLGX
2014-01,CLH
2014-01,CLI
2014-01,CMC
2014-01,CMP
2014-01,CNK
2014-01,CNL
2014-01,CNQR
2014-01,CNW
2014-01,COO
2014-01,CPRT
2014-01,CPT
2014-01,CPWR
2014-01,CR
2014-01,CREE
2014-01,CRI
2014-01,CRL
2014-01,CRR
2014-01,CRS
2014-01,CSL
2014-01,CST
2014-01,CVD
2014-01,CVG
2014-01,CVLT
2014-01,CXW
2014-01,CY
2014-01,CYH
2014-01,CYN
2014-01,CYT
2014-01,DBD
2014-01,DCI
2014-01,DDD
2014-01,DECK
2014-01,DF
2014-01,DKS
2014-01,DLX
2014-01,DPZ
2014-01,DRC
2014-01,DRE
2014-01,DRQ
2014-01,DST
2014-01,DV
2014-01,DWA
2014-01,EAT
2014-01,EGN
2014-01,ENDP
2014-01,ENR
2014-01,EQIX
2014-01,EQY
2014-01,ESL
2014-01,ESS
2014-01,EV
2014-01,EWBC
2014-01,EXP
2014-01,EXR
2014-01,FAF
2014-01,FBHS
2014-01,FCN
2014-01,FCS
2014-01,FDS
2014-01,FHN
2014-01,FICO
2014-01,FII
2014-01,FL
2014-01,FLO
2014-01,FMER
2014-01,FNF
2014-01,FNFG
2014-01,FRT
2014-01,FULT
2014-01,GEF
2014-01,GES
2014-01,GGG
2014-01,GHL
2014-01,GMCR
2014-01,GMT
2014-01,GNTX
2014-01,GPN
2014-01,GVA
2014-01,GWR
2014-01,GXP
2014-01,HBHC
2014-01,HBI
2014-01,HCC
2014-01,HE
2014-01,HFC
2014-01,HII
2014-01,HIW
2014-01,HLX
2014-01,HMA
2014-01,HME
2014-01,HMSY
2014-01,HNI
2014-01,HNT
2014-01,HOLX
2014-01,HPT
2014-01,HRC
2014-01,HSC
2014-01,HSH
2014-01,HSIC
2014-01,HSNI
2014-01,HTSI
2014-01,HUBB
2014-01,IBOC
2014-01,IDA
2014-01,IDCC
2014-01,IDTI
2014-01,IDXX
2014-01,IEX
2014-01,IM
2014-01,INFA
2014-01,INGR
2014-01,INT
2014-01,IPI
2014-01,IRF
2014-01,ISCA
2014-01,ISIL
2014-01,IT
2014-01,ITRI
2014-01,ITT
2014-01,JAH
2014-01,JBHT
2014-01,JBLU
2014-01,JKHY
2014-01,JLL
2014-01,JNS
2014-01,JWA
2014-01,KBH
2014-01,KBR
2014-01,KEX
2014-01,KMPR
2014-01,KMT
2014-01,KRC
2014-01,LAMR
2014-01,LANC
2014-01,LDOS
2014-01,LECO
2014-01,LII
2014-01,LKQ
2014-01,LNT
2014-01,LPNT
2014-01,LPS
2014-01,LPX
2014-01,LRY
2014-01,LSTR
2014-01,LTM
2014-01,LXK
2014-01,MAN
2014-01,MANT
2014-01,MASI
2014-01,MATW
2014-01,MATX
2014-01,MCRS
2014-01,MCY
2014-01,MD
2014-01,MDC
2014-01,MDP
2014-01,MDRX
2014-01,MDU
2014-01,MENT
2014-01,MHK
2014-01,MLHR
2014-01,MLM
2014-01,MNK
2014-01,MSA
2014-01,MSCI
2014-01,MSM
2014-01,MTD
2014-01,MTX
2014-01,MUSA
2014-01,MWW
2014-01,NATI
2014-01,NCR
2014-01,NDSN
2014-01,NEU
2014-01,NFG
2014-01,NNN
2014-01,NSR
2014-01,NVE
2014-01,NVR
2014-01,NYCB
2014-01,NYT
2014-01,O
2014-01,OCR
2014-01,ODP
2014-01,OFC
2014-01,OGE
2014-01,OHI
2014-01,OII
2014-01,OIS
2014-01,OLN
2014-01,OMI
2014-01,ORI
2014-01,OSK
2014-01,PAY
2014-01,PB
2014-01,PCH
2014-01,PII
2014-01,PKG
2014-01,PL
2014-01,PLCM
2014-01,PLT
2014-01,PMTC
2014-01,PNM
2014-01,PNRA
2014-01,POST
2014-01,PRI
2014-01,PTEN
2014-01,RAX
2014-01,RBC
2014-01,RCII
2014-01,RE
2014-01,REG
2014-01,RFMD
2014-01,RGA
2014-01,RGLD
2014-01,RGS
2014-01,RJF
2014-01,RKT
2014-01,RMD
2014-01,ROL
2014-01,ROSE
2014-01,ROVI
2014-01,RPM
2014-01,RRD
2014-01,RS
2014-01,RVBD
2014-01,RYN
2014-01,SAIC
2014-01,SBNY
2014-01,SCHL
2014-01,SCI
2014-01,SEIC
2014-01,SFG
2014-01,SGMS
2014-01,SIG
2014-01,SIVB
2014-01,SKS
2014-01,SLAB
2014-01,SLG
2014-01,SLGN
2014-01,SLH
2014-01,SLXP
2014-01,SM
2014-01,SMG
2014-01,SMTC
2014-01,SNH
2014-01,SNPS
2014-01,SNV
2014-01,SON
2014-01,SPN
2014-01,SPW
2014-01,STE
2014-01,STLD
2014-01,STR
2014-01,SUNE
2014-01,SVU
2014-01,SWI
2014-01,SWKS
2014-01,SXT
2014-01,TCB
2014-01,TCO
2014-01,TDS
2014-01,TDW
2014-01,TECD
2014-01,TECH
2014-01,TEX
2014-01,TFX
2014-01,TGI
2014-01,THG
2014-01,THO
2014-01,THOR
2014-01,TIBX
2014-01,TKR
2014-01,TOL
2014-01,TPX
2014-01,TR
2014-01,TRMB
2014-01,TRMK
2014-01,TRN
2014-01,TSCO
2014-01,TUP
2014-01,TW
2014-01,TWTC
2014-01,UA
2014-01,UDR
2014-01,UFS
2014-01,UGI
2014-01,UHS
2014-01,UNFI
2014-01,UNT
2014-01,URI
2014-01,URS
2014-01,UTHR
2014-01,UTIW
2014-01,UVV
2014-01,VAL
2014-01,VCI
2014-01,VCLK
2014-01,VLY
2014-01,VMI
2014-01,VSH
2014-01,VVC
2014-01,WAB
2014-01,WABC
2014-01,WAFD
2014-01,WBS
2014-01,WCG
2014-01,WCN
2014-01,WDR
2014-01,WEN
2014-01,WERN
2014-01,WEX
2014-01,WGL
2014-01,WMS
2014-01,WOOF
2014-01,WOR
2014-01,WR
2014-01,WRB
2014-01,WRI
2014-01,WSM
2014-01,WSO
2014-01,WTR
2014-01,WWAV
2014-01,WWD
2014-01,XEC
2014-01,XLS
2014-01,Y
2014-01,ZBRA
2014-02,AAN
2014-02,AAP
2014-02,ACC
2014-02,ACI
2014-02,ACIW
2014-02,ACM
2014-02,ACXM
2014-02,ADS
2014-02,ADTN
2014-02,ADVS
2014-02,AEO
2014-02,AF
2014-02,AFG
2014-02,AGCO
2014-02,AHL
2014-02,AINV
2014-02,AJG
2014-02,ALB
2014-02,ALEX
2014-02,ALK
2014-02,AMCX
2014-02,AMD
2014-02,AMG
2014-02,ANN
2014-02,ANR
2014-02,ANSS
2014-02,AOL
2014-02,APOL
2014-02,ARE
2014-02,ARO
2014-02,ARW
2014-02,ASBC
2014-02,ASH
2014-02,ASNA
2014-02,ATK
2014-02,ATML
2014-02,ATO
2014-02,ATR
2014-02,ATW
2014-02,AVT
2014-02,AYI
2014-02,BBG
2014-02,BCO
2014-02,BEAV
2014-02,BGC
2014-02,BID
2014-02,BIG
2014-02,BIO
2014-02,BKH
2014-02,BMR
2014-02,BOBE
2014-02,BOH
2014-02,BR
2014-02,BRE
2014-02,BRO
2014-02,BXS
2014-02,BYI
2014-02,CAB
2014-02,CAKE
2014-02,CATY
2014-02,CBOE
2014-02,CBSH
2014-02,CBST
2014-02,CBT
2014-02,CDNS
2014-02,CEB
2014-02,CFR
2014-02,CHD
2014-02,CHS
2014-02,CIEN
2014-02,CLC
2014-02,CLGX
2014-02,CLH
2014-02,CLI
2014-02,CMC
2014-02,CMP
2014-02,CNK
2014-02,CNL
2014-02,CNQR
2014-02,CNW
2014-02,COO
2014-02,CPRT
2014-02,CPT
2014-02,CPWR
2014-02,CR
2014-02,CREE
2014-02,CRI
2014-02,CRL
2014-02,CRR
2014-02,CRS
2014-02,CSL
2014-02,CST
2014-02,CVD
2014-02,CVG
2014-02,CVLT
2014-02,CXW
2014-02,CY
2014-02,CYH
2014-02,CYN
2014-02,CYT
2014-02,DBD
2014-02,DCI
2014-02,DDD
2014-02,DECK
2014-02,DF
2014-02,DKS
2014-02,DLX
2014-02,DPZ
2014-02,DRC
2014-02,DRE
2014-02,DRQ
2014-02,DST
2014-02,DV
2014-02,DWA
2014-02,EAT
2014-02,EGN
2014-02,ENDP
2014-02,ENR
2014-02,EQIX
2014-02,EQY
2014-02,ESL
2014-02,ESS
2014-02,EV
2014-02,EWBC
2014-02,EXP
2014-02,EXR
2014-02,FAF
2014-02,FBHS
2014-02,FCN
2014-02,FCS
2014-02,FDS
2014-02,FHN
2014-02,FICO
2014-02,FII
2014-02,FL
2014-02,FLO
2014-02,FMER
2014-02,FNF
2014-02,FNFG
2014-02,FRT
2014-02,FULT
2014-02,GEF
2014-02,GES
2014-02,GGG
2014-02,GHL
2014-02,GMCR
2014-02,GMT
2014-02,GNTX
2014-02,GPN
2014-02,GVA
2014-02,GWR
2014-02,GXP
2014-02,HBHC
2014-02,HBI
2014-02,HCC
2014-02,HE
2014-02,HFC
2014-02,HII
2014-02,HIW
2014-02,HLX
2014-02,HMA
2014-02,HME
2014-02,HMSY
2014-02,HNI
2014-02,HNT
2014-02,HOLX
2014-02,HPT
2014-02,HRC
2014-02,HSC
2014-02,HSH
2014-02,HSIC
2014-02,HSNI
2014-02,HTSI
2014-02,HUBB
2014-02,IBOC
2014-02,IDA
2014-02,IDCC
2014-02,IDTI
2014-02,IDXX
2014-02,IEX
2014-02,IM
2014-02,INFA
2014-02,INGR
2014-02,INT
2014-02,IPI
2014-02,IRF
2014-02,ISCA
2014-02,ISIL
2014-02,IT
2014-02,ITRI
2014-02,ITT
2014-02,JAH
2014-02,JBHT
2014-02,JBLU
2014-02,JKHY
2014-02,JLL
2014-02,JNS
2014-02,JWA
2014-02,KBH
2014-02,KBR
2014-02,KEX
2014-02,KMPR
2014-02,KMT
2014-02,KRC
2014-02,LAMR
2014-02,LANC
2014-02,LDOS
2014-02,LECO
2014-02,LII
2014-02,LKQ
2014-02,LNT
2014-02,LPNT
2014-02,LPS
2014-02,LPX
2014-02,LRY
2014-02,LSTR
2014-02,LTM
2014-02,LXK
2014-02,MAN
2014-02,MANT
2014-02,MASI
2014-02,MATW
2014-02,MATX
2014-02,MCRS
2014-02,MCY
2014-02,MD
2014-02,MDC
2014-02,MDP
2014-02,MDRX
2014-02,MDU
2014-02,MENT
2014-02,MHK
2014-02,MLHR
2014-02,MLM
2014-02,MNK
2014-02,MSA
2014-02,MSCI
2014-02,MSM
2014-02,MTD
2014-02,MTX
2014-02,MUSA
2014-02,MWW
2014-02,NATI
2014-02,NCR
2014-02,NDSN
2014-02,NEU
2014-02,NFG
2014-02,NNN
2014-02,NSR
2014-02,NVE
2014-02,NVR
2014-02,NYCB
2014-02,NYT
2014-02,O
2014-02,OCR
2014-02,ODP
2014-02,OFC
2014-02,OGE
2014-02,OHI
2014-02,OII
2014-02,OIS
2014-02,OLN
2014-02,OMI
2014-02,ORI
2014-02,OSK
2014-02,PAY
2014-02,PB
2014-02,PCH
2014-02,PII
2014-02,PKG
2014-02,PL
2014-02,PLCM
2014-02,PLT
2014-02,PNM
2014-02,PNRA
2014-02,POST
2014-02,PRI
2014-02,PTC
2014-02,PTEN
2014-02,RAX
2014-02,RBC
2014-02,RCII
2014-02,RE
2014-02,REG
2014-02,RFMD
2014-02,RGA
2014-02,RGLD
2014-02,RGS
2014-02,RJF
2014-02,RKT
2014-02,RMD
2014-02,ROL
2014-02,ROSE
2014-02,ROVI
2014-02,RPM
2014-02,RRD
2014-02,RS
2014-02,RVBD
2014-02,RYN
2014-02,SAIC
2014-02,SBNY
2014-02,SCHL
2014-02,SCI
2014-02,SEIC
2014-02,SFG
2014-02,SGMS
2014-02,SIG
2014-02,SIVB
2014-02,SKS
2014-02,SLAB
2014-02,SLG
2014-02,SLGN
2014-02,SLH
2014-02,SLXP
2014-02,SM
2014-02,SMG
2014-02,SMTC
2014-02,SNH
2014-02,SNPS
2014-02,SNV
2014-02,SON
2014-02,SPN
2014-02,SPW
2014-02,STE
2014-02,STLD
2014-02,STR
2014-02,SUNE
2014-02,SVU
2014-02,SWI
2014-02,SWKS
2014-02,SXT
2014-02,TCB
2014-02,TCO
2014-02,TDS
2014-02,TDW
2014-02,TECD
2014-02,TECH
2014-02,TEX
2014-02,TFX
2014-02,TGI
2014-02,THG
2014-02,THO
2014-02,THOR
2014-02,TIBX
2014-02,TKR
2014-02,TOL
2014-02,TPX
2014-02,TR
2014-02,TRMB
2014-02,TRMK
2014-02,TRN
2014-02,TSCO
2014-02,TUP
2014-02,TW
2014-02,TWTC
2014-02,UA
2014-02,UDR
2014-02,UFS
2014-02,UGI
2014-02,UHS
2014-02,UNFI
2014-02,UNT
2014-02,URI
2014-02,URS
2014-02,UTHR
2014-02,UTIW
2014-02,UVV
2014-02,VAL
2014-02,VCI
2014-02,VCLK
2014-02,VLY
2014-02,VMI
2014-02,VSH
2014-02,VVC
2014-02,WAB
2014-02,WABC
2014-02,WAFD
2014-02,WBS
2014-02,WCG
2014-02,WCN
2014-02,WDR
2014-02,WEN
2014-02,WERN
2014-02,WEX
2014-02,WGL
2014-02,WMS
2014-02,WOOF
2014-02,WOR
2014-02,WR
2014-02,WRB
2014-02,WRI
2014-02,WSM
2014-02,WSO
2014-02,WTR
2014-02,WWAV
2014-02,WWD
2014-02,XEC
2014-02,XLS
2014-02,Y
2014-02,ZBRA
2014-03,AAN
2014-03,AAP
2014-03,ACC
2014-03,ACI
2014-03,ACIW
2014-03,ACM
2014-03,ACXM
2014-03,ADS
2014-03,ADTN
2014-03,ADVS
2014-03,AEO
2014-03,AF
2014-03,AFG
2014-03,AGCO
2014-03,AHL
2014-03,AINV
2014-03,AJG
2014-03,ALB
2014-03,ALEX
2014-03,ALK
2014-03,AMCX
2014-03,AMD
2014-03,AMG
2014-03,ANN
2014-03,ANR
2014-03,ANSS
2014-03,AOL
2014-03,APOL
2014-03,ARE
2014-03,ARO
2014-03,ARW
2014-03,ASBC
2014-03,ASH
2014-03,ASNA
2014-03,ATK
2014-03,ATML
2014-03,ATO
2014-03,ATR
2014-03,ATW
2014-03,AVT
2014-03,AYI
2014-03,BBG
2014-03,BCO
2014-03,BEAV
2014-03,BGC
2014-03,BID
2014-03,BIG
2014-03,BIO
2014-03,BKH
2014-03,BMR
2014-03,BOBE
2014-03,BOH
2014-03,BR
2014-03,BRE
2014-03,BRO
2014-03,BXS
2014-03,BYI
2014-03,CAB
2014-03,CAKE
2014-03,CATY
2014-03,CBOE
2014-03,CBSH
2014-03,CBST
2014-03,CBT
2014-03,CDNS
2014-03,CEB
2014-03,CFR
2014-03,CHD
2014-03,CHS
2014-03,CIEN
2014-03,CLC
2014-03,CLGX
2014-03,CLH
2014-03,CLI
2014-03,CMC
2014-03,CMP
2014-03,CNK
2014-03,CNL
2014-03,CNQR
2014-03,CNW
2014-03,COO
2014-03,CPRT
2014-03,CPT
2014-03,CPWR
2014-03,CR
2014-03,CREE
2014-03,CRI
2014-03,CRL
2014-03,CRR
2014-03,CRS
2014-03,CSL
2014-03,CST
2014-03,CVD
2014-03,CVG
2014-03,CVLT
2014-03,CXW
2014-03,CY
2014-03,CYH
2014-03,CYN
2014-03,CYT
2014-03,DBD
2014-03,DCI
2014-03,DDD
2014-03,DECK
2014-03,DF
2014-03,DKS
2014-03,DLX
2014-03,DPZ
2014-03,DRC
2014-03,DRE
2014-03,DRQ
2014-03,DST
2014-03,DV
2014-03,DWA
2014-03,EAT
2014-03,EGN
2014-03,ENDP
2014-03,ENR
2014-03,EQIX
2014-03,EQY
2014-03,ESL
2014-03,ESS
2014-03,EV
2014-03,EWBC
2014-03,EXP
2014-03,EXR
2014-03,FAF
2014-03,FBHS
2014-03,FCN
2014-03,FCS
2014-03,FDS
2014-03,FHN
2014-03,FICO
2014-03,FII
2014-03,FL
2014-03,FLO
2014-03,FMER
2014-03,FNF
2014-03,FNFG
2014-03,FRT
2014-03,FULT
2014-03,GEF
2014-03,GES
2014-03,GGG
2014-03,GHL
2014-03,GMCR
2014-03,GMT
2014-03,GNTX
2014-03,GPN
2014-03,GVA
2014-03,GWR
2014-03,GXP
2014-03,HBHC
2014-03,HBI
2014-03,HCC
2014-03,HE
2014-03,HFC
2014-03,HII
2014-03,HIW
2014-03,HLX
2014-03,HMA
2014-03,HME
2014-03,HMSY
2014-03,HNI
2014-03,HNT
2014-03,HOLX
2014-03,HPT
2014-03,HRC
2014-03,HSC
2014-03,HSH
2014-03,HSIC
2014-03,HSNI
2014-03,HTSI
2014-03,HUBB
2014-03,IBOC
2014-03,IDA
2014-03,IDCC
2014-03,IDTI
2014-03,IDXX
2014-03,IEX
2014-03,IM
2014-03,INFA
2014-03,INGR
2014-03,INT
2014-03,IPI
2014-03,IRF
2014-03,ISCA
2014-03,ISIL
2014-03,IT
2014-03,ITRI
2014-03,ITT
2014-03,JAH
2014-03,JBHT
2014-03,JBLU
2014-03,JKHY
2014-03,JLL
2014-03,JNS
2014-03,JWA
2014-03,KBH
2014-03,KBR
2014-03,KEX
2014-03,KMPR
2014-03,KMT
2014-03,KRC
2014-03,LAMR
2014-03,LANC
2014-03,LDOS
2014-03,LECO
2014-03,LII
2014-03,LKQ
2014-03,LNT
2014-03,LPNT
2014-03,LPS
2014-03,LPX
2014-03,LRY
2014-03,LSTR
2014-03,LTM
2014-03,LXK
2014-03,MAN
2014-03,MANT
2014-03,MASI
2014-03,MATW
2014-03,MATX
2014-03,MCRS
2014-03,MCY
2014-03,MD
2014-03,MDC
2014-03,MDP
2014-03,MDRX
2014-03,MDU
2014-03,MENT
2014-03,MHK
2014-03,MLHR
2014-03,MLM
2014-03,MNK
2014-03,MSA
2014-03,MSCI
2014-03,MSM
2014-03,MTD
2014-03,MTX
2014-03,MUSA
2014-03,MWW
2014-03,NATI
2014-03,NCR
2014-03,NDSN
2014-03,NEU
2014-03,NFG
2014-03,NNN
2014-03,NSR
2014-03,NVE
2014-03,NVR
2014-03,NYCB
2014-03,NYT
2014-03,O
2014-03,OCR
2014-03,ODP
2014-03,OFC
2014-03,OGE
2014-03,OHI
2014-03,OII
2014-03,OIS
2014-03,OLN
2014-03,OMI
2014-03,ORI
2014-03,OSK
2014-03,PAY
2014-03,PB
2014-03,PCH
2014-03,PII
2014-03,PKG
2014-03,PL
2014-03,PLCM
2014-03,PLT
2014-03,PNM
2014-03,PNRA
2014-03,POST
2014-03,PRI
2014-03,PTC
2014-03,PTEN
2014-03,RAX
2014-03,RBC
2014-03,RCII
2014-03,RE
2014-03,REG
2014-03,RFMD
2014-03,RGA
2014-03,RGLD
2014-03,RGS
2014-03,RJF
2014-03,RKT
2014-03,RMD
2014-03,ROL
2014-03,ROSE
2014-03,ROVI
2014-03,RPM
2014-03,RRD
2014-03,RS
2014-03,RVBD
2014-03,RYN
2014-03,SAIC
2014-03,SBNY
2014-03,SCHL
2014-03,SCI
2014-03,SEIC
2014-03,SFG
2014-03,SGMS
2014-03,SIG
2014-03,SIVB
2014-03,SKS
2014-03,SLAB
2014-03,SLG
2014-03,SLGN
2014-03,SLH
2014-03,SLXP
2014-03,SM
2014-03,SMG
2014-03,SMTC
2014-03,SNH
2014-03,SNPS
2014-03,SNV
2014-03,SON
2014-03,SPN
2014-03,SPW
2014-03,STE
2014-03,STLD
2014-03,STR
2014-03,SUNE
2014-03,SVU
2014-03,SWI
2014-03,SWKS
2014-03,SXT
2014-03,TCB
2014-03,TCO
2014-03,TDS
2014-03,TDW
2014-03,TECD
2014-03,TECH
2014-03,TEX
2014-03,TFX
2014-03,TGI
2014-03,THG
2014-03,THO
2014-03,THOR
2014-03,TIBX
2014-03,TKR
2014-03,TOL
2014-03,TPX
2014-03,TR
2014-03,TRMB
2014-03,TRMK
2014-03,TRN
2014-03,TSCO
2014-03,TUP
2014-03,TW
2014-03,TWTC
2014-03,UA
2014-03,UDR
2014-03,UFS
2014-03,UGI
2014-03,UHS
2014-03,UNFI
2014-03,UNT
2014-03,URI
2014-03,URS
2014-03,UTHR
2014-03,UTIW
2014-03,UVV
2014-03,VAL
2014-03,VCI
2014-03,VCLK
2014-03,VLY
2014-03,VMI
2014-03,VSH
2014-03,VVC
2014-03,WAB
2014-03,WABC
2014-03,WAFD
2014-03,WBS
2014-03,WCG
2014-03,WCN
2014-03,WDR
2014-03,WEN
2014-03,WERN
2014-03,WEX
2014-03,WGL
2014-03,WMS
2014-03,WOOF
2014-03,WOR
2014-03,WR
2014-03,WRB
2014-03,WRI
2014-03,WSM
2014-03,WSO
2014-03,WTR
2014-03,WWAV
2014-03,WWD
2014-03,XEC
2014-03,XLS
2014-03,Y
2014-03,ZBRA
2014-04,AAN
2014-04,AAP
2014-04,ACC
2014-04,ACI
2014-04,ACIW
2014-04,ACM
2014-04,ACXM
2014-04,ADS
2014-04,ADTN
2014-04,ADVS
2014-04,AEO
2014-04,AF
2014-04,AFG
2014-04,AGCO
2014-04,AHL
2014-04,AINV
2014-04,AJG
2014-04,ALB
2014-04,ALEX
2014-04,ALK
2014-04,AMCX
2014-04,AMD
2014-04,AMG
2014-04,ANN
2014-04,ANR
2014-04,ANSS
2014-04,AOL
2014-04,APOL
2014-04,ARE
2014-04,ARO
2014-04,ARW
2014-04,ASBC
2014-04,ASH
2014-04,ASNA
2014-04,ATK
2014-04,ATML
2014-04,ATO
2014-04,ATR
2014-04,ATW
2014-04,AVT
2014-04,AYI
2014-04,BBG
2014-04,BCO
2014-04,BEAV
2014-04,BGC
2014-04,BID
2014-04,BIG
2014-04,BIO
2014-04,BKH
2014-04,BMR
2014-04,BOBE
2014-04,BOH
2014-04,BR
2014-04,BRE
2014-04,BRO
2014-04,BXS
2014-04,BYI
2014-04,CAB
2014-04,CAKE
2014-04,CATY
2014-04,CBOE
2014-04,CBSH
2014-04,CBST
2014-04,CBT
2014-04,CDNS
2014-04,CEB
2014-04,CFR
2014-04,CHD
2014-04,CHS
2014-04,CIEN
2014-04,CLC
2014-04,CLGX
2014-04,CLH
2014-04,CLI
2014-04,CMC
2014-04,CMP
2014-04,CNK
2014-04,CNL
2014-04,CNQR
2014-04,CNW
2014-04,COO
2014-04,CPRT
2014-04,CPT
2014-04,CPWR
2014-04,CR
2014-04,CREE
2014-04,CRI
2014-04,CRL
2014-04,CRR
2014-04,CRS
2014-04,CSL
2014-04,CST
2014-04,CVD
2014-04,CVG
2014-04,CVLT
2014-04,CXW
2014-04,CY
2014-04,CYH
2014-04,CYN
2014-04,CYT
2014-04,DBD
2014-04,DCI
2014-04,DDD
2014-04,DECK
2014-04,DF
2014-04,DKS
2014-04,DLX
2014-04,DPZ
2014-04,DRC
2014-04,DRE
2014-04,DRQ
2014-04,DST
2014-04,DV
2014-04,DWA
2014-04,EAT
2014-04,EGN
2014-04,ENDP
2014-04,ENR
2014-04,EQIX
2014-04,EQY
2014-04,ESL
2014-04,ESS
2014-04,EV
2014-04,EWBC
2014-04,EXP
2014-04,EXR
2014-04,FAF
2014-04,FBHS
2014-04,FCN
2014-04,FCS
2014-04,FDS
2014-04,FHN
2014-04,FICO
2014-04,FII
2014-04,FL
2014-04,FLO
2014-04,FMER
2014-04,FNF
2014-04,FNFG
2014-04,FRT
2014-04,FULT
2014-04,GEF
2014-04,GES
2014-04,GGG
2014-04,GHL
2014-04,GMCR
2014-04,GMT
2014-04,GNTX
2014-04,GPN
2014-04,GVA
2014-04,GWR
2014-04,GXP
2014-04,HBHC
2014-04,HBI
2014-04,HCC
2014-04,HE
2014-04,HFC
2014-04,HII
2014-04,HIW
2014-04,HLX
2014-04,HMA
2014-04,HME
2014-04,HMSY
2014-04,HNI
2014-04,HNT
2014-04,HOLX
2014-04,HPT
2014-04,HRC
2014-04,HSC
2014-04,HSH
2014-04,HSIC
2014-04,HSNI
2014-04,HTSI
2014-04,HUBB
2014-04,IBOC
2014-04,IDA
2014-04,IDCC
2014-04,IDTI
2014-04,IDXX
2014-04,IEX
2014-04,IM
2014-04,INFA
2014-04,INGR
2014-04,INT
2014-04,IPI
2014-04,IRF
2014-04,ISCA
2014-04,ISIL
2014-04,IT
2014-04,ITRI
2014-04,ITT
2014-04,JAH
2014-04,JBHT
2014-04,JBLU
2014-04,JKHY
2014-04,JLL
2014-04,JNS
2014-04,JWA
2014-04,KBH
2014-04,KBR
2014-04,KEX
2014-04,KMPR
2014-04,KMT
2014-04,KRC
2014-04,LAMR
2014-04,LANC
2014-04,LDOS
2014-04,LECO
2014-04,LII
2014-04,LKQ
2014-04,LNT
2014-04,LPNT
2014-04,LPS
2014-04,LPX
2014-04,LRY
2014-04,LSTR
2014-04,LTM
2014-04,LXK
2014-04,MAN
2014-04,MANT
2014-04,MASI
2014-04,MATW
2014-04,MATX
2014-04,MCRS
2014-04,MCY
2014-04,MD
2014-04,MDC
2014-04,MDP
2014-04,MDRX
2014-04,MDU
2014-04,MENT
2014-04,MHK
2014-04,MLHR
2014-04,MLM
2014-04,MNK
2014-04,MSA
2014-04,MSCI
2014-04,MSM
2014-04,MTD
2014-04,MTX
2014-04,MUSA
2014-04,MWW
2014-04,NATI
2014-04,NCR
2014-04,NDSN
2014-04,NEU
2014-04,NFG
2014-04,NNN
2014-04,NSR
2014-04,NVE
2014-04,NVR
2014-04,NYCB
2014-04,NYT
2014-04,O
2014-04,OCR
2014-04,ODP
2014-04,OFC
2014-04,OGE
2014-04,OHI
2014-04,OII
2014-04,OIS
2014-04,OLN
2014-04,OMI
2014-04,ORI
2014-04,OSK
2014-04,PAY
2014-04,PB
2014-04,PCH
2014-04,PII
2014-04,PKG
2014-04,PL
2014-04,PLCM
2014-04,PLT
2014-04,PNM
2014-04,PNRA
2014-04,POST
2014-04,PRI
2014-04,PTC
2014-04,PTEN
2014-04,RAX
2014-04,RBC
2014-04,RCII
2014-04,RE
2014-04,REG
2014-04,RFMD
2014-04,RGA
2014-04,RGLD
2014-04,RGS
2014-04,RJF
2014-04,RKT
2014-04,RMD
2014-04,ROL
2014-04,ROSE
2014-04,ROVI
2014-04,RPM
2014-04,RRD
2014-04,RS
2014-04,RVBD
2014-04,RYN
2014-04,SAIC
2014-04,SBNY
2014-04,SCHL
2014-04,SCI
2014-04,SEIC
2014-04,SFG
2014-04,SGMS
2014-04,SIG
2014-04,SIVB
2014-04,SKS
2014-04,SLAB
2014-04,SLG
2014-04,SLGN
2014-04,SLH
2014-04,SLXP
2014-04,SM
2014-04,SMG
2014-04,SMTC
2014-04,SNH
2014-04,SNPS
2014-04,SNV
2014-04,SON
2014-04,SPN
2014-04,SPW
2014-04,STE
2014-04,STLD
2014-04,STR
2014-04,SUNE
2014-04,SVU
2014-04,SWI
2014-04,SWKS
2014-04,SXT
2014-04,TCB
2014-04,TCO
2014-04,TDS
2014-04,TDW
2014-04,TECD
2014-04,TECH
2014-04,TEX
2014-04,TFX
2014-04,TGI
2014-04,THG
2014-04,THO
2014-04,THOR
2014-04,TIBX
2014-04,TKR
2014-04,TOL
2014-04,TPX
2014-04,TR
2014-04,TRMB
2014-04,TRMK
2014-04,TRN
2014-04,TSCO
2014-04,TUP
2014-04,TW
2014-04,TWTC
2014-04,UA
2014-04,UDR
2014-04,UFS
2014-04,UGI
2014-04,UHS
2014-04,UNFI
2014-04,UNT
2014-04,URI
2014-04,URS
2014-04,UTHR
2014-04,UTIW
2014-04,UVV
2014-04,VAL
2014-04,VCI
2014-04,VCLK
2014-04,VLY
2014-04,VMI
2014-04,VSH
2014-04,VVC
2014-04,WAB
2014-04,WABC
2014-04,WAFD
2014-04,WBS
2014-04,WCG
2014-04,WCN
2014-04,WDR
2014-04,WEN
2014-04,WERN
2014-04,WEX
2014-04,WGL
2014-04,WMS
2014-04,WOOF
2014-04,WOR
2014-04,WR
2014-04,WRB
2014-04,WRI
2014-04,WSM
2014-04,WSO
2014-04,WTR
2014-04,WWAV
2014-04,WWD
2014-04,XEC
2014-04,XLS
2014-04,Y
2014-04,ZBRA
2014-05,AAN
2014-05,AAP
2014-05,ACC
2014-05,ACI
2014-05,ACIW
2014-05,ACM
2014-05,ACXM
2014-05,ADS
2014-05,ADTN
2014-05,ADVS
2014-05,AEO
2014-05,AF
2014-05,AFG
2014-05,AGCO
2014-05,AHL
2014-05,AINV
2014-05,AJG
2014-05,ALB
2014-05,ALEX
2014-05,ALK
2014-05,AMCX
2014-05,AMD
2014-05,AMG
2014-05,ANN
2014-05,ANR
2014-05,ANSS
2014-05,AOL
2014-05,APOL
2014-05,ARE
2014-05,ARO
2014-05,ARW
2014-05,ASBC
2014-05,ASH
2014-05,ASNA
2014-05,ATK
2014-05,ATML
2014-05,ATO
2014-05,ATR
2014-05,ATW
2014-05,AVT
2014-05,AYI
2014-05,BBG
2014-05,BCO
2014-05,BEAV
2014-05,BGC
2014-05,BID
2014-05,BIG
2014-05,BIO
2014-05,BKH
2014-05,BMR
2014-05,BOBE
2014-05,BOH
2014-05,BR
2014-05,BRE
2014-05,BRO
2014-05,BXS
2014-05,BYI
2014-05,CAB
2014-05,CAKE
2014-05,CATY
2014-05,CBOE
2014-05,CBSH
2014-05,CBST
2014-05,CBT
2014-05,CDNS
2014-05,CEB
2014-05,CFR
2014-05,CHD
2014-05,CHS
2014-05,CIEN
2014-05,CLC
2014-05,CLGX
2014-05,CLH
2014-05,CLI
2014-05,CMC
2014-05,CMP
2014-05,CNK
2014-05,CNL
2014-05,CNQR
2014-05,CNW
2014-05,COO
2014-05,CPRT
2014-05,CPT
2014-05,CPWR
2014-05,CR
2014-05,CREE
2014-05,CRI
2014-05,CRL
2014-05,CRR
2014-05,CRS
2014-05,CSL
2014-05,CST
2014-05,CVD
2014-05,CVG
2014-05,CVLT
2014-05,CXW
2014-05,CY
2014-05,CYH
2014-05,CYN
2014-05,CYT
2014-05,DBD
2014-05,DCI
2014-05,DDD
2014-05,DECK
2014-05,DF
2014-05,DKS
2014-05,DLX
2014-05,DPZ
2014-05,DRC
2014-05,DRE
2014-05,DRQ
2014-05,DST
2014-05,DV
2014-05,DWA
2014-05,EAT
2014-05,EGN
2014-05,ENDP
2014-05,ENR
2014-05,EQIX
2014-05,EQY
2014-05,ESL
2014-05,ESS
2014-05,EV
2014-05,EWBC
2014-05,EXP
2014-05,EXR
2014-05,FAF
2014-05,FBHS
2014-05,FCN
2014-05,FCS
2014-05,FDS
2014-05,FHN
2014-05,FICO
2014-05,FII
2014-05,FL
2014-05,FLO
2014-05,FMER
2014-05,FNF
2014-05,FNFG
2014-05,FRT
2014-05,FULT
2014-05,GEF
2014-05,GES
2014-05,GGG
2014-05,GHL
2014-05,GMCR
2014-05,GMT
2014-05,GNTX
2014-05,GPN
2014-05,GVA
2014-05,GWR
2014-05,GXP
2014-05,HBHC
2014-05,HBI
2014-05,HCC
2014-05,HE
2014-05,HFC
2014-05,HII
2014-05,HIW
2014-05,HLX
2014-05,HMA
2014-05,HME
2014-05,HMSY
2014-05,HNI
2014-05,HNT
2014-05,HOLX
2014-05,HPT
2014-05,HRC
2014-05,HSC
2014-05,HSH
2014-05,HSIC
2014-05,HSNI
2014-05,HTSI
2014-05,HUBB
2014-05,IBOC
2014-05,IDA
2014-05,IDCC
2014-05,IDTI
2014-05,IDXX
2014-05,IEX
2014-05,IM
2014-05,INFA
2014-05,INGR
2014-05,INT
2014-05,IPI
2014-05,IRF
2014-05,ISCA
2014-05,ISIL
2014-05,IT
2014-05,ITRI
2014-05,ITT
2014-05,JAH
2014-05,JBHT
2014-05,JBLU
2014-05,JKHY
2014-05,JLL
2014-05,JNS
2014-05,JWA
2014-05,KBH
2014-05,KBR
2014-05,KEX
2014-05,KMPR
2014-05,KMT
2014-05,KRC
2014-05,LAMR
2014-05,LANC
2014-05,LDOS
2014-05,LECO
2014-05,LII
2014-05,LKQ
2014-05,LNT
2014-05,LPNT
2014-05,LPS
2014-05,LPX
2014-05,LRY
2014-05,LSTR
2014-05,LTM
2014-05,LXK
2014-05,MAN
2014-05,MANT
2014-05,MASI
2014-05,MATW
2014-05,MATX
2014-05,MCRS
2014-05,MCY
2014-05,MD
2014-05,MDC
2014-05,MDP
2014-05,MDRX
2014-05,MDU
2014-05,MENT
2014-05,MHK
2014-05,MLHR
2014-05,MLM
2014-05,MNK
2014-05,MSA
2014-05,MSCI
2014-05,MSM
2014-05,MTD
2014-05,MTX
2014-05,MUSA
2014-05,MWW
2014-05,NATI
2014-05,NCR
2014-05,NDSN
2014-05,NEU
2014-05,NFG
2014-05,NNN
2014-05,NSR
2014-05,NVE
2014-05,NVR
2014-05,NYCB
2014-05,NYT
2014-05,O
2014-05,OCR
2014-05,ODP
2014-05,OFC
2014-05,OGE
2014-05,OHI
2014-05,OII
2014-05,OIS
2014-05,OLN
2014-05,OMI
2014-05,ORI
2014-05,OSK
2014-05,PAY
2014-05,PB
2014-05,PCH
2014-05,PII
2014-05,PKG
2014-05,PL
2014-05,PLCM
2014-05,PLT
2014-05,PNM
2014-05,PNRA
2014-05,POST
2014-05,PRI
2014-05,PTC
2014-05,PTEN
2014-05,RAX
2014-05,RBC
2014-05,RCII
2014-05,RE
2014-05,REG
2014-05,RFMD
2014-05,RGA
2014-05,RGLD
2014-05,RGS
2014-05,RJF
2014-05,RKT
2014-05,RMD
2014-05,ROL
2014-05,ROSE
2014-05,ROVI
2014-05,RPM
2014-05,RRD
2014-05,RS
2014-05,RVBD
2014-05,RYN
2014-05,SAIC
2014-05,SBNY
2014-05,SCHL
2014-05,SCI
2014-05,SEIC
2014-05,SFG
2014-05,SGMS
2014-05,SIG
2014-05,SIVB
2014-05,SKS
2014-05,SLAB
2014-05,SLG
2014-05,SLGN
2014-05,SLH
2014-05,SLXP
2014-05,SM
2014-05,SMG
2014-05,SMTC
2014-05,SNH
2014-05,SNPS
2014-05,SNV
2014-05,SON
2014-05,SPN
2014-05,SPW
2014-05,STE
2014-05,STLD
2014-05,STR
2014-05,SUNE
2014-05,SVU
2014-05,SWI
2014-05,SWKS
2014-05,SXT
2014-05,TCB
2014-05,TCO
2014-05,TDS
2014-05,TDW
2014-05,TECD
2014-05,TECH
2014-05,TEX
2014-05,TFX
2014-05,TGI
2014-05,THG
2014-05,THO
2014-05,THOR
2014-05,TIBX
2014-05,TKR
2014-05,TOL
2014-05,TPX
2014-05,TR
2014-05,TRMB
2014-05,TRMK
2014-05,TRN
2014-05,TSCO
2014-05,TUP
2014-05,TW
2014-05,TWTC
2014-05,UA
2014-05,UDR
2014-05,UFS
2014-05,UGI
2014-05,UHS
2014-05,UNFI
2014-05,UNT
2014-05,URI
2014-05,URS
2014-05,UTHR
2014-05,UTIW
2014-05,UVV
2014-05,VAL
2014-05,VCI
2014-05,VCLK
2014-05,VLY
2014-05,VMI
2014-05,VSH
2014-05,VVC
2014-05,WAB
2014-05,WABC
2014-05,WAFD
2014-05,WBS
2014-05,WCG
2014-05,WCN
2014-05,WDR
2014-05,WEN
2014-05,WERN
2014-05,WEX
2014-05,WGL
2014-05,WMS
2014-05,WOOF
2014-05,WOR
2014-05,WR
2014-05,WRB
2014-05,WRI
2014-05,WSM
2014-05,WSO
2014-05,WTR
2014-05,WWAV
2014-05,WWD
2014-05,XEC
2014-05,XLS
2014-05,Y
2014-05,ZBRA
2014-06,AAN
2014-06,AAP
2014-06,ACC
2014-06,ACI
2014-06,ACIW
2014-06,ACM
2014-06,ACXM
2014-06,ADS
2014-06,ADTN
2014-06,ADVS
2014-06,AEO
2014-06,AF
2014-06,AFG
2014-06,AGCO
2014-06,AHL
2014-06,AINV
2014-06,AJG
2014-06,ALB
2014-06,ALEX
2014-06,ALK
2014-06,AMCX
2014-06,AMD
2014-06,AMG
2014-06,ANN
2014-06,ANR
2014-06,ANSS
2014-06,AOL
2014-06,APOL
2014-06,ARE
2014-06,ARO
2014-06,ARW
2014-06,ASBC
2014-06,ASH
2014-06,ASNA
2014-06,ATK
2014-06,ATML
2014-06,ATO
2014-06,ATR
2014-06,ATW
2014-06,AVT
2014-06,AYI
2014-06,BBG
2014-06,BCO
2014-06,BEAV
2014-06,BGC
2014-06,BID
2014-06,BIG
2014-06,BIO
2014-06,BKH
2014-06,BMR
2014-06,BOBE
2014-06,BOH
2014-06,BR
2014-06,BRE
2014-06,BRO
2014-06,BXS
2014-06,BYI
2014-06,CAB
2014-06,CAKE
2014-06,CATY
2014-06,CBOE
2014-06,CBSH
2014-06,CBST
2014-06,CBT
2014-06,CDNS
2014-06,CEB
2014-06,CFR
2014-06,CHD
2014-06,CHS
2014-06,CIEN
2014-06,CLC
2014-06,CLGX
2014-06,CLH
2014-06,CLI
2014-06,CMC
2014-06,CMP
2014-06,CNK
2014-06,CNL
2014-06,CNQR
2014-06,CNW
2014-06,COO
2014-06,CPRT
2014-06,CPT
2014-06,CPWR
2014-06,CR
2014-06,CREE
2014-06,CRI
2014-06,CRL
2014-06,CRR
2014-06,CRS
2014-06,CSL
2014-06,CST
2014-06,CVD
2014-06,CVG
2014-06,CVLT
2014-06,CXW
2014-06,CY
2014-06,CYH
2014-06,CYN
2014-06,CYT
2014-06,DBD
2014-06,DCI
2014-06,DDD
2014-06,DECK
2014-06,DF
2014-06,DKS
2014-06,DLX
2014-06,DPZ
2014-06,DRC
2014-06,DRE
2014-06,DRQ
2014-06,DST
2014-06,DV
2014-06,DWA
2014-06,EAT
2014-06,EGN
2014-06,ENDP
2014-06,ENR
2014-06,EQIX
2014-06,EQY
2014-06,ESL
2014-06,ESS
2014-06,EV
2014-06,EWBC
2014-06,EXP
2014-06,EXR
2014-06,FAF
2014-06,FBHS
2014-06,FCN
2014-06,FCS
2014-06,FDS
2014-06,FHN
2014-06,FICO
2014-06,FII
2014-06,FL
2014-06,FLO
2014-06,FMER
2014-06,FNF
2014-06,FNFG
2014-06,FRT
2014-06,FULT
2014-06,GEF
2014-06,GES
2014-06,GGG
2014-06,GHL
2014-06,GMCR
2014-06,GMT
2014-06,GNTX
2014-06,GPN
2014-06,GVA
2014-06,GWR
2014-06,GXP
2014-06,HBHC
2014-06,HBI
2014-06,HCC
2014-06,HE
2014-06,HFC
2014-06,HII
2014-06,HIW
2014-06,HLX
2014-06,HMA
2014-06,HME
2014-06,HMSY
2014-06,HNI
2014-06,HNT
2014-06,HOLX
2014-06,HPT
2014-06,HRC
2014-06,HSC
2014-06,HSH
2014-06,HSIC
2014-06,HSNI
2014-06,HTSI
2014-06,HUBB
2014-06,IBOC
2014-06,IDA
2014-06,IDCC
2014-06,IDTI
2014-06,IDXX
2014-06,IEX
2014-06,IM
2014-06,INFA
2014-06,INGR
2014-06,INT
2014-06,IPI
2014-06,IRF
2014-06,ISCA
2014-06,ISIL
2014-06,IT
2014-06,ITRI
2014-06,ITT
2014-06,JAH
2014-06,JBHT
2014-06,JBLU
2014-06,JKHY
2014-06,JLL
2014-06,JNS
2014-06,JWA
2014-06,KBH
2014-06,KBR
2014-06,KEX
2014-06,KMPR
2014-06,KMT
2014-06,KRC
2014-06,LAMR
2014-06,LANC
2014-06,LDOS
2014-06,LECO
2014-06,LII
2014-06,LKQ
2014-06,LNT
2014-06,LPNT
2014-06,LPS
2014-06,LPX
2014-06,LRY
2014-06,LSTR
2014-06,LTM
2014-06,LXK
2014-06,MAN
2014-06,MANT
2014-06,MASI
2014-06,MATW
2014-06,MATX
2014-06,MCRS
2014-06,MCY
2014-06,MD
2014-06,MDC
2014-06,MDP
2014-06,MDRX
2014-06,MDU
2014-06,MENT
2014-06,MHK
2014-06,MLHR
2014-06,MLM
2014-06,MNK
2014-06,MSA
2014-06,MSCI
2014-06,MSM
2014-06,MTD
2014-06,MTX
2014-06,MUSA
2014-06,MWW
2014-06,NATI
2014-06,NCR
2014-06,NDSN
2014-06,NEU
2014-06,NFG
2014-06,NNN
2014-06,NSR
2014-06,NVE
2014-06,NVR
2014-06,NYCB
2014-06,NYT
2014-06,O
2014-06,OCR
2014-06,ODP
2014-06,OFC
2014-06,OGE
2014-06,OHI
2014-06,OII
2014-06,OIS
2014-06,OLN
2014-06,OMI
2014-06,ORI
2014-06,OSK
2014-06,PAY
2014-06,PB
2014-06,PCH
2014-06,PII
2014-06,PKG
2014-06,PL
2014-06,PLCM
2014-06,PLT
2014-06,PNM
2014-06,PNRA
2014-06,POST
2014-06,PRI
2014-06,PTC
2014-06,PTEN
2014-06,RAX
2014-06,RBC
2014-06,RCII
2014-06,RE
2014-06,REG
2014-06,RFMD
2014-06,RGA
2014-06,RGLD
2014-06,RGS
2014-06,RJF
2014-06,RKT
2014-06,RMD
2014-06,ROL
2014-06,ROSE
2014-06,ROVI
2014-06,RPM
2014-06,RRD
2014-06,RS
2014-06,RVBD
2014-06,RYN
2014-06,SAIC
2014-06,SBNY
2014-06,SCHL
2014-06,SCI
2014-06,SEIC
2014-06,SFG
2014-06,SGMS
2014-06,SIG
2014-06,SIVB
2014-06,SKS
2014-06,SLAB
2014-06,SLG
2014-06,SLGN
2014-06,SLH
2014-06,SLXP
2014-06,SM
2014-06,SMG
2014-06,SMTC
2014-06,SNH
2014-06,SNPS
2014-06,SNV
2014-06,SON
2014-06,SPN
2014-06,SPW
2014-06,STE
2014-06,STLD
2014-06,STR
2014-06,SUNE
2014-06,SVU
2014-06,SWI
2014-06,SWKS
2014-06,SXT
2014-06,TCB
2014-06,TCO
2014-06,TDS
2014-06,TDW
2014-06,TECD
2014-06,TECH
2014-06,TEX
2014-06,TFX
2014-06,TGI
2014-06,THG
2014-06,THO
2014-06,THOR
2014-06,TIBX
2014-06,TKR
2014-06,TOL
2014-06,TPX
2014-06,TR
2014-06,TRMB
2014-06,TRMK
2014-06,TRN
2014-06,TSCO
2014-06,TUP
2014-06,TW
2014-06,TWTC
2014-06,UA
2014-06,UDR
2014-06,UFS
2014-06,UGI
2014-06,UHS
2014-06,UNFI
2014-06,UNT
2014-06,URI
2014-06,URS
2014-06,UTHR
2014-06,UTIW
2014-06,UVV
2014-06,VAL
2014-06,VCI
2014-06,VCLK
2014-06,VLY
2014-06,VMI
2014-06,VSH
2014-06,VVC
2014-06,WAB
2014-06,WABC
2014-06,WAFD
2014-06,WBS
2014-06,WCG
2014-06,WCN
2014-06,WDR
2014-06,WEN
2014-06,WERN
2014-06,WEX
2014-06,WGL
2014-06,WMS
2014-06,WOOF
2014-06,WOR
2014-06,WR
2014-06,WRB
2014-06,WRI
2014-06,WSM
2014-06,WSO
2014-06,WTR
2014-06,WWAV
2014-06,WWD
2014-06,XEC
2014-06,XLS
2014-06,Y
2014-06,ZBRA
2014-07,AAN
2014-07,AAP
2014-07,ACC
2014-07,ACI
2014-07,ACIW
2014-07,ACM
2014-07,ACXM
2014-07,ADS
2014-07,ADTN
2014-07,ADVS
2014-07,AEO
2014-07,AF
2014-07,AFG
2014-07,AGCO
2014-07,AHL
2014-07,AINV
2014-07,AJG
2014-07,ALB
2014-07,ALEX
2014-07,ALK
2014-07,AMCX
2014-07,AMD
2014-07,AMG
2014-07,ANN
2014-07,ANR
2014-07,ANSS
2014-07,AOL
2014-07,APOL
2014-07,ARE
2014-07,ARO
2014-07,ARW
2014-07,ASBC
2014-07,ASH
2014-07,ASNA
2014-07,ATK
2014-07,ATML
2014-07,ATO
2014-07,ATR
2014-07,ATW
2014-07,AVT
2014-07,AYI
2014-07,BBG
2014-07,BCO
2014-07,BEAV
2014-07,BGC
2014-07,BID
2014-07,BIG
2014-07,BIO
2014-07,BKH
2014-07,BMR
2014-07,BOBE
2014-07,BOH
2014-07,BR
2014-07,BRE
2014-07,BRO
2014-07,BXS
2014-07,BYI
2014-07,CAB
2014-07,CAKE
2014-07,CATY
2014-07,CBOE
2014-07,CBSH
2014-07,CBST
2014-07,CBT
2014-07,CDNS
2014-07,CEB
2014-07,CFR
2014-07,CHD
2014-07,CHS
2014-07,CIEN
2014-07,CLC
2014-07,CLGX
2014-07,CLH
2014-07,CLI
2014-07,CMC
2014-07,CMP
2014-07,CNK
2014-07,CNL
2014-07,CNQR
2014-07,CNW
2014-07,COO
2014-07,CPRT
2014-07,CPT
2014-07,CPWR
2014-07,CR
2014-07,CREE
2014-07,CRI
2014-07,CRL
2014-07,CRR
2014-07,CRS
2014-07,CSL
2014-07,CST
2014-07,CVD
2014-07,CVG
2014-07,CVLT
2014-07,CXW
2014-07,CY
2014-07,CYH
2014-07,CYN
2014-07,CYT
2014-07,DBD
2014-07,DCI
2014-07,DDD
2014-07,DECK
2014-07,DF
2014-07,DKS
2014-07,DLX
2014-07,DPZ
2014-07,DRC
2014-07,DRE
2014-07,DRQ
2014-07,DST
2014-07,DV
2014-07,DWA
2014-07,EAT
2014-07,EGN
2014-07,ENDP
2014-07,ENR
2014-07,EQIX
2014-07,EQY
2014-07,ESL
2014-07,ESS
2014-07,EV
2014-07,EWBC
2014-07,EXP
2014-07,EXR
2014-07,FAF
2014-07,FBHS
2014-07,FCN
2014-07,FCS
2014-07,FDS
2014-07,FHN
2014-07,FICO
2014-07,FII
2014-07,FL
2014-07,FLO
2014-07,FMER
2014-07,FNF
2014-07,FNFG
2014-07,FRT
2014-07,FULT
2014-07,GEF
2014-07,GES
2014-07,GGG
2014-07,GHL
2014-07,GMCR
2014-07,GMT
2014-07,GNTX
2014-07,GPN
2014-07,GVA
2014-07,GWR
2014-07,GXP
2014-07,HBHC
2014-07,HBI
2014-07,HCC
2014-07,HE
2014-07,HFC
2014-07,HII
2014-07,HIW
2014-07,HLX
2014-07,HMA
2014-07,HME
2014-07,HMSY
2014-07,HNI
2014-07,HNT
2014-07,HOLX
2014-07,HPT
2014-07,HRC
2014-07,HSC
2014-07,HSH
2014-07,HSIC
2014-07,HSNI
2014-07,HTSI
2014-07,HUBB
2014-07,IBOC
2014-07,IDA
2014-07,IDCC
2014-07,IDTI
2014-07,IDXX
2014-07,IEX
2014-07,IM
2014-07,INFA
2014-07,INGR
2014-07,INT
2014-07,IPI
2014-07,IRF
2014-07,ISCA
2014-07,ISIL
2014-07,IT
2014-07,ITRI
2014-07,ITT
2014-07,JAH
2014-07,JBHT
2014-07,JBLU
2014-07,JKHY
2014-07,JLL
2014-07,JNS
2014-07,JWA
2014-07,KBH
2014-07,KBR
2014-07,KEX
2014-07,KMPR
2014-07,KMT
2014-07,KRC
2014-07,LAMR
2014-07,LANC
2014-07,LDOS
2014-07,LECO
2014-07,LII
2014-07,LKQ
2014-07,LNT
2014-07,LPNT
2014-07,LPS
2014-07,LPX
2014-07,LRY
2014-07,LSTR
2014-07,LTM
2014-07,LXK
2014-07,MAN
2014-07,MANT
2014-07,MASI
2014-07,MATW
2014-07,MATX
2014-07,MCRS
2014-07,MCY
2014-07,MD
2014-07,MDC
2014-07,MDP
2014-07,MDRX
2014-07,MDU
2014-07,MENT
2014-07,MHK
2014-07,MLHR
2014-07,MLM
2014-07,MNK
2014-07,MSA
2014-07,MSCI
2014-07,MSM
2014-07,MTD
2014-07,MTX
2014-07,MUSA
2014-07,MWW
2014-07,NATI
2014-07,NCR
2014-07,NDSN
2014-07,NEU
2014-07,NFG
2014-07,NNN
2014-07,NSR
2014-07,NVE
2014-07,NVR
2014-07,NYCB
2014-07,NYT
2014-07,O
2014-07,OCR
2014-07,ODP
2014-07,OFC
2014-07,OGE
2014-07,OHI
2014-07,OII
2014-07,OIS
2014-07,OLN
2014-07,OMI
2014-07,ORI
2014-07,OSK
2014-07,PAY
2014-07,PB
2014-07,PCH
2014-07,PII
2014-07,PKG
2014-07,PL
2014-07,PLCM
2014-07,PLT
2014-07,PNM
2014-07,PNRA
2014-07,POST
2014-07,PRI
2014-07,PTC
2014-07,PTEN
2014-07,RAX
2014-07,RBC
2014-07,RCII
2014-07,RE
2014-07,REG
2014-07,RFMD
2014-07,RGA
2014-07,RGLD
2014-07,RGS
2014-07,RJF
2014-07,RKT
2014-07,RMD
2014-07,ROL
2014-07,ROSE
2014-07,ROVI
2014-07,RPM
2014-07,RRD
2014-07,RS
2014-07,RVBD
2014-07,RYN
2014-07,SAIC
2014-07,SBNY
2014-07,SCHL
2014-07,SCI
2014-07,SEIC
2014-07,SFG
2014-07,SGMS
2014-07,SIG
2014-07,SIVB
2014-07,SKS
2014-07,SLAB
2014-07,SLG
2014-07,SLGN
2014-07,SLH
2014-07,SLXP
2014-07,SM
2014-07,SMG
2014-07,SMTC
2014-07,SNH
2014-07,SNPS
2014-07,SNV
2014-07,SON
2014-07,SPN
2014-07,SPW
2014-07,STE
2014-07,STLD
2014-07,STR
2014-07,SUNE
2014-07,SVU
2014-07,SWI
2014-07,SWKS
2014-07,SXT
2014-07,TCB
2014-07,TCO
2014-07,TDS
2014-07,TDW
2014-07,TECD
2014-07,TECH
2014-07,TEX
2014-07,TFX
2014-07,TGI
2014-07,THG
2014-07,THO
2014-07,THOR
2014-07,TIBX
2014-07,TKR
2014-07,TOL
2014-07,TPX
2014-07,TR
2014-07,TRMB
2014-07,TRMK
2014-07,TRN
2014-07,TSCO
2014-07,TUP
2014-07,TW
2014-07,TWTC
2014-07,UA
2014-07,UDR
2014-07,UFS
2014-07,UGI
2014-07,UHS
2014-07,UNFI
2014-07,UNT
2014-07,URI
2014-07,URS
2014-07,UTHR
2014-07,UTIW
2014-07,UVV
2014-07,VAL
2014-07,VCI
2014-07,VCLK
2014-07,VLY
2014-07,VMI
2014-07,VSH
2014-07,VVC
2014-07,WAB
2014-07,WABC
2014-07,WAFD
2014-07,WBS
2014-07,WCG
2014-07,WCN
2014-07,WDR
2014-07,WEN
2014-07,WERN
2014-07,WEX
2014-07,WGL
2014-07,WMS
2014-07,WOOF
2014-07,WOR
2014-07,WR
2014-07,WRB
2014-07,WRI
2014-07,WSM
2014-07,WSO
2014-07,WTR
2014-07,WWAV
2014-07,WWD
2014-07,XEC
2014-07,XLS
2014-07,Y
2014-07,ZBRA
2014-08,AAN
2014-08,AAP
2014-08,ACC
2014-08,ACI
2014-08,ACIW
2014-08,ACM
2014-08,ACXM
2014-08,ADS
2014-08,ADTN
2014-08,ADVS
2014-08,AEO
2014-08,AF
2014-08,AFG
2014-08,AGCO
2014-08,AHL
2014-08,AINV
2014-08,AJG
2014-08,ALB
2014-08,ALEX
2014-08,ALK
2014-08,AMCX
2014-08,AMD
2014-08,AMG
2014-08,ANN
2014-08,ANR
2014-08,ANSS
2014-08,AOL
2014-08,APOL
2014-08,ARE
2014-08,ARO
2014-08,ARW
2014-08,ASBC
2014-08,ASH
2014-08,ASNA
2014-08,ATK
2014-08,ATML
2014-08,ATO
2014-08,ATR
2014-08,ATW
2014-08,AVT
2014-08,AYI
2014-08,BBG
2014-08,BCO
2014-08,BEAV
2014-08,BGC
2014-08,BID
2014-08,BIG
2014-08,BIO
2014-08,BKH
2014-08,BMR
2014-08,BOBE
2014-08,BOH
2014-08,BR
2014-08,BRE
2014-08,BRO
2014-08,BXS
2014-08,BYI
2014-08,CAB
2014-08,CAKE
2014-08,CATY
2014-08,CBOE
2014-08,CBSH
2014-08,CBST
2014-08,CBT
2014-08,CDNS
2014-08,CEB
2014-08,CFR
2014-08,CHD
2014-08,CHS
2014-08,CIEN
2014-08,CLC
2014-08,CLGX
2014-08,CLH
2014-08,CLI
2014-08,CMC
2014-08,CMP
2014-08,CNK
2014-08,CNL
2014-08,CNQR
2014-08,CNW
2014-08,COO
2014-08,CPRT
2014-08,CPT
2014-08,CPWR
2014-08,CR
2014-08,CREE
2014-08,CRI
2014-08,CRL
2014-08,CRR
2014-08,CRS
2014-08,CSL
2014-08,CST
2014-08,CVD
2014-08,CVG
2014-08,CVLT
2014-08,CXW
2014-08,CY
2014-08,CYH
2014-08,CYN
2014-08,CYT
2014-08,DBD
2014-08,DCI
2014-08,DDD
2014-08,DECK
2014-08,DF
2014-08,DKS
2014-08,DLX
2014-08,DPZ
2014-08,DRC
2014-08,DRE
2014-08,DRQ
2014-08,DST
2014-08,DV
2014-08,DWA
2014-08,EAT
2014-08,EGN
2014-08,ENDP
2014-08,ENR
2014-08,EQIX
2014-08,EQY
2014-08,ESL
2014-08,ESS
2014-08,EV
2014-08,EWBC
2014-08,EXP
2014-08,EXR
2014-08,FAF
2014-08,FBHS
2014-08,FCN
2014-08,FCS
2014-08,FDS
2014-08,FHN
2014-08,FICO
2014-08,FII
2014-08,FL
2014-08,FLO
2014-08,FMER
2014-08,FNF
2014-08,FNFG
2014-08,FRT
2014-08,FULT
2014-08,GEF
2014-08,GES
2014-08,GGG
2014-08,GHL
2014-08,GMCR
2014-08,GMT
2014-08,GNTX
2014-08,GPN
2014-08,GVA
2014-08,GWR
2014-08,GXP
2014-08,HBHC
2014-08,HBI
2014-08,HCC
2014-08,HE
2014-08,HFC
2014-08,HII
2014-08,HIW
2014-08,HLX
2014-08,HMA
2014-08,HME
2014-08,HMSY
2014-08,HNI
2014-08,HNT
2014-08,HOLX
2014-08,HPT
2014-08,HRC
2014-08,HSC
2014-08,HSH
2014-08,HSIC
2014-08,HSNI
2014-08,HTSI
2014-08,HUBB
2014-08,IBOC
2014-08,IDA
2014-08,IDCC
2014-08,IDTI
2014-08,IDXX
2014-08,IEX
2014-08,IM
2014-08,INFA
2014-08,INGR
2014-08,INT
2014-08,IPI
2014-08,IRF
2014-08,ISCA
2014-08,ISIL
2014-08,IT
2014-08,ITRI
2014-08,ITT
2014-08,JAH
2014-08,JBHT
2014-08,JBLU
2014-08,JKHY
2014-08,JLL
2014-08,JNS
2014-08,JWA
2014-08,KBH
2014-08,KBR
2014-08,KEX
2014-08,KMPR
2014-08,KMT
2014-08,KRC
2014-08,LAMR
2014-08,LANC
2014-08,LDOS
2014-08,LECO
2014-08,LII
2014-08,LKQ
2014-08,LNT
2014-08,LPNT
2014-08,LPS
2014-08,LPX
2014-08,LRY
2014-08,LSTR
2014-08,LTM
2014-08,LXK
2014-08,MAN
2014-08,MANT
2014-08,MASI
2014-08,MATW
2014-08,MATX
2014-08,MCRS
2014-08,MCY
2014-08,MD
2014-08,MDC
2014-08,MDP
2014-08,MDRX
2014-08,MDU
2014-08,MENT
2014-08,MHK
2014-08,MLHR
2014-08,MLM
2014-08,MNK
2014-08,MSA
2014-08,MSCI
2014-08,MSM
2014-08,MTD
2014-08,MTX
2014-08,MUSA
2014-08,MWW
2014-08,NATI
2014-08,NCR
2014-08,NDSN
2014-08,NEU
2014-08,NFG
2014-08,NNN
2014-08,NSR
2014-08,NVE
2014-08,NVR
2014-08,NYCB
2014-08,NYT
2014-08,O
2014-08,OCR
2014-08,ODP
2014-08,OFC
2014-08,OGE
2014-08,OHI
2014-08,OII
2014-08,OIS
2014-08,OLN
2014-08,OMI
2014-08,ORI
2014-08,OSK
2014-08,PAY
2014-08,PB
2014-08,PCH
2014-08,PII
2014-08,PKG
2014-08,PL
2014-08,PLCM
2014-08,PLT
2014-08,PNM
2014-08,PNRA
2014-08,POST
2014-08,PRI
2014-08,PTC
2014-08,PTEN
2014-08,RAX
2014-08,RBC
2014-08,RCII
2014-08,RE
2014-08,REG
2014-08,RFMD
2014-08,RGA
2014-08,RGLD
2014-08,RGS
2014-08,RJF
2014-08,RKT
2014-08,RMD
2014-08,ROL
2014-08,ROSE
2014-08,ROVI
2014-08,RPM
2014-08,RRD
2014-08,RS
2014-08,RVBD
2014-08,RYN
2014-08,SAIC
2014-08,SBNY
2014-08,SCHL
2014-08,SCI
2014-08,SEIC
2014-08,SFG
2014-08,SGMS
2014-08,SIG
2014-08,SIVB
2014-08,SKS
2014-08,SLAB
2014-08,SLG
2014-08,SLGN
2014-08,SLH
2014-08,SLXP
2014-08,SM
2014-08,SMG
2014-08,SMTC
2014-08,SNH
2014-08,SNPS
2014-08,SNV
2014-08,SON
2014-08,SPN
2014-08,SPW
2014-08,STE
2014-08,STLD
2014-08,STR
2014-08,SUNE
2014-08,SVU
2014-08,SWI
2014-08,SWKS
2014-08,SXT
2014-08,TCB
2014-08,TCO
2014-08,TDS
2014-08,TDW
2014-08,TECD
2014-08,TECH
2014-08,TEX
2014-08,TFX
2014-08,TGI
2014-08,THG
2014-08,THO
2014-08,THOR
2014-08,TIBX
2014-08,TKR
2014-08,TOL
2014-08,TPX
2014-08,TR
2014-08,TRMB
2014-08,TRMK
2014-08,TRN
2014-08,TSCO
2014-08,TUP
2014-08,TW
2014-08,TWTC
2014-08,UA
2014-08,UDR
2014-08,UFS
2014-08,UGI
2014-08,UHS
2014-08,UNFI
2014-08,UNT
2014-08,URI
2014-08,URS
2014-08,UTHR
2014-08,UTIW
2014-08,UVV
2014-08,VAL
2014-08,VCI
2014-08,VCLK
2014-08,VLY
2014-08,VMI
2014-08,VSH
2014-08,VVC
2014-08,WAB
2014-08,WABC
2014-08,WAFD
2014-08,WBS
2014-08,WCG
2014-08,WCN
2014-08,WDR
2014-08,WEN
2014-08,WERN
2014-08,WEX
2014-08,WGL
2014-08,WMS
2014-08,WOOF
2014-08,WOR
2014-08,WR
2014-08,WRB
2014-08,WRI
2014-08,WSM
2014-08,WSO
2014-08,WTR
2014-08,WWAV
2014-08,WWD
2014-08,XEC
2014-08,XLS
2014-08,Y
2014-08,ZBRA
2014-09,AAN
2014-09,AAP
2014-09,ACC
2014-09,ACI
2014-09,ACIW
2014-09,ACM
2014-09,ACXM
2014-09,ADS
2014-09,ADTN
2014-09,ADVS
2014-09,AEO
2014-09,AF
2014-09,AFG
2014-09,AGCO
2014-09,AHL
2014-09,AINV
2014-09,AJG
2014-09,ALB
2014-09,ALEX
2014-09,ALK
2014-09,AMCX
2014-09,AMD
2014-09,AMG
2014-09,ANN
2014-09,ANR
2014-09,ANSS
2014-09,AOL
2014-09,APOL
2014-09,ARE
2014-09,ARO
2014-09,ARW
2014-09,ASBC
2014-09,ASH
2014-09,ASNA
2014-09,ATK
2014-09,ATML
2014-09,ATO
2014-09,ATR
2014-09,ATW
2014-09,AVT
2014-09,AYI
2014-09,BBG
2014-09,BCO
2014-09,BEAV
2014-09,BGC
2014-09,BID
2014-09,BIG
2014-09,BIO
2014-09,BKH
2014-09,BMR
2014-09,BOBE
2014-09,BOH
2014-09,BR
2014-09,BRE
2014-09,BRO
2014-09,BXS
2014-09,BYI
2014-09,CAB
2014-09,CAKE
2014-09,CATY
2014-09,CBOE
2014-09,CBSH
2014-09,CBST
2014-09,CBT
2014-09,CDNS
2014-09,CEB
2014-09,CFR
2014-09,CHD
2014-09,CHS
2014-09,CIEN
2014-09,CLC
2014-09,CLGX
2014-09,CLH
2014-09,CLI
2014-09,CMC
2014-09,CMP
2014-09,CNK
2014-09,CNL
2014-09,CNQR
2014-09,CNW
2014-09,COO
2014-09,CPRT
2014-09,CPT
2014-09,CPWR
2014-09,CR
2014-09,CREE
2014-09,CRI
2014-09,CRL
2014-09,CRR
2014-09,CRS
2014-09,CSL
2014-09,CST
2014-09,CVD
2014-09,CVG
2014-09,CVLT
2014-09,CXW
2014-09,CY
2014-09,CYH
2014-09,CYN
2014-09,CYT
2014-09,DBD
2014-09,DCI
2014-09,DDD
2014-09,DECK
2014-09,DF
2014-09,DKS
2014-09,DLX
2014-09,DPZ
2014-09,DRC
2014-09,DRE
2014-09,DRQ
2014-09,DST
2014-09,DV
2014-09,DWA
2014-09,EAT
2014-09,EGN
2014-09,ENDP
2014-09,ENR
2014-09,EQIX
2014-09,EQY
2014-09,ESL
2014-09,ESS
2014-09,EV
2014-09,EWBC
2014-09,EXP
2014-09,EXR
2014-09,FAF
2014-09,FBHS
2014-09,FCN
2014-09,FCS
2014-09,FDS
2014-09,FHN
2014-09,FICO
2014-09,FII
2014-09,FL
2014-09,FLO
2014-09,FMER
2014-09,FNF
2014-09,FNFG
2014-09,FRT
2014-09,FULT
2014-09,GEF
2014-09,GES
2014-09,GGG
2014-09,GHL
2014-09,GMCR
2014-09,GMT
2014-09,GNTX
2014-09,GPN
2014-09,GVA
2014-09,GWR
2014-09,GXP
2014-09,HBHC
2014-09,HBI
2014-09,HCC
2014-09,HE
2014-09,HFC
2014-09,HII
2014-09,HIW
2014-09,HLX
2014-09,HMA
2014-09,HME
2014-09,HMSY
2014-09,HNI
2014-09,HNT
2014-09,HOLX
2014-09,HPT
2014-09,HRC
2014-09,HSC
2014-09,HSH
2014-09,HSIC
2014-09,HSNI
2014-09,HTSI
2014-09,HUBB
2014-09,IBOC
2014-09,IDA
2014-09,IDCC
2014-09,IDTI
2014-09,IDXX
2014-09,IEX
2014-09,IM
2014-09,INFA
2014-09,INGR
2014-09,INT
2014-09,IPI
2014-09,IRF
2014-09,ISCA
2014-09,ISIL
2014-09,IT
2014-09,ITRI
2014-09,ITT
2014-09,JAH
2014-09,JBHT
2014-09,JBLU
2014-09,JKHY
2014-09,JLL
2014-09,JNS
2014-09,JWA
2014-09,KBH
2014-09,KBR
2014-09,KEX
2014-09,KMPR
2014-09,KMT
2014-09,KRC
2014-09,LAMR
2014-09,LANC
2014-09,LDOS
2014-09,LECO
2014-09,LII
2014-09,LKQ
2014-09,LNT
2014-09,LPNT
2014-09,LPS
2014-09,LPX
2014-09,LRY
2014-09,LSTR
2014-09,LTM
2014-09,LXK
2014-09,MAN
2014-09,MANT
2014-09,MASI
2014-09,MATW
2014-09,MATX
2014-09,MCRS
2014-09,MCY
2014-09,MD
2014-09,MDC
2014-09,MDP
2014-09,MDRX
2014-09,MDU
2014-09,MENT
2014-09,MHK
2014-09,MLHR
2014-09,MLM
2014-09,MNK
2014-09,MSA
2014-09,MSCI
2014-09,MSM
2014-09,MTD
2014-09,MTX
2014-09,MUSA
2014-09,MWW
2014-09,NATI
2014-09,NCR
2014-09,NDSN
2014-09,NEU
2014-09,NFG
2014-09,NNN
2014-09,NSR
2014-09,NVE
2014-09,NVR
2014-09,NYCB
2014-09,NYT
2014-09,O
2014-09,OCR
2014-09,ODP
2014-09,OFC
2014-09,OGE
2014-09,OHI
2014-09,OII
2014-09,OIS
2014-09,OLN
2014-09,OMI
2014-09,ORI
2014-09,OSK
2014-09,PAY
2014-09,PB
2014-09,PCH
2014-09,PII
2014-09,PKG
2014-09,PL
2014-09,PLCM
2014-09,PLT
2014-09,PNM
2014-09,PNRA
2014-09,POST
2014-09,PRI
2014-09,PTC
2014-09,PTEN
2014-09,RAX
2014-09,RBC
2014-09,RCII
2014-09,RE
2014-09,REG
2014-09,RFMD
2014-09,RGA
2014-09,RGLD
2014-09,RGS
2014-09,RJF
2014-09,RKT
2014-09,RMD
2014-09,ROL
2014-09,ROSE
2014-09,ROVI
2014-09,RPM
2014-09,RRD
2014-09,RS
2014-09,RVBD
2014-09,RYN
2014-09,SAIC
2014-09,SBNY
2014-09,SCHL
2014-09,SCI
2014-09,SEIC
2014-09,SFG
2014-09,SGMS
2014-09,SIG
2014-09,SIVB
2014-09,SKS
2014-09,SLAB
2014-09,SLG
2014-09,SLGN
2014-09,SLH
2014-09,SLXP
2014-09,SM
2014-09,SMG
2014-09,SMTC
2014-09,SNH
2014-09,SNPS
2014-09,SNV
2014-09,SON
2014-09,SPN
2014-09,SPW
2014-09,STE
2014-09,STLD
2014-09,STR
2014-09,SUNE
2014-09,SVU
2014-09,SWI
2014-09,SWKS
2014-09,SXT
2014-09,TCB
2014-09,TCO
2014-09,TDS
2014-09,TDW
2014-09,TECD
2014-09,TECH
2014-09,TEX
2014-09,TFX
2014-09,TGI
2014-09,THG
2014-09,THO
2014-09,THOR
2014-09,TIBX
2014-09,TKR
2014-09,TOL
2014-09,TPX
2014-09,TR
2014-09,TRMB
2014-09,TRMK
2014-09,TRN
2014-09,TSCO
2014-09,TUP
2014-09,TW
2014-09,TWTC
2014-09,UA
2014-09,UDR
2014-09,UFS
2014-09,UGI
2014-09,UHS
2014-09,UNFI
2014-09,UNT
2014-09,URI
2014-09,URS
2014-09,UTHR
2014-09,UTIW
2014-09,UVV
2014-09,VAL
2014-09,VCI
2014-09,VCLK
2014-09,VLY
2014-09,VMI
2014-09,VSH
2014-09,VVC
2014-09,WAB
2014-09,WABC
2014-09,WAFD
2014-09,WBS
2014-09,WCG
2014-09,WCN
2014-09,WDR
2014-09,WEN
2014-09,WERN
2014-09,WEX
2014-09,WGL
2014-09,WMS
2014-09,WOOF
2014-09,WOR
2014-09,WR
2014-09,WRB
2014-09,WRI
2014-09,WSM
2014-09,WSO
2014-09,WTR
2014-09,WWAV
2014-09,WWD
2014-09,XEC
2014-09,XLS
2014-09,Y
2014-09,ZBRA
2014-10,AAN
2014-10,AAP
2014-10,ACC
2014-10,ACI
2014-10,ACIW
2014-10,ACM
2014-10,ACXM
2014-10,ADS
2014-10,ADTN
2014-10,ADVS
2014-10,AEO
2014-10,AF
2014-10,AFG
2014-10,AGCO
2014-10,AHL
2014-10,AINV
2014-10,AJG
2014-10,ALB
2014-10,ALEX
2014-10,ALK
2014-10,AMCX
2014-10,AMD
2014-10,AMG
2014-10,ANN
2014-10,ANR
2014-10,ANSS
2014-10,AOL
2014-10,APOL
2014-10,ARE
2014-10,ARO
2014-10,ARW
2014-10,ASBC
2014-10,ASH
2014-10,ASNA
2014-10,ATK
2014-10,ATML
2014-10,ATO
2014-10,ATR
2014-10,ATW
2014-10,AVT
2014-10,AYI
2014-10,BBG
2014-10,BCO
2014-10,BEAV
2014-10,BGC
2014-10,BID
2014-10,BIG
2014-10,BIO
2014-10,BKH
2014-10,BMR
2014-10,BOBE
2014-10,BOH
2014-10,BR
2014-10,BRE
2014-10,BRO
2014-10,BXS
2014-10,BYI
2014-10,CAB
2014-10,CAKE
2014-10,CATY
2014-10,CBOE
2014-10,CBSH
2014-10,CBST
2014-10,CBT
2014-10,CDNS
2014-10,CEB
2014-10,CFR
2014-10,CHD
2014-10,CHS
2014-10,CIEN
2014-10,CLC
2014-10,CLGX
2014-10,CLH
2014-10,CLI
2014-10,CMC
2014-10,CMP
2014-10,CNK
2014-10,CNL
2014-10,CNQR
2014-10,CNW
2014-10,COO
2014-10,CPRT
2014-10,CPT
2014-10,CPWR
2014-10,CR
2014-10,CREE
2014-10,CRI
2014-10,CRL
2014-10,CRR
2014-10,CRS
2014-10,CSL
2014-10,CST
2014-10,CVD
2014-10,CVG
2014-10,CVLT
2014-10,CXW
2014-10,CY
2014-10,CYH
2014-10,CYN
2014-10,CYT
2014-10,DBD
2014-10,DCI
2014-10,DDD
2014-10,DECK
2014-10,DF
2014-10,DKS
2014-10,DLX
2014-10,DPZ
2014-10,DRC
2014-10,DRE
2014-10,DRQ
2014-10,DST
2014-10,DV
2014-10,DWA
2014-10,EAT
2014-10,EGN
2014-10,ENDP
2014-10,ENR
2014-10,EQIX
2014-10,EQY
2014-10,ESL
2014-10,ESS
2014-10,EV
2014-10,EWBC
2014-10,EXP
2014-10,EXR
2014-10,FAF
2014-10,FBHS
2014-10,FCN
2014-10,FCS
2014-10,FDS
2014-10,FHN
2014-10,FICO
2014-10,FII
2014-10,FL
2014-10,FLO
2014-10,FMER
2014-10,FNF
2014-10,FNFG
2014-10,FRT
2014-10,FULT
2014-10,GEF
2014-10,GES
2014-10,GGG
2014-10,GHL
2014-10,GMCR
2014-10,GMT
2014-10,GNTX
2014-10,GPN
2014-10,GVA
2014-10,GWR
2014-10,GXP
2014-10,HBHC
2014-10,HBI
2014-10,HCC
2014-10,HE
2014-10,HFC
2014-10,HII
2014-10,HIW
2014-10,HLX
2014-10,HMA
2014-10,HME
2014-10,HMSY
2014-10,HNI
2014-10,HNT
2014-10,HOLX
2014-10,HPT
2014-10,HRC
2014-10,HSC
2014-10,HSH
2014-10,HSIC
2014-10,HSNI
2014-10,HTSI
2014-10,HUBB
2014-10,IBOC
2014-10,IDA
2014-10,IDCC
2014-10,IDTI
2014-10,IDXX
2014-10,IEX
2014-10,IM
2014-10,INFA
2014-10,INGR
2014-10,INT
2014-10,IPI
2014-10,IRF
2014-10,ISCA
2014-10,ISIL
2014-10,IT
2014-10,ITRI
2014-10,ITT
2014-10,JAH
2014-10,JBHT
2014-10,JBLU
2014-10,JKHY
2014-10,JLL
2014-10,JNS
2014-10,JWA
2014-10,KBH
2014-10,KBR
2014-10,KEX
2014-10,KMPR
2014-10,KMT
2014-10,KRC
2014-10,LAMR
2014-10,LANC
2014-10,LDOS
2014-10,LECO
2014-10,LII
2014-10,LKQ
2014-10,LNT
2014-10,LPNT
2014-10,LPS
2014-10,LPX
2014-10,LRY
2014-10,LSTR
2014-10,LTM
2014-10,LXK
2014-10,MAN
2014-10,MANT
2014-10,MASI
2014-10,MATW
2014-10,MATX
2014-10,MCRS
2014-10,MCY
2014-10,MD
2014-10,MDC
2014-10,MDP
2014-10,MDRX
2014-10,MDU
2014-10,MENT
2014-10,MHK
2014-10,MLHR
2014-10,MLM
2014-10,MNK
2014-10,MSA
2014-10,MSCI
2014-10,MSM
2014-10,MTD
2014-10,MTX
2014-10,MUSA
2014-10,MWW
2014-10,NATI
2014-10,NCR
2014-10,NDSN
2014-10,NEU
2014-10,NFG
2014-10,NNN
2014-10,NSR
2014-10,NVE
2014-10,NVR
2014-10,NYCB
2014-10,NYT
2014-10,O
2014-10,OCR
2014-10,ODP
2014-10,OFC
2014-10,OGE
2014-10,OHI
2014-10,OII
2014-10,OIS
2014-10,OLN
2014-10,OMI
2014-10,ORI
2014-10,OSK
2014-10,PAY
2014-10,PB
2014-10,PCH
2014-10,PII
2014-10,PKG
2014-10,PL
2014-10,PLCM
2014-10,PLT
2014-10,PNM
2014-10,PNRA
2014-10,POST
2014-10,PRI
2014-10,PTC
2014-10,PTEN
2014-10,RAX
2014-10,RBC
2014-10,RCII
2014-10,RE
2014-10,REG
2014-10,RFMD
2014-10,RGA
2014-10,RGLD
2014-10,RGS
2014-10,RJF
2014-10,RKT
2014-10,RMD
2014-10,ROL
2014-10,ROSE
2014-10,ROVI
2014-10,RPM
2014-10,RRD
2014-10,RS
2014-10,RVBD
2014-10,RYN
2014-10,SAIC
2014-10,SBNY
2014-10,SCHL
2014-10,SCI
2014-10,SEIC
2014-10,SFG
2014-10,SGMS
2014-10,SIG
2014-10,SIVB
2014-10,SKS
2014-10,SLAB
2014-10,SLG
2014-10,SLGN
2014-10,SLH
2014-10,SLXP
2014-10,SM
2014-10,SMG
2014-10,SMTC
2014-10,SNH
2014-10,SNPS
2014-10,SNV
2014-10,SON
2014-10,SPN
2014-10,SPW
2014-10,STE
2014-10,STLD
2014-10,STR
2014-10,SUNE
2014-10,SVU
2014-10,SWI
2014-10,SWKS
2014-10,SXT
2014-10,TCB
2014-10,TCO
2014-10,TDS
2014-10,TDW
2014-10,TECD
2014-10,TECH
2014-10,TEX
2014-10,TFX
2014-10,TGI
2014-10,THG
2014-10,THO
2014-10,THOR
2014-10,TIBX
2014-10,TKR
2014-10,TOL
2014-10,TPX
2014-10,TR
2014-10,TRMB
2014-10,TRMK
2014-10,TRN
2014-10,TSCO
2014-10,TUP
2014-10,TW
2014-10,TWTC
2014-10,UA
2014-10,UDR
2014-10,UFS
2014-10,UGI
2014-10,UHS
2014-10,UNFI
2014-10,UNT
2014-10,URI
2014-10,URS
2014-10,UTHR
2014-10,UTIW
2014-10,UVV
2014-10,VAL
2014-10,VCI
2014-10,VCLK
2014-10,VLY
2014-10,VMI
2014-10,VSH
2014-10,VVC
2014-10,WAB
2014-10,WABC
2014-10,WAFD
2014-10,WBS
2014-10,WCG
2014-10,WCN
2014-10,WDR
2014-10,WEN
2014-10,WERN
2014-10,WEX
2014-10,WGL
2014-10,WMS
2014-10,WOOF
2014-10,WOR
2014-10,WR
2014-10,WRB
2014-10,WRI
2014-10,WSM
2014-10,WSO
2014-10,WTR
2014-10,WWAV
2014-10,WWD
2014-10,XEC
2014-10,XLS
2014-10,Y
2014-10,ZBRA
2014-11,AAN
2014-11,AAP
2014-11,ACC
2014-11,ACI
2014-11,ACIW
2014-11,ACM
2014-11,ACXM
2014-11,ADS
2014-11,ADTN
2014-11,ADVS
2014-11,AEO
2014-11,AF
2014-11,AFG
2014-11,AGCO
2014-11,AHL
2014-11,AINV
2014-11,AJG
2014-11,ALB
2014-11,ALEX
2014-11,ALK
2014-11,AMCX
2014-11,AMD
2014-11,AMG
2014-11,ANN
2014-11,ANR
2014-11,ANSS
2014-11,AOL
2014-11,APOL
2014-11,ARE
2014-11,ARO
2014-11,ARW
2014-11,ASBC
2014-11,ASH
2014-11,ASNA
2014-11,ATK
2014-11,ATML
2014-11,ATO
2014-11,ATR
2014-11,ATW
2014-11,AVT
2014-11,AYI
2014-11,BBG
2014-11,BCO
2014-11,BEAV
2014-11,BGC
2014-11,BID
2014-11,BIG
2014-11,BIO
2014-11,BKH
2014-11,BMR
2014-11,BOBE
2014-11,BOH
2014-11,BR
2014-11,BRE
2014-11,BRO
2014-11,BXS
2014-11,BYI
2014-11,CAB
2014-11,CAKE
2014-11,CATY
2014-11,CBOE
2014-11,CBSH
2014-11,CBST
2014-11,CBT
2014-11,CDNS
2014-11,CEB
2014-11,CFR
2014-11,CHD
2014-11,CHS
2014-11,CIEN
2014-11,CLC
2014-11,CLGX
2014-11,CLH
2014-11,CLI
2014-11,CMC
2014-11,CMP
2014-11,CNK
2014-11,CNL
2014-11,CNQR
2014-11,CNW
2014-11,COO
2014-11,CPRT
2014-11,CPT
2014-11,CPWR
2014-11,CR
2014-11,CREE
2014-11,CRI
2014-11,CRL
2014-11,CRR
2014-11,CRS
2014-11,CSL
2014-11,CST
2014-11,CVD
2014-11,CVG
2014-11,CVLT
2014-11,CXW
2014-11,CY
2014-11,CYH
2014-11,CYN
2014-11,CYT
2014-11,DBD
2014-11,DCI
2014-11,DDD
2014-11,DECK
2014-11,DF
2014-11,DKS
2014-11,DLX
2014-11,DPZ
2014-11,DRC
2014-11,DRE
2014-11,DRQ
2014-11,DST
2014-11,DV
2014-11,DWA
2014-11,EAT
2014-11,EGN
2014-11,ENDP
2014-11,ENR
2014-11,EQIX
2014-11,EQY
2014-11,ESL
2014-11,ESS
2014-11,EV
2014-11,EWBC
2014-11,EXP
2014-11,EXR
2014-11,FAF
2014-11,FBHS
2014-11,FCN
2014-11,FCS
2014-11,FDS
2014-11,FHN
2014-11,FICO
2014-11,FII
2014-11,FL
2014-11,FLO
2014-11,FMER
2014-11,FNF
2014-11,FNFG
2014-11,FRT
2014-11,FULT
2014-11,GEF
2014-11,GES
2014-11,GGG
2014-11,GHL
2014-11,GMCR
2014-11,GMT
2014-11,GNTX
2014-11,GPN
2014-11,GVA
2014-11,GWR
2014-11,GXP
2014-11,HBHC
2014-11,HBI
2014-11,HCC
2014-11,HE
2014-11,HFC
2014-11,HII
2014-11,HIW
2014-11,HLX
2014-11,HMA
2014-11,HME
2014-11,HMSY
2014-11,HNI
2014-11,HNT
2014-11,HOLX
2014-11,HPT
2014-11,HRC
2014-11,HSC
2014-11,HSH
2014-11,HSIC
2014-11,HSNI
2014-11,HTSI
2014-11,HUBB
2014-11,IBOC
2014-11,IDA
2014-11,IDCC
2014-11,IDTI
2014-11,IDXX
2014-11,IEX
2014-11,IM
2014-11,INFA
2014-11,INGR
2014-11,INT
2014-11,IPI
2014-11,IRF
2014-11,ISCA
2014-11,ISIL
2014-11,IT
2014-11,ITRI
2014-11,ITT
2014-11,JAH
2014-11,JBHT
2014-11,JBLU
2014-11,JKHY
2014-11,JLL
2014-11,JNS
2014-11,JWA
2014-11,KBH
2014-11,KBR
2014-11,KEX
2014-11,KMPR
2014-11,KMT
2014-11,KRC
2014-11,LAMR
2014-11,LANC
2014-11,LDOS
2014-11,LECO
2014-11,LII
2014-11,LKQ
2014-11,LNT
2014-11,LPNT
2014-11,LPS
2014-11,LPX
2014-11,LRY
2014-11,LSTR
2014-11,LTM
2014-11,LXK
2014-11,MAN
2014-11,MANT
2014-11,MASI
2014-11,MATW
2014-11,MATX
2014-11,MCRS
2014-11,MCY
2014-11,MD
2014-11,MDC
2014-11,MDP
2014-11,MDRX
2014-11,MDU
2014-11,MENT
2014-11,MHK
2014-11,MLHR
2014-11,MLM
2014-11,MNK
2014-11,MSA
2014-11,MSCI
2014-11,MSM
2014-11,MTD
2014-11,MTX
2014-11,MUSA
2014-11,MWW
2014-11,NATI
2014-11,NCR
2014-11,NDSN
2014-11,NEU
2014-11,NFG
2014-11,NNN
2014-11,NSR
2014-11,NVE
2014-11,NVR
2014-11,NYCB
2014-11,NYT
2014-11,O
2014-11,OCR
2014-11,ODP
2014-11,OFC
2014-11,OGE
2014-11,OHI
2014-11,OII
2014-11,OIS
2014-11,OLN
2014-11,OMI
2014-11,ORI
2014-11,OSK
2014-11,PAY
2014-11,PB
2014-11,PCH
2014-11,PII
2014-11,PKG
2014-11,PL
2014-11,PLCM
2014-11,PLT
2014-11,PNM
2014-11,PNRA
2014-11,POST
2014-11,PRI
2014-11,PTC
2014-11,PTEN
2014-11,RAX
2014-11,RBC
2014-11,RCII
2014-11,RE
2014-11,REG
2014-11,RFMD
2014-11,RGA
2014-11,RGLD
2014-11,RGS
2014-11,RJF
2014-11,RKT
2014-11,RMD
2014-11,ROL
2014-11,ROSE
2014-11,ROVI
2014-11,RPM
2014-11,RRD
2014-11,RS
2014-11,RVBD
2014-11,RYN
2014-11,SAIC
2014-11,SBNY
2014-11,SCHL
2014-11,SCI
2014-11,SEIC
2014-11,SFG
2014-11,SGMS
2014-11,SIG
2014-11,SIVB
2014-11,SKS
2014-11,SLAB
2014-11,SLG
2014-11,SLGN
2014-11,SLH
2014-11,SLXP
2014-11,SM
2014-11,SMG
2014-11,SMTC
2014-11,SNH
2014-11,SNPS
2014-11,SNV
2014-11,SON
2014-11,SPN
2014-11,SPW
2014-11,STE
2014-11,STLD
2014-11,STR
2014-11,SUNE
2014-11,SVU
2014-11,SWI
2014-11,SWKS
2014-11,SXT
2014-11,TCB
2014-11,TCO
2014-11,TDS
2014-11,TDW
2014-11,TECD
2014-11,TECH
2014-11,TEX
2014-11,TFX
2014-11,TGI
2014-11,THG
2014-11,THO
2014-11,THOR
2014-11,TIBX
2014-11,TKR
2014-11,TOL
2014-11,TPX
2014-11,TR
2014-11,TRMB
2014-11,TRMK
2014-11,TRN
2014-11,TSCO
2014-11,TUP
2014-11,TW
2014-11,TWTC
2014-11,UA
2014-11,UDR
2014-11,UFS
2014-11,UGI
2014-11,UHS
2014-11,UNFI
2014-11,UNT
2014-11,URI
2014-11,URS
2014-11,UTHR
2014-11,UTIW
2014-11,UVV
2014-11,VAL
2014-11,VCI
2014-11,VCLK
2014-11,VLY
2014-11,VMI
2014-11,VSH
2014-11,VVC
2014-11,WAB
2014-11,WABC
2014-11,WAFD
2014-11,WBS
2014-11,WCG
2014-11,WCN
2014-11,WDR
2014-11,WEN
2014-11,WERN
2014-11,WEX
2014-11,WGL
2014-11,WMS
2014-11,WOOF
2014-11,WOR
2014-11,WR
2014-11,WRB
2014-11,WRI
2014-11,WSM
2014-11,WSO
2014-11,WTR
2014-11,WWAV
2014-11,WWD
2014-11,XEC
2014-11,XLS
2014-11,Y
2014-11,ZBRA
2014-12,AAN
2014-12,AAP
2014-12,ACC
2014-12,ACI
2014-12,ACIW
2014-12,ACM
2014-12,ACXM
2014-12,ADS
2014-12,ADTN
2014-12,ADVS
2014-12,AEO
2014-12,AF
2014-12,AFG
2014-12,AGCO
2014-12,AHL
2014-12,AINV
2014-12,AJG
2014-12,ALB
2014-12,ALEX
2014-12,ALK
2014-12,AMCX
2014-12,AMD
2014-12,AMG
2014-12,ANN
2014-12,ANR
2014-12,ANSS
2014-12,AOL
2014-12,APOL
2014-12,ARE
2014-12,ARO
2014-12,ARW
2014-12,ASBC
2014-12,ASH
2014-12,ASNA
2014-12,ATK
2014-12,ATML
2014-12,ATO
2014-12,ATR
2014-12,ATW
2014-12,AVT
2014-12,AYI
2014-12,BBG
2014-12,BCO
2014-12,BEAV
2014-12,BGC
2014-12,BID
2014-12,BIG
2014-12,BIO
2014-12,BKH
2014-12,BMR
2014-12,BOBE
2014-12,BOH
2014-12,BR
2014-12,BRE
2014-12,BRO
2014-12,BXS
2014-12,BYI
2014-12,CAB
2014-12,CAKE
2014-12,CATY
2014-12,CBOE
2014-12,CBSH
2014-12,CBST
2014-12,CBT
2014-12,CDNS
2014-12,CEB
2014-12,CFR
2014-12,CHD
2014-12,CHS
2014-12,CIEN
2014-12,CLC
2014-12,CLGX
2014-12,CLH
2014-12,CLI
2014-12,CMC
2014-12,CMP
2014-12,CNK
2014-12,CNL
2014-12,CNQR
2014-12,CNW
2014-12,COO
2014-12,CPRT
2014-12,CPT
2014-12,CPWR
2014-12,CR
2014-12,CREE
2014-12,CRI
2014-12,CRL
2014-12,CRR
2014-12,CRS
2014-12,CSL
2014-12,CST
2014-12,CVD
2014-12,CVG
2014-12,CVLT
2014-12,CXW
2014-12,CY
2014-12,CYH
2014-12,CYN
2014-12,CYT
2014-12,DBD
2014-12,DCI
2014-12,DDD
2014-12,DECK
2014-12,DF
2014-12,DKS
2014-12,DLX
2014-12,DPZ
2014-12,DRC
2014-12,DRE
2014-12,DRQ
2014-12,DST
2014-12,DV
2014-12,DWA
2014-12,EAT
2014-12,EGN
2014-12,ENDP
2014-12,ENR
2014-12,EQIX
2014-12,EQY
2014-12,ESL
2014-12,ESS
2014-12,EV
2014-12,EWBC
2014-12,EXP
2014-12,EXR
2014-12,FAF
2014-12,FBHS
2014-12,FCN
2014-12,FCS
2014-12,FDS
2014-12,FHN
2014-12,FICO
2014-12,FII
2014-12,FL
2014-12,FLO
2014-12,FMER
2014-12,FNF
2014-12,FNFG
2014-12,FRT
2014-12,FULT
2014-12,GEF
2014-12,GES
2014-12,GGG
2014-12,GHL
2014-12,GMCR
2014-12,GMT
2014-12,GNTX
2014-12,GPN
2014-12,GVA
2014-12,GWR
2014-12,GXP
2014-12,HBHC
2014-12,HBI
2014-12,HCC
2014-12,HE
2014-12,HFC
2014-12,HII
2014-12,HIW
2014-12,HLX
2014-12,HMA
2014-12,HME
2014-12,HMSY
2014-12,HNI
2014-12,HNT
2014-12,HOLX
2014-12,HPT
2014-12,HRC
2014-12,HSC
2014-12,HSH
2014-12,HSIC
2014-12,HSNI
2014-12,HTSI
2014-12,HUBB
2014-12,IBOC
2014-12,IDA
2014-12,IDCC
2014-12,IDTI
2014-12,IDXX
2014-12,IEX
2014-12,IM
2014-12,INFA
2014-12,INGR
2014-12,INT
2014-12,IPI
2014-12,IRF
2014-12,ISCA
2014-12,ISIL
2014-12,IT
2014-12,ITRI
2014-12,ITT
2014-12,JAH
2014-12,JBHT
2014-12,JBLU
2014-12,JKHY
2014-12,JLL
2014-12,JNS
2014-12,JWA
2014-12,KBH
2014-12,KBR
2014-12,KEX
2014-12,KMPR
2014-12,KMT
2014-12,KRC
2014-12,LAMR
2014-12,LANC
2014-12,LDOS
2014-12,LECO
2014-12,LII
2014-12,LKQ
2014-12,LNT
2014-12,LPNT
2014-12,LPS
2014-12,LPX
2014-12,LRY
2014-12,LSTR
2014-12,LTM
2014-12,LXK
2014-12,MAN
2014-12,MANT
2014-12,MASI
2014-12,MATW
2014-12,MATX
2014-12,MCRS
2014-12,MCY
2014-12,MD
2014-12,MDC
2014-12,MDP
2014-12,MDRX
2014-12,MDU
2014-12,MENT
2014-12,MHK
2014-12,MLHR
2014-12,MLM
2014-12,MNK
2014-12,MSA
2014-12,MSCI
2014-12,MSM
2014-12,MTD
2014-12,MTX
2014-12,MUSA
2014-12,MWW
2014-12,NATI
2014-12,NCR
2014-12,NDSN
2014-12,NEU
2014-12,NFG
2014-12,NNN
2014-12,NSR
2014-12,NVE
2014-12,NVR
2014-12,NYCB
2014-12,NYT
2014-12,O
2014-12,OCR
2014-12,ODP
2014-12,OFC
2014-12,OGE
2014-12,OHI
2014-12,OII
2014-12,OIS
2014-12,OLN
2014-12,OMI
2014-12,ORI
2014-12,OSK
2014-12,PAY
2014-12,PB
2014-12,PCH
2014-12,PII
2014-12,PKG
2014-12,PL
2014-12,PLCM
2014-12,PLT
2014-12,PNM
2014-12,PNRA
2014-12,POST
2014-12,PRI
2014-12,PTC
2014-12,PTEN
2014-12,RAX
2014-12,RBC
2014-12,RCII
2014-12,RE
2014-12,REG
2014-12,RFMD
2014-12,RGA
2014-12,RGLD
2014-12,RGS
2014-12,RJF
2014-12,RKT
2014-12,RMD
2014-12,ROL
2014-12,ROSE
2014-12,ROVI
2014-12,RPM
2014-12,RRD
2014-12,RS
2014-12,RVBD
2014-12,RYN
2014-12,SAIC
2014-12,SBNY
2014-12,SCHL
2014-12,SCI
2014-12,SEIC
2014-12,SFG
2014-12,SGMS
2014-12,SIG
2014-12,SIVB
2014-12,SKS
2014-12,SLAB
2014-12,SLG
2014-12,SLGN
2014-12,SLH
2014-12,SLXP
2014-12,SM
2014-12,SMG
2014-12,SMTC
2014-12,SNH
2014-12,SNPS
2014-12,SNV
2014-12,SON
2014-12,SPN
2014-12,SPW
2014-12,STE
2014-12,STLD
2014-12,STR
2014-12,SUNE
2014-12,SVU
2014-12,SWI
2014-12,SWKS
2014-12,SXT
2014-12,TCB
2014-12,TCO
2014-12,TDS
2014-12,TDW
2014-12,TECD
2014-12,TECH
2014-12,TEX
2014-12,TFX
2014-12,TGI
2014-12,THG
2014-12,THO
2014-12,THOR
2014-12,TIBX
2014-12,TKR
2014-12,TOL
2014-12,TPX
2014-12,TR
2014-12,TRMB
2014-12,TRMK
2014-12,TRN
2014-12,TSCO
2014-12,TUP
2014-12,TW
2014-12,TWTC
2014-12,UA
2014-12,UDR
2014-12,UFS
2014-12,UGI
2014-12,UHS
2014-12,UNFI
2014-12,UNT
2014-12,URI
2014-12,URS
2014-12,UTHR
2014-12,UTIW
2014-12,UVV
2014-12,VAL
2014-12,VCI
2014-12,VCLK
2014-12,VLY
2014-12,VMI
2014-12,VSH
2014-12,VVC
2014-12,WAB
2014-12,WABC
2014-12,WAFD
2014-12,WBS
2014-12,WCG
2014-12,WCN
2014-12,WDR
2014-12,WEN
2014-12,WERN
2014-12,WEX
2014-12,WGL
2014-12,WMS
2014-12,WOOF
2014-12,WOR
2014-12,WR
2014-12,WRB
2014-12,WRI
2014-12,WSM
2014-12,WSO
2014-12,WTR
2014-12,WWAV
2014-12,WWD
2014-12,XEC
2014-12,XLS
2014-12,Y
2014-12,ZBRA
2015-01,AAN
2015-01,AAP
2015-01,ACC
2015-01,ACI
2015-01,ACIW
2015-01,ACM
2015-01,ACXM
2015-01,ADS
2015-01,ADTN
2015-01,ADVS
2015-01,AEO
2015-01,AF
2015-01,AFG
2015-01,AGCO
2015-01,AHL
2015-01,AINV
2015-01,AJG
2015-01,ALB
2015-01,ALEX
2015-01,ALK
2015-01,AMCX
2015-01,AMD
2015-01,AMG
2015-01,ANN
2015-01,ANR
2015-01,ANSS
2015-01,AOL
2015-01,APOL
2015-01,ARE
2015-01,ARO
2015-01,ARW
2015-01,ASBC
2015-01,ASH
2015-01,ASNA
2015-01,ATK
2015-01,ATML
2015-01,ATO
2015-01,ATR
2015-01,ATW
2015-01,AVT
2015-01,AYI
2015-01,BBG
2015-01,BCO
2015-01,BEAV
2015-01,BGC
2015-01,BID
2015-01,BIG
2015-01,BIO
2015-01,BKH
2015-01,BMR
2015-01,BOBE
2015-01,BOH
2015-01,BR
2015-01,BRE
2015-01,BRO
2015-01,BXS
2015-01,BYI
2015-01,CAB
2015-01,CAKE
2015-01,CATY
2015-01,CBOE
2015-01,CBSH
2015-01,CBST
2015-01,CBT
2015-01,CDNS
2015-01,CEB
2015-01,CFR
2015-01,CHD
2015-01,CHS
2015-01,CIEN
2015-01,CLC
2015-01,CLGX
2015-01,CLH
2015-01,CLI
2015-01,CMC
2015-01,CMP
2015-01,CNK
2015-01,CNL
2015-01,CNQR
2015-01,CNW
2015-01,COO
2015-01,CPRT
2015-01,CPT
2015-01,CPWR
2015-01,CR
2015-01,CREE
2015-01,CRI
2015-01,CRL
2015-01,CRR
2015-01,CRS
2015-01,CSL
2015-01,CST
2015-01,CVD
2015-01,CVG
2015-01,CVLT
2015-01,CXW
2015-01,CY
2015-01,CYH
2015-01,CYN
2015-01,CYT
2015-01,DBD
2015-01,DCI
2015-01,DDD
2015-01,DECK
2015-01,DF
2015-01,DKS
2015-01,DLX
2015-01,DPZ
2015-01,DRC
2015-01,DRE
2015-01,DRQ
2015-01,DST
2015-01,DV
2015-01,DWA
2015-01,EAT
2015-01,EGN
2015-01,ENDP
2015-01,ENR
2015-01,EQIX
2015-01,EQY
2015-01,ESL
2015-01,ESS
2015-01,EV
2015-01,EWBC
2015-01,EXP
2015-01,EXR
2015-01,FAF
2015-01,FBHS
2015-01,FCN
2015-01,FCS
2015-01,FDS
2015-01,FHN
2015-01,FICO
2015-01,FII
2015-01,FL
2015-01,FLO
2015-01,FMER
2015-01,FNF
2015-01,FNFG
2015-01,FRT
2015-01,FULT
2015-01,GEF
2015-01,GES
2015-01,GGG
2015-01,GHL
2015-01,GMCR
2015-01,GMT
2015-01,GNTX
2015-01,GPN
2015-01,GVA
2015-01,GWR
2015-01,GXP
2015-01,HBHC
2015-01,HBI
2015-01,HCC
2015-01,HE
2015-01,HFC
2015-01,HII
2015-01,HIW
2015-01,HLX
2015-01,HMA
2015-01,HME
2015-01,HMSY
2015-01,HNI
2015-01,HNT
2015-01,HOLX
2015-01,HPT
2015-01,HRC
2015-01,HSC
2015-01,HSH
2015-01,HSIC
2015-01,HSNI
2015-01,HTSI
2015-01,HUBB
2015-01,IBOC
2015-01,IDA
2015-01,IDCC
2015-01,IDTI
2015-01,IDXX
2015-01,IEX
2015-01,IM
2015-01,INFA
2015-01,INGR
2015-01,INT
2015-01,IPI
2015-01,IRF
2015-01,ISCA
2015-01,ISIL
2015-01,IT
2015-01,ITRI
2015-01,ITT
2015-01,JAH
2015-01,JBHT
2015-01,JBLU
2015-01,JKHY
2015-01,JLL
2015-01,JNS
2015-01,JWA
2015-01,KBH
2015-01,KBR
2015-01,KEX
2015-01,KMPR
2015-01,KMT
2015-01,KRC
2015-01,LAMR
2015-01,LANC
2015-01,LDOS
2015-01,LECO
2015-01,LII
2015-01,LKQ
2015-01,LNT
2015-01,LPNT
2015-01,LPS
2015-01,LPX
2015-01,LRY
2015-01,LSTR
2015-01,LTM
2015-01,LXK
2015-01,MAN
2015-01,MANT
2015-01,MASI
2015-01,MATW
2015-01,MATX
2015-01,MCRS
2015-01,MCY
2015-01,MD
2015-01,MDC
2015-01,MDP
2015-01,MDRX
2015-01,MDU
2015-01,MENT
2015-01,MHK
2015-01,MLHR
2015-01,MLM
2015-01,MNK
2015-01,MSA
2015-01,MSCI
2015-01,MSM
2015-01,MTD
2015-01,MTX
2015-01,MUSA
2015-01,MWW
2015-01,NATI
2015-01,NCR
2015-01,NDSN
2015-01,NEU
2015-01,NFG
2015-01,NNN
2015-01,NSR
2015-01,NVE
2015-01,NVR
2015-01,NYCB
2015-01,NYT
2015-01,O
2015-01,OCR
2015-01,ODP
2015-01,OFC
2015-01,OGE
2015-01,OHI
2015-01,OII
2015-01,OIS
2015-01,OLN
2015-01,OMI
2015-01,ORI
2015-01,OSK
2015-01,PAY
2015-01,PB
2015-01,PCH
2015-01,PII
2015-01,PKG
2015-01,PL
2015-01,PLCM
2015-01,PLT
2015-01,PNM
2015-01,PNRA
2015-01,POST
2015-01,PRI
2015-01,PTC
2015-01,PTEN
2015-01,RAX
2015-01,RBC
2015-01,RCII
2015-01,RE
2015-01,REG
2015-01,RFMD
2015-01,RGA
2015-01,RGLD
2015-01,RGS
2015-01,RJF
2015-01,RKT
2015-01,RMD
2015-01,ROL
2015-01,ROSE
2015-01,ROVI
2015-01,RPM
2015-01,RRD
2015-01,RS
2015-01,RVBD
2015-01,RYN
2015-01,SAIC
2015-01,SBNY
2015-01,SCHL
2015-01,SCI
2015-01,SEIC
2015-01,SFG
2015-01,SGMS
2015-01,SIG
2015-01,SIVB
2015-01,SKS
2015-01,SLAB
2015-01,SLG
2015-01,SLGN
2015-01,SLH
2015-01,SLXP
2015-01,SM
2015-01,SMG
2015-01,SMTC
2015-01,SNH
2015-01,SNPS
2015-01,SNV
2015-01,SON
2015-01,SPN
2015-01,SPW
2015-01,STE
2015-01,STLD
2015-01,STR
2015-01,SUNE
2015-01,SVU
2015-01,SWI
2015-01,SWKS
2015-01,SXT
2015-01,TCB
2015-01,TCO
2015-01,TDS
2015-01,TDW
2015-01,TECD
2015-01,TECH
2015-01,TEX
2015-01,TFX
2015-01,TGI
2015-01,THG
2015-01,THO
2015-01,THOR
2015-01,TIBX
2015-01,TKR
2015-01,TOL
2015-01,TPX
2015-01,TR
2015-01,TRMB
2015-01,TRMK
2015-01,TRN
2015-01,TSCO
2015-01,TUP
2015-01,TW
2015-01,TWTC
2015-01,UA
2015-01,UDR
2015-01,UFS
2015-01,UGI
2015-01,UHS
2015-01,UNFI
2015-01,UNT
2015-01,URI
2015-01,URS
2015-01,UTHR
2015-01,UTIW
2015-01,UVV
2015-01,VAL
2015-01,VCI
2015-01,VCLK
2015-01,VLY
2015-01,VMI
2015-01,VSH
2015-01,VVC
2015-01,WAB
2015-01,WABC
2015-01,WAFD
2015-01,WBS
2015-01,WCG
2015-01,WCN
2015-01,WDR
2015-01,WEN
2015-01,WERN
2015-01,WEX
2015-01,WGL
2015-01,WMS
2015-01,WOOF
2015-01,WOR
2015-01,WR
2015-01,WRB
2015-01,WRI
2015-01,WSM
2015-01,WSO
2015-01,WTR
2015-01,WWAV
2015-01,WWD
2015-01,XEC
2015-01,XLS
2015-01,Y
2015-01,ZBRA
2015-02,AAN
2015-02,AAP
2015-02,ACC
2015-02,ACI
2015-02,ACIW
2015-02,ACM
2015-02,ACXM
2015-02,ADS
2015-02,ADTN
2015-02,ADVS
2015-02,AEO
2015-02,AF
2015-02,AFG
2015-02,AGCO
2015-02,AHL
2015-02,AINV
2015-02,AJG
2015-02,ALB
2015-02,ALEX
2015-02,ALK
2015-02,AMCX
2015-02,AMD
2015-02,AMG
2015-02,ANN
2015-02,ANR
2015-02,ANSS
2015-02,AOL
2015-02,APOL
2015-02,ARE
2015-02,ARO
2015-02,ARW
2015-02,ASBC
2015-02,ASH
2015-02,ASNA
2015-02,ATK
2015-02,ATML
2015-02,ATO
2015-02,ATR
2015-02,ATW
2015-02,AVT
2015-02,AYI
2015-02,BBG
2015-02,BCO
2015-02,BEAV
2015-02,BGC
2015-02,BID
2015-02,BIG
2015-02,BIO
2015-02,BKH
2015-02,BMR
2015-02,BOBE
2015-02,BOH
2015-02,BR
2015-02,BRE
2015-02,BRO
2015-02,BXS
2015-02,BYI
2015-02,CAB
2015-02,CAKE
2015-02,CATY
2015-02,CBOE
2015-02,CBSH
2015-02,CBST
2015-02,CBT
2015-02,CDNS
2015-02,CEB
2015-02,CFR
2015-02,CHD
2015-02,CHS
2015-02,CIEN
2015-02,CLC
2015-02,CLGX
2015-02,CLH
2015-02,CLI
2015-02,CMC
2015-02,CMP
2015-02,CNK
2015-02,CNL
2015-02,CNQR
2015-02,CNW
2015-02,COO
2015-02,CPRT
2015-02,CPT
2015-02,CPWR
2015-02,CR
2015-02,CREE
2015-02,CRI
2015-02,CRL
2015-02,CRR
2015-02,CRS
2015-02,CSL
2015-02,CST
2015-02,CVD
2015-02,CVG
2015-02,CVLT
2015-02,CXW
2015-02,CY
2015-02,CYH
2015-02,CYN
2015-02,CYT
2015-02,DBD
2015-02,DCI
2015-02,DDD
2015-02,DECK
2015-02,DF
2015-02,DKS
2015-02,DLX
2015-02,DPZ
2015-02,DRC
2015-02,DRE
2015-02,DRQ
2015-02,DST
2015-02,DV
2015-02,DWA
2015-02,EAT
2015-02,EGN
2015-02,ENDP
2015-02,ENR
2015-02,EQIX
2015-02,EQY
2015-02,ESL
2015-02,ESS
2015-02,EV
2015-02,EWBC
2015-02,EXP
2015-02,EXR
2015-02,FAF
2015-02,FBHS
2015-02,FCN
2015-02,FCS
2015-02,FDS
2015-02,FHN
2015-02,FICO
2015-02,FII
2015-02,FL
2015-02,FLO
2015-02,FMER
2015-02,FNF
2015-02,FNFG
2015-02,FRT
2015-02,FULT
2015-02,GEF
2015-02,GES
2015-02,GGG
2015-02,GHL
2015-02,GMCR
2015-02,GMT
2015-02,GNTX
2015-02,GPN
2015-02,GVA
2015-02,GWR
2015-02,GXP
2015-02,HBHC
2015-02,HBI
2015-02,HCC
2015-02,HE
2015-02,HFC
2015-02,HII
2015-02,HIW
2015-02,HLX
2015-02,HMA
2015-02,HME
2015-02,HMSY
2015-02,HNI
2015-02,HNT
2015-02,HOLX
2015-02,HPT
2015-02,HRC
2015-02,HSC
2015-02,HSH
2015-02,HSIC
2015-02,HSNI
2015-02,HTSI
2015-02,HUBB
2015-02,IBOC
2015-02,IDA
2015-02,IDCC
2015-02,IDTI
2015-02,IDXX
2015-02,IEX
2015-02,IM
2015-02,INFA
2015-02,INGR
2015-02,INT
2015-02,IPI
2015-02,IRF
2015-02,ISCA
2015-02,ISIL
2015-02,IT
2015-02,ITRI
2015-02,ITT
2015-02,JAH
2015-02,JBHT
2015-02,JBLU
2015-02,JKHY
2015-02,JLL
2015-02,JNS
2015-02,JWA
2015-02,KBH
2015-02,KBR
2015-02,KEX
2015-02,KMPR
2015-02,KMT
2015-02,KRC
2015-02,LAMR
2015-02,LANC
2015-02,LDOS
2015-02,LECO
2015-02,LII
2015-02,LKQ
2015-02,LNT
2015-02,LPNT
2015-02,LPS
2015-02,LPX
2015-02,LRY
2015-02,LSTR
2015-02,LTM
2015-02,LXK
2015-02,MAN
2015-02,MANT
2015-02,MASI
2015-02,MATW
2015-02,MATX
2015-02,MCRS
2015-02,MCY
2015-02,MD
2015-02,MDC
2015-02,MDP
2015-02,MDRX
2015-02,MDU
2015-02,MENT
2015-02,MHK
2015-02,MLHR
2015-02,MLM
2015-02,MNK
2015-02,MSA
2015-02,MSCI
2015-02,MSM
2015-02,MTD
2015-02,MTX
2015-02,MUSA
2015-02,MWW
2015-02,NATI
2015-02,NCR
2015-02,NDSN
2015-02,NEU
2015-02,NFG
2015-02,NNN
2015-02,NSR
2015-02,NVE
2015-02,NVR
2015-02,NYCB
2015-02,NYT
2015-02,O
2015-02,OCR
2015-02,ODP
2015-02,OFC
2015-02,OGE
2015-02,OHI
2015-02,OII
2015-02,OIS
2015-02,OLN
2015-02,OMI
2015-02,ORI
2015-02,OSK
2015-02,PAY
2015-02,PB
2015-02,PCH
2015-02,PII
2015-02,PKG
2015-02,PL
2015-02,PLCM
2015-02,PLT
2015-02,PNM
2015-02,PNRA
2015-02,POST
2015-02,PRI
2015-02,PTC
2015-02,PTEN
2015-02,RAX
2015-02,RBC
2015-02,RCII
2015-02,RE
2015-02,REG
2015-02,RFMD
2015-02,RGA
2015-02,RGLD
2015-02,RGS
2015-02,RJF
2015-02,RKT
2015-02,RMD
2015-02,ROL
2015-02,ROSE
2015-02,ROVI
2015-02,RPM
2015-02,RRD
2015-02,RS
2015-02,RVBD
2015-02,RYN
2015-02,SAIC
2015-02,SBNY
2015-02,SCHL
2015-02,SCI
2015-02,SEIC
2015-02,SFG
2015-02,SGMS
2015-02,SIG
2015-02,SIVB
2015-02,SKS
2015-02,SLAB
2015-02,SLG
2015-02,SLGN
2015-02,SLH
2015-02,SLXP
2015-02,SM
2015-02,SMG
2015-02,SMTC
2015-02,SNH
2015-02,SNPS
2015-02,SNV
2015-02,SON
2015-02,SPN
2015-02,SPW
2015-02,STE
2015-02,STLD
2015-02,STR
2015-02,SUNE
2015-02,SVU
2015-02,SWI
2015-02,SWKS
2015-02,SXT
2015-02,TCB
2015-02,TCO
2015-02,TDS
2015-02,TDW
2015-02,TECD
2015-02,TECH
2015-02,TEX
2015-02,TFX
2015-02,TGI
2015-02,THG
2015-02,THO
2015-02,THOR
2015-02,TIBX
2015-02,TKR
2015-02,TOL
2015-02,TPX
2015-02,TR
2015-02,TRMB
2015-02,TRMK
2015-02,TRN
2015-02,TSCO
2015-02,TUP
2015-02,TW
2015-02,TWTC
2015-02,UA
2015-02,UDR
2015-02,UFS
2015-02,UGI
2015-02,UHS
2015-02,UNFI
2015-02,UNT
2015-02,URI
2015-02,URS
2015-02,UTHR
2015-02,UTIW
2015-02,UVV
2015-02,VAL
2015-02,VCI
2015-02,VCLK
2015-02,VLY
2015-02,VMI
2015-02,VSH
2015-02,VVC
2015-02,WAB
2015-02,WABC
2015-02,WAFD
2015-02,WBS
2015-02,WCG
2015-02,WCN
2015-02,WDR
2015-02,WEN
2015-02,WERN
2015-02,WEX
2015-02,WGL
2015-02,WMS
2015-02,WOOF
2015-02,WOR
2015-02,WR
2015-02,WRB
2015-02,WRI
2015-02,WSM
2015-02,WSO
2015-02,WTR
2015-02,WWAV
2015-02,WWD
2015-02,XEC
2015-02,XLS
2015-02,Y
2015-02,ZBRA
2015-03,AAN
2015-03,AAP
2015-03,ACC
2015-03,ACI
2015-03,ACIW
2015-03,ACM
2015-03,ACXM
2015-03,ADS
2015-03,ADTN
2015-03,ADVS
2015-03,AEO
2015-03,AF
2015-03,AFG
2015-03,AGCO
2015-03,AHL
2015-03,AINV
2015-03,AJG
2015-03,ALB
2015-03,ALEX
2015-03,ALK
2015-03,AMCX
2015-03,AMD
2015-03,AMG
2015-03,ANN
2015-03,ANR
2015-03,ANSS
2015-03,AOL
2015-03,APOL
2015-03,ARE
2015-03,ARO
2015-03,ARW
2015-03,ASBC
2015-03,ASH
2015-03,ASNA
2015-03,ATK
2015-03,ATML
2015-03,ATO
2015-03,ATR
2015-03,ATW
2015-03,AVT
2015-03,AYI
2015-03,BBG
2015-03,BCO
2015-03,BEAV
2015-03,BGC
2015-03,BID
2015-03,BIG
2015-03,BIO
2015-03,BKH
2015-03,BMR
2015-03,BOBE
2015-03,BOH
2015-03,BR
2015-03,BRE
2015-03,BRO
2015-03,BXS
2015-03,BYI
2015-03,CAB
2015-03,CAKE
2015-03,CATY
2015-03,CBOE
2015-03,CBSH
2015-03,CBST
2015-03,CBT
2015-03,CDNS
2015-03,CEB
2015-03,CFR
2015-03,CHD
2015-03,CHS
2015-03,CIEN
2015-03,CLC
2015-03,CLGX
2015-03,CLH
2015-03,CLI
2015-03,CMC
2015-03,CMP
2015-03,CNK
2015-03,CNL
2015-03,CNQR
2015-03,CNW
2015-03,COO
2015-03,CPRT
2015-03,CPT
2015-03,CPWR
2015-03,CR
2015-03,CREE
2015-03,CRI
2015-03,CRL
2015-03,CRR
2015-03,CRS
2015-03,CSL
2015-03,CST
2015-03,CVD
2015-03,CVG
2015-03,CVLT
2015-03,CXW
2015-03,CY
2015-03,CYH
2015-03,CYN
2015-03,CYT
2015-03,DBD
2015-03,DCI
2015-03,DDD
2015-03,DECK
2015-03,DF
2015-03,DKS
2015-03,DLX
2015-03,DPZ
2015-03,DRC
2015-03,DRE
2015-03,DRQ
2015-03,DST
2015-03,DV
2015-03,DWA
2015-03,EAT
2015-03,EGN
2015-03,ENDP
2015-03,ENR
2015-03,EQIX
2015-03,EQY
2015-03,ESL
2015-03,ESS
2015-03,EV
2015-03,EWBC
2015-03,EXP
2015-03,EXR
2015-03,FAF
2015-03,FBHS
2015-03,FCN
2015-03,FCS
2015-03,FDS
2015-03,FHN
2015-03,FICO
2015-03,FII
2015-03,FL
2015-03,FLO
2015-03,FMER
2015-03,FNF
2015-03,FNFG
2015-03,FRT
2015-03,FULT
2015-03,GEF
2015-03,GES
2015-03,GGG
2015-03,GHL
2015-03,GMCR
2015-03,GMT
2015-03,GNTX
2015-03,GPN
2015-03,GVA
2015-03,GWR
2015-03,GXP
2015-03,HBHC
2015-03,HBI
2015-03,HCC
2015-03,HE
2015-03,HFC
2015-03,HII
2015-03,HIW
2015-03,HLX
2015-03,HMA
2015-03,HME
2015-03,HMSY
2015-03,HNI
2015-03,HNT
2015-03,HOLX
2015-03,HPT
2015-03,HRC
2015-03,HSC
2015-03,HSH
2015-03,HSIC
2015-03,HSNI
2015-03,HTSI
2015-03,HUBB
2015-03,IBOC
2015-03,IDA
2015-03,IDCC
2015-03,IDTI
2015-03,IDXX
2015-03,IEX
2015-03,IM
2015-03,INFA
2015-03,INGR
2015-03,INT
2015-03,IPI
2015-03,IRF
2015-03,ISCA
2015-03,ISIL
2015-03,IT
2015-03,ITRI
2015-03,ITT
2015-03,JAH
2015-03,JBHT
2015-03,JBLU
2015-03,JKHY
2015-03,JLL
2015-03,JNS
2015-03,JWA
2015-03,KBH
2015-03,KBR
2015-03,KEX
2015-03,KMPR
2015-03,KMT
2015-03,KRC
2015-03,LAMR
2015-03,LANC
2015-03,LDOS
2015-03,LECO
2015-03,LII
2015-03,LKQ
2015-03,LNT
2015-03,LPNT
2015-03,LPS
2015-03,LPX
2015-03,LRY
2015-03,LSTR
2015-03,LTM
2015-03,LXK
2015-03,MAN
2015-03,MANT
2015-03,MASI
2015-03,MATW
2015-03,MATX
2015-03,MCRS
2015-03,MCY
2015-03,MD
2015-03,MDC
2015-03,MDP
2015-03,MDRX
2015-03,MDU
2015-03,MENT
2015-03,MHK
2015-03,MLHR
2015-03,MLM
2015-03,MNK
2015-03,MSA
2015-03,MSCI
2015-03,MSM
2015-03,MTD
2015-03,MTX
2015-03,MUSA
2015-03,MWW
2015-03,NATI
2015-03,NCR
2015-03,NDSN
2015-03,NEU
2015-03,NFG
2015-03,NNN
2015-03,NSR
2015-03,NVE
2015-03,NVR
2015-03,NYCB
2015-03,NYT
2015-03,O
2015-03,OCR
2015-03,ODP
2015-03,OFC
2015-03,OGE
2015-03,OHI
2015-03,OII
2015-03,OIS
2015-03,OLN
2015-03,OMI
2015-03,ORI
2015-03,OSK
2015-03,PAY
2015-03,PB
2015-03,PCH
2015-03,PII
2015-03,PKG
2015-03,PL
2015-03,PLCM
2015-03,PLT
2015-03,PNM
2015-03,PNRA
2015-03,POST
2015-03,PRI
2015-03,PTC
2015-03,PTEN
2015-03,RAX
2015-03,RBC
2015-03,RCII
2015-03,RE
2015-03,REG
2015-03,RFMD
2015-03,RGA
2015-03,RGLD
2015-03,RGS
2015-03,RJF
2015-03,RKT
2015-03,RMD
2015-03,ROL
2015-03,ROSE
2015-03,ROVI
2015-03,RPM
2015-03,RRD
2015-03,RS
2015-03,RVBD
2015-03,RYN
2015-03,SAIC
2015-03,SBNY
2015-03,SCHL
2015-03,SCI
2015-03,SEIC
2015-03,SFG
2015-03,SGMS
2015-03,SIG
2015-03,SIVB
2015-03,SKS
2015-03,SLAB
2015-03,SLG
2015-03,SLGN
2015-03,SLH
2015-03,SLXP
2015-03,SM
2015-03,SMG
2015-03,SMTC
2015-03,SNH
2015-03,SNPS
2015-03,SNV
2015-03,SON
2015-03,SPN
2015-03,SPW
2015-03,STE
2015-03,STLD
2015-03,STR
2015-03,SUNE
2015-03,SVU
2015-03,SWI
2015-03,SWKS
2015-03,SXT
2015-03,TCB
2015-03,TCO
2015-03,TDS
2015-03,TDW
2015-03,TECD
2015-03,TECH
2015-03,TEX
2015-03,TFX
2015-03,TGI
2015-03,THG
2015-03,THO
2015-03,THOR
2015-03,TIBX
2015-03,TKR
2015-03,TOL
2015-03,TPX
2015-03,TR
2015-03,TRMB
2015-03,TRMK
2015-03,TRN
2015-03,TSCO
2015-03,TUP
2015-03,TW
2015-03,TWTC
2015-03,UA
2015-03,UDR
2015-03,UFS
2015-03,UGI
2015-03,UHS
2015-03,UNFI
2015-03,UNT
2015-03,URI
2015-03,URS
2015-03,UTHR
2015-03,UTIW
2015-03,UVV
2015-03,VAL
2015-03,VCI
2015-03,VCLK
2015-03,VLY
2015-03,VMI
2015-03,VSH
2015-03,VVC
2015-03,WAB
2015-03,WABC
2015-03,WAFD
2015-03,WBS
2015-03,WCG
2015-03,WCN
2015-03,WDR
2015-03,WEN
2015-03,WERN
2015-03,WEX
2015-03,WGL
2015-03,WMS
2015-03,WOOF
2015-03,WOR
2015-03,WR
2015-03,WRB
2015-03,WRI
2015-03,WSM
2015-03,WSO
2015-03,WTR
2015-03,WWAV
2015-03,WWD
2015-03,XEC
2015-03,XLS
2015-03,Y
2015-03,ZBRA
2015-04,AAN
2015-04,AAP
2015-04,ACC
2015-04,ACI
2015-04,ACIW
2015-04,ACM
2015-04,ACXM
2015-04,ADS
2015-04,ADTN
2015-04,ADVS
2015-04,AEO
2015-04,AF
2015-04,AFG
2015-04,AGCO
2015-04,AHL
2015-04,AINV
2015-04,AJG
2015-04,ALB
2015-04,ALEX
2015-04,ALK
2015-04,AMCX
2015-04,AMD
2015-04,AMG
2015-04,ANN
2015-04,ANR
2015-04,ANSS
2015-04,AOL
2015-04,APOL
2015-04,ARE
2015-04,ARO
2015-04,ARW
2015-04,ASBC
2015-04,ASH
2015-04,ASNA
2015-04,ATK
2015-04,ATML
2015-04,ATO
2015-04,ATR
2015-04,ATW
2015-04,AVT
2015-04,AYI
2015-04,BBG
2015-04,BCO
2015-04,BEAV
2015-04,BGC
2015-04,BID
2015-04,BIG
2015-04,BIO
2015-04,BKH
2015-04,BMR
2015-04,BOBE
2015-04,BOH
2015-04,BR
2015-04,BRE
2015-04,BRO
2015-04,BXS
2015-04,BYI
2015-04,CAB
2015-04,CAKE
2015-04,CATY
2015-04,CBOE
2015-04,CBSH
2015-04,CBST
2015-04,CBT
2015-04,CDNS
2015-04,CEB
2015-04,CFR
2015-04,CHD
2015-04,CHS
2015-04,CIEN
2015-04,CLC
2015-04,CLGX
2015-04,CLH
2015-04,CLI
2015-04,CMC
2015-04,CMP
2015-04,CNK
2015-04,CNL
2015-04,CNQR
2015-04,CNW
2015-04,COO
2015-04,CPRT
2015-04,CPT
2015-04,CPWR
2015-04,CR
2015-04,CREE
2015-04,CRI
2015-04,CRL
2015-04,CRR
2015-04,CRS
2015-04,CSL
2015-04,CST
2015-04,CVD
2015-04,CVG
2015-04,CVLT
2015-04,CXW
2015-04,CY
2015-04,CYH
2015-04,CYN
2015-04,CYT
2015-04,DBD
2015-04,DCI
2015-04,DDD
2015-04,DECK
2015-04,DF
2015-04,DKS
2015-04,DLX
2015-04,DPZ
2015-04,DRC
2015-04,DRE
2015-04,DRQ
2015-04,DST
2015-04,DV
2015-04,DWA
2015-04,EAT
2015-04,EGN
2015-04,ENDP
2015-04,ENR
2015-04,EQIX
2015-04,EQY
2015-04,ESL
2015-04,ESS
2015-04,EV
2015-04,EWBC
2015-04,EXP
2015-04,EXR
2015-04,FAF
2015-04,FBHS
2015-04,FCN
2015-04,FCS
2015-04,FDS
2015-04,FHN
2015-04,FICO
2015-04,FII
2015-04,FL
2015-04,FLO
2015-04,FMER
2015-04,FNF
2015-04,FNFG
2015-04,FRT
2015-04,FULT
2015-04,GEF
2015-04,GES
2015-04,GGG
2015-04,GHL
2015-04,GMCR
2015-04,GMT
2015-04,GNTX
2015-04,GPN
2015-04,GVA
2015-04,GWR
2015-04,GXP
2015-04,HBHC
2015-04,HBI
2015-04,HCC
2015-04,HE
2015-04,HFC
2015-04,HII
2015-04,HIW
2015-04,HLX
2015-04,HMA
2015-04,HME
2015-04,HMSY
2015-04,HNI
2015-04,HNT
2015-04,HOLX
2015-04,HPT
2015-04,HRC
2015-04,HSC
2015-04,HSH
2015-04,HSIC
2015-04,HSNI
2015-04,HTSI
2015-04,HUBB
2015-04,IBOC
2015-04,IDA
2015-04,IDCC
2015-04,IDTI
2015-04,IDXX
2015-04,IEX
2015-04,IM
2015-04,INFA
2015-04,INGR
2015-04,INT
2015-04,IPI
2015-04,IRF
2015-04,ISCA
2015-04,ISIL
2015-04,IT
2015-04,ITRI
2015-04,ITT
2015-04,JAH
2015-04,JBHT
2015-04,JBLU
2015-04,JKHY
2015-04,JLL
2015-04,JNS
2015-04,JWA
2015-04,KBH
2015-04,KBR
2015-04,KEX
2015-04,KMPR
2015-04,KMT
2015-04,KRC
2015-04,LAMR
2015-04,LANC
2015-04,LDOS
2015-04,LECO
2015-04,LII
2015-04,LKQ
2015-04,LNT
2015-04,LPNT
2015-04,LPS
2015-04,LPX
2015-04,LRY
2015-04,LSTR
2015-04,LTM
2015-04,LXK
2015-04,MAN
2015-04,MANT
2015-04,MASI
2015-04,MATW
2015-04,MATX
2015-04,MCRS
2015-04,MCY
2015-04,MD
2015-04,MDC
2015-04,MDP
2015-04,MDRX
2015-04,MDU
2015-04,MENT
2015-04,MHK
2015-04,MLHR
2015-04,MLM
2015-04,MNK
2015-04,MSA
2015-04,MSCI
2015-04,MSM
2015-04,MTD
2015-04,MTX
2015-04,MUSA
2015-04,MWW
2015-04,NATI
2015-04,NCR
2015-04,NDSN
2015-04,NEU
2015-04,NFG
2015-04,NNN
2015-04,NSR
2015-04,NVE
2015-04,NVR
2015-04,NYCB
2015-04,NYT
2015-04,O
2015-04,OCR
2015-04,ODP
2015-04,OFC
2015-04,OGE
2015-04,OHI
2015-04,OII
2015-04,OIS
2015-04,OLN
2015-04,OMI
2015-04,ORI
2015-04,OSK
2015-04,PAY
2015-04,PB
2015-04,PCH
2015-04,PII
2015-04,PKG
2015-04,PL
2015-04,PLCM
2015-04,PLT
2015-04,PNM
2015-04,PNRA
2015-04,POST
2015-04,PRI
2015-04,PTC
2015-04,PTEN
2015-04,RAX
2015-04,RBC
2015-04,RCII
2015-04,RE
2015-04,REG
2015-04,RFMD
2015-04,RGA
2015-04,RGLD
2015-04,RGS
2015-04,RJF
2015-04,RKT
2015-04,RMD
2015-04,ROL
2015-04,ROSE
2015-04,ROVI
2015-04,RPM
2015-04,RRD
2015-04,RS
2015-04,RVBD
2015-04,RYN
2015-04,SAIC
2015-04,SBNY
2015-04,SCHL
2015-04,SCI
2015-04,SEIC
2015-04,SFG
2015-04,SGMS
2015-04,SIG
2015-04,SIVB
2015-04,SKS
2015-04,SLAB
2015-04,SLG
2015-04,SLGN
2015-04,SLH
2015-04,SLXP
2015-04,SM
2015-04,SMG
2015-04,SMTC
2015-04,SNH
2015-04,SNPS
2015-04,SNV
2015-04,SON
2015-04,SPN
2015-04,SPW
2015-04,STE
2015-04,STLD
2015-04,STR
2015-04,SUNE
2015-04,SVU
2015-04,SWI
2015-04,SWKS
2015-04,SXT
2015-04,TCB
2015-04,TCO
2015-04,TDS
2015-04,TDW
2015-04,TECD
2015-04,TECH
2015-04,TEX
2015-04,TFX
2015-04,TGI
2015-04,THG
2015-04,THO
2015-04,THOR
2015-04,TIBX
2015-04,TKR
2015-04,TOL
2015-04,TPX
2015-04,TR
2015-04,TRMB
2015-04,TRMK
2015-04,TRN
2015-04,TSCO
2015-04,TUP
2015-04,TW
2015-04,TWTC
2015-04,UA
2015-04,UDR
2015-04,UFS
2015-04,UGI
2015-04,UHS
2015-04,UNFI
2015-04,UNT
2015-04,URI
2015-04,URS
2015-04,UTHR
2015-04,UTIW
2015-04,UVV
2015-04,VAL
2015-04,VCI
2015-04,VCLK
2015-04,VLY
2015-04,VMI
2015-04,VSH
2015-04,VVC
2015-04,WAB
2015-04,WABC
2015-04,WAFD
2015-04,WBS
2015-04,WCG
2015-04,WCN
2015-04,WDR
2015-04,WEN
2015-04,WERN
2015-04,WEX
2015-04,WGL
2015-04,WMS
2015-04,WOOF
2015-04,WOR
2015-04,WR
2015-04,WRB
2015-04,WRI
2015-04,WSM
2015-04,WSO
2015-04,WTR
2015-04,WWAV
2015-04,WWD
2015-04,XEC
2015-04,XLS
2015-04,Y
2015-04,ZBRA
2015-05,AAN
2015-05,AAP
2015-05,ACC
2015-05,ACIW
2015-05,ACXM
2015-05,ADVS
2015-05,AEO
2015-05,AFG
2015-05,AGCO
2015-05,AHL
2015-05,AJG
2015-05,AKRX
2015-05,ALB
2015-05,ALEX
2015-05,ALGN
2015-05,ALK
2015-05,AMCX
2015-05,AMD
2015-05,ANF
2015-05,ANN
2015-05,ANSS
2015-05,AOL
2015-05,AOS
2015-05,APOL
2015-05,ARE
2015-05,ARRS
2015-05,ARW
2015-05,ASB
2015-05,ASH
2015-05,ASNA
2015-05,ATML
2015-05,ATO
2015-05,ATR
2015-05,ATW
2015-05,AVP
2015-05,AVT
2015-05,AYI
2015-05,BBG
2015-05,BC
2015-05,BDC
2015-05,BEAV
2015-05,BID
2015-05,BIG
2015-05,BIO
2015-05,BKH
2015-05,BMR
2015-05,BMS
2015-05,BOH
2015-05,BR
2015-05,BRO
2015-05,BTU
2015-05,BWLD
2015-05,BXS
2015-05,CAB
2015-05,CAKE
2015-05,CATY
2015-05,CBOE
2015-05,CBSH
2015-05,CBT
2015-05,CDK
2015-05,CDNS
2015-05,CEB
2015-05,CFR
2015-05,CGNX
2015-05,CHD
2015-05,CHS
2015-05,CIEN
2015-05,CLC
2015-05,CLGX
2015-05,CLH
2015-05,CLI
2015-05,CMC
2015-05,CMP
2015-05,CNC
2015-05,CNK
2015-05,CNL
2015-05,CNO
2015-05,CNW
2015-05,COO
2015-05,CPRT
2015-05,CPT
2015-05,CR
2015-05,CRC
2015-05,CREE
2015-05,CRI
2015-05,CRL
2015-05,CRS
2015-05,CSAL
2015-05,CSL
2015-05,CST
2015-05,CVG
2015-05,CVLT
2015-05,CXW
2015-05,CY
2015-05,CYH
2015-05,CYN
2015-05,CYT
2015-05,DAN
2015-05,DBD
2015-05,DCI
2015-05,DDD
2015-05,DECK
2015-05,DEI
2015-05,DF
2015-05,DKS
2015-05,DLX
2015-05,DNKN
2015-05,DNOW
2015-05,DNR
2015-05,DPZ
2015-05,DRC
2015-05,DRE
2015-05,DRQ
2015-05,DST
2015-05,DV
2015-05,DWA
2015-05,EAT
2015-05,EGN
2015-05,ENR
2015-05,EQY
2015-05,ESL
2015-05,EV
2015-05,EWBC
2015-05,EXP
2015-05,EXR
2015-05,FAF
2015-05,FBHS
2015-05,FCN
2015-05,FCS
2015-05,FDS
2015-05,FEIC
2015-05,FHN
2015-05,FICO
2015-05,FII
2015-05,FL
2015-05,FLO
2015-05,FMER
2015-05,FNFG
2015-05,FRT
2015-05,FTNT
2015-05,FULT
2015-05,GEF
2015-05,GES
2015-05,GGG
2015-05,GHC
2015-05,GPOR
2015-05,GVA
2015-05,GWR
2015-05,GXP
2015-05,HAIN
2015-05,HBHC
2015-05,HCC
2015-05,HE
2015-05,HFC
2015-05,HII
2015-05,HIW
2015-05,HLX
2015-05,HME
2015-05,HMSY
2015-05,HNI
2015-05,HNT
2015-05,HOLX
2015-05,HPT
2015-05,HRC
2015-05,HSC
2015-05,HSNI
2015-05,HUB.B
2015-05,HYH
2015-05,IBOC
2015-05,IDA
2015-05,IDCC
2015-05,IDTI
2015-05,IDXX
2015-05,IEX
2015-05,IM
2015-05,INFA
2015-05,INGR
2015-05,INT
2015-05,IPGP
2015-05,ISCA
2015-05,ISIL
2015-05,IT
2015-05,ITRI
2015-05,ITT
2015-05,JAH
2015-05,JBHT
2015-05,JBL
2015-05,JBLU
2015-05,JCP
2015-05,JDSU
2015-05,JKHY
2015-05,JLL
2015-05,JNS
2015-05,JW.A
2015-05,KATE
2015-05,KBH
2015-05,KBR
2015-05,KEX
2015-05,KEYS
2015-05,KLXI
2015-05,KMPR
2015-05,KMT
2015-05,KN
2015-05,KRC
2015-05,LAMR
2015-05,LANC
2015-05,LDOS
2015-05,LECO
2015-05,LHO
2015-05,LII
2015-05,LKQ
2015-05,LNT
2015-05,LPNT
2015-05,LPT
2015-05,LPX
2015-05,LSTR
2015-05,LTM
2015-05,LXK
2015-05,LYV
2015-05,MAA
2015-05,MAN
2015-05,MCY
2015-05,MD
2015-05,MDC
2015-05,MDP
2015-05,MDRX
2015-05,MDU
2015-05,MENT
2015-05,MLHR
2015-05,MMS
2015-05,MSA
2015-05,MSCI
2015-05,MSM
2015-05,MTD
2015-05,MTX
2015-05,MUSA
2015-05,NATI
2015-05,NBR
2015-05,NCR
2015-05,NDSN
2015-05,NEU
2015-05,NFG
2015-05,NNN
2015-05,NSR
2015-05,NVR
2015-05,NYCB
2015-05,NYT
2015-05,OA
2015-05,OCR
2015-05,ODFL
2015-05,ODP
2015-05,OFC
2015-05,OGE
2015-05,OGS
2015-05,OHI
2015-05,OII
2015-05,OIS
2015-05,OLN
2015-05,OMI
2015-05,ORI
2015-05,OSK
2015-05,PACW
2015-05,PAY
2015-05,PB
2015-05,PCH
2015-05,PII
2015-05,PKG
2015-05,PLCM
2015-05,PLT
2015-05,PNM
2015-05,PNRA
2015-05,POL
2015-05,POST
2015-05,PRI
2015-05,PTC
2015-05,PTEN
2015-05,QRVO
2015-05,RAX
2015-05,RBC
2015-05,RCII
2015-05,RDC
2015-05,RE
2015-05,REG
2015-05,RGA
2015-05,RGLD
2015-05,RJF
2015-05,RKT
2015-05,RMD
2015-05,RNR
2015-05,ROL
2015-05,ROSE
2015-05,ROVI
2015-05,RPM
2015-05,RRD
2015-05,RS
2015-05,RYN
2015-05,SAIC
2015-05,SAM
2015-05,SBNY
2015-05,SCI
2015-05,SEIC
2015-05,SF
2015-05,SFG
2015-05,SIG
2015-05,SIRO
2015-05,SIVB
2015-05,SKT
2015-05,SLAB
2015-05,SLGN
2015-05,SLH
2015-05,SLM
2015-05,SM
2015-05,SMG
2015-05,SMTC
2015-05,SNH
2015-05,SNPS
2015-05,SNV
2015-05,SON
2015-05,SPN
2015-05,SPW
2015-05,STE
2015-05,STLD
2015-05,STR
2015-05,SUNE
2015-05,SVU
2015-05,SWI
2015-05,SXT
2015-05,TCB
2015-05,TCO
2015-05,TDS
2015-05,TDW
2015-05,TDY
2015-05,TECD
2015-05,TECH
2015-05,TER
2015-05,TEX
2015-05,TFX
2015-05,TGI
2015-05,THG
2015-05,THO
2015-05,THOR
2015-05,THS
2015-05,TIME
2015-05,TKR
2015-05,TMST
2015-05,TOL
2015-05,TPX
2015-05,TR
2015-05,TRMB
2015-05,TRMK
2015-05,TRN
2015-05,TUP
2015-05,TW
2015-05,TYL
2015-05,UDR
2015-05,UE
2015-05,UFS
2015-05,UGI
2015-05,ULTI
2015-05,UMPQ
2015-05,UNFI
2015-05,UNT
2015-05,UTHR
2015-05,VAL
2015-05,VLY
2015-05,VMI
2015-05,VSH
2015-05,VSTO
2015-05,VVC
2015-05,WAB
2015-05,WAFD
2015-05,WBS
2015-05,WCG
2015-05,WCN
2015-05,WDR
2015-05,WEN
2015-05,WERN
2015-05,WEX
2015-05,WGL
2015-05,WIN
2015-05,WNR
2015-05,WOOF
2015-05,WOR
2015-05,WPG
2015-05,WPX
2015-05,WR
2015-05,WRB
2015-05,WRI
2015-05,WSM
2015-05,WSO
2015-05,WTR
2015-05,WWAV
2015-05,WWD
2015-05,X
2015-05,XLS
2015-05,Y
2015-05,ZBRA
2015-06,AAN
2015-06,AAP
2015-06,ACC
2015-06,ACIW
2015-06,ACM
2015-06,ACXM
2015-06,ADVS
2015-06,AEO
2015-06,AFG
2015-06,AGCO
2015-06,AHL
2015-06,AJG
2015-06,AKRX
2015-06,ALB
2015-06,ALEX
2015-06,ALGN
2015-06,ALK
2015-06,AMCX
2015-06,AMD
2015-06,ANF
2015-06,ANN
2015-06,ANSS
2015-06,AOL
2015-06,AOS
2015-06,APOL
2015-06,ARE
2015-06,ARRS
2015-06,ARW
2015-06,ASB
2015-06,ASH
2015-06,ASNA
2015-06,ATML
2015-06,ATO
2015-06,ATR
2015-06,ATW
2015-06,AVP
2015-06,AVT
2015-06,AYI
2015-06,BC
2015-06,BDC
2015-06,BEAV
2015-06,BID
2015-06,BIG
2015-06,BIO
2015-06,BKH
2015-06,BMR
2015-06,BMS
2015-06,BOH
2015-06,BR
2015-06,BRO
2015-06,BTU
2015-06,BWLD
2015-06,BXS
2015-06,CAB
2015-06,CAKE
2015-06,CATY
2015-06,CBOE
2015-06,CBSH
2015-06,CBT
2015-06,CDK
2015-06,CDNS
2015-06,CEB
2015-06,CFR
2015-06,CGNX
2015-06,CHD
2015-06,CHS
2015-06,CIEN
2015-06,CLC
2015-06,CLGX
2015-06,CLH
2015-06,CLI
2015-06,CMC
2015-06,CMP
2015-06,CNC
2015-06,CNK
2015-06,CNL
2015-06,CNO
2015-06,CNW
2015-06,COO
2015-06,CPRT
2015-06,CPT
2015-06,CR
2015-06,CRC
2015-06,CREE
2015-06,CRI
2015-06,CRL
2015-06,CRS
2015-06,CSAL
2015-06,CSL
2015-06,CST
2015-06,CVG
2015-06,CVLT
2015-06,CXW
2015-06,CY
2015-06,CYH
2015-06,CYN
2015-06,CYT
2015-06,DAN
2015-06,DBD
2015-06,DCI
2015-06,DDD
2015-06,DECK
2015-06,DEI
2015-06,DF
2015-06,DKS
2015-06,DLX
2015-06,DNKN
2015-06,DNOW
2015-06,DNR
2015-06,DPZ
2015-06,DRC
2015-06,DRE
2015-06,DRQ
2015-06,DST
2015-06,DV
2015-06,DWA
2015-06,EAT
2015-06,EGN
2015-06,ENR
2015-06,EQY
2015-06,ESL
2015-06,EV
2015-06,EWBC
2015-06,EXP
2015-06,EXR
2015-06,FAF
2015-06,FBHS
2015-06,FCN
2015-06,FCS
2015-06,FDS
2015-06,FEIC
2015-06,FHN
2015-06,FICO
2015-06,FII
2015-06,FL
2015-06,FLO
2015-06,FMER
2015-06,FNFG
2015-06,FRT
2015-06,FTNT
2015-06,FULT
2015-06,GEF
2015-06,GES
2015-06,GGG
2015-06,GHC
2015-06,GMT
2015-06,GNTX
2015-06,GPN
2015-06,GPOR
2015-06,GVA
2015-06,GWR
2015-06,GXP
2015-06,HAIN
2015-06,HAR
2015-06,HBHC
2015-06,HCC
2015-06,HE
2015-06,HFC
2015-06,HII
2015-06,HIW
2015-06,HLX
2015-06,HME
2015-06,HMSY
2015-06,HNI
2015-06,HNT
2015-06,HOLX
2015-06,HPT
2015-06,HRC
2015-06,HSC
2015-06,HSNI
2015-06,HUB.B
2015-06,HYH
2015-06,IBOC
2015-06,IDA
2015-06,IDCC
2015-06,IDTI
2015-06,IDXX
2015-06,IEX
2015-06,IM
2015-06,INFA
2015-06,INGR
2015-06,INT
2015-06,IPGP
2015-06,ISCA
2015-06,ISIL
2015-06,IT
2015-06,ITRI
2015-06,ITT
2015-06,JAH
2015-06,JBHT
2015-06,JBL
2015-06,JBLU
2015-06,JCP
2015-06,JDSU
2015-06,JKHY
2015-06,JLL
2015-06,JNS
2015-06,JW.A
2015-06,KATE
2015-06,KBH
2015-06,KBR
2015-06,KEX
2015-06,KEYS
2015-06,KLXI
2015-06,KMPR
2015-06,KMT
2015-06,KN
2015-06,KRC
2015-06,LAMR
2015-06,LANC
2015-06,LDOS
2015-06,LECO
2015-06,LHO
2015-06,LII
2015-06,LKQ
2015-06,LNT
2015-06,LPNT
2015-06,LPT
2015-06,LPX
2015-06,LSTR
2015-06,LXK
2015-06,LYV
2015-06,MAA
2015-06,MAN
2015-06,MANH
2015-06,MCY
2015-06,MD
2015-06,MDC
2015-06,MDP
2015-06,MDRX
2015-06,MDU
2015-06,MENT
2015-06,MLHR
2015-06,MMS
2015-06,MSA
2015-06,MSCI
2015-06,MSM
2015-06,MTD
2015-06,MTX
2015-06,MUSA
2015-06,NATI
2015-06,NBR
2015-06,NCR
2015-06,NDSN
2015-06,NEU
2015-06,NFG
2015-06,NNN
2015-06,NSR
2015-06,NVR
2015-06,NYCB
2015-06,NYT
2015-06,OA
2015-06,OCR
2015-06,ODFL
2015-06,ODP
2015-06,OFC
2015-06,OGE
2015-06,OGS
2015-06,OHI
2015-06,OII
2015-06,OIS
2015-06,OLN
2015-06,OMI
2015-06,ORI
2015-06,OSK
2015-06,OZRK
2015-06,PACW
2015-06,PAY
2015-06,PB
2015-06,PCH
2015-06,PII
2015-06,PKG
2015-06,PLCM
2015-06,PLT
2015-06,PNM
2015-06,PNRA
2015-06,POL
2015-06,POST
2015-06,PPL
2015-06,PRI
2015-06,PTC
2015-06,PTEN
2015-06,RAX
2015-06,RBC
2015-06,RCII
2015-06,RDC
2015-06,RE
2015-06,REG
2015-06,RGA
2015-06,RGLD
2015-06,RJF
2015-06,RKT
2015-06,RMD
2015-06,RNR
2015-06,ROL
2015-06,ROSE
2015-06,ROVI
2015-06,RPM
2015-06,RRD
2015-06,RS
2015-06,RYN
2015-06,SAIC
2015-06,SAM
2015-06,SBNY
2015-06,SCI
2015-06,SEIC
2015-06,SF
2015-06,SFG
2015-06,SIG
2015-06,SIRO
2015-06,SIVB
2015-06,SKT
2015-06,SLAB
2015-06,SLGN
2015-06,SLH
2015-06,SLM
2015-06,SM
2015-06,SMG
2015-06,SMTC
2015-06,SNH
2015-06,SNPS
2015-06,SNV
2015-06,SON
2015-06,SPN
2015-06,SPW
2015-06,STE
2015-06,STLD
2015-06,STR
2015-06,SUNE
2015-06,SVU
2015-06,SWI
2015-06,SXT
2015-06,TCB
2015-06,TCO
2015-06,TDS
2015-06,TDW
2015-06,TDY
2015-06,TECD
2015-06,TECH
2015-06,TER
2015-06,TEX
2015-06,TFX
2015-06,TGI
2015-06,THG
2015-06,THO
2015-06,THOR
2015-06,THS
2015-06,TIME
2015-06,TKR
2015-06,TLN
2015-06,TMST
2015-06,TOL
2015-06,TPX
2015-06,TR
2015-06,TRMB
2015-06,TRMK
2015-06,TRN
2015-06,TUP
2015-06,TW
2015-06,TYL
2015-06,UDR
2015-06,UE
2015-06,UFS
2015-06,UGI
2015-06,ULTI
2015-06,UMPQ
2015-06,UNFI
2015-06,UNT
2015-06,UTHR
2015-06,VAL
2015-06,VLY
2015-06,VMI
2015-06,VRX
2015-06,VSH
2015-06,VSTO
2015-06,VVC
2015-06,WAB
2015-06,WAFD
2015-06,WBS
2015-06,WCG
2015-06,WCN
2015-06,WDR
2015-06,WEN
2015-06,WERN
2015-06,WETF
2015-06,WEX
2015-06,WGL
2015-06,WNR
2015-06,WOOF
2015-06,WOR
2015-06,WPG
2015-06,WPX
2015-06,WR
2015-06,WRB
2015-06,WRI
2015-06,WSM
2015-06,WSO
2015-06,WTR
2015-06,WWAV
2015-06,WWD
2015-06,X
2015-06,Y
2015-06,ZBRA
2015-07,AAN
2015-07,AAP
2015-07,ACC
2015-07,ACIW
2015-07,ACM
2015-07,ACXM
2015-07,ADVS
2015-07,AEO
2015-07,AFG
2015-07,AGCO
2015-07,AHL
2015-07,AJG
2015-07,AKRX
2015-07,ALB
2015-07,ALEX
2015-07,ALGN
2015-07,ALK
2015-07,AMCX
2015-07,AMD
2015-07,ANF
2015-07,ANN
2015-07,ANSS
2015-07,AOL
2015-07,AOS
2015-07,APOL
2015-07,ARE
2015-07,ARRS
2015-07,ARW
2015-07,ASB
2015-07,ASH
2015-07,ASNA
2015-07,ATML
2015-07,ATO
2015-07,ATR
2015-07,ATW
2015-07,AVP
2015-07,AVT
2015-07,AYI
2015-07,BC
2015-07,BDC
2015-07,BEAV
2015-07,BID
2015-07,BIG
2015-07,BIO
2015-07,BKH
2015-07,BMR
2015-07,BMS
2015-07,BOH
2015-07,BR
2015-07,BRO
2015-07,BTU
2015-07,BWLD
2015-07,BXS
2015-07,CAB
2015-07,CAKE
2015-07,CATY
2015-07,CBOE
2015-07,CBSH
2015-07,CBT
2015-07,CDK
2015-07,CDNS
2015-07,CEB
2015-07,CFR
2015-07,CGNX
2015-07,CHD
2015-07,CHS
2015-07,CIEN
2015-07,CLC
2015-07,CLGX
2015-07,CLH
2015-07,CLI
2015-07,CMC
2015-07,CMP
2015-07,CNC
2015-07,CNK
2015-07,CNL
2015-07,CNO
2015-07,CNW
2015-07,COO
2015-07,CPRT
2015-07,CPT
2015-07,CR
2015-07,CRC
2015-07,CREE
2015-07,CRI
2015-07,CRL
2015-07,CRS
2015-07,CSAL
2015-07,CSL
2015-07,CST
2015-07,CVG
2015-07,CVLT
2015-07,CXW
2015-07,CY
2015-07,CYH
2015-07,CYN
2015-07,CYT
2015-07,DAN
2015-07,DBD
2015-07,DCI
2015-07,DDD
2015-07,DECK
2015-07,DEI
2015-07,DF
2015-07,DKS
2015-07,DLX
2015-07,DNKN
2015-07,DNOW
2015-07,DNR
2015-07,DPZ
2015-07,DRC
2015-07,DRE
2015-07,DRQ
2015-07,DST
2015-07,DV
2015-07,DWA
2015-07,EAT
2015-07,EGN
2015-07,ENR
2015-07,EQY
2015-07,ESL
2015-07,EV
2015-07,EWBC
2015-07,EXP
2015-07,EXR
2015-07,FAF
2015-07,FBHS
2015-07,FCN
2015-07,FCS
2015-07,FDS
2015-07,FEIC
2015-07,FHN
2015-07,FICO
2015-07,FII
2015-07,FL
2015-07,FLO
2015-07,FMER
2015-07,FNFG
2015-07,FRT
2015-07,FTNT
2015-07,FULT
2015-07,GEF
2015-07,GES
2015-07,GGG
2015-07,GHC
2015-07,GMT
2015-07,GNTX
2015-07,GPN
2015-07,GPOR
2015-07,GVA
2015-07,GWR
2015-07,GXP
2015-07,HAIN
2015-07,HAR
2015-07,HBHC
2015-07,HCC
2015-07,HE
2015-07,HFC
2015-07,HII
2015-07,HIW
2015-07,HLX
2015-07,HME
2015-07,HMSY
2015-07,HNI
2015-07,HNT
2015-07,HOLX
2015-07,HPT
2015-07,HRC
2015-07,HSC
2015-07,HSNI
2015-07,HUB.B
2015-07,HYH
2015-07,IBOC
2015-07,IDA
2015-07,IDCC
2015-07,IDTI
2015-07,IDXX
2015-07,IEX
2015-07,IM
2015-07,INFA
2015-07,INGR
2015-07,INT
2015-07,IPGP
2015-07,ISCA
2015-07,ISIL
2015-07,IT
2015-07,ITRI
2015-07,ITT
2015-07,JAH
2015-07,JBHT
2015-07,JBL
2015-07,JBLU
2015-07,JCP
2015-07,JDSU
2015-07,JKHY
2015-07,JLL
2015-07,JNS
2015-07,JW.A
2015-07,KATE
2015-07,KBH
2015-07,KBR
2015-07,KEX
2015-07,KEYS
2015-07,KLXI
2015-07,KMPR
2015-07,KMT
2015-07,KN
2015-07,KRC
2015-07,LAMR
2015-07,LANC
2015-07,LDOS
2015-07,LECO
2015-07,LHO
2015-07,LII
2015-07,LKQ
2015-07,LNT
2015-07,LPNT
2015-07,LPT
2015-07,LPX
2015-07,LSTR
2015-07,LXK
2015-07,LYV
2015-07,MAA
2015-07,MAN
2015-07,MANH
2015-07,MCY
2015-07,MD
2015-07,MDC
2015-07,MDP
2015-07,MDRX
2015-07,MDU
2015-07,MENT
2015-07,MLHR
2015-07,MMS
2015-07,MSA
2015-07,MSCI
2015-07,MSM
2015-07,MTD
2015-07,MTX
2015-07,MUSA
2015-07,NATI
2015-07,NBR
2015-07,NCR
2015-07,NDSN
2015-07,NEU
2015-07,NFG
2015-07,NNN
2015-07,NSR
2015-07,NVR
2015-07,NYCB
2015-07,NYT
2015-07,OA
2015-07,OCR
2015-07,ODFL
2015-07,ODP
2015-07,OFC
2015-07,OGE
2015-07,OGS
2015-07,OHI
2015-07,OII
2015-07,OIS
2015-07,OLN
2015-07,OMI
2015-07,ORI
2015-07,OSK
2015-07,OZRK
2015-07,PACW
2015-07,PAY
2015-07,PB
2015-07,PCH
2015-07,PII
2015-07,PKG
2015-07,PLCM
2015-07,PLT
2015-07,PNM
2015-07,PNRA
2015-07,POL
2015-07,POST
2015-07,PPL
2015-07,PRI
2015-07,PTC
2015-07,PTEN
2015-07,RAX
2015-07,RBC
2015-07,RCII
2015-07,RDC
2015-07,RE
2015-07,REG
2015-07,RGA
2015-07,RGLD
2015-07,RJF
2015-07,RKT
2015-07,RMD
2015-07,RNR
2015-07,ROL
2015-07,ROSE
2015-07,ROVI
2015-07,RPM
2015-07,RRD
2015-07,RS
2015-07,RYN
2015-07,SAIC
2015-07,SAM
2015-07,SBNY
2015-07,SCI
2015-07,SEIC
2015-07,SF
2015-07,SFG
2015-07,SIG
2015-07,SIRO
2015-07,SIVB
2015-07,SKT
2015-07,SLAB
2015-07,SLGN
2015-07,SLH
2015-07,SLM
2015-07,SM
2015-07,SMG
2015-07,SMTC
2015-07,SNH
2015-07,SNPS
2015-07,SNV
2015-07,SON
2015-07,SPN
2015-07,SPW
2015-07,STE
2015-07,STLD
2015-07,STR
2015-07,SUNE
2015-07,SVU
2015-07,SWI
2015-07,SXT
2015-07,TCB
2015-07,TCO
2015-07,TDS
2015-07,TDW
2015-07,TDY
2015-07,TECD
2015-07,TECH
2015-07,TER
2015-07,TEX
2015-07,TFX
2015-07,TGI
2015-07,THG
2015-07,THO
2015-07,THOR
2015-07,THS
2015-07,TIME
2015-07,TKR
2015-07,TLN
2015-07,TMST
2015-07,TOL
2015-07,TPX
2015-07,TR
2015-07,TRMB
2015-07,TRMK
2015-07,TRN
2015-07,TUP
2015-07,TW
2015-07,TYL
2015-07,UDR
2015-07,UE
2015-07,UFS
2015-07,UGI
2015-07,ULTI
2015-07,UMPQ
2015-07,UNFI
2015-07,UNT
2015-07,UTHR
2015-07,VAL
2015-07,VLY
2015-07,VMI
2015-07,VRX
2015-07,VSH
2015-07,VSTO
2015-07,VVC
2015-07,WAB
2015-07,WAFD
2015-07,WBS
2015-07,WCG
2015-07,WCN
2015-07,WDR
2015-07,WEN
2015-07,WERN
2015-07,WETF
2015-07,WEX
2015-07,WGL
2015-07,WNR
2015-07,WOOF
2015-07,WOR
2015-07,WPG
2015-07,WPX
2015-07,WR
2015-07,WRB
2015-07,WRI
2015-07,WSM
2015-07,WSO
2015-07,WTR
2015-07,WWAV
2015-07,WWD
2015-07,X
2015-07,Y
2015-07,ZBRA
2015-08,AAN
2015-08,AAP
2015-08,ACC
2015-08,ACIW
2015-08,ACM
2015-08,ACXM
2015-08,ADVS
2015-08,AEO
2015-08,AFG
2015-08,AGCO
2015-08,AHL
2015-08,AJG
2015-08,AKRX
2015-08,ALB
2015-08,ALEX
2015-08,ALGN
2015-08,ALK
2015-08,AMCX
2015-08,AMD
2015-08,ANF
2015-08,ANN
2015-08,ANSS
2015-08,AOL
2015-08,AOS
2015-08,APOL
2015-08,ARE
2015-08,ARRS
2015-08,ARW
2015-08,ASB
2015-08,ASH
2015-08,ASNA
2015-08,ATML
2015-08,ATO
2015-08,ATR
2015-08,ATW
2015-08,AVP
2015-08,AVT
2015-08,AYI
2015-08,BC
2015-08,BDC
2015-08,BEAV
2015-08,BID
2015-08,BIG
2015-08,BIO
2015-08,BKH
2015-08,BMR
2015-08,BMS
2015-08,BOH
2015-08,BR
2015-08,BRO
2015-08,BTU
2015-08,BWLD
2015-08,BXS
2015-08,CAB
2015-08,CAKE
2015-08,CATY
2015-08,CBOE
2015-08,CBSH
2015-08,CBT
2015-08,CDK
2015-08,CDNS
2015-08,CEB
2015-08,CFR
2015-08,CGNX
2015-08,CHD
2015-08,CHS
2015-08,CIEN
2015-08,CLC
2015-08,CLGX
2015-08,CLH
2015-08,CLI
2015-08,CMC
2015-08,CMP
2015-08,CNC
2015-08,CNK
2015-08,CNL
2015-08,CNO
2015-08,CNW
2015-08,COO
2015-08,CPRT
2015-08,CPT
2015-08,CR
2015-08,CRC
2015-08,CREE
2015-08,CRI
2015-08,CRL
2015-08,CRS
2015-08,CSAL
2015-08,CSL
2015-08,CST
2015-08,CVG
2015-08,CVLT
2015-08,CXW
2015-08,CY
2015-08,CYH
2015-08,CYN
2015-08,CYT
2015-08,DAN
2015-08,DBD
2015-08,DCI
2015-08,DDD
2015-08,DECK
2015-08,DEI
2015-08,DF
2015-08,DKS
2015-08,DLX
2015-08,DNKN
2015-08,DNOW
2015-08,DNR
2015-08,DPZ
2015-08,DRC
2015-08,DRE
2015-08,DRQ
2015-08,DST
2015-08,DV
2015-08,DWA
2015-08,EAT
2015-08,EGN
2015-08,ENR
2015-08,EQY
2015-08,ESL
2015-08,EV
2015-08,EWBC
2015-08,EXP
2015-08,EXR
2015-08,FAF
2015-08,FBHS
2015-08,FCN
2015-08,FCS
2015-08,FDS
2015-08,FEIC
2015-08,FHN
2015-08,FICO
2015-08,FII
2015-08,FL
2015-08,FLO
2015-08,FMER
2015-08,FNFG
2015-08,FRT
2015-08,FTNT
2015-08,FULT
2015-08,GEF
2015-08,GES
2015-08,GGG
2015-08,GHC
2015-08,GMT
2015-08,GNTX
2015-08,GPN
2015-08,GPOR
2015-08,GVA
2015-08,GWR
2015-08,GXP
2015-08,HAIN
2015-08,HAR
2015-08,HBHC
2015-08,HCC
2015-08,HE
2015-08,HFC
2015-08,HII
2015-08,HIW
2015-08,HLX
2015-08,HME
2015-08,HMSY
2015-08,HNI
2015-08,HNT
2015-08,HOLX
2015-08,HPT
2015-08,HRC
2015-08,HSC
2015-08,HSNI
2015-08,HUB.B
2015-08,HYH
2015-08,IBOC
2015-08,IDA
2015-08,IDCC
2015-08,IDTI
2015-08,IDXX
2015-08,IEX
2015-08,IM
2015-08,INFA
2015-08,INGR
2015-08,INT
2015-08,IPGP
2015-08,ISCA
2015-08,ISIL
2015-08,IT
2015-08,ITRI
2015-08,ITT
2015-08,JAH
2015-08,JBHT
2015-08,JBL
2015-08,JBLU
2015-08,JCP
2015-08,JDSU
2015-08,JKHY
2015-08,JLL
2015-08,JNS
2015-08,JW.A
2015-08,KATE
2015-08,KBH
2015-08,KBR
2015-08,KEX
2015-08,KEYS
2015-08,KLXI
2015-08,KMPR
2015-08,KMT
2015-08,KN
2015-08,KRC
2015-08,LAMR
2015-08,LANC
2015-08,LDOS
2015-08,LECO
2015-08,LHO
2015-08,LII
2015-08,LKQ
2015-08,LNT
2015-08,LPNT
2015-08,LPT
2015-08,LPX
2015-08,LSTR
2015-08,LXK
2015-08,LYV
2015-08,MAA
2015-08,MAN
2015-08,MANH
2015-08,MCY
2015-08,MD
2015-08,MDC
2015-08,MDP
2015-08,MDRX
2015-08,MDU
2015-08,MENT
2015-08,MLHR
2015-08,MMS
2015-08,MSA
2015-08,MSCI
2015-08,MSM
2015-08,MTD
2015-08,MTX
2015-08,MUSA
2015-08,NATI
2015-08,NBR
2015-08,NCR
2015-08,NDSN
2015-08,NEU
2015-08,NFG
2015-08,NNN
2015-08,NSR
2015-08,NVR
2015-08,NYCB
2015-08,NYT
2015-08,OA
2015-08,OCR
2015-08,ODFL
2015-08,ODP
2015-08,OFC
2015-08,OGE
2015-08,OGS
2015-08,OHI
2015-08,OII
2015-08,OIS
2015-08,OLN
2015-08,OMI
2015-08,ORI
2015-08,OSK
2015-08,OZRK
2015-08,PACW
2015-08,PAY
2015-08,PB
2015-08,PCH
2015-08,PII
2015-08,PKG
2015-08,PLCM
2015-08,PLT
2015-08,PNM
2015-08,PNRA
2015-08,POL
2015-08,POST
2015-08,PPL
2015-08,PRI
2015-08,PTC
2015-08,PTEN
2015-08,RAX
2015-08,RBC
2015-08,RCII
2015-08,RDC
2015-08,RE
2015-08,REG
2015-08,RGA
2015-08,RGLD
2015-08,RJF
2015-08,RKT
2015-08,RMD
2015-08,RNR
2015-08,ROL
2015-08,ROSE
2015-08,ROVI
2015-08,RPM
2015-08,RRD
2015-08,RS
2015-08,RYN
2015-08,SAIC
2015-08,SAM
2015-08,SBNY
2015-08,SCI
2015-08,SEIC
2015-08,SF
2015-08,SFG
2015-08,SIG
2015-08,SIRO
2015-08,SIVB
2015-08,SKT
2015-08,SLAB
2015-08,SLGN
2015-08,SLH
2015-08,SLM
2015-08,SM
2015-08,SMG
2015-08,SMTC
2015-08,SNH
2015-08,SNPS
2015-08,SNV
2015-08,SON
2015-08,SPN
2015-08,SPW
2015-08,STE
2015-08,STLD
2015-08,STR
2015-08,SUNE
2015-08,SVU
2015-08,SWI
2015-08,SXT
2015-08,TCB
2015-08,TCO
2015-08,TDS
2015-08,TDW
2015-08,TDY
2015-08,TECD
2015-08,TECH
2015-08,TER
2015-08,TEX
2015-08,TFX
2015-08,TGI
2015-08,THG
2015-08,THO
2015-08,THOR
2015-08,THS
2015-08,TIME
2015-08,TKR
2015-08,TLN
2015-08,TMST
2015-08,TOL
2015-08,TPX
2015-08,TR
2015-08,TRMB
2015-08,TRMK
2015-08,TRN
2015-08,TUP
2015-08,TW
2015-08,TYL
2015-08,UDR
2015-08,UE
2015-08,UFS
2015-08,UGI
2015-08,ULTI
2015-08,UMPQ
2015-08,UNFI
2015-08,UNT
2015-08,UTHR
2015-08,VAL
2015-08,VLY
2015-08,VMI
2015-08,VRX
2015-08,VSH
2015-08,VSTO
2015-08,VVC
2015-08,WAB
2015-08,WAFD
2015-08,WBS
2015-08,WCG
2015-08,WCN
2015-08,WDR
2015-08,WEN
2015-08,WERN
2015-08,WETF
2015-08,WEX
2015-08,WGL
2015-08,WNR
2015-08,WOOF
2015-08,WOR
2015-08,WPG
2015-08,WPX
2015-08,WR
2015-08,WRB
2015-08,WRI
2015-08,WSM
2015-08,WSO
2015-08,WTR
2015-08,WWAV
2015-08,WWD
2015-08,X
2015-08,Y
2015-08,ZBRA
2015-09,AAN
2015-09,AAP
2015-09,ACC
2015-09,ACIW
2015-09,ACM
2015-09,ACXM
2015-09,ADVS
2015-09,AEO
2015-09,AFG
2015-09,AGCO
2015-09,AHL
2015-09,AJG
2015-09,AKRX
2015-09,ALB
2015-09,ALEX
2015-09,ALGN
2015-09,ALK
2015-09,AMCX
2015-09,AMD
2015-09,ANF
2015-09,ANN
2015-09,ANSS
2015-09,AOL
2015-09,AOS
2015-09,APOL
2015-09,ARE
2015-09,ARRS
2015-09,ARW
2015-09,ASB
2015-09,ASH
2015-09,ASNA
2015-09,ATML
2015-09,ATO
2015-09,ATR
2015-09,ATW
2015-09,AVP
2015-09,AVT
2015-09,AYI
2015-09,BC
2015-09,BDC
2015-09,BEAV
2015-09,BID
2015-09,BIG
2015-09,BIO
2015-09,BKH
2015-09,BMR
2015-09,BMS
2015-09,BOH
2015-09,BR
2015-09,BRO
2015-09,BTU
2015-09,BWLD
2015-09,BXS
2015-09,CAB
2015-09,CAKE
2015-09,CATY
2015-09,CBOE
2015-09,CBSH
2015-09,CBT
2015-09,CDK
2015-09,CDNS
2015-09,CEB
2015-09,CFR
2015-09,CGNX
2015-09,CHD
2015-09,CHS
2015-09,CIEN
2015-09,CLC
2015-09,CLGX
2015-09,CLH
2015-09,CLI
2015-09,CMC
2015-09,CMP
2015-09,CNC
2015-09,CNK
2015-09,CNL
2015-09,CNO
2015-09,CNW
2015-09,COO
2015-09,CPRT
2015-09,CPT
2015-09,CR
2015-09,CRC
2015-09,CREE
2015-09,CRI
2015-09,CRL
2015-09,CRS
2015-09,CSAL
2015-09,CSL
2015-09,CST
2015-09,CVG
2015-09,CVLT
2015-09,CXW
2015-09,CY
2015-09,CYH
2015-09,CYN
2015-09,CYT
2015-09,DAN
2015-09,DBD
2015-09,DCI
2015-09,DDD
2015-09,DECK
2015-09,DEI
2015-09,DF
2015-09,DKS
2015-09,DLX
2015-09,DNKN
2015-09,DNOW
2015-09,DNR
2015-09,DPZ
2015-09,DRC
2015-09,DRE
2015-09,DRQ
2015-09,DST
2015-09,DV
2015-09,DWA
2015-09,EAT
2015-09,EGN
2015-09,ENR
2015-09,EQY
2015-09,ESL
2015-09,EV
2015-09,EWBC
2015-09,EXP
2015-09,EXR
2015-09,FAF
2015-09,FBHS
2015-09,FCN
2015-09,FCS
2015-09,FDS
2015-09,FEIC
2015-09,FHN
2015-09,FICO
2015-09,FII
2015-09,FL
2015-09,FLO
2015-09,FMER
2015-09,FNFG
2015-09,FRT
2015-09,FTNT
2015-09,FULT
2015-09,GEF
2015-09,GES
2015-09,GGG
2015-09,GHC
2015-09,GMT
2015-09,GNTX
2015-09,GPN
2015-09,GPOR
2015-09,GVA
2015-09,GWR
2015-09,GXP
2015-09,HAIN
2015-09,HAR
2015-09,HBHC
2015-09,HCC
2015-09,HE
2015-09,HFC
2015-09,HII
2015-09,HIW
2015-09,HLX
2015-09,HME
2015-09,HMSY
2015-09,HNI
2015-09,HNT
2015-09,HOLX
2015-09,HPT
2015-09,HRC
2015-09,HSC
2015-09,HSNI
2015-09,HUB.B
2015-09,HYH
2015-09,IBOC
2015-09,IDA
2015-09,IDCC
2015-09,IDTI
2015-09,IDXX
2015-09,IEX
2015-09,IM
2015-09,INFA
2015-09,INGR
2015-09,INT
2015-09,IPGP
2015-09,ISCA
2015-09,ISIL
2015-09,IT
2015-09,ITRI
2015-09,ITT
2015-09,JAH
2015-09,JBHT
2015-09,JBL
2015-09,JBLU
2015-09,JCP
2015-09,JDSU
2015-09,JKHY
2015-09,JLL
2015-09,JNS
2015-09,JW.A
2015-09,KATE
2015-09,KBH
2015-09,KBR
2015-09,KEX
2015-09,KEYS
2015-09,KLXI
2015-09,KMPR
2015-09,KMT
2015-09,KN
2015-09,KRC
2015-09,LAMR
2015-09,LANC
2015-09,LDOS
2015-09,LECO
2015-09,LHO
2015-09,LII
2015-09,LKQ
2015-09,LNT
2015-09,LPNT
2015-09,LPT
2015-09,LPX
2015-09,LSTR
2015-09,LXK
2015-09,LYV
2015-09,MAA
2015-09,MAN
2015-09,MANH
2015-09,MCY
2015-09,MD
2015-09,MDC
2015-09,MDP
2015-09,MDRX
2015-09,MDU
2015-09,MENT
2015-09,MLHR
2015-09,MMS
2015-09,MSA
2015-09,MSCI
2015-09,MSM
2015-09,MTD
2015-09,MTX
2015-09,MUSA
2015-09,NATI
2015-09,NBR
2015-09,NCR
2015-09,NDSN
2015-09,NEU
2015-09,NFG
2015-09,NNN
2015-09,NSR
2015-09,NVR
2015-09,NYCB
2015-09,NYT
2015-09,OA
2015-09,OCR
2015-09,ODFL
2015-09,ODP
2015-09,OFC
2015-09,OGE
2015-09,OGS
2015-09,OHI
2015-09,OII
2015-09,OIS
2015-09,OLN
2015-09,OMI
2015-09,ORI
2015-09,OSK
2015-09,OZRK
2015-09,PACW
2015-09,PAY
2015-09,PB
2015-09,PCH
2015-09,PII
2015-09,PKG
2015-09,PLCM
2015-09,PLT
2015-09,PNM
2015-09,PNRA
2015-09,POL
2015-09,POST
2015-09,PPL
2015-09,PRI
2015-09,PTC
2015-09,PTEN
2015-09,RAX
2015-09,RBC
2015-09,RCII
2015-09,RDC
2015-09,RE
2015-09,REG
2015-09,RGA
2015-09,RGLD
2015-09,RJF
2015-09,RKT
2015-09,RMD
2015-09,RNR
2015-09,ROL
2015-09,ROSE
2015-09,ROVI
2015-09,RPM
2015-09,RRD
2015-09,RS
2015-09,RYN
2015-09,SAIC
2015-09,SAM
2015-09,SBNY
2015-09,SCI
2015-09,SEIC
2015-09,SF
2015-09,SFG
2015-09,SIG
2015-09,SIRO
2015-09,SIVB
2015-09,SKT
2015-09,SLAB
2015-09,SLGN
2015-09,SLH
2015-09,SLM
2015-09,SM
2015-09,SMG
2015-09,SMTC
2015-09,SNH
2015-09,SNPS
2015-09,SNV
2015-09,SON
2015-09,SPN
2015-09,SPW
2015-09,STE
2015-09,STLD
2015-09,STR
2015-09,SUNE
2015-09,SVU
2015-09,SWI
2015-09,SXT
2015-09,TCB
2015-09,TCO
2015-09,TDS
2015-09,TDW
2015-09,TDY
2015-09,TECD
2015-09,TECH
2015-09,TER
2015-09,TEX
2015-09,TFX
2015-09,TGI
2015-09,THG
2015-09,THO
2015-09,THOR
2015-09,THS
2015-09,TIME
2015-09,TKR
2015-09,TLN
2015-09,TMST
2015-09,TOL
2015-09,TPX
2015-09,TR
2015-09,TRMB
2015-09,TRMK
2015-09,TRN
2015-09,TUP
2015-09,TW
2015-09,TYL
2015-09,UDR
2015-09,UE
2015-09,UFS
2015-09,UGI
2015-09,ULTI
2015-09,UMPQ
2015-09,UNFI
2015-09,UNT
2015-09,UTHR
2015-09,VAL
2015-09,VLY
2015-09,VMI
2015-09,VRX
2015-09,VSH
2015-09,VSTO
2015-09,VVC
2015-09,WAB
2015-09,WAFD
2015-09,WBS
2015-09,WCG
2015-09,WCN
2015-09,WDR
2015-09,WEN
2015-09,WERN
2015-09,WETF
2015-09,WEX
2015-09,WGL
2015-09,WNR
2015-09,WOOF
2015-09,WOR
2015-09,WPG
2015-09,WPX
2015-09,WR
2015-09,WRB
2015-09,WRI
2015-09,WSM
2015-09,WSO
2015-09,WTR
2015-09,WWAV
2015-09,WWD
2015-09,X
2015-09,Y
2015-09,ZBRA
2015-10,AAN
2015-10,AAP
2015-10,ACC
2015-10,ACIW
2015-10,ACM
2015-10,ACXM
2015-10,ADVS
2015-10,AEO
2015-10,AFG
2015-10,AGCO
2015-10,AHL
2015-10,AJG
2015-10,AKRX
2015-10,ALB
2015-10,ALEX
2015-10,ALGN
2015-10,ALK
2015-10,AMCX
2015-10,AMD
2015-10,ANF
2015-10,ANN
2015-10,ANSS
2015-10,AOL
2015-10,AOS
2015-10,APOL
2015-10,ARE
2015-10,ARRS
2015-10,ARW
2015-10,ASB
2015-10,ASH
2015-10,ASNA
2015-10,ATML
2015-10,ATO
2015-10,ATR
2015-10,ATW
2015-10,AVP
2015-10,AVT
2015-10,AYI
2015-10,BC
2015-10,BDC
2015-10,BEAV
2015-10,BID
2015-10,BIG
2015-10,BIO
2015-10,BKH
2015-10,BMR
2015-10,BMS
2015-10,BOH
2015-10,BR
2015-10,BRO
2015-10,BTU
2015-10,BWLD
2015-10,BXS
2015-10,CAB
2015-10,CAKE
2015-10,CATY
2015-10,CBOE
2015-10,CBSH
2015-10,CBT
2015-10,CDK
2015-10,CDNS
2015-10,CEB
2015-10,CFR
2015-10,CGNX
2015-10,CHD
2015-10,CHS
2015-10,CIEN
2015-10,CLC
2015-10,CLGX
2015-10,CLH
2015-10,CLI
2015-10,CMC
2015-10,CMP
2015-10,CNC
2015-10,CNK
2015-10,CNL
2015-10,CNO
2015-10,CNW
2015-10,COO
2015-10,CPRT
2015-10,CPT
2015-10,CR
2015-10,CRC
2015-10,CREE
2015-10,CRI
2015-10,CRL
2015-10,CRS
2015-10,CSAL
2015-10,CSL
2015-10,CST
2015-10,CVG
2015-10,CVLT
2015-10,CXW
2015-10,CY
2015-10,CYH
2015-10,CYN
2015-10,CYT
2015-10,DAN
2015-10,DBD
2015-10,DCI
2015-10,DDD
2015-10,DECK
2015-10,DEI
2015-10,DF
2015-10,DKS
2015-10,DLX
2015-10,DNKN
2015-10,DNOW
2015-10,DNR
2015-10,DPZ
2015-10,DRC
2015-10,DRE
2015-10,DRQ
2015-10,DST
2015-10,DV
2015-10,DWA
2015-10,EAT
2015-10,EGN
2015-10,ENR
2015-10,EQY
2015-10,ESL
2015-10,EV
2015-10,EWBC
2015-10,EXP
2015-10,EXR
2015-10,FAF
2015-10,FBHS
2015-10,FCN
2015-10,FCS
2015-10,FDS
2015-10,FEIC
2015-10,FHN
2015-10,FICO
2015-10,FII
2015-10,FL
2015-10,FLO
2015-10,FMER
2015-10,FNFG
2015-10,FRT
2015-10,FTNT
2015-10,FULT
2015-10,GEF
2015-10,GES
2015-10,GGG
2015-10,GHC
2015-10,GMT
2015-10,GNTX
2015-10,GPN
2015-10,GPOR
2015-10,GVA
2015-10,GWR
2015-10,GXP
2015-10,HAIN
2015-10,HAR
2015-10,HBHC
2015-10,HCC
2015-10,HE
2015-10,HFC
2015-10,HII
2015-10,HIW
2015-10,HLX
2015-10,HME
2015-10,HMSY
2015-10,HNI
2015-10,HNT
2015-10,HOLX
2015-10,HPT
2015-10,HRC
2015-10,HSC
2015-10,HSNI
2015-10,HUB.B
2015-10,HYH
2015-10,IBOC
2015-10,IDA
2015-10,IDCC
2015-10,IDTI
2015-10,IDXX
2015-10,IEX
2015-10,IM
2015-10,INFA
2015-10,INGR
2015-10,INT
2015-10,IPGP
2015-10,ISCA
2015-10,ISIL
2015-10,IT
2015-10,ITRI
2015-10,ITT
2015-10,JAH
2015-10,JBHT
2015-10,JBL
2015-10,JBLU
2015-10,JCP
2015-10,JDSU
2015-10,JKHY
2015-10,JLL
2015-10,JNS
2015-10,JW.A
2015-10,KATE
2015-10,KBH
2015-10,KBR
2015-10,KEX
2015-10,KEYS
2015-10,KLXI
2015-10,KMPR
2015-10,KMT
2015-10,KN
2015-10,KRC
2015-10,LAMR
2015-10,LANC
2015-10,LDOS
2015-10,LECO
2015-10,LHO
2015-10,LII
2015-10,LKQ
2015-10,LNT
2015-10,LPNT
2015-10,LPT
2015-10,LPX
2015-10,LSTR
2015-10,LXK
2015-10,LYV
2015-10,MAA
2015-10,MAN
2015-10,MANH
2015-10,MCY
2015-10,MD
2015-10,MDC
2015-10,MDP
2015-10,MDRX
2015-10,MDU
2015-10,MENT
2015-10,MLHR
2015-10,MMS
2015-10,MSA
2015-10,MSCI
2015-10,MSM
2015-10,MTD
2015-10,MTX
2015-10,MUSA
2015-10,NATI
2015-10,NBR
2015-10,NCR
2015-10,NDSN
2015-10,NEU
2015-10,NFG
2015-10,NNN
2015-10,NSR
2015-10,NVR
2015-10,NYCB
2015-10,NYT
2015-10,OA
2015-10,OCR
2015-10,ODFL
2015-10,ODP
2015-10,OFC
2015-10,OGE
2015-10,OGS
2015-10,OHI
2015-10,OII
2015-10,OIS
2015-10,OLN
2015-10,OMI
2015-10,ORI
2015-10,OSK
2015-10,OZRK
2015-10,PACW
2015-10,PAY
2015-10,PB
2015-10,PCH
2015-10,PII
2015-10,PKG
2015-10,PLCM
2015-10,PLT
2015-10,PNM
2015-10,PNRA
2015-10,POL
2015-10,POST
2015-10,PPL
2015-10,PRI
2015-10,PTC
2015-10,PTEN
2015-10,RAX
2015-10,RBC
2015-10,RCII
2015-10,RDC
2015-10,RE
2015-10,REG
2015-10,RGA
2015-10,RGLD
2015-10,RJF
2015-10,RKT
2015-10,RMD
2015-10,RNR
2015-10,ROL
2015-10,ROSE
2015-10,ROVI
2015-10,RPM
2015-10,RRD
2015-10,RS
2015-10,RYN
2015-10,SAIC
2015-10,SAM
2015-10,SBNY
2015-10,SCI
2015-10,SEIC
2015-10,SF
2015-10,SFG
2015-10,SIG
2015-10,SIRO
2015-10,SIVB
2015-10,SKT
2015-10,SLAB
2015-10,SLGN
2015-10,SLH
2015-10,SLM
2015-10,SM
2015-10,SMG
2015-10,SMTC
2015-10,SNH
2015-10,SNPS
2015-10,SNV
2015-10,SON
2015-10,SPN
2015-10,SPW
2015-10,STE
2015-10,STLD
2015-10,STR
2015-10,SUNE
2015-10,SVU
2015-10,SWI
2015-10,SXT
2015-10,TCB
2015-10,TCO
2015-10,TDS
2015-10,TDW
2015-10,TDY
2015-10,TECD
2015-10,TECH
2015-10,TER
2015-10,TEX
2015-10,TFX
2015-10,TGI
2015-10,THG
2015-10,THO
2015-10,THOR
2015-10,THS
2015-10,TIME
2015-10,TKR
2015-10,TLN
2015-10,TMST
2015-10,TOL
2015-10,TPX
2015-10,TR
2015-10,TRMB
2015-10,TRMK
2015-10,TRN
2015-10,TUP
2015-10,TW
2015-10,TYL
2015-10,UDR
2015-10,UE
2015-10,UFS
2015-10,UGI
2015-10,ULTI
2015-10,UMPQ
2015-10,UNFI
2015-10,UNT
2015-10,UTHR
2015-10,VAL
2015-10,VLY
2015-10,VMI
2015-10,VRX
2015-10,VSH
2015-10,VSTO
2015-10,VVC
2015-10,WAB
2015-10,WAFD
2015-10,WBS
2015-10,WCG
2015-10,WCN
2015-10,WDR
2015-10,WEN
2015-10,WERN
2015-10,WETF
2015-10,WEX
2015-10,WGL
2015-10,WNR
2015-10,WOOF
2015-10,WOR
2015-10,WPG
2015-10,WPX
2015-10,WR
2015-10,WRB
2015-10,WRI
2015-10,WSM
2015-10,WSO
2015-10,WTR
2015-10,WWAV
2015-10,WWD
2015-10,X
2015-10,Y
2015-10,ZBRA
2015-11,AAN
2015-11,AAP
2015-11,ACC
2015-11,ACIW
2015-11,ACM
2015-11,ACXM
2015-11,ADVS
2015-11,AEO
2015-11,AFG
2015-11,AGCO
2015-11,AHL
2015-11,AJG
2015-11,AKRX
2015-11,ALB
2015-11,ALEX
2015-11,ALGN
2015-11,ALK
2015-11,AMCX
2015-11,AMD
2015-11,ANF
2015-11,ANN
2015-11,ANSS
2015-11,AOL
2015-11,AOS
2015-11,APOL
2015-11,ARE
2015-11,ARRS
2015-11,ARW
2015-11,ASB
2015-11,ASH
2015-11,ASNA
2015-11,ATML
2015-11,ATO
2015-11,ATR
2015-11,ATW
2015-11,AVP
2015-11,AVT
2015-11,AYI
2015-11,BC
2015-11,BDC
2015-11,BEAV
2015-11,BID
2015-11,BIG
2015-11,BIO
2015-11,BKH
2015-11,BMR
2015-11,BMS
2015-11,BOH
2015-11,BR
2015-11,BRO
2015-11,BTU
2015-11,BWLD
2015-11,BXS
2015-11,CAB
2015-11,CAKE
2015-11,CATY
2015-11,CBOE
2015-11,CBSH
2015-11,CBT
2015-11,CDK
2015-11,CDNS
2015-11,CEB
2015-11,CFR
2015-11,CGNX
2015-11,CHD
2015-11,CHS
2015-11,CIEN
2015-11,CLC
2015-11,CLGX
2015-11,CLH
2015-11,CLI
2015-11,CMC
2015-11,CMP
2015-11,CNC
2015-11,CNK
2015-11,CNL
2015-11,CNO
2015-11,CNW
2015-11,COO
2015-11,CPRT
2015-11,CPT
2015-11,CR
2015-11,CRC
2015-11,CREE
2015-11,CRI
2015-11,CRL
2015-11,CRS
2015-11,CSAL
2015-11,CSL
2015-11,CST
2015-11,CVG
2015-11,CVLT
2015-11,CXW
2015-11,CY
2015-11,CYH
2015-11,CYN
2015-11,CYT
2015-11,DAN
2015-11,DBD
2015-11,DCI
2015-11,DDD
2015-11,DECK
2015-11,DEI
2015-11,DF
2015-11,DKS
2015-11,DLX
2015-11,DNKN
2015-11,DNOW
2015-11,DNR
2015-11,DPZ
2015-11,DRC
2015-11,DRE
2015-11,DRQ
2015-11,DST
2015-11,DV
2015-11,DWA
2015-11,EAT
2015-11,EGN
2015-11,ENR
2015-11,EQY
2015-11,ESL
2015-11,EV
2015-11,EWBC
2015-11,EXP
2015-11,EXR
2015-11,FAF
2015-11,FBHS
2015-11,FCN
2015-11,FCS
2015-11,FDS
2015-11,FEIC
2015-11,FHN
2015-11,FICO
2015-11,FII
2015-11,FL
2015-11,FLO
2015-11,FMER
2015-11,FNFG
2015-11,FRT
2015-11,FTNT
2015-11,FULT
2015-11,GEF
2015-11,GES
2015-11,GGG
2015-11,GHC
2015-11,GMT
2015-11,GNTX
2015-11,GPN
2015-11,GPOR
2015-11,GVA
2015-11,GWR
2015-11,GXP
2015-11,HAIN
2015-11,HAR
2015-11,HBHC
2015-11,HCC
2015-11,HE
2015-11,HFC
2015-11,HII
2015-11,HIW
2015-11,HLX
2015-11,HME
2015-11,HMSY
2015-11,HNI
2015-11,HNT
2015-11,HOLX
2015-11,HPT
2015-11,HRC
2015-11,HSC
2015-11,HSNI
2015-11,HUB.B
2015-11,HYH
2015-11,IBOC
2015-11,IDA
2015-11,IDCC
2015-11,IDTI
2015-11,IDXX
2015-11,IEX
2015-11,IM
2015-11,INFA
2015-11,INGR
2015-11,INT
2015-11,IPGP
2015-11,ISCA
2015-11,ISIL
2015-11,IT
2015-11,ITRI
2015-11,ITT
2015-11,JAH
2015-11,JBHT
2015-11,JBL
2015-11,JBLU
2015-11,JCP
2015-11,JDSU
2015-11,JKHY
2015-11,JLL
2015-11,JNS
2015-11,JW.A
2015-11,KATE
2015-11,KBH
2015-11,KBR
2015-11,KEX
2015-11,KEYS
2015-11,KLXI
2015-11,KMPR
2015-11,KMT
2015-11,KN
2015-11,KRC
2015-11,LAMR
2015-11,LANC
2015-11,LDOS
2015-11,LECO
2015-11,LHO
2015-11,LII
2015-11,LKQ
2015-11,LNT
2015-11,LPNT
2015-11,LPT
2015-11,LPX
2015-11,LSTR
2015-11,LXK
2015-11,LYV
2015-11,MAA
2015-11,MAN
2015-11,MANH
2015-11,MCY
2015-11,MD
2015-11,MDC
2015-11,MDP
2015-11,MDRX
2015-11,MDU
2015-11,MENT
2015-11,MLHR
2015-11,MMS
2015-11,MSA
2015-11,MSCI
2015-11,MSM
2015-11,MTD
2015-11,MTX
2015-11,MUSA
2015-11,NATI
2015-11,NBR
2015-11,NCR
2015-11,NDSN
2015-11,NEU
2015-11,NFG
2015-11,NNN
2015-11,NSR
2015-11,NVR
2015-11,NYCB
2015-11,NYT
2015-11,OA
2015-11,OCR
2015-11,ODFL
2015-11,ODP
2015-11,OFC
2015-11,OGE
2015-11,OGS
2015-11,OHI
2015-11,OII
2015-11,OIS
2015-11,OLN
2015-11,OMI
2015-11,ORI
2015-11,OSK
2015-11,OZRK
2015-11,PACW
2015-11,PAY
2015-11,PB
2015-11,PCH
2015-11,PII
2015-11,PKG
2015-11,PLCM
2015-11,PLT
2015-11,PNM
2015-11,PNRA
2015-11,POL
2015-11,POST
2015-11,PPL
2015-11,PRI
2015-11,PTC
2015-11,PTEN
2015-11,RAX
2015-11,RBC
2015-11,RCII
2015-11,RDC
2015-11,RE
2015-11,REG
2015-11,RGA
2015-11,RGLD
2015-11,RJF
2015-11,RKT
2015-11,RMD
2015-11,RNR
2015-11,ROL
2015-11,ROSE
2015-11,ROVI
2015-11,RPM
2015-11,RRD
2015-11,RS
2015-11,RYN
2015-11,SAIC
2015-11,SAM
2015-11,SBNY
2015-11,SCI
2015-11,SEIC
2015-11,SF
2015-11,SFG
2015-11,SIG
2015-11,SIRO
2015-11,SIVB
2015-11,SKT
2015-11,SLAB
2015-11,SLGN
2015-11,SLH
2015-11,SLM
2015-11,SM
2015-11,SMG
2015-11,SMTC
2015-11,SNH
2015-11,SNPS
2015-11,SNV
2015-11,SON
2015-11,SPN
2015-11,SPW
2015-11,STE
2015-11,STLD
2015-11,STR
2015-11,SUNE
2015-11,SVU
2015-11,SWI
2015-11,SXT
2015-11,TCB
2015-11,TCO
2015-11,TDS
2015-11,TDW
2015-11,TDY
2015-11,TECD
2015-11,TECH
2015-11,TER
2015-11,TEX
2015-11,TFX
2015-11,TGI
2015-11,THG
2015-11,THO
2015-11,THOR
2015-11,THS
2015-11,TIME
2015-11,TKR
2015-11,TLN
2015-11,TMST
2015-11,TOL
2015-11,TPX
2015-11,TR
2015-11,TRMB
2015-11,TRMK
2015-11,TRN
2015-11,TUP
2015-11,TW
2015-11,TYL
2015-11,UDR
2015-11,UE
2015-11,UFS
2015-11,UGI
2015-11,ULTI
2015-11,UMPQ
2015-11,UNFI
2015-11,UNT
2015-11,UTHR
2015-11,VAL
2015-11,VLY
2015-11,VMI
2015-11,VRX
2015-11,VSH
2015-11,VSTO
2015-11,VVC
2015-11,WAB
2015-11,WAFD
2015-11,WBS
2015-11,WCG
2015-11,WCN
2015-11,WDR
2015-11,WEN
2015-11,WERN
2015-11,WETF
2015-11,WEX
2015-11,WGL
2015-11,WNR
2015-11,WOOF
2015-11,WOR
2015-11,WPG
2015-11,WPX
2015-11,WR
2015-11,WRB
2015-11,WRI
2015-11,WSM
2015-11,WSO
2015-11,WTR
2015-11,WWAV
2015-11,WWD
2015-11,X
2015-11,Y
2015-11,ZBRA
2015-12,AAN
2015-12,AAP
2015-12,ACC
2015-12,ACIW
2015-12,ACM
2015-12,ACXM
2015-12,ADVS
2015-12,AEO
2015-12,AFG
2015-12,AGCO
2015-12,AHL
2015-12,AJG
2015-12,AKRX
2015-12,ALB
2015-12,ALEX
2015-12,ALGN
2015-12,ALK
2015-12,AMCX
2015-12,AMD
2015-12,ANF
2015-12,ANN
2015-12,ANSS
2015-12,AOL
2015-12,AOS
2015-12,APOL
2015-12,ARE
2015-12,ARRS
2015-12,ARW
2015-12,ASB
2015-12,ASH
2015-12,ASNA
2015-12,ATML
2015-12,ATO
2015-12,ATR
2015-12,ATW
2015-12,AVP
2015-12,AVT
2015-12,AYI
2015-12,BC
2015-12,BDC
2015-12,BEAV
2015-12,BID
2015-12,BIG
2015-12,BIO
2015-12,BKH
2015-12,BMR
2015-12,BMS
2015-12,BOH
2015-12,BR
2015-12,BRO
2015-12,BTU
2015-12,BWLD
2015-12,BXS
2015-12,CAB
2015-12,CAKE
2015-12,CATY
2015-12,CBOE
2015-12,CBSH
2015-12,CBT
2015-12,CDK
2015-12,CDNS
2015-12,CEB
2015-12,CFR
2015-12,CGNX
2015-12,CHD
2015-12,CHS
2015-12,CIEN
2015-12,CLC
2015-12,CLGX
2015-12,CLH
2015-12,CLI
2015-12,CMC
2015-12,CMP
2015-12,CNC
2015-12,CNK
2015-12,CNL
2015-12,CNO
2015-12,CNW
2015-12,COO
2015-12,CPRT
2015-12,CPT
2015-12,CR
2015-12,CRC
2015-12,CREE
2015-12,CRI
2015-12,CRL
2015-12,CRS
2015-12,CSAL
2015-12,CSL
2015-12,CST
2015-12,CVG
2015-12,CVLT
2015-12,CXW
2015-12,CY
2015-12,CYH
2015-12,CYN
2015-12,CYT
2015-12,DAN
2015-12,DBD
2015-12,DCI
2015-12,DDD
2015-12,DECK
2015-12,DEI
2015-12,DF
2015-12,DKS
2015-12,DLX
2015-12,DNKN
2015-12,DNOW
2015-12,DNR
2015-12,DPZ
2015-12,DRC
2015-12,DRE
2015-12,DRQ
2015-12,DST
2015-12,DV
2015-12,DWA
2015-12,EAT
2015-12,EGN
2015-12,ENR
2015-12,EQY
2015-12,ESL
2015-12,EV
2015-12,EWBC
2015-12,EXP
2015-12,EXR
2015-12,FAF
2015-12,FBHS
2015-12,FCN
2015-12,FCS
2015-12,FDS
2015-12,FEIC
2015-12,FHN
2015-12,FICO
2015-12,FII
2015-12,FL
2015-12,FLO
2015-12,FMER
2015-12,FNFG
2015-12,FRT
2015-12,FTNT
2015-12,FULT
2015-12,GEF
2015-12,GES
2015-12,GGG
2015-12,GHC
2015-12,GMT
2015-12,GNTX
2015-12,GPN
2015-12,GPOR
2015-12,GVA
2015-12,GWR
2015-12,GXP
2015-12,HAIN
2015-12,HAR
2015-12,HBHC
2015-12,HCC
2015-12,HE
2015-12,HFC
2015-12,HII
2015-12,HIW
2015-12,HLX
2015-12,HME
2015-12,HMSY
2015-12,HNI
2015-12,HNT
2015-12,HOLX
2015-12,HPT
2015-12,HRC
2015-12,HSC
2015-12,HSNI
2015-12,HUB.B
2015-12,HYH
2015-12,IBOC
2015-12,IDA
2015-12,IDCC
2015-12,IDTI
2015-12,IDXX
2015-12,IEX
2015-12,IM
2015-12,INFA
2015-12,INGR
2015-12,INT
2015-12,IPGP
2015-12,ISCA
2015-12,ISIL
2015-12,IT
2015-12,ITRI
2015-12,ITT
2015-12,JAH
2015-12,JBHT
2015-12,JBL
2015-12,JBLU
2015-12,JCP
2015-12,JDSU
2015-12,JKHY
2015-12,JLL
2015-12,JNS
2015-12,JW.A
2015-12,KATE
2015-12,KBH
2015-12,KBR
2015-12,KEX
2015-12,KEYS
2015-12,KLXI
2015-12,KMPR
2015-12,KMT
2015-12,KN
2015-12,KRC
2015-12,LAMR
2015-12,LANC
2015-12,LDOS
2015-12,LECO
2015-12,LHO
2015-12,LII
2015-12,LKQ
2015-12,LNT
2015-12,LPNT
2015-12,LPT
2015-12,LPX
2015-12,LSTR
2015-12,LXK
2015-12,LYV
2015-12,MAA
2015-12,MAN
2015-12,MANH
2015-12,MCY
2015-12,MD
2015-12,MDC
2015-12,MDP
2015-12,MDRX
2015-12,MDU
2015-12,MENT
2015-12,MLHR
2015-12,MMS
2015-12,MSA
2015-12,MSCI
2015-12,MSM
2015-12,MTD
2015-12,MTX
2015-12,MUSA
2015-12,NATI
2015-12,NBR
2015-12,NCR
2015-12,NDSN
2015-12,NEU
2015-12,NFG
2015-12,NNN
2015-12,NSR
2015-12,NVR
2015-12,NYCB
2015-12,NYT
2015-12,OA
2015-12,OCR
2015-12,ODFL
2015-12,ODP
2015-12,OFC
2015-12,OGE
2015-12,OGS
2015-12,OHI
2015-12,OII
2015-12,OIS
2015-12,OLN
2015-12,OMI
2015-12,ORI
2015-12,OSK
2015-12,OZRK
2015-12,PACW
2015-12,PAY
2015-12,PB
2015-12,PCH
2015-12,PII
2015-12,PKG
2015-12,PLCM
2015-12,PLT
2015-12,PNM
2015-12,PNRA
2015-12,POL
2015-12,POST
2015-12,PPL
2015-12,PRI
2015-12,PTC
2015-12,PTEN
2015-12,RAX
2015-12,RBC
2015-12,RCII
2015-12,RDC
2015-12,RE
2015-12,REG
2015-12,RGA
2015-12,RGLD
2015-12,RJF
2015-12,RKT
2015-12,RMD
2015-12,RNR
2015-12,ROL
2015-12,ROSE
2015-12,ROVI
2015-12,RPM
2015-12,RRD
2015-12,RS
2015-12,RYN
2015-12,SAIC
2015-12,SAM
2015-12,SBNY
2015-12,SCI
2015-12,SEIC
2015-12,SF
2015-12,SFG
2015-12,SIG
2015-12,SIRO
2015-12,SIVB
2015-12,SKT
2015-12,SLAB
2015-12,SLGN
2015-12,SLH
2015-12,SLM
2015-12,SM
2015-12,SMG
2015-12,SMTC
2015-12,SNH
2015-12,SNPS
2015-12,SNV
2015-12,SON
2015-12,SPN
2015-12,SPW
2015-12,STE
2015-12,STLD
2015-12,STR
2015-12,SUNE
2015-12,SVU
2015-12,SWI
2015-12,SXT
2015-12,TCB
2015-12,TCO
2015-12,TDS
2015-12,TDW
2015-12,TDY
2015-12,TECD
2015-12,TECH
2015-12,TER
2015-12,TEX
2015-12,TFX
2015-12,TGI
2015-12,THG
2015-12,THO
2015-12,THOR
2015-12,THS
2015-12,TIME
2015-12,TKR
2015-12,TLN
2015-12,TMST
2015-12,TOL
2015-12,TPX
2015-12,TR
2015-12,TRMB
2015-12,TRMK
2015-12,TRN
2015-12,TUP
2015-12,TW
2015-12,TYL
2015-12,UDR
2015-12,UE
2015-12,UFS
2015-12,UGI
2015-12,ULTI
2015-12,UMPQ
2015-12,UNFI
2015-12,UNT
2015-12,UTHR
2015-12,VAL
2015-12,VLY
2015-12,VMI
2015-12,VRX
2015-12,VSH
2015-12,VSTO
2015-12,VVC
2015-12,WAB
2015-12,WAFD
2015-12,WBS
2015-12,WCG
2015-12,WCN
2015-12,WDR
2015-12,WEN
2015-12,WERN
2015-12,WETF
2015-12,WEX
2015-12,WGL
2015-12,WNR
2015-12,WOOF
2015-12,WOR
2015-12,WPG
2015-12,WPX
2015-12,WR
2015-12,WRB
2015-12,WRI
2015-12,WSM
2015-12,WSO
2015-12,WTR
2015-12,WWAV
2015-12,WWD
2015-12,X
2015-12,Y
2015-12,ZBRA
2016-01,AAN
2016-01,AAP
2016-01,ACC
2016-01,ACIW
2016-01,ACM
2016-01,ACXM
2016-01,ADVS
2016-01,AEO
2016-01,AFG
2016-01,AGCO
2016-01,AHL
2016-01,AJG
2016-01,AKRX
2016-01,ALB
2016-01,ALEX
2016-01,ALGN
2016-01,ALK
2016-01,AMCX
2016-01,AMD
2016-01,ANF
2016-01,ANN
2016-01,ANSS
2016-01,AOL
2016-01,AOS
2016-01,APOL
2016-01,ARE
2016-01,ARRS
2016-01,ARW
2016-01,ASB
2016-01,ASH
2016-01,ASNA
2016-01,ATML
2016-01,ATO
2016-01,ATR
2016-01,ATW
2016-01,AVP
2016-01,AVT
2016-01,AYI
2016-01,BC
2016-01,BDC
2016-01,BEAV
2016-01,BID
2016-01,BIG
2016-01,BIO
2016-01,BKH
2016-01,BMR
2016-01,BMS
2016-01,BOH
2016-01,BR
2016-01,BRO
2016-01,BTU
2016-01,BWLD
2016-01,BXS
2016-01,CAB
2016-01,CAKE
2016-01,CATY
2016-01,CBOE
2016-01,CBSH
2016-01,CBT
2016-01,CDK
2016-01,CDNS
2016-01,CEB
2016-01,CFR
2016-01,CGNX
2016-01,CHD
2016-01,CHS
2016-01,CIEN
2016-01,CLC
2016-01,CLGX
2016-01,CLH
2016-01,CLI
2016-01,CMC
2016-01,CMP
2016-01,CNC
2016-01,CNK
2016-01,CNL
2016-01,CNO
2016-01,CNW
2016-01,COO
2016-01,CPRT
2016-01,CPT
2016-01,CR
2016-01,CRC
2016-01,CREE
2016-01,CRI
2016-01,CRL
2016-01,CRS
2016-01,CSAL
2016-01,CSL
2016-01,CST
2016-01,CVG
2016-01,CVLT
2016-01,CXW
2016-01,CY
2016-01,CYH
2016-01,CYN
2016-01,CYT
2016-01,DAN
2016-01,DBD
2016-01,DCI
2016-01,DDD
2016-01,DECK
2016-01,DEI
2016-01,DF
2016-01,DKS
2016-01,DLX
2016-01,DNKN
2016-01,DNOW
2016-01,DNR
2016-01,DPZ
2016-01,DRC
2016-01,DRE
2016-01,DRQ
2016-01,DST
2016-01,DV
2016-01,DWA
2016-01,EAT
2016-01,EGN
2016-01,ENR
2016-01,EQY
2016-01,ESL
2016-01,EV
2016-01,EWBC
2016-01,EXP
2016-01,EXR
2016-01,FAF
2016-01,FBHS
2016-01,FCN
2016-01,FCS
2016-01,FDS
2016-01,FEIC
2016-01,FHN
2016-01,FICO
2016-01,FII
2016-01,FL
2016-01,FLO
2016-01,FMER
2016-01,FNFG
2016-01,FRT
2016-01,FTNT
2016-01,FULT
2016-01,GEF
2016-01,GES
2016-01,GGG
2016-01,GHC
2016-01,GMT
2016-01,GNTX
2016-01,GPN
2016-01,GPOR
2016-01,GVA
2016-01,GWR
2016-01,GXP
2016-01,HAIN
2016-01,HAR
2016-01,HBHC
2016-01,HCC
2016-01,HE
2016-01,HFC
2016-01,HII
2016-01,HIW
2016-01,HLX
2016-01,HME
2016-01,HMSY
2016-01,HNI
2016-01,HNT
2016-01,HOLX
2016-01,HPT
2016-01,HRC
2016-01,HSC
2016-01,HSNI
2016-01,HUB.B
2016-01,HYH
2016-01,IBOC
2016-01,IDA
2016-01,IDCC
2016-01,IDTI
2016-01,IDXX
2016-01,IEX
2016-01,IM
2016-01,INFA
2016-01,INGR
2016-01,INT
2016-01,IPGP
2016-01,ISCA
2016-01,ISIL
2016-01,IT
2016-01,ITRI
2016-01,ITT
2016-01,JAH
2016-01,JBHT
2016-01,JBL
2016-01,JBLU
2016-01,JCP
2016-01,JDSU
2016-01,JKHY
2016-01,JLL
2016-01,JNS
2016-01,JW.A
2016-01,KATE
2016-01,KBH
2016-01,KBR
2016-01,KEX
2016-01,KEYS
2016-01,KLXI
2016-01,KMPR
2016-01,KMT
2016-01,KN
2016-01,KRC
2016-01,LAMR
2016-01,LANC
2016-01,LDOS
2016-01,LECO
2016-01,LHO
2016-01,LII
2016-01,LKQ
2016-01,LNT
2016-01,LPNT
2016-01,LPT
2016-01,LPX
2016-01,LSTR
2016-01,LXK
2016-01,LYV
2016-01,MAA
2016-01,MAN
2016-01,MANH
2016-01,MCY
2016-01,MD
2016-01,MDC
2016-01,MDP
2016-01,MDRX
2016-01,MDU
2016-01,MENT
2016-01,MLHR
2016-01,MMS
2016-01,MSA
2016-01,MSCI
2016-01,MSM
2016-01,MTD
2016-01,MTX
2016-01,MUSA
2016-01,NATI
2016-01,NBR
2016-01,NCR
2016-01,NDSN
2016-01,NEU
2016-01,NFG
2016-01,NNN
2016-01,NSR
2016-01,NVR
2016-01,NYCB
2016-01,NYT
2016-01,OA
2016-01,OCR
2016-01,ODFL
2016-01,ODP
2016-01,OFC
2016-01,OGE
2016-01,OGS
2016-01,OHI
2016-01,OII
2016-01,OIS
2016-01,OLN
2016-01,OMI
2016-01,ORI
2016-01,OSK
2016-01,OZRK
2016-01,PACW
2016-01,PAY
2016-01,PB
2016-01,PCH
2016-01,PII
2016-01,PKG
2016-01,PLCM
2016-01,PLT
2016-01,PNM
2016-01,PNRA
2016-01,POL
2016-01,POST
2016-01,PPL
2016-01,PRI
2016-01,PTC
2016-01,PTEN
2016-01,RAX
2016-01,RBC
2016-01,RCII
2016-01,RDC
2016-01,RE
2016-01,REG
2016-01,RGA
2016-01,RGLD
2016-01,RJF
2016-01,RKT
2016-01,RMD
2016-01,RNR
2016-01,ROL
2016-01,ROSE
2016-01,ROVI
2016-01,RPM
2016-01,RRD
2016-01,RS
2016-01,RYN
2016-01,SAIC
2016-01,SAM
2016-01,SBNY
2016-01,SCI
2016-01,SEIC
2016-01,SF
2016-01,SFG
2016-01,SIG
2016-01,SIRO
2016-01,SIVB
2016-01,SKT
2016-01,SLAB
2016-01,SLGN
2016-01,SLH
2016-01,SLM
2016-01,SM
2016-01,SMG
2016-01,SMTC
2016-01,SNH
2016-01,SNPS
2016-01,SNV
2016-01,SON
2016-01,SPN
2016-01,SPW
2016-01,STE
2016-01,STLD
2016-01,STR
2016-01,SUNE
2016-01,SVU
2016-01,SWI
2016-01,SXT
2016-01,TCB
2016-01,TCO
2016-01,TDS
2016-01,TDW
2016-01,TDY
2016-01,TECD
2016-01,TECH
2016-01,TER
2016-01,TEX
2016-01,TFX
2016-01,TGI
2016-01,THG
2016-01,THO
2016-01,THOR
2016-01,THS
2016-01,TIME
2016-01,TKR
2016-01,TLN
2016-01,TMST
2016-01,TOL
2016-01,TPX
2016-01,TR
2016-01,TRMB
2016-01,TRMK
2016-01,TRN
2016-01,TUP
2016-01,TW
2016-01,TYL
2016-01,UDR
2016-01,UE
2016-01,UFS
2016-01,UGI
2016-01,ULTI
2016-01,UMPQ
2016-01,UNFI
2016-01,UNT
2016-01,UTHR
2016-01,VAL
2016-01,VLY
2016-01,VMI
2016-01,VRX
2016-01,VSH
2016-01,VSTO
2016-01,VVC
2016-01,WAB
2016-01,WAFD
2016-01,WBS
2016-01,WCG
2016-01,WCN
2016-01,WDR
2016-01,WEN
2016-01,WERN
2016-01,WETF
2016-01,WEX
2016-01,WGL
2016-01,WNR
2016-01,WOOF
2016-01,WOR
2016-01,WPG
2016-01,WPX
2016-01,WR
2016-01,WRB
2016-01,WRI
2016-01,WSM
2016-01,WSO
2016-01,WTR
2016-01,WWAV
2016-01,WWD
2016-01,X
2016-01,Y
2016-01,ZBRA
2016-02,AAN
2016-02,AAP
2016-02,ACC
2016-02,ACIW
2016-02,ACM
2016-02,ACXM
2016-02,ADVS
2016-02,AEO
2016-02,AFG
2016-02,AGCO
2016-02,AHL
2016-02,AJG
2016-02,AKRX
2016-02,ALB
2016-02,ALEX
2016-02,ALGN
2016-02,ALK
2016-02,AMCX
2016-02,AMD
2016-02,ANF
2016-02,ANN
2016-02,ANSS
2016-02,AOL
2016-02,AOS
2016-02,APOL
2016-02,ARE
2016-02,ARRS
2016-02,ARW
2016-02,ASB
2016-02,ASH
2016-02,ASNA
2016-02,ATML
2016-02,ATO
2016-02,ATR
2016-02,ATW
2016-02,AVP
2016-02,AVT
2016-02,AYI
2016-02,BC
2016-02,BDC
2016-02,BEAV
2016-02,BID
2016-02,BIG
2016-02,BIO
2016-02,BKH
2016-02,BMR
2016-02,BMS
2016-02,BOH
2016-02,BR
2016-02,BRO
2016-02,BTU
2016-02,BWLD
2016-02,BXS
2016-02,CAB
2016-02,CAKE
2016-02,CATY
2016-02,CBOE
2016-02,CBSH
2016-02,CBT
2016-02,CDK
2016-02,CDNS
2016-02,CEB
2016-02,CFR
2016-02,CGNX
2016-02,CHD
2016-02,CHS
2016-02,CIEN
2016-02,CLC
2016-02,CLGX
2016-02,CLH
2016-02,CLI
2016-02,CMC
2016-02,CMP
2016-02,CNC
2016-02,CNK
2016-02,CNL
2016-02,CNO
2016-02,CNW
2016-02,COO
2016-02,CPRT
2016-02,CPT
2016-02,CR
2016-02,CRC
2016-02,CREE
2016-02,CRI
2016-02,CRL
2016-02,CRS
2016-02,CSAL
2016-02,CSL
2016-02,CST
2016-02,CVG
2016-02,CVLT
2016-02,CXW
2016-02,CY
2016-02,CYH
2016-02,CYN
2016-02,CYT
2016-02,DAN
2016-02,DBD
2016-02,DCI
2016-02,DDD
2016-02,DECK
2016-02,DEI
2016-02,DF
2016-02,DKS
2016-02,DLX
2016-02,DNKN
2016-02,DNOW
2016-02,DNR
2016-02,DPZ
2016-02,DRC
2016-02,DRE
2016-02,DRQ
2016-02,DST
2016-02,DV
2016-02,DWA
2016-02,EAT
2016-02,EGN
2016-02,ENR
2016-02,EQY
2016-02,ESL
2016-02,EV
2016-02,EWBC
2016-02,EXP
2016-02,EXR
2016-02,FAF
2016-02,FBHS
2016-02,FCN
2016-02,FCS
2016-02,FDS
2016-02,FEIC
2016-02,FHN
2016-02,FICO
2016-02,FII
2016-02,FL
2016-02,FLO
2016-02,FMER
2016-02,FNFG
2016-02,FRT
2016-02,FTNT
2016-02,FULT
2016-02,GEF
2016-02,GES
2016-02,GGG
2016-02,GHC
2016-02,GMT
2016-02,GNTX
2016-02,GPN
2016-02,GPOR
2016-02,GVA
2016-02,GWR
2016-02,GXP
2016-02,HAIN
2016-02,HAR
2016-02,HBHC
2016-02,HCC
2016-02,HE
2016-02,HFC
2016-02,HII
2016-02,HIW
2016-02,HLX
2016-02,HME
2016-02,HMSY
2016-02,HNI
2016-02,HNT
2016-02,HOLX
2016-02,HPT
2016-02,HRC
2016-02,HSC
2016-02,HSNI
2016-02,HUB.B
2016-02,HYH
2016-02,IBOC
2016-02,IDA
2016-02,IDCC
2016-02,IDTI
2016-02,IDXX
2016-02,IEX
2016-02,IM
2016-02,INFA
2016-02,INGR
2016-02,INT
2016-02,IPGP
2016-02,ISCA
2016-02,ISIL
2016-02,IT
2016-02,ITRI
2016-02,ITT
2016-02,JAH
2016-02,JBHT
2016-02,JBL
2016-02,JBLU
2016-02,JCP
2016-02,JDSU
2016-02,JKHY
2016-02,JLL
2016-02,JNS
2016-02,JW.A
2016-02,KATE
2016-02,KBH
2016-02,KBR
2016-02,KEX
2016-02,KEYS
2016-02,KLXI
2016-02,KMPR
2016-02,KMT
2016-02,KN
2016-02,KRC
2016-02,LAMR
2016-02,LANC
2016-02,LDOS
2016-02,LECO
2016-02,LHO
2016-02,LII
2016-02,LKQ
2016-02,LNT
2016-02,LPNT
2016-02,LPT
2016-02,LPX
2016-02,LSTR
2016-02,LXK
2016-02,LYV
2016-02,MAA
2016-02,MAN
2016-02,MANH
2016-02,MCY
2016-02,MD
2016-02,MDC
2016-02,MDP
2016-02,MDRX
2016-02,MDU
2016-02,MENT
2016-02,MLHR
2016-02,MMS
2016-02,MSA
2016-02,MSCI
2016-02,MSM
2016-02,MTD
2016-02,MTX
2016-02,MUSA
2016-02,NATI
2016-02,NBR
2016-02,NCR
2016-02,NDSN
2016-02,NEU
2016-02,NFG
2016-02,NNN
2016-02,NSR
2016-02,NVR
2016-02,NYCB
2016-02,NYT
2016-02,OA
2016-02,OCR
2016-02,ODFL
2016-02,ODP
2016-02,OFC
2016-02,OGE
2016-02,OGS
2016-02,OHI
2016-02,OII
2016-02,OIS
2016-02,OLN
2016-02,OMI
2016-02,ORI
2016-02,OSK
2016-02,OZRK
2016-02,PACW
2016-02,PAY
2016-02,PB
2016-02,PCH
2016-02,PII
2016-02,PKG
2016-02,PLCM
2016-02,PLT
2016-02,PNM
2016-02,PNRA
2016-02,POL
2016-02,POST
2016-02,PPL
2016-02,PRI
2016-02,PTC
2016-02,PTEN
2016-02,RAX
2016-02,RBC
2016-02,RCII
2016-02,RDC
2016-02,RE
2016-02,REG
2016-02,RGA
2016-02,RGLD
2016-02,RJF
2016-02,RKT
2016-02,RMD
2016-02,RNR
2016-02,ROL
2016-02,ROSE
2016-02,ROVI
2016-02,RPM
2016-02,RRD
2016-02,RS
2016-02,RYN
2016-02,SAIC
2016-02,SAM
2016-02,SBNY
2016-02,SCI
2016-02,SEIC
2016-02,SF
2016-02,SFG
2016-02,SIG
2016-02,SIRO
2016-02,SIVB
2016-02,SKT
2016-02,SLAB
2016-02,SLGN
2016-02,SLH
2016-02,SLM
2016-02,SM
2016-02,SMG
2016-02,SMTC
2016-02,SNH
2016-02,SNPS
2016-02,SNV
2016-02,SON
2016-02,SPN
2016-02,SPW
2016-02,STE
2016-02,STLD
2016-02,STR
2016-02,SUNE
2016-02,SVU
2016-02,SWI
2016-02,SXT
2016-02,TCB
2016-02,TCO
2016-02,TDS
2016-02,TDW
2016-02,TDY
2016-02,TECD
2016-02,TECH
2016-02,TER
2016-02,TEX
2016-02,TFX
2016-02,TGI
2016-02,THG
2016-02,THO
2016-02,THOR
2016-02,THS
2016-02,TIME
2016-02,TKR
2016-02,TLN
2016-02,TMST
2016-02,TOL
2016-02,TPX
2016-02,TR
2016-02,TRMB
2016-02,TRMK
2016-02,TRN
2016-02,TUP
2016-02,TW
2016-02,TYL
2016-02,UDR
2016-02,UE
2016-02,UFS
2016-02,UGI
2016-02,ULTI
2016-02,UMPQ
2016-02,UNFI
2016-02,UNT
2016-02,UTHR
2016-02,VAL
2016-02,VLY
2016-02,VMI
2016-02,VRX
2016-02,VSH
2016-02,VSTO
2016-02,VVC
2016-02,WAB
2016-02,WAFD
2016-02,WBS
2016-02,WCG
2016-02,WCN
2016-02,WDR
2016-02,WEN
2016-02,WERN
2016-02,WETF
2016-02,WEX
2016-02,WGL
2016-02,WNR
2016-02,WOOF
2016-02,WOR
2016-02,WPG
2016-02,WPX
2016-02,WR
2016-02,WRB
2016-02,WRI
2016-02,WSM
2016-02,WSO
2016-02,WTR
2016-02,WWAV
2016-02,WWD
2016-02,X
2016-02,Y
2016-02,ZBRA
2016-03,AAN
2016-03,AAP
2016-03,ACC
2016-03,ACIW
2016-03,ACM
2016-03,ACXM
2016-03,ADVS
2016-03,AEO
2016-03,AFG
2016-03,AGCO
2016-03,AHL
2016-03,AJG
2016-03,AKRX
2016-03,ALB
2016-03,ALEX
2016-03,ALGN
2016-03,ALK
2016-03,AMCX
2016-03,AMD
2016-03,ANF
2016-03,ANN
2016-03,ANSS
2016-03,AOL
2016-03,AOS
2016-03,APOL
2016-03,ARE
2016-03,ARRS
2016-03,ARW
2016-03,ASB
2016-03,ASH
2016-03,ASNA
2016-03,ATML
2016-03,ATO
2016-03,ATR
2016-03,AVP
2016-03,AVT
2016-03,AYI
2016-03,BC
2016-03,BDC
2016-03,BEAV
2016-03,BID
2016-03,BIG
2016-03,BIO
2016-03,BKH
2016-03,BMR
2016-03,BMS
2016-03,BOH
2016-03,BR
2016-03,BRO
2016-03,BTU
2016-03,BWLD
2016-03,BXS
2016-03,CAB
2016-03,CAKE
2016-03,CATY
2016-03,CBOE
2016-03,CBSH
2016-03,CBT
2016-03,CDK
2016-03,CDNS
2016-03,CEB
2016-03,CFR
2016-03,CGNX
2016-03,CHD
2016-03,CHS
2016-03,CIEN
2016-03,CLC
2016-03,CLGX
2016-03,CLH
2016-03,CLI
2016-03,CMC
2016-03,CMP
2016-03,CNC
2016-03,CNK
2016-03,CNL
2016-03,CNO
2016-03,CNW
2016-03,COO
2016-03,CPRT
2016-03,CPT
2016-03,CR
2016-03,CRC
2016-03,CREE
2016-03,CRI
2016-03,CRL
2016-03,CRS
2016-03,CSAL
2016-03,CSL
2016-03,CST
2016-03,CVG
2016-03,CVLT
2016-03,CXW
2016-03,CY
2016-03,CYH
2016-03,CYN
2016-03,CYT
2016-03,DAN
2016-03,DBD
2016-03,DCI
2016-03,DDD
2016-03,DECK
2016-03,DEI
2016-03,DF
2016-03,DKS
2016-03,DLX
2016-03,DNKN
2016-03,DNOW
2016-03,DNR
2016-03,DPZ
2016-03,DRC
2016-03,DRE
2016-03,DRQ
2016-03,DST
2016-03,DV
2016-03,DWA
2016-03,EAT
2016-03,EGN
2016-03,ENR
2016-03,EQY
2016-03,ESL
2016-03,EV
2016-03,EWBC
2016-03,EXP
2016-03,EXR
2016-03,FAF
2016-03,FBHS
2016-03,FCN
2016-03,FCS
2016-03,FDS
2016-03,FEIC
2016-03,FHN
2016-03,FICO
2016-03,FII
2016-03,FL
2016-03,FLO
2016-03,FMER
2016-03,FNFG
2016-03,FRT
2016-03,FTNT
2016-03,FULT
2016-03,GEF
2016-03,GES
2016-03,GGG
2016-03,GHC
2016-03,GMT
2016-03,GNTX
2016-03,GPN
2016-03,GPOR
2016-03,GVA
2016-03,GWR
2016-03,GXP
2016-03,HAIN
2016-03,HAR
2016-03,HBHC
2016-03,HCC
2016-03,HE
2016-03,HFC
2016-03,HII
2016-03,HIW
2016-03,HLX
2016-03,HME
2016-03,HMSY
2016-03,HNI
2016-03,HNT
2016-03,HOLX
2016-03,HPT
2016-03,HRC
2016-03,HSC
2016-03,HSNI
2016-03,HUB.B
2016-03,HYH
2016-03,IBOC
2016-03,IDA
2016-03,IDCC
2016-03,IDTI
2016-03,IDXX
2016-03,IEX
2016-03,IM
2016-03,INFA
2016-03,INGR
2016-03,INT
2016-03,IPGP
2016-03,ISCA
2016-03,ISIL
2016-03,IT
2016-03,ITRI
2016-03,ITT
2016-03,JAH
2016-03,JBHT
2016-03,JBL
2016-03,JBLU
2016-03,JCP
2016-03,JDSU
2016-03,JKHY
2016-03,JLL
2016-03,JNS
2016-03,JW.A
2016-03,KATE
2016-03,KBH
2016-03,KBR
2016-03,KEX
2016-03,KEYS
2016-03,KLXI
2016-03,KMPR
2016-03,KMT
2016-03,KN
2016-03,KRC
2016-03,LAMR
2016-03,LANC
2016-03,LDOS
2016-03,LECO
2016-03,LHO
2016-03,LII
2016-03,LKQ
2016-03,LNT
2016-03,LPNT
2016-03,LPT
2016-03,LPX
2016-03,LSTR
2016-03,LXK
2016-03,LYV
2016-03,MAA
2016-03,MAN
2016-03,MANH
2016-03,MCY
2016-03,MD
2016-03,MDC
2016-03,MDP
2016-03,MDRX
2016-03,MDU
2016-03,MENT
2016-03,MLHR
2016-03,MMS
2016-03,MSA
2016-03,MSCC
2016-03,MSCI
2016-03,MSM
2016-03,MTD
2016-03,MTX
2016-03,MUSA
2016-03,NATI
2016-03,NBR
2016-03,NCR
2016-03,NDSN
2016-03,NEU
2016-03,NFG
2016-03,NNN
2016-03,NSR
2016-03,NVR
2016-03,NYCB
2016-03,NYT
2016-03,OA
2016-03,OCR
2016-03,ODFL
2016-03,ODP
2016-03,OFC
2016-03,OGE
2016-03,OGS
2016-03,OHI
2016-03,OII
2016-03,OIS
2016-03,OLN
2016-03,OMI
2016-03,ORI
2016-03,OSK
2016-03,OZRK
2016-03,PACW
2016-03,PAY
2016-03,PB
2016-03,PCH
2016-03,PII
2016-03,PKG
2016-03,PLCM
2016-03,PLT
2016-03,PNM
2016-03,PNRA
2016-03,POL
2016-03,POST
2016-03,PPL
2016-03,PRI
2016-03,PTC
2016-03,PTEN
2016-03,RAX
2016-03,RBC
2016-03,RCII
2016-03,RDC
2016-03,RE
2016-03,REG
2016-03,RGA
2016-03,RGLD
2016-03,RJF
2016-03,RKT
2016-03,RMD
2016-03,RNR
2016-03,ROL
2016-03,ROSE
2016-03,ROVI
2016-03,RPM
2016-03,RRD
2016-03,RS
2016-03,RYN
2016-03,SAIC
2016-03,SAM
2016-03,SBNY
2016-03,SCI
2016-03,SEIC
2016-03,SF
2016-03,SFG
2016-03,SIG
2016-03,SIRO
2016-03,SIVB
2016-03,SKT
2016-03,SLAB
2016-03,SLGN
2016-03,SLH
2016-03,SLM
2016-03,SM
2016-03,SMG
2016-03,SMTC
2016-03,SNH
2016-03,SNPS
2016-03,SNV
2016-03,SON
2016-03,SPN
2016-03,SPW
2016-03,STE
2016-03,STLD
2016-03,STR
2016-03,SUNE
2016-03,SVU
2016-03,SWI
2016-03,SXT
2016-03,TCB
2016-03,TCO
2016-03,TDS
2016-03,TDW
2016-03,TDY
2016-03,TECD
2016-03,TECH
2016-03,TER
2016-03,TEX
2016-03,TFX
2016-03,TGI
2016-03,THG
2016-03,THO
2016-03,THOR
2016-03,THS
2016-03,TIME
2016-03,TKR
2016-03,TLN
2016-03,TMST
2016-03,TOL
2016-03,TPX
2016-03,TR
2016-03,TRMB
2016-03,TRMK
2016-03,TRN
2016-03,TUP
2016-03,TW
2016-03,TYL
2016-03,UDR
2016-03,UE
2016-03,UFS
2016-03,UGI
2016-03,ULTI
2016-03,UMPQ
2016-03,UNFI
2016-03,UNT
2016-03,UTHR
2016-03,VAL
2016-03,VLY
2016-03,VMI
2016-03,VRX
2016-03,VSH
2016-03,VSTO
2016-03,VVC
2016-03,WAB
2016-03,WAFD
2016-03,WBS
2016-03,WCG
2016-03,WCN
2016-03,WDR
2016-03,WEN
2016-03,WERN
2016-03,WETF
2016-03,WEX
2016-03,WGL
2016-03,WNR
2016-03,WOOF
2016-03,WOR
2016-03,WPG
2016-03,WPX
2016-03,WR
2016-03,WRB
2016-03,WRI
2016-03,WSM
2016-03,WSO
2016-03,WTR
2016-03,WWAV
2016-03,WWD
2016-03,X
2016-03,Y
2016-03,ZBRA
2016-04,AAN
2016-04,AAP
2016-04,ACC
2016-04,ACIW
2016-04,ACM
2016-04,ACXM
2016-04,ADVS
2016-04,AEO
2016-04,AFG
2016-04,AGCO
2016-04,AHL
2016-04,AJG
2016-04,AKRX
2016-04,ALB
2016-04,ALEX
2016-04,ALGN
2016-04,ALK
2016-04,AMCX
2016-04,AMD
2016-04,ANF
2016-04,ANN
2016-04,ANSS
2016-04,AOL
2016-04,AOS
2016-04,APOL
2016-04,ARE
2016-04,ARRS
2016-04,ARW
2016-04,ASB
2016-04,ASH
2016-04,ASNA
2016-04,ATML
2016-04,ATO
2016-04,ATR
2016-04,AVP
2016-04,AVT
2016-04,AYI
2016-04,BC
2016-04,BDC
2016-04,BEAV
2016-04,BID
2016-04,BIG
2016-04,BIO
2016-04,BKH
2016-04,BMR
2016-04,BMS
2016-04,BOH
2016-04,BR
2016-04,BRO
2016-04,BTU
2016-04,BWLD
2016-04,BXS
2016-04,CAB
2016-04,CAKE
2016-04,CATY
2016-04,CBOE
2016-04,CBSH
2016-04,CBT
2016-04,CDK
2016-04,CDNS
2016-04,CEB
2016-04,CFR
2016-04,CGNX
2016-04,CHD
2016-04,CHS
2016-04,CIEN
2016-04,CLC
2016-04,CLGX
2016-04,CLH
2016-04,CLI
2016-04,CMC
2016-04,CMP
2016-04,CNC
2016-04,CNK
2016-04,CNL
2016-04,CNO
2016-04,CNW
2016-04,COO
2016-04,CPRT
2016-04,CPT
2016-04,CR
2016-04,CRC
2016-04,CREE
2016-04,CRI
2016-04,CRL
2016-04,CRS
2016-04,CSAL
2016-04,CSL
2016-04,CST
2016-04,CVG
2016-04,CVLT
2016-04,CXW
2016-04,CY
2016-04,CYH
2016-04,CYN
2016-04,CYT
2016-04,DAN
2016-04,DBD
2016-04,DCI
2016-04,DDD
2016-04,DECK
2016-04,DEI
2016-04,DF
2016-04,DKS
2016-04,DLX
2016-04,DNKN
2016-04,DNOW
2016-04,DNR
2016-04,DPZ
2016-04,DRC
2016-04,DRE
2016-04,DRQ
2016-04,DST
2016-04,DV
2016-04,DWA
2016-04,EAT
2016-04,EGN
2016-04,ENR
2016-04,EQY
2016-04,ESL
2016-04,EV
2016-04,EWBC
2016-04,EXP
2016-04,EXR
2016-04,FAF
2016-04,FBHS
2016-04,FCN
2016-04,FCS
2016-04,FDS
2016-04,FEIC
2016-04,FHN
2016-04,FICO
2016-04,FII
2016-04,FL
2016-04,FLO
2016-04,FMER
2016-04,FNFG
2016-04,FRT
2016-04,FTNT
2016-04,FULT
2016-04,GEF
2016-04,GES
2016-04,GGG
2016-04,GHC
2016-04,GMT
2016-04,GNTX
2016-04,GPN
2016-04,GPOR
2016-04,GVA
2016-04,GWR
2016-04,GXP
2016-04,HAIN
2016-04,HAR
2016-04,HBHC
2016-04,HCC
2016-04,HE
2016-04,HFC
2016-04,HII
2016-04,HIW
2016-04,HLX
2016-04,HME
2016-04,HMSY
2016-04,HNI
2016-04,HNT
2016-04,HOLX
2016-04,HPT
2016-04,HRC
2016-04,HSC
2016-04,HSNI
2016-04,HUB.B
2016-04,HYH
2016-04,IBOC
2016-04,IDA
2016-04,IDCC
2016-04,IDTI
2016-04,IDXX
2016-04,IEX
2016-04,IM
2016-04,INFA
2016-04,INGR
2016-04,INT
2016-04,IPGP
2016-04,ISCA
2016-04,ISIL
2016-04,IT
2016-04,ITRI
2016-04,ITT
2016-04,JAH
2016-04,JBHT
2016-04,JBL
2016-04,JBLU
2016-04,JCP
2016-04,JDSU
2016-04,JKHY
2016-04,JLL
2016-04,JNS
2016-04,JW.A
2016-04,KATE
2016-04,KBH
2016-04,KBR
2016-04,KEX
2016-04,KEYS
2016-04,KLXI
2016-04,KMPR
2016-04,KMT
2016-04,KN
2016-04,KRC
2016-04,LAMR
2016-04,LANC
2016-04,LDOS
2016-04,LECO
2016-04,LHO
2016-04,LII
2016-04,LKQ
2016-04,LNT
2016-04,LPNT
2016-04,LPT
2016-04,LPX
2016-04,LSTR
2016-04,LXK
2016-04,LYV
2016-04,MAA
2016-04,MAN
2016-04,MANH
2016-04,MCY
2016-04,MD
2016-04,MDC
2016-04,MDP
2016-04,MDRX
2016-04,MDU
2016-04,MENT
2016-04,MLHR
2016-04,MMS
2016-04,MSA
2016-04,MSCC
2016-04,MSCI
2016-04,MSM
2016-04,MTD
2016-04,MTX
2016-04,MUSA
2016-04,NATI
2016-04,NBR
2016-04,NCR
2016-04,NDSN
2016-04,NEU
2016-04,NFG
2016-04,NNN
2016-04,NSR
2016-04,NVR
2016-04,NYCB
2016-04,NYT
2016-04,OA
2016-04,OCR
2016-04,ODFL
2016-04,ODP
2016-04,OFC
2016-04,OGE
2016-04,OGS
2016-04,OHI
2016-04,OII
2016-04,OIS
2016-04,OLN
2016-04,OMI
2016-04,ORI
2016-04,OSK
2016-04,OZRK
2016-04,PACW
2016-04,PAY
2016-04,PB
2016-04,PCH
2016-04,PII
2016-04,PKG
2016-04,PLCM
2016-04,PLT
2016-04,PNM
2016-04,PNRA
2016-04,POL
2016-04,POST
2016-04,PPL
2016-04,PRI
2016-04,PTC
2016-04,PTEN
2016-04,RAX
2016-04,RBC
2016-04,RCII
2016-04,RDC
2016-04,RE
2016-04,REG
2016-04,RGA
2016-04,RGLD
2016-04,RJF
2016-04,RKT
2016-04,RMD
2016-04,RNR
2016-04,ROL
2016-04,ROSE
2016-04,ROVI
2016-04,RPM
2016-04,RRD
2016-04,RS
2016-04,RYN
2016-04,SAIC
2016-04,SAM
2016-04,SBNY
2016-04,SCI
2016-04,SEIC
2016-04,SF
2016-04,SFG
2016-04,SIG
2016-04,SIRO
2016-04,SIVB
2016-04,SKT
2016-04,SLAB
2016-04,SLGN
2016-04,SLH
2016-04,SLM
2016-04,SM
2016-04,SMG
2016-04,SMTC
2016-04,SNH
2016-04,SNPS
2016-04,SNV
2016-04,SON
2016-04,SPN
2016-04,SPW
2016-04,STE
2016-04,STLD
2016-04,STR
2016-04,SUNE
2016-04,SVU
2016-04,SWI
2016-04,SXT
2016-04,TCB
2016-04,TCO
2016-04,TDS
2016-04,TDW
2016-04,TDY
2016-04,TECD
2016-04,TECH
2016-04,TER
2016-04,TEX
2016-04,TFX
2016-04,TGI
2016-04,THG
2016-04,THO
2016-04,THOR
2016-04,THS
2016-04,TIME
2016-04,TKR
2016-04,TLN
2016-04,TMST
2016-04,TOL
2016-04,TPX
2016-04,TR
2016-04,TRMB
2016-04,TRMK
2016-04,TRN
2016-04,TUP
2016-04,TW
2016-04,TYL
2016-04,UDR
2016-04,UE
2016-04,UFS
2016-04,UGI
2016-04,ULTI
2016-04,UMPQ
2016-04,UNFI
2016-04,UNT
2016-04,UTHR
2016-04,VAL
2016-04,VLY
2016-04,VMI
2016-04,VRX
2016-04,VSH
2016-04,VSTO
2016-04,VVC
2016-04,WAB
2016-04,WAFD
2016-04,WBS
2016-04,WCG
2016-04,WCN
2016-04,WDR
2016-04,WEN
2016-04,WERN
2016-04,WETF
2016-04,WEX
2016-04,WGL
2016-04,WNR
2016-04,WOOF
2016-04,WOR
2016-04,WPG
2016-04,WPX
2016-04,WR
2016-04,WRB
2016-04,WRI
2016-04,WSM
2016-04,WSO
2016-04,WTR
2016-04,WWAV
2016-04,WWD
2016-04,X
2016-04,Y
2016-04,ZBRA
2016-05,AAN
2016-05,AAP
2016-05,ACC
2016-05,ACIW
2016-05,ACM
2016-05,ACXM
2016-05,ADVS
2016-05,AEO
2016-05,AFG
2016-05,AGCO
2016-05,AHL
2016-05,AJG
2016-05,AKRX
2016-05,ALB
2016-05,ALEX
2016-05,ALGN
2016-05,ALK
2016-05,AMCX
2016-05,AMD
2016-05,ANF
2016-05,ANN
2016-05,ANSS
2016-05,AOL
2016-05,AOS
2016-05,APOL
2016-05,ARE
2016-05,ARRS
2016-05,ARW
2016-05,ASB
2016-05,ASH
2016-05,ASNA
2016-05,ATML
2016-05,ATO
2016-05,ATR
2016-05,AVP
2016-05,AVT
2016-05,AYI
2016-05,BC
2016-05,BDC
2016-05,BEAV
2016-05,BID
2016-05,BIG
2016-05,BIO
2016-05,BKH
2016-05,BMR
2016-05,BMS
2016-05,BOH
2016-05,BR
2016-05,BRO
2016-05,BTU
2016-05,BWLD
2016-05,BXS
2016-05,CAB
2016-05,CAKE
2016-05,CATY
2016-05,CBOE
2016-05,CBSH
2016-05,CBT
2016-05,CDK
2016-05,CDNS
2016-05,CEB
2016-05,CFR
2016-05,CGNX
2016-05,CHD
2016-05,CHS
2016-05,CIEN
2016-05,CLC
2016-05,CLGX
2016-05,CLH
2016-05,CLI
2016-05,CMC
2016-05,CMP
2016-05,CNC
2016-05,CNK
2016-05,CNL
2016-05,CNO
2016-05,CNW
2016-05,COO
2016-05,CPRT
2016-05,CPT
2016-05,CR
2016-05,CRC
2016-05,CREE
2016-05,CRI
2016-05,CRL
2016-05,CRS
2016-05,CSAL
2016-05,CSL
2016-05,CST
2016-05,CVG
2016-05,CVLT
2016-05,CXW
2016-05,CY
2016-05,CYH
2016-05,CYN
2016-05,CYT
2016-05,DAN
2016-05,DBD
2016-05,DCI
2016-05,DDD
2016-05,DECK
2016-05,DEI
2016-05,DF
2016-05,DKS
2016-05,DLX
2016-05,DNKN
2016-05,DNOW
2016-05,DNR
2016-05,DPZ
2016-05,DRC
2016-05,DRE
2016-05,DRQ
2016-05,DST
2016-05,DV
2016-05,DWA
2016-05,EAT
2016-05,EGN
2016-05,ENR
2016-05,EQY
2016-05,ESL
2016-05,EV
2016-05,EWBC
2016-05,EXP
2016-05,EXR
2016-05,FAF
2016-05,FBHS
2016-05,FCN
2016-05,FCS
2016-05,FDS
2016-05,FEIC
2016-05,FHN
2016-05,FICO
2016-05,FII
2016-05,FL
2016-05,FLO
2016-05,FMER
2016-05,FNFG
2016-05,FRT
2016-05,FTNT
2016-05,FULT
2016-05,GEF
2016-05,GES
2016-05,GGG
2016-05,GHC
2016-05,GMT
2016-05,GNTX
2016-05,GPN
2016-05,GPOR
2016-05,GVA
2016-05,GWR
2016-05,GXP
2016-05,HAIN
2016-05,HAR
2016-05,HBHC
2016-05,HCC
2016-05,HE
2016-05,HFC
2016-05,HII
2016-05,HIW
2016-05,HLX
2016-05,HME
2016-05,HMSY
2016-05,HNI
2016-05,HNT
2016-05,HOLX
2016-05,HPT
2016-05,HRC
2016-05,HSC
2016-05,HSNI
2016-05,HUB.B
2016-05,HYH
2016-05,IBOC
2016-05,IDA
2016-05,IDCC
2016-05,IDTI
2016-05,IDXX
2016-05,IEX
2016-05,IM
2016-05,INFA
2016-05,INGR
2016-05,INT
2016-05,IPGP
2016-05,ISCA
2016-05,ISIL
2016-05,IT
2016-05,ITRI
2016-05,ITT
2016-05,JAH
2016-05,JBHT
2016-05,JBL
2016-05,JBLU
2016-05,JCP
2016-05,JDSU
2016-05,JKHY
2016-05,JLL
2016-05,JNS
2016-05,JW.A
2016-05,KATE
2016-05,KBH
2016-05,KBR
2016-05,KEX
2016-05,KEYS
2016-05,KLXI
2016-05,KMPR
2016-05,KMT
2016-05,KN
2016-05,KRC
2016-05,LAMR
2016-05,LANC
2016-05,LDOS
2016-05,LECO
2016-05,LHO
2016-05,LII
2016-05,LKQ
2016-05,LNT
2016-05,LPNT
2016-05,LPT
2016-05,LPX
2016-05,LSTR
2016-05,LXK
2016-05,LYV
2016-05,MAA
2016-05,MAN
2016-05,MANH
2016-05,MCY
2016-05,MD
2016-05,MDC
2016-05,MDP
2016-05,MDRX
2016-05,MDU
2016-05,MENT
2016-05,MLHR
2016-05,MMS
2016-05,MSA
2016-05,MSCC
2016-05,MSCI
2016-05,MSM
2016-05,MTD
2016-05,MTX
2016-05,MUSA
2016-05,NATI
2016-05,NBR
2016-05,NCR
2016-05,NDSN
2016-05,NEU
2016-05,NFG
2016-05,NNN
2016-05,NSR
2016-05,NVR
2016-05,NYCB
2016-05,NYT
2016-05,OA
2016-05,OCR
2016-05,ODFL
2016-05,ODP
2016-05,OFC
2016-05,OGE
2016-05,OGS
2016-05,OHI
2016-05,OII
2016-05,OIS
2016-05,OLN
2016-05,OMI
2016-05,ORI
2016-05,OSK
2016-05,OZRK
2016-05,PACW
2016-05,PAY
2016-05,PB
2016-05,PCH
2016-05,PII
2016-05,PKG
2016-05,PLCM
2016-05,PLT
2016-05,PNM
2016-05,PNRA
2016-05,POL
2016-05,POST
2016-05,PPL
2016-05,PRI
2016-05,PTC
2016-05,PTEN
2016-05,RAX
2016-05,RBC
2016-05,RCII
2016-05,RDC
2016-05,RE
2016-05,REG
2016-05,RGA
2016-05,RGLD
2016-05,RJF
2016-05,RKT
2016-05,RMD
2016-05,RNR
2016-05,ROL
2016-05,ROSE
2016-05,ROVI
2016-05,RPM
2016-05,RRD
2016-05,RS
2016-05,RYN
2016-05,SAIC
2016-05,SAM
2016-05,SBNY
2016-05,SCI
2016-05,SEIC
2016-05,SF
2016-05,SFG
2016-05,SIG
2016-05,SIRO
2016-05,SIVB
2016-05,SKT
2016-05,SLAB
2016-05,SLGN
2016-05,SLH
2016-05,SLM
2016-05,SM
2016-05,SMG
2016-05,SMTC
2016-05,SNH
2016-05,SNPS
2016-05,SNV
2016-05,SON
2016-05,SPN
2016-05,SPXC
2016-05,STE
2016-05,STLD
2016-05,STR
2016-05,SUNE
2016-05,SVU
2016-05,SWI
2016-05,SXT
2016-05,TCB
2016-05,TCO
2016-05,TDS
2016-05,TDW
2016-05,TDY
2016-05,TECD
2016-05,TECH
2016-05,TER
2016-05,TEX
2016-05,TFX
2016-05,TGI
2016-05,THG
2016-05,THO
2016-05,THOR
2016-05,THS
2016-05,TIME
2016-05,TKR
2016-05,TLN
2016-05,TMST
2016-05,TOL
2016-05,TPX
2016-05,TR
2016-05,TRMB
2016-05,TRMK
2016-05,TRN
2016-05,TUP
2016-05,TW
2016-05,TYL
2016-05,UDR
2016-05,UE
2016-05,UFS
2016-05,UGI
2016-05,ULTI
2016-05,UMPQ
2016-05,UNFI
2016-05,UNT
2016-05,UTHR
2016-05,VAL
2016-05,VLY
2016-05,VMI
2016-05,VRX
2016-05,VSH
2016-05,VSTO
2016-05,VVC
2016-05,WAB
2016-05,WAFD
2016-05,WBS
2016-05,WCG
2016-05,WCN
2016-05,WDR
2016-05,WEN
2016-05,WERN
2016-05,WETF
2016-05,WEX
2016-05,WGL
2016-05,WNR
2016-05,WOOF
2016-05,WOR
2016-05,WPG
2016-05,WPX
2016-05,WR
2016-05,WRB
2016-05,WRI
2016-05,WSM
2016-05,WSO
2016-05,WTR
2016-05,WWAV
2016-05,WWD
2016-05,X
2016-05,Y
2016-05,ZBRA
2016-06,AAN
2016-06,AAP
2016-06,ACC
2016-06,ACIW
2016-06,ACM
2016-06,ACXM
2016-06,ADVS
2016-06,AEO
2016-06,AFG
2016-06,AGCO
2016-06,AHL
2016-06,AJG
2016-06,AKRX
2016-06,ALB
2016-06,ALEX
2016-06,ALGN
2016-06,ALK
2016-06,AMCX
2016-06,AMD
2016-06,ANF
2016-06,ANN
2016-06,ANSS
2016-06,AOL
2016-06,AOS
2016-06,APOL
2016-06,ARE
2016-06,ARRS
2016-06,ARW
2016-06,ASB
2016-06,ASH
2016-06,ASNA
2016-06,ATML
2016-06,ATO
2016-06,ATR
2016-06,AVP
2016-06,AVT
2016-06,AYI
2016-06,BC
2016-06,BDC
2016-06,BEAV
2016-06,BID
2016-06,BIG
2016-06,BIO
2016-06,BKH
2016-06,BMR
2016-06,BMS
2016-06,BOH
2016-06,BR
2016-06,BRO
2016-06,BTU
2016-06,BWLD
2016-06,BXS
2016-06,CAB
2016-06,CAKE
2016-06,CATY
2016-06,CBOE
2016-06,CBSH
2016-06,CBT
2016-06,CDK
2016-06,CDNS
2016-06,CEB
2016-06,CFR
2016-06,CGNX
2016-06,CHD
2016-06,CHS
2016-06,CIEN
2016-06,CLC
2016-06,CLGX
2016-06,CLH
2016-06,CLI
2016-06,CMC
2016-06,CMP
2016-06,CNC
2016-06,CNK
2016-06,CNL
2016-06,CNO
2016-06,CNW
2016-06,COO
2016-06,CPRT
2016-06,CPT
2016-06,CR
2016-06,CRC
2016-06,CREE
2016-06,CRI
2016-06,CRL
2016-06,CRS
2016-06,CSAL
2016-06,CSL
2016-06,CST
2016-06,CVG
2016-06,CVLT
2016-06,CXW
2016-06,CY
2016-06,CYH
2016-06,CYN
2016-06,CYT
2016-06,DAN
2016-06,DBD
2016-06,DCI
2016-06,DDD
2016-06,DECK
2016-06,DEI
2016-06,DF
2016-06,DKS
2016-06,DLX
2016-06,DNKN
2016-06,DNOW
2016-06,DNR
2016-06,DPZ
2016-06,DRC
2016-06,DRE
2016-06,DRQ
2016-06,DST
2016-06,DV
2016-06,DWA
2016-06,EAT
2016-06,EGN
2016-06,ENR
2016-06,EQY
2016-06,ESL
2016-06,EV
2016-06,EWBC
2016-06,EXP
2016-06,EXR
2016-06,FAF
2016-06,FBHS
2016-06,FCN
2016-06,FCS
2016-06,FDS
2016-06,FEIC
2016-06,FHN
2016-06,FICO
2016-06,FII
2016-06,FL
2016-06,FLO
2016-06,FMER
2016-06,FNFG
2016-06,FRT
2016-06,FTNT
2016-06,FULT
2016-06,GEF
2016-06,GES
2016-06,GGG
2016-06,GHC
2016-06,GMT
2016-06,GNTX
2016-06,GPN
2016-06,GPOR
2016-06,GVA
2016-06,GWR
2016-06,GXP
2016-06,HAIN
2016-06,HAR
2016-06,HBHC
2016-06,HCC
2016-06,HE
2016-06,HFC
2016-06,HII
2016-06,HIW
2016-06,HLX
2016-06,HME
2016-06,HMSY
2016-06,HNI
2016-06,HNT
2016-06,HOLX
2016-06,HPT
2016-06,HRC
2016-06,HSC
2016-06,HSNI
2016-06,HUB.B
2016-06,HYH
2016-06,IBOC
2016-06,IDA
2016-06,IDCC
2016-06,IDTI
2016-06,IDXX
2016-06,IEX
2016-06,IM
2016-06,INFA
2016-06,INGR
2016-06,INT
2016-06,IPGP
2016-06,ISCA
2016-06,ISIL
2016-06,IT
2016-06,ITRI
2016-06,ITT
2016-06,JAH
2016-06,JBHT
2016-06,JBL
2016-06,JBLU
2016-06,JCP
2016-06,JDSU
2016-06,JKHY
2016-06,JLL
2016-06,JNS
2016-06,JW.A
2016-06,KATE
2016-06,KBH
2016-06,KBR
2016-06,KEX
2016-06,KEYS
2016-06,KLXI
2016-06,KMPR
2016-06,KMT
2016-06,KN
2016-06,KRC
2016-06,LAMR
2016-06,LANC
2016-06,LDOS
2016-06,LECO
2016-06,LHO
2016-06,LII
2016-06,LKQ
2016-06,LNT
2016-06,LPNT
2016-06,LPT
2016-06,LPX
2016-06,LSTR
2016-06,LXK
2016-06,LYV
2016-06,MAA
2016-06,MAN
2016-06,MANH
2016-06,MCY
2016-06,MD
2016-06,MDC
2016-06,MDP
2016-06,MDRX
2016-06,MDU
2016-06,MENT
2016-06,MLHR
2016-06,MMS
2016-06,MSA
2016-06,MSCC
2016-06,MSCI
2016-06,MSM
2016-06,MTD
2016-06,MTX
2016-06,MUSA
2016-06,NATI
2016-06,NBR
2016-06,NCR
2016-06,NDSN
2016-06,NEU
2016-06,NFG
2016-06,NNN
2016-06,NSR
2016-06,NVR
2016-06,NYCB
2016-06,NYT
2016-06,OA
2016-06,OCR
2016-06,ODFL
2016-06,ODP
2016-06,OFC
2016-06,OGE
2016-06,OGS
2016-06,OHI
2016-06,OII
2016-06,OIS
2016-06,OLN
2016-06,OMI
2016-06,ORI
2016-06,OSK
2016-06,OZRK
2016-06,PACW
2016-06,PAY
2016-06,PB
2016-06,PCH
2016-06,PII
2016-06,PKG
2016-06,PLCM
2016-06,PLT
2016-06,PNM
2016-06,PNRA
2016-06,POL
2016-06,POST
2016-06,PPL
2016-06,PRI
2016-06,PTC
2016-06,PTEN
2016-06,RAX
2016-06,RBC
2016-06,RCII
2016-06,RDC
2016-06,RE
2016-06,REG
2016-06,RGA
2016-06,RGLD
2016-06,RJF
2016-06,RKT
2016-06,RMD
2016-06,RNR
2016-06,ROL
2016-06,ROSE
2016-06,ROVI
2016-06,RPM
2016-06,RRD
2016-06,RS
2016-06,RYN
2016-06,SAIC
2016-06,SAM
2016-06,SBNY
2016-06,SCI
2016-06,SEIC
2016-06,SF
2016-06,SFG
2016-06,SIG
2016-06,SIRO
2016-06,SIVB
2016-06,SKT
2016-06,SLAB
2016-06,SLGN
2016-06,SLH
2016-06,SLM
2016-06,SM
2016-06,SMG
2016-06,SMTC
2016-06,SNH
2016-06,SNPS
2016-06,SNV
2016-06,SON
2016-06,SPN
2016-06,SPXC
2016-06,STE
2016-06,STLD
2016-06,STR
2016-06,SUNE
2016-06,SVU
2016-06,SWI
2016-06,SXT
2016-06,TCB
2016-06,TCO
2016-06,TDS
2016-06,TDW
2016-06,TDY
2016-06,TECD
2016-06,TECH
2016-06,TER
2016-06,TEX
2016-06,TFX
2016-06,TGI
2016-06,THG
2016-06,THO
2016-06,THOR
2016-06,THS
2016-06,TIME
2016-06,TKR
2016-06,TLN
2016-06,TMST
2016-06,TOL
2016-06,TPX
2016-06,TR
2016-06,TRMB
2016-06,TRMK
2016-06,TRN
2016-06,TUP
2016-06,TW
2016-06,TYL
2016-06,UDR
2016-06,UE
2016-06,UFS
2016-06,UGI
2016-06,ULTI
2016-06,UMPQ
2016-06,UNFI
2016-06,UNT
2016-06,UTHR
2016-06,VAL
2016-06,VLY
2016-06,VMI
2016-06,VRX
2016-06,VSH
2016-06,VSTO
2016-06,VVC
2016-06,WAB
2016-06,WAFD
2016-06,WBS
2016-06,WCG
2016-06,WCN
2016-06,WDR
2016-06,WEN
2016-06,WERN
2016-06,WETF
2016-06,WEX
2016-06,WGL
2016-06,WNR
2016-06,WOOF
2016-06,WOR
2016-06,WPG
2016-06,WPX
2016-06,WR
2016-06,WRB
2016-06,WRI
2016-06,WSM
2016-06,WSO
2016-06,WTR
2016-06,WWAV
2016-06,WWD
2016-06,X
2016-06,Y
2016-06,ZBRA
2016-07,AAN
2016-07,AAP
2016-07,ACC
2016-07,ACIW
2016-07,ACM
2016-07,ACXM
2016-07,ADVS
2016-07,AEO
2016-07,AFG
2016-07,AGCO
2016-07,AHL
2016-07,AJG
2016-07,AKRX
2016-07,ALB
2016-07,ALEX
2016-07,ALGN
2016-07,ALK
2016-07,AMCX
2016-07,AMD
2016-07,ANF
2016-07,ANN
2016-07,ANSS
2016-07,AOL
2016-07,AOS
2016-07,APOL
2016-07,ARE
2016-07,ARRS
2016-07,ARW
2016-07,ASB
2016-07,ASH
2016-07,ASNA
2016-07,ATML
2016-07,ATO
2016-07,ATR
2016-07,AVP
2016-07,AVT
2016-07,AYI
2016-07,BC
2016-07,BDC
2016-07,BEAV
2016-07,BID
2016-07,BIG
2016-07,BIO
2016-07,BKH
2016-07,BMR
2016-07,BMS
2016-07,BOH
2016-07,BR
2016-07,BRO
2016-07,BTU
2016-07,BWLD
2016-07,BXS
2016-07,CAB
2016-07,CAKE
2016-07,CATY
2016-07,CBOE
2016-07,CBSH
2016-07,CBT
2016-07,CDK
2016-07,CDNS
2016-07,CEB
2016-07,CFR
2016-07,CGNX
2016-07,CHD
2016-07,CHS
2016-07,CIEN
2016-07,CLC
2016-07,CLGX
2016-07,CLH
2016-07,CLI
2016-07,CMC
2016-07,CMP
2016-07,CNC
2016-07,CNK
2016-07,CNL
2016-07,CNO
2016-07,CNW
2016-07,COO
2016-07,CPRT
2016-07,CPT
2016-07,CR
2016-07,CRC
2016-07,CREE
2016-07,CRI
2016-07,CRL
2016-07,CRS
2016-07,CSAL
2016-07,CSL
2016-07,CST
2016-07,CVG
2016-07,CVLT
2016-07,CXW
2016-07,CY
2016-07,CYH
2016-07,CYN
2016-07,CYT
2016-07,DAN
2016-07,DBD
2016-07,DCI
2016-07,DDD
2016-07,DECK
2016-07,DEI
2016-07,DF
2016-07,DKS
2016-07,DLX
2016-07,DNKN
2016-07,DNOW
2016-07,DNR
2016-07,DPZ
2016-07,DRC
2016-07,DRE
2016-07,DRQ
2016-07,DST
2016-07,DV
2016-07,DWA
2016-07,EAT
2016-07,EGN
2016-07,ENR
2016-07,EQY
2016-07,ESL
2016-07,EV
2016-07,EWBC
2016-07,EXP
2016-07,EXR
2016-07,FAF
2016-07,FBHS
2016-07,FCN
2016-07,FCS
2016-07,FDS
2016-07,FEIC
2016-07,FHN
2016-07,FICO
2016-07,FII
2016-07,FL
2016-07,FLO
2016-07,FMER
2016-07,FNFG
2016-07,FRT
2016-07,FTNT
2016-07,FULT
2016-07,GEF
2016-07,GES
2016-07,GGG
2016-07,GHC
2016-07,GMT
2016-07,GNTX
2016-07,GPN
2016-07,GPOR
2016-07,GVA
2016-07,GWR
2016-07,GXP
2016-07,HAIN
2016-07,HAR
2016-07,HBHC
2016-07,HCC
2016-07,HE
2016-07,HFC
2016-07,HII
2016-07,HIW
2016-07,HLX
2016-07,HME
2016-07,HMSY
2016-07,HNI
2016-07,HNT
2016-07,HOLX
2016-07,HPT
2016-07,HRC
2016-07,HSC
2016-07,HSNI
2016-07,HUB.B
2016-07,HYH
2016-07,IBOC
2016-07,IDA
2016-07,IDCC
2016-07,IDTI
2016-07,IDXX
2016-07,IEX
2016-07,IM
2016-07,INFA
2016-07,INGR
2016-07,INT
2016-07,IPGP
2016-07,ISCA
2016-07,ISIL
2016-07,IT
2016-07,ITRI
2016-07,ITT
2016-07,JAH
2016-07,JBHT
2016-07,JBL
2016-07,JBLU
2016-07,JCP
2016-07,JDSU
2016-07,JKHY
2016-07,JLL
2016-07,JNS
2016-07,JW.A
2016-07,KATE
2016-07,KBH
2016-07,KBR
2016-07,KEX
2016-07,KEYS
2016-07,KLXI
2016-07,KMPR
2016-07,KMT
2016-07,KN
2016-07,KRC
2016-07,LAMR
2016-07,LANC
2016-07,LDOS
2016-07,LECO
2016-07,LHO
2016-07,LII
2016-07,LKQ
2016-07,LNT
2016-07,LPNT
2016-07,LPT
2016-07,LPX
2016-07,LSTR
2016-07,LXK
2016-07,LYV
2016-07,MAA
2016-07,MAN
2016-07,MANH
2016-07,MCY
2016-07,MD
2016-07,MDC
2016-07,MDP
2016-07,MDRX
2016-07,MDU
2016-07,MENT
2016-07,MLHR
2016-07,MMS
2016-07,MSA
2016-07,MSCC
2016-07,MSCI
2016-07,MSM
2016-07,MTD
2016-07,MTX
2016-07,MUSA
2016-07,NATI
2016-07,NBR
2016-07,NCR
2016-07,NDSN
2016-07,NEU
2016-07,NFG
2016-07,NNN
2016-07,NSR
2016-07,NVR
2016-07,NYCB
2016-07,NYT
2016-07,OA
2016-07,OCR
2016-07,ODFL
2016-07,ODP
2016-07,OFC
2016-07,OGE
2016-07,OGS
2016-07,OHI
2016-07,OII
2016-07,OIS
2016-07,OLN
2016-07,OMI
2016-07,ORI
2016-07,OSK
2016-07,OZRK
2016-07,PACW
2016-07,PAY
2016-07,PB
2016-07,PCH
2016-07,PII
2016-07,PKG
2016-07,PLCM
2016-07,PLT
2016-07,PNM
2016-07,PNRA
2016-07,POL
2016-07,POST
2016-07,PPL
2016-07,PRI
2016-07,PTC
2016-07,PTEN
2016-07,RAX
2016-07,RBC
2016-07,RCII
2016-07,RDC
2016-07,RE
2016-07,REG
2016-07,RGA
2016-07,RGLD
2016-07,RJF
2016-07,RKT
2016-07,RMD
2016-07,RNR
2016-07,ROL
2016-07,ROSE
2016-07,ROVI
2016-07,RPM
2016-07,RRD
2016-07,RS
2016-07,RYN
2016-07,SAIC
2016-07,SAM
2016-07,SBNY
2016-07,SCI
2016-07,SEIC
2016-07,SF
2016-07,SFG
2016-07,SIG
2016-07,SIRO
2016-07,SIVB
2016-07,SKT
2016-07,SLAB
2016-07,SLGN
2016-07,SLH
2016-07,SLM
2016-07,SM
2016-07,SMG
2016-07,SMTC
2016-07,SNH
2016-07,SNPS
2016-07,SNV
2016-07,SON
2016-07,SPN
2016-07,SPXC
2016-07,STE
2016-07,STLD
2016-07,STR
2016-07,SUNE
2016-07,SVU
2016-07,SWI
2016-07,SXT
2016-07,TCB
2016-07,TCO
2016-07,TDS
2016-07,TDW
2016-07,TDY
2016-07,TECD
2016-07,TECH
2016-07,TER
2016-07,TEX
2016-07,TFX
2016-07,TGI
2016-07,THG
2016-07,THO
2016-07,THOR
2016-07,THS
2016-07,TIME
2016-07,TKR
2016-07,TLN
2016-07,TMST
2016-07,TOL
2016-07,TPX
2016-07,TR
2016-07,TRMB
2016-07,TRMK
2016-07,TRN
2016-07,TUP
2016-07,TW
2016-07,TYL
2016-07,UDR
2016-07,UE
2016-07,UFS
2016-07,UGI
2016-07,ULTI
2016-07,UMPQ
2016-07,UNFI
2016-07,UNT
2016-07,UTHR
2016-07,VAL
2016-07,VLY
2016-07,VMI
2016-07,VRX
2016-07,VSH
2016-07,VSTO
2016-07,VVC
2016-07,WAB
2016-07,WAFD
2016-07,WBS
2016-07,WCG
2016-07,WCN
2016-07,WDR
2016-07,WEN
2016-07,WERN
2016-07,WETF
2016-07,WEX
2016-07,WGL
2016-07,WNR
2016-07,WOOF
2016-07,WOR
2016-07,WPG
2016-07,WPX
2016-07,WR
2016-07,WRB
2016-07,WRI
2016-07,WSM
2016-07,WSO
2016-07,WTR
2016-07,WWAV
2016-07,WWD
2016-07,X
2016-07,Y
2016-07,ZBRA
2016-08,AAN
2016-08,AAP
2016-08,ACC
2016-08,ACIW
2016-08,ACM
2016-08,ACXM
2016-08,ADVS
2016-08,AEO
2016-08,AFG
2016-08,AGCO
2016-08,AHL
2016-08,AJG
2016-08,AKRX
2016-08,ALB
2016-08,ALEX
2016-08,ALGN
2016-08,ALK
2016-08,AMCX
2016-08,AMD
2016-08,ANF
2016-08,ANN
2016-08,ANSS
2016-08,AOL
2016-08,AOS
2016-08,APOL
2016-08,ARE
2016-08,ARRS
2016-08,ARW
2016-08,ASB
2016-08,ASH
2016-08,ASNA
2016-08,ATML
2016-08,ATO
2016-08,ATR
2016-08,AVP
2016-08,AVT
2016-08,AYI
2016-08,BC
2016-08,BDC
2016-08,BEAV
2016-08,BID
2016-08,BIG
2016-08,BIO
2016-08,BKH
2016-08,BMR
2016-08,BMS
2016-08,BOH
2016-08,BR
2016-08,BRO
2016-08,BTU
2016-08,BWLD
2016-08,BXS
2016-08,CAB
2016-08,CAKE
2016-08,CATY
2016-08,CBOE
2016-08,CBSH
2016-08,CBT
2016-08,CDK
2016-08,CDNS
2016-08,CEB
2016-08,CFR
2016-08,CGNX
2016-08,CHD
2016-08,CHS
2016-08,CIEN
2016-08,CLC
2016-08,CLGX
2016-08,CLH
2016-08,CLI
2016-08,CMC
2016-08,CMP
2016-08,CNC
2016-08,CNK
2016-08,CNL
2016-08,CNO
2016-08,CNW
2016-08,COO
2016-08,CPRT
2016-08,CPT
2016-08,CR
2016-08,CRC
2016-08,CREE
2016-08,CRI
2016-08,CRL
2016-08,CRS
2016-08,CSAL
2016-08,CSL
2016-08,CST
2016-08,CVG
2016-08,CVLT
2016-08,CXW
2016-08,CY
2016-08,CYH
2016-08,CYN
2016-08,CYT
2016-08,DAN
2016-08,DBD
2016-08,DCI
2016-08,DDD
2016-08,DECK
2016-08,DEI
2016-08,DF
2016-08,DKS
2016-08,DLX
2016-08,DNKN
2016-08,DNOW
2016-08,DNR
2016-08,DPZ
2016-08,DRC
2016-08,DRE
2016-08,DRQ
2016-08,DST
2016-08,DV
2016-08,DWA
2016-08,EAT
2016-08,EGN
2016-08,ENR
2016-08,EQY
2016-08,ESL
2016-08,EV
2016-08,EWBC
2016-08,EXP
2016-08,EXR
2016-08,FAF
2016-08,FBHS
2016-08,FCN
2016-08,FCS
2016-08,FDS
2016-08,FEIC
2016-08,FHN
2016-08,FICO
2016-08,FII
2016-08,FL
2016-08,FLO
2016-08,FMER
2016-08,FRT
2016-08,FTNT
2016-08,FULT
2016-08,GEF
2016-08,GES
2016-08,GGG
2016-08,GHC
2016-08,GMT
2016-08,GNTX
2016-08,GPN
2016-08,GPOR
2016-08,GVA
2016-08,GWR
2016-08,GXP
2016-08,HAIN
2016-08,HAR
2016-08,HBHC
2016-08,HCC
2016-08,HE
2016-08,HFC
2016-08,HII
2016-08,HIW
2016-08,HLX
2016-08,HME
2016-08,HMSY
2016-08,HNI
2016-08,HNT
2016-08,HOLX
2016-08,HPT
2016-08,HRC
2016-08,HSC
2016-08,HSNI
2016-08,HUB.B
2016-08,HYH
2016-08,IBOC
2016-08,IDA
2016-08,IDCC
2016-08,IDTI
2016-08,IDXX
2016-08,IEX
2016-08,IM
2016-08,INFA
2016-08,INGR
2016-08,INT
2016-08,IPGP
2016-08,ISCA
2016-08,ISIL
2016-08,IT
2016-08,ITRI
2016-08,ITT
2016-08,JAH
2016-08,JBHT
2016-08,JBL
2016-08,JBLU
2016-08,JCP
2016-08,JDSU
2016-08,JKHY
2016-08,JLL
2016-08,JNS
2016-08,JW.A
2016-08,KATE
2016-08,KBH
2016-08,KBR
2016-08,KEX
2016-08,KEYS
2016-08,KLXI
2016-08,KMPR
2016-08,KMT
2016-08,KN
2016-08,KRC
2016-08,LAMR
2016-08,LANC
2016-08,LDOS
2016-08,LECO
2016-08,LHO
2016-08,LII
2016-08,LKQ
2016-08,LNT
2016-08,LPNT
2016-08,LPT
2016-08,LPX
2016-08,LSTR
2016-08,LXK
2016-08,LYV
2016-08,MAA
2016-08,MAN
2016-08,MANH
2016-08,MBFI
2016-08,MCY
2016-08,MD
2016-08,MDC
2016-08,MDP
2016-08,MDRX
2016-08,MDU
2016-08,MENT
2016-08,MLHR
2016-08,MMS
2016-08,MSA
2016-08,MSCC
2016-08,MSCI
2016-08,MSM
2016-08,MTD
2016-08,MTX
2016-08,MUSA
2016-08,NATI
2016-08,NBR
2016-08,NCR
2016-08,NDSN
2016-08,NEU
2016-08,NFG
2016-08,NNN
2016-08,NSR
2016-08,NVR
2016-08,NYCB
2016-08,NYT
2016-08,OA
2016-08,OCR
2016-08,ODFL
2016-08,ODP
2016-08,OFC
2016-08,OGE
2016-08,OGS
2016-08,OHI
2016-08,OII
2016-08,OIS
2016-08,OLN
2016-08,OMI
2016-08,ORI
2016-08,OSK
2016-08,OZRK
2016-08,PACW
2016-08,PAY
2016-08,PB
2016-08,PCH
2016-08,PII
2016-08,PKG
2016-08,PLCM
2016-08,PLT
2016-08,PNM
2016-08,PNRA
2016-08,POL
2016-08,POST
2016-08,PPL
2016-08,PRI
2016-08,PTC
2016-08,PTEN
2016-08,RAX
2016-08,RBC
2016-08,RCII
2016-08,RDC
2016-08,RE
2016-08,REG
2016-08,RGA
2016-08,RGLD
2016-08,RJF
2016-08,RKT
2016-08,RMD
2016-08,RNR
2016-08,ROL
2016-08,ROSE
2016-08,ROVI
2016-08,RPM
2016-08,RRD
2016-08,RS
2016-08,RYN
2016-08,SAIC
2016-08,SAM
2016-08,SBNY
2016-08,SCI
2016-08,SEIC
2016-08,SF
2016-08,SFG
2016-08,SIG
2016-08,SIRO
2016-08,SIVB
2016-08,SKT
2016-08,SLAB
2016-08,SLGN
2016-08,SLH
2016-08,SLM
2016-08,SM
2016-08,SMG
2016-08,SMTC
2016-08,SNH
2016-08,SNPS
2016-08,SNV
2016-08,SON
2016-08,SPN
2016-08,SPXC
2016-08,STE
2016-08,STLD
2016-08,STR
2016-08,SUNE
2016-08,SVU
2016-08,SWI
2016-08,SXT
2016-08,TCB
2016-08,TCO
2016-08,TDS
2016-08,TDW
2016-08,TDY
2016-08,TECD
2016-08,TECH
2016-08,TER
2016-08,TEX
2016-08,TFX
2016-08,TGI
2016-08,THG
2016-08,THO
2016-08,THOR
2016-08,THS
2016-08,TIME
2016-08,TKR
2016-08,TLN
2016-08,TMST
2016-08,TOL
2016-08,TPX
2016-08,TR
2016-08,TRMB
2016-08,TRMK
2016-08,TRN
2016-08,TUP
2016-08,TW
2016-08,TYL
2016-08,UDR
2016-08,UE
2016-08,UFS
2016-08,UGI
2016-08,ULTI
2016-08,UMPQ
2016-08,UNFI
2016-08,UNT
2016-08,UTHR
2016-08,VAL
2016-08,VLY
2016-08,VMI
2016-08,VRX
2016-08,VSH
2016-08,VSTO
2016-08,VVC
2016-08,WAB
2016-08,WAFD
2016-08,WBS
2016-08,WCG
2016-08,WCN
2016-08,WDR
2016-08,WEN
2016-08,WERN
2016-08,WETF
2016-08,WEX
2016-08,WGL
2016-08,WNR
2016-08,WOOF
2016-08,WOR
2016-08,WPG
2016-08,WPX
2016-08,WR
2016-08,WRB
2016-08,WRI
2016-08,WSM
2016-08,WSO
2016-08,WTR
2016-08,WWAV
2016-08,WWD
2016-08,X
2016-08,Y
2016-08,ZBRA
2016-09,AAN
2016-09,AAP
2016-09,ACC
2016-09,ACIW
2016-09,ACM
2016-09,ACXM
2016-09,ADVS
2016-09,AEO
2016-09,AFG
2016-09,AGCO
2016-09,AHL
2016-09,AJG
2016-09,AKRX
2016-09,ALB
2016-09,ALEX
2016-09,ALGN
2016-09,ALK
2016-09,AMCX
2016-09,AMD
2016-09,ANF
2016-09,ANN
2016-09,ANSS
2016-09,AOL
2016-09,AOS
2016-09,APOL
2016-09,ARE
2016-09,ARRS
2016-09,ARW
2016-09,ASB
2016-09,ASH
2016-09,ASNA
2016-09,ATML
2016-09,ATO
2016-09,ATR
2016-09,AVP
2016-09,AVT
2016-09,AYI
2016-09,BC
2016-09,BDC
2016-09,BEAV
2016-09,BID
2016-09,BIG
2016-09,BIO
2016-09,BKH
2016-09,BMR
2016-09,BMS
2016-09,BOH
2016-09,BR
2016-09,BRO
2016-09,BTU
2016-09,BWLD
2016-09,BXS
2016-09,CAB
2016-09,CAKE
2016-09,CATY
2016-09,CBOE
2016-09,CBSH
2016-09,CBT
2016-09,CDK
2016-09,CDNS
2016-09,CEB
2016-09,CFR
2016-09,CGNX
2016-09,CHD
2016-09,CHS
2016-09,CIEN
2016-09,CLC
2016-09,CLGX
2016-09,CLH
2016-09,CLI
2016-09,CMC
2016-09,CMP
2016-09,CNC
2016-09,CNK
2016-09,CNL
2016-09,CNO
2016-09,CNW
2016-09,COO
2016-09,CPRT
2016-09,CPT
2016-09,CR
2016-09,CRC
2016-09,CREE
2016-09,CRI
2016-09,CRL
2016-09,CRS
2016-09,CSAL
2016-09,CSL
2016-09,CST
2016-09,CVG
2016-09,CVLT
2016-09,CXW
2016-09,CY
2016-09,CYH
2016-09,CYN
2016-09,CYT
2016-09,DAN
2016-09,DBD
2016-09,DCI
2016-09,DDD
2016-09,DECK
2016-09,DEI
2016-09,DF
2016-09,DKS
2016-09,DLX
2016-09,DNKN
2016-09,DNOW
2016-09,DNR
2016-09,DPZ
2016-09,DRC
2016-09,DRE
2016-09,DRQ
2016-09,DST
2016-09,DV
2016-09,DWA
2016-09,EAT
2016-09,EGN
2016-09,ENR
2016-09,EQY
2016-09,ESL
2016-09,EV
2016-09,EWBC
2016-09,EXP
2016-09,EXR
2016-09,FAF
2016-09,FBHS
2016-09,FCN
2016-09,FCS
2016-09,FDS
2016-09,FEIC
2016-09,FHN
2016-09,FICO
2016-09,FII
2016-09,FL
2016-09,FLO
2016-09,FMER
2016-09,FRT
2016-09,FTNT
2016-09,FULT
2016-09,GEF
2016-09,GES
2016-09,GGG
2016-09,GHC
2016-09,GMT
2016-09,GNTX
2016-09,GPN
2016-09,GPOR
2016-09,GVA
2016-09,GWR
2016-09,GXP
2016-09,HAIN
2016-09,HAR
2016-09,HBHC
2016-09,HCC
2016-09,HE
2016-09,HFC
2016-09,HII
2016-09,HIW
2016-09,HLX
2016-09,HME
2016-09,HMSY
2016-09,HNI
2016-09,HNT
2016-09,HOLX
2016-09,HPT
2016-09,HRC
2016-09,HSC
2016-09,HSNI
2016-09,HUB.B
2016-09,HYH
2016-09,IBOC
2016-09,IDA
2016-09,IDCC
2016-09,IDTI
2016-09,IDXX
2016-09,IEX
2016-09,IM
2016-09,INFA
2016-09,INGR
2016-09,INT
2016-09,IPGP
2016-09,ISCA
2016-09,ISIL
2016-09,IT
2016-09,ITRI
2016-09,ITT
2016-09,JAH
2016-09,JBHT
2016-09,JBL
2016-09,JBLU
2016-09,JCP
2016-09,JDSU
2016-09,JKHY
2016-09,JLL
2016-09,JNS
2016-09,JW.A
2016-09,KATE
2016-09,KBH
2016-09,KBR
2016-09,KEX
2016-09,KEYS
2016-09,KLXI
2016-09,KMPR
2016-09,KMT
2016-09,KN
2016-09,KRC
2016-09,LAMR
2016-09,LANC
2016-09,LDOS
2016-09,LECO
2016-09,LHO
2016-09,LII
2016-09,LKQ
2016-09,LNT
2016-09,LPNT
2016-09,LPT
2016-09,LPX
2016-09,LSTR
2016-09,LXK
2016-09,LYV
2016-09,MAA
2016-09,MAN
2016-09,MANH
2016-09,MBFI
2016-09,MCY
2016-09,MD
2016-09,MDC
2016-09,MDP
2016-09,MDRX
2016-09,MDU
2016-09,MENT
2016-09,MLHR
2016-09,MMS
2016-09,MSA
2016-09,MSCC
2016-09,MSCI
2016-09,MSM
2016-09,MTD
2016-09,MTX
2016-09,MUSA
2016-09,NATI
2016-09,NBR
2016-09,NCR
2016-09,NDSN
2016-09,NEU
2016-09,NFG
2016-09,NNN
2016-09,NSR
2016-09,NVR
2016-09,NYCB
2016-09,NYT
2016-09,OA
2016-09,OCR
2016-09,ODFL
2016-09,ODP
2016-09,OFC
2016-09,OGE
2016-09,OGS
2016-09,OHI
2016-09,OII
2016-09,OIS
2016-09,OLN
2016-09,OMI
2016-09,ORI
2016-09,OSK
2016-09,OZRK
2016-09,PACW
2016-09,PAY
2016-09,PB
2016-09,PCH
2016-09,PII
2016-09,PKG
2016-09,PLCM
2016-09,PLT
2016-09,PNM
2016-09,PNRA
2016-09,POL
2016-09,POST
2016-09,PPL
2016-09,PRI
2016-09,PTC
2016-09,PTEN
2016-09,RAX
2016-09,RBC
2016-09,RCII
2016-09,RDC
2016-09,RE
2016-09,REG
2016-09,RGA
2016-09,RGLD
2016-09,RJF
2016-09,RKT
2016-09,RMD
2016-09,RNR
2016-09,ROL
2016-09,ROSE
2016-09,ROVI
2016-09,RPM
2016-09,RRD
2016-09,RS
2016-09,RYN
2016-09,SAIC
2016-09,SAM
2016-09,SBNY
2016-09,SCI
2016-09,SEIC
2016-09,SF
2016-09,SFG
2016-09,SIG
2016-09,SIRO
2016-09,SIVB
2016-09,SKT
2016-09,SLAB
2016-09,SLGN
2016-09,SLH
2016-09,SLM
2016-09,SM
2016-09,SMG
2016-09,SMTC
2016-09,SNH
2016-09,SNPS
2016-09,SNV
2016-09,SON
2016-09,SPN
2016-09,SPXC
2016-09,STE
2016-09,STLD
2016-09,STR
2016-09,SUNE
2016-09,SVU
2016-09,SWI
2016-09,SXT
2016-09,TCB
2016-09,TCO
2016-09,TDS
2016-09,TDW
2016-09,TDY
2016-09,TECD
2016-09,TECH
2016-09,TER
2016-09,TEX
2016-09,TFX
2016-09,TGI
2016-09,THG
2016-09,THO
2016-09,THOR
2016-09,THS
2016-09,TIME
2016-09,TKR
2016-09,TLN
2016-09,TMST
2016-09,TOL
2016-09,TPX
2016-09,TR
2016-09,TRMB
2016-09,TRMK
2016-09,TRN
2016-09,TUP
2016-09,TW
2016-09,TYL
2016-09,UDR
2016-09,UE
2016-09,UFS
2016-09,UGI
2016-09,ULTI
2016-09,UMPQ
2016-09,UNFI
2016-09,UNT
2016-09,UTHR
2016-09,VAL
2016-09,VLY
2016-09,VMI
2016-09,VRX
2016-09,VSH
2016-09,VSTO
2016-09,VVC
2016-09,WAB
2016-09,WAFD
2016-09,WBS
2016-09,WCG
2016-09,WCN
2016-09,WDR
2016-09,WEN
2016-09,WERN
2016-09,WETF
2016-09,WEX
2016-09,WGL
2016-09,WNR
2016-09,WOOF
2016-09,WOR
2016-09,WPG
2016-09,WPX
2016-09,WR
2016-09,WRB
2016-09,WRI
2016-09,WSM
2016-09,WSO
2016-09,WTR
2016-09,WWAV
2016-09,WWD
2016-09,X
2016-09,Y
2016-09,ZBRA
2016-10,AAN
2016-10,AAP
2016-10,ACC
2016-10,ACIW
2016-10,ACM
2016-10,ACXM
2016-10,ADVS
2016-10,AEO
2016-10,AFG
2016-10,AGCO
2016-10,AHL
2016-10,AJG
2016-10,AKRX
2016-10,ALB
2016-10,ALEX
2016-10,ALGN
2016-10,ALK
2016-10,AMCX
2016-10,AMD
2016-10,ANF
2016-10,ANN
2016-10,ANSS
2016-10,AOL
2016-10,AOS
2016-10,APOL
2016-10,ARE
2016-10,ARRS
2016-10,ARW
2016-10,ASB
2016-10,ASH
2016-10,ASNA
2016-10,ATML
2016-10,ATO
2016-10,ATR
2016-10,AVP
2016-10,AVT
2016-10,AYI
2016-10,BC
2016-10,BDC
2016-10,BEAV
2016-10,BID
2016-10,BIG
2016-10,BIO
2016-10,BKH
2016-10,BMR
2016-10,BMS
2016-10,BOH
2016-10,BR
2016-10,BRO
2016-10,BTU
2016-10,BWLD
2016-10,BXS
2016-10,CAB
2016-10,CAKE
2016-10,CATY
2016-10,CBOE
2016-10,CBSH
2016-10,CBT
2016-10,CDK
2016-10,CDNS
2016-10,CEB
2016-10,CFR
2016-10,CGNX
2016-10,CHD
2016-10,CHS
2016-10,CIEN
2016-10,CLC
2016-10,CLGX
2016-10,CLH
2016-10,CLI
2016-10,CMC
2016-10,CMP
2016-10,CNC
2016-10,CNK
2016-10,CNL
2016-10,CNO
2016-10,CNW
2016-10,COO
2016-10,CPRT
2016-10,CPT
2016-10,CR
2016-10,CRC
2016-10,CREE
2016-10,CRI
2016-10,CRL
2016-10,CRS
2016-10,CSAL
2016-10,CSL
2016-10,CST
2016-10,CVG
2016-10,CVLT
2016-10,CXW
2016-10,CY
2016-10,CYH
2016-10,CYN
2016-10,CYT
2016-10,DAN
2016-10,DBD
2016-10,DCI
2016-10,DDD
2016-10,DECK
2016-10,DEI
2016-10,DF
2016-10,DKS
2016-10,DLX
2016-10,DNKN
2016-10,DNOW
2016-10,DNR
2016-10,DPZ
2016-10,DRC
2016-10,DRE
2016-10,DRQ
2016-10,DST
2016-10,DV
2016-10,DWA
2016-10,EAT
2016-10,EGN
2016-10,ENR
2016-10,EQY
2016-10,ESL
2016-10,EV
2016-10,EWBC
2016-10,EXP
2016-10,EXR
2016-10,FAF
2016-10,FBHS
2016-10,FCN
2016-10,FCS
2016-10,FDS
2016-10,FEIC
2016-10,FHN
2016-10,FICO
2016-10,FII
2016-10,FL
2016-10,FLO
2016-10,FMER
2016-10,FRT
2016-10,FTNT
2016-10,FULT
2016-10,GEF
2016-10,GES
2016-10,GGG
2016-10,GHC
2016-10,GMT
2016-10,GNTX
2016-10,GPN
2016-10,GPOR
2016-10,GVA
2016-10,GWR
2016-10,GXP
2016-10,HAIN
2016-10,HAR
2016-10,HBHC
2016-10,HCC
2016-10,HE
2016-10,HFC
2016-10,HII
2016-10,HIW
2016-10,HLX
2016-10,HME
2016-10,HMSY
2016-10,HNI
2016-10,HNT
2016-10,HOLX
2016-10,HPT
2016-10,HRC
2016-10,HSC
2016-10,HSNI
2016-10,HUB.B
2016-10,HYH
2016-10,IBOC
2016-10,IDA
2016-10,IDCC
2016-10,IDTI
2016-10,IDXX
2016-10,IEX
2016-10,IM
2016-10,INFA
2016-10,INGR
2016-10,INT
2016-10,IPGP
2016-10,ISCA
2016-10,ISIL
2016-10,IT
2016-10,ITRI
2016-10,ITT
2016-10,JAH
2016-10,JBHT
2016-10,JBL
2016-10,JBLU
2016-10,JCP
2016-10,JDSU
2016-10,JKHY
2016-10,JLL
2016-10,JNS
2016-10,JW.A
2016-10,KATE
2016-10,KBH
2016-10,KBR
2016-10,KEX
2016-10,KEYS
2016-10,KLXI
2016-10,KMPR
2016-10,KMT
2016-10,KN
2016-10,KRC
2016-10,LAMR
2016-10,LANC
2016-10,LDOS
2016-10,LECO
2016-10,LHO
2016-10,LII
2016-10,LKQ
2016-10,LNT
2016-10,LPNT
2016-10,LPT
2016-10,LPX
2016-10,LSTR
2016-10,LXK
2016-10,LYV
2016-10,MAA
2016-10,MAN
2016-10,MANH
2016-10,MBFI
2016-10,MCY
2016-10,MD
2016-10,MDC
2016-10,MDP
2016-10,MDRX
2016-10,MDU
2016-10,MENT
2016-10,MLHR
2016-10,MMS
2016-10,MSA
2016-10,MSCC
2016-10,MSCI
2016-10,MSM
2016-10,MTD
2016-10,MTX
2016-10,MUSA
2016-10,NATI
2016-10,NBR
2016-10,NCR
2016-10,NDSN
2016-10,NEU
2016-10,NFG
2016-10,NNN
2016-10,NSR
2016-10,NVR
2016-10,NYCB
2016-10,NYT
2016-10,OA
2016-10,OCR
2016-10,ODFL
2016-10,ODP
2016-10,OFC
2016-10,OGE
2016-10,OGS
2016-10,OHI
2016-10,OII
2016-10,OIS
2016-10,OLN
2016-10,OMI
2016-10,ORI
2016-10,OSK
2016-10,OZRK
2016-10,PACW
2016-10,PAY
2016-10,PB
2016-10,PCH
2016-10,PII
2016-10,PKG
2016-10,PLCM
2016-10,PLT
2016-10,PNM
2016-10,PNRA
2016-10,POL
2016-10,POST
2016-10,PPL
2016-10,PRI
2016-10,PTC
2016-10,PTEN
2016-10,RAX
2016-10,RBC
2016-10,RCII
2016-10,RDC
2016-10,RE
2016-10,REG
2016-10,RGA
2016-10,RGLD
2016-10,RJF
2016-10,RKT
2016-10,RMD
2016-10,RNR
2016-10,ROL
2016-10,ROSE
2016-10,ROVI
2016-10,RPM
2016-10,RRD
2016-10,RS
2016-10,RYN
2016-10,SAIC
2016-10,SAM
2016-10,SBNY
2016-10,SCI
2016-10,SEIC
2016-10,SF
2016-10,SFG
2016-10,SIG
2016-10,SIRO
2016-10,SIVB
2016-10,SKT
2016-10,SLAB
2016-10,SLGN
2016-10,SLH
2016-10,SLM
2016-10,SM
2016-10,SMG
2016-10,SMTC
2016-10,SNH
2016-10,SNPS
2016-10,SNV
2016-10,SON
2016-10,SPN
2016-10,SPXC
2016-10,STE
2016-10,STLD
2016-10,STR
2016-10,SUNE
2016-10,SVU
2016-10,SWI
2016-10,SXT
2016-10,TCB
2016-10,TCO
2016-10,TDS
2016-10,TDW
2016-10,TDY
2016-10,TECD
2016-10,TECH
2016-10,TER
2016-10,TEX
2016-10,TFX
2016-10,TGI
2016-10,THG
2016-10,THO
2016-10,THOR
2016-10,THS
2016-10,TIME
2016-10,TKR
2016-10,TLN
2016-10,TMST
2016-10,TOL
2016-10,TPX
2016-10,TR
2016-10,TRMB
2016-10,TRMK
2016-10,TRN
2016-10,TUP
2016-10,TW
2016-10,TYL
2016-10,UDR
2016-10,UE
2016-10,UFS
2016-10,UGI
2016-10,ULTI
2016-10,UMPQ
2016-10,UNFI
2016-10,UNT
2016-10,UTHR
2016-10,VAL
2016-10,VLY
2016-10,VMI
2016-10,VRX
2016-10,VSH
2016-10,VSTO
2016-10,VVC
2016-10,WAB
2016-10,WAFD
2016-10,WBS
2016-10,WCG
2016-10,WCN
2016-10,WDR
2016-10,WEN
2016-10,WERN
2016-10,WETF
2016-10,WEX
2016-10,WGL
2016-10,WNR
2016-10,WOOF
2016-10,WOR
2016-10,WPG
2016-10,WPX
2016-10,WR
2016-10,WRB
2016-10,WRI
2016-10,WSM
2016-10,WSO
2016-10,WTR
2016-10,WWAV
2016-10,WWD
2016-10,X
2016-10,Y
2016-10,ZBRA
2016-11,AAN
2016-11,ABMD
2016-11,ACC
2016-11,ACIW
2016-11,ACM
2016-11,ACXM
2016-11,AEO
2016-11,AFG
2016-11,AGCO
2016-11,AHL
2016-11,AKRX
2016-11,ALEX
2016-11,ALGN
2016-11,AMCX
2016-11,AMD
2016-11,ANF
2016-11,ANN
2016-11,ANSS
2016-11,AOL
2016-11,AOS
2016-11,APOL
2016-11,ARE
2016-11,ARRS
2016-11,ARW
2016-11,ASB
2016-11,ASH
2016-11,ASNA
2016-11,ATML
2016-11,ATO
2016-11,ATR
2016-11,AVP
2016-11,AVT
2016-11,AYI
2016-11,BC
2016-11,BDC
2016-11,BEAV
2016-11,BID
2016-11,BIG
2016-11,BIO
2016-11,BKH
2016-11,BMR
2016-11,BMS
2016-11,BOH
2016-11,BR
2016-11,BRO
2016-11,BTU
2016-11,BWLD
2016-11,BXS
2016-11,CAB
2016-11,CAKE
2016-11,CAR
2016-11,CATY
2016-11,CBOE
2016-11,CBSH
2016-11,CBT
2016-11,CDK
2016-11,CDNS
2016-11,CEB
2016-11,CFR
2016-11,CGNX
2016-11,CHD
2016-11,CHS
2016-11,CIEN
2016-11,CLC
2016-11,CLGX
2016-11,CLH
2016-11,CLI
2016-11,CMC
2016-11,CMP
2016-11,CNC
2016-11,CNK
2016-11,CNL
2016-11,CNO
2016-11,CNW
2016-11,COO
2016-11,CPRT
2016-11,CPT
2016-11,CR
2016-11,CRC
2016-11,CREE
2016-11,CRI
2016-11,CRL
2016-11,CRS
2016-11,CSAL
2016-11,CSL
2016-11,CST
2016-11,CVG
2016-11,CVLT
2016-11,CXW
2016-11,CY
2016-11,CYH
2016-11,CYN
2016-11,CYT
2016-11,DAN
2016-11,DBD
2016-11,DCI
2016-11,DDD
2016-11,DECK
2016-11,DEI
2016-11,DF
2016-11,DKS
2016-11,DLX
2016-11,DNKN
2016-11,DNOW
2016-11,DNR
2016-11,DPZ
2016-11,DRC
2016-11,DRE
2016-11,DRQ
2016-11,DST
2016-11,DV
2016-11,DWA
2016-11,EAT
2016-11,EDR
2016-11,EGN
2016-11,EME
2016-11,ENR
2016-11,EQY
2016-11,ESL
2016-11,EV
2016-11,EWBC
2016-11,EXP
2016-11,EXR
2016-11,FAF
2016-11,FBHS
2016-11,FCN
2016-11,FCS
2016-11,FDS
2016-11,FEIC
2016-11,FHN
2016-11,FICO
2016-11,FII
2016-11,FL
2016-11,FLO
2016-11,FMER
2016-11,FRT
2016-11,FTNT
2016-11,FULT
2016-11,GEF
2016-11,GES
2016-11,GGG
2016-11,GHC
2016-11,GMT
2016-11,GNTX
2016-11,GPN
2016-11,GPOR
2016-11,GVA
2016-11,GWR
2016-11,GXP
2016-11,HAIN
2016-11,HAR
2016-11,HBHC
2016-11,HCC
2016-11,HE
2016-11,HFC
2016-11,HII
2016-11,HIW
2016-11,HLX
2016-11,HME
2016-11,HMSY
2016-11,HNI
2016-11,HNT
2016-11,HPT
2016-11,HRC
2016-11,HSC
2016-11,HSNI
2016-11,HUB.B
2016-11,HYH
2016-11,IBOC
2016-11,IDA
2016-11,IDCC
2016-11,IDTI
2016-11,IDXX
2016-11,IEX
2016-11,IM
2016-11,INFA
2016-11,INGR
2016-11,INT
2016-11,IPGP
2016-11,ISCA
2016-11,ISIL
2016-11,IT
2016-11,ITRI
2016-11,ITT
2016-11,JACK
2016-11,JAH
2016-11,JBHT
2016-11,JBL
2016-11,JBLU
2016-11,JCP
2016-11,JDSU
2016-11,JKHY
2016-11,JLL
2016-11,JNS
2016-11,JW.A
2016-11,KATE
2016-11,KBH
2016-11,KBR
2016-11,KEX
2016-11,KEYS
2016-11,KLXI
2016-11,KMPR
2016-11,KMT
2016-11,KN
2016-11,KRC
2016-11,LAMR
2016-11,LANC
2016-11,LDOS
2016-11,LECO
2016-11,LHO
2016-11,LII
2016-11,LKQ
2016-11,LNT
2016-11,LPNT
2016-11,LPT
2016-11,LPX
2016-11,LSTR
2016-11,LXK
2016-11,LYV
2016-11,MAA
2016-11,MAN
2016-11,MANH
2016-11,MBFI
2016-11,MCY
2016-11,MD
2016-11,MDC
2016-11,MDP
2016-11,MDRX
2016-11,MDU
2016-11,MENT
2016-11,MLHR
2016-11,MMS
2016-11,MSA
2016-11,MSCC
2016-11,MSCI
2016-11,MSM
2016-11,MTD
2016-11,MTX
2016-11,MUSA
2016-11,NATI
2016-11,NBR
2016-11,NCR
2016-11,NDSN
2016-11,NEU
2016-11,NFG
2016-11,NNN
2016-11,NSR
2016-11,NVR
2016-11,NYCB
2016-11,NYT
2016-11,OA
2016-11,OCR
2016-11,ODFL
2016-11,ODP
2016-11,OFC
2016-11,OGE
2016-11,OGS
2016-11,OHI
2016-11,OII
2016-11,OIS
2016-11,OLN
2016-11,OMI
2016-11,ORI
2016-11,OSK
2016-11,OZRK
2016-11,PACW
2016-11,PAY
2016-11,PB
2016-11,PCH
2016-11,PII
2016-11,PKG
2016-11,PLCM
2016-11,PLT
2016-11,PNM
2016-11,PNRA
2016-11,POL
2016-11,POST
2016-11,PPL
2016-11,PRI
2016-11,PTC
2016-11,PTEN
2016-11,RAX
2016-11,RBC
2016-11,RCII
2016-11,RDC
2016-11,RE
2016-11,REG
2016-11,RGA
2016-11,RGLD
2016-11,RJF
2016-11,RKT
2016-11,RMD
2016-11,RNR
2016-11,ROL
2016-11,ROSE
2016-11,ROVI
2016-11,RPM
2016-11,RRD
2016-11,RS
2016-11,RYN
2016-11,SAIC
2016-11,SAM
2016-11,SBNY
2016-11,SCI
2016-11,SEIC
2016-11,SF
2016-11,SFG
2016-11,SIG
2016-11,SIRO
2016-11,SIVB
2016-11,SKT
2016-11,SLAB
2016-11,SLGN
2016-11,SLH
2016-11,SLM
2016-11,SM
2016-11,SMG
2016-11,SMTC
2016-11,SNH
2016-11,SNPS
2016-11,SNV
2016-11,SON
2016-11,SPN
2016-11,SPXC
2016-11,STE
2016-11,STLD
2016-11,SUNE
2016-11,SVU
2016-11,SWI
2016-11,SXT
2016-11,TCB
2016-11,TCO
2016-11,TDS
2016-11,TDW
2016-11,TDY
2016-11,TECD
2016-11,TECH
2016-11,TER
2016-11,TEX
2016-11,TFX
2016-11,TGI
2016-11,THG
2016-11,THO
2016-11,THOR
2016-11,THS
2016-11,TIME
2016-11,TKR
2016-11,TLN
2016-11,TMST
2016-11,TOL
2016-11,TPX
2016-11,TR
2016-11,TRMB
2016-11,TRMK
2016-11,TRN
2016-11,TUP
2016-11,TW
2016-11,TXRH
2016-11,TYL
2016-11,UDR
2016-11,UE
2016-11,UFS
2016-11,UGI
2016-11,ULTI
2016-11,UMPQ
2016-11,UNFI
2016-11,UNT
2016-11,UTHR
2016-11,VAL
2016-11,VLY
2016-11,VMI
2016-11,VRX
2016-11,VSH
2016-11,VSTO
2016-11,VVC
2016-11,WAB
2016-11,WAFD
2016-11,WBS
2016-11,WCG
2016-11,WCN
2016-11,WDR
2016-11,WEN
2016-11,WERN
2016-11,WETF
2016-11,WEX
2016-11,WGL
2016-11,WNR
2016-11,WOOF
2016-11,WOR
2016-11,WPG
2016-11,WPX
2016-11,WR
2016-11,WRB
2016-11,WRI
2016-11,WSM
2016-11,WSO
2016-11,WST
2016-11,WTR
2016-11,WWAV
2016-11,WWD
2016-11,X
2016-11,Y
2016-11,ZBRA
2016-12,AAN
2016-12,ABMD
2016-12,ACC
2016-12,ACIW
2016-12,ACM
2016-12,ACXM
2016-12,AEO
2016-12,AFG
2016-12,AGCO
2016-12,AHL
2016-12,AKRX
2016-12,ALEX
2016-12,ALGN
2016-12,AMCX
2016-12,AMD
2016-12,ANSS
2016-12,AOS
2016-12,ARE
2016-12,ARRS
2016-12,ARW
2016-12,ASB
2016-12,ASH
2016-12,ATI
2016-12,ATO
2016-12,ATR
2016-12,AVP
2016-12,AVT
2016-12,BC
2016-12,BDC
2016-12,BEAV
2016-12,BID
2016-12,BIG
2016-12,BIO
2016-12,BKH
2016-12,BMS
2016-12,BOH
2016-12,BR
2016-12,BRCD
2016-12,BRO
2016-12,BWLD
2016-12,BXS
2016-12,CAA
2016-12,CAB
2016-12,CABO
2016-12,CAKE
2016-12,CAR
2016-12,CASY
2016-12,CATY
2016-12,CBOE
2016-12,CBRL
2016-12,CBSH
2016-12,CBT
2016-12,CCP
2016-12,CDK
2016-12,CDNS
2016-12,CEB
2016-12,CFR
2016-12,CGNX
2016-12,CHDN
2016-12,CHFC
2016-12,CHS
2016-12,CIEN
2016-12,CLC
2016-12,CLGX
2016-12,CLH
2016-12,CLI
2016-12,CMC
2016-12,CMP
2016-12,CNK
2016-12,CNO
2016-12,CNX
2016-12,CPRT
2016-12,CPT
2016-12,CR
2016-12,CREE
2016-12,CRI
2016-12,CRL
2016-12,CRS
2016-12,CRUS
2016-12,CSAL
2016-12,CSC
2016-12,CSL
2016-12,CST
2016-12,CTLT
2016-12,CUZ
2016-12,CVG
2016-12,CVLT
2016-12,CW
2016-12,CXW
2016-12,CY
2016-12,DAN
2016-12,DBD
2016-12,DCI
2016-12,DCT
2016-12,DDD
2016-12,DECK
2016-12,DEI
2016-12,DF
2016-12,DKS
2016-12,DLX
2016-12,DNKN
2016-12,DNOW
2016-12,DNR
2016-12,DO
2016-12,DPZ
2016-12,DRE
2016-12,DRQ
2016-12,DST
2016-12,DV
2016-12,DY
2016-12,EAT
2016-12,EDR
2016-12,EGN
2016-12,EME
2016-12,ENH
2016-12,ENR
2016-12,ENS
2016-12,EPC
2016-12,EPR
2016-12,EQY
2016-12,ESL
2016-12,ESV
2016-12,EV
2016-12,EWBC
2016-12,EXP
2016-12,FAF
2016-12,FCN
2016-12,FDS
2016-12,FHN
2016-12,FICO
2016-12,FII
2016-12,FLO
2016-12,FNB
2016-12,FOSL
2016-12,FR
2016-12,FTNT
2016-12,FULT
2016-12,GATX
2016-12,GEF
2016-12,GGG
2016-12,GHC
2016-12,GME
2016-12,GMED
2016-12,GNTX
2016-12,GNW
2016-12,GPOR
2016-12,GVA
2016-12,GWR
2016-12,GXP
2016-12,HAIN
2016-12,HAR
2016-12,HBHC
2016-12,HE
2016-12,HELE
2016-12,HFC
2016-12,HII
2016-12,HIW
2016-12,HLS
2016-12,HNI
2016-12,HPT
2016-12,HR
2016-12,HRC
2016-12,HSNI
2016-12,HUBB
2016-12,HYH
2016-12,IBOC
2016-12,IDA
2016-12,IDCC
2016-12,IDTI
2016-12,IDXX
2016-12,IEX
2016-12,INGR
2016-12,INT
2016-12,IPGP
2016-12,ISCA
2016-12,ISIL
2016-12,IT
2016-12,ITT
2016-12,JACK
2016-12,JBL
2016-12,JBLU
2016-12,JCOM
2016-12,JCP
2016-12,JKHY
2016-12,JLL
2016-12,JNS
2016-12,JOY
2016-12,JW.A
2016-12,KATE
2016-12,KBH
2016-12,KBR
2016-12,KEX
2016-12,KEYS
2016-12,KLXI
2016-12,KMPR
2016-12,KMT
2016-12,KN
2016-12,KRC
2016-12,LAMR
2016-12,LANC
2016-12,LDOS
2016-12,LECO
2016-12,LFUS
2016-12,LHO
2016-12,LII
2016-12,LIVN
2016-12,LM
2016-12,LNCE
2016-12,LPNT
2016-12,LPT
2016-12,LPX
2016-12,LSI
2016-12,LSTR
2016-12,LW
2016-12,LYV
2016-12,MAN
2016-12,MANH
2016-12,MBFI
2016-12,MCY
2016-12,MD
2016-12,MDP
2016-12,MDRX
2016-12,MDU
2016-12,MENT
2016-12,MKTX
2016-12,MLHR
2016-12,MMS
2016-12,MOH
2016-12,MPW
2016-12,MPWR
2016-12,MSA
2016-12,MSCC
2016-12,MSCI
2016-12,MSM
2016-12,MTX
2016-12,MUSA
2016-12,NATI
2016-12,NBR
2016-12,NCR
2016-12,NDSN
2016-12,NE
2016-12,NEU
2016-12,NFG
2016-12,NJR
2016-12,NNN
2016-12,NSR
2016-12,NTCT
2016-12,NUVA
2016-12,NVR
2016-12,NWE
2016-12,NYCB
2016-12,NYT
2016-12,OA
2016-12,ODFL
2016-12,ODP
2016-12,OFC
2016-12,OGE
2016-12,OGS
2016-12,OHI
2016-12,OI
2016-12,OII
2016-12,OIS
2016-12,OLN
2016-12,OMI
2016-12,ORI
2016-12,OSK
2016-12,OZRK
2016-12,PACW
2016-12,PAY
2016-12,PB
2016-12,PBH
2016-12,PCH
2016-12,PII
2016-12,PKG
2016-12,PLT
2016-12,PNM
2016-12,PNRA
2016-12,POL
2016-12,POOL
2016-12,POST
2016-12,PPL
2016-12,PRI
2016-12,PRXL
2016-12,PTC
2016-12,PTEN
2016-12,PVTB
2016-12,PZZA
2016-12,QCP
2016-12,QEP
2016-12,RBC
2016-12,RDC
2016-12,RE
2016-12,REG
2016-12,RGA
2016-12,RGLD
2016-12,RH
2016-12,RJF
2016-12,RMD
2016-12,RNR
2016-12,ROL
2016-12,RPM
2016-12,RS
2016-12,RYN
2016-12,SAIC
2016-12,SAM
2016-12,SBH
2016-12,SBNY
2016-12,SCI
2016-12,SCOR
2016-12,SEIC
2016-12,SF
2016-12,SFM
2016-12,SIVB
2016-12,SKT
2016-12,SKX
2016-12,SLAB
2016-12,SLGN
2016-12,SLM
2016-12,SM
2016-12,SMG
2016-12,SNH
2016-12,SNPS
2016-12,SNV
2016-12,SNX
2016-12,SON
2016-12,SPN
2016-12,STE
2016-12,STLD
2016-12,SWX
2016-12,SXT
2016-12,SYNA
2016-12,TCB
2016-12,TCO
2016-12,TDS
2016-12,TDY
2016-12,TECD
2016-12,TECH
2016-12,TER
2016-12,TEX
2016-12,TFX
2016-12,TGI
2016-12,THC
2016-12,THG
2016-12,THO
2016-12,THS
2016-12,TIME
2016-12,TKR
2016-12,TOL
2016-12,TPH
2016-12,TPX
2016-12,TR
2016-12,TRMB
2016-12,TRMK
2016-12,TRN
2016-12,TTC
2016-12,TUP
2016-12,TXRH
2016-12,TYL
2016-12,UE
2016-12,UFS
2016-12,UGI
2016-12,ULTI
2016-12,UMBF
2016-12,UMPQ
2016-12,UNFI
2016-12,UTHR
2016-12,VAL
2016-12,VLY
2016-12,VMI
2016-12,VRX
2016-12,VSAT
2016-12,VSH
2016-12,VSM
2016-12,VSTO
2016-12,VVC
2016-12,WAB
2016-12,WAFD
2016-12,WBMD
2016-12,WBS
2016-12,WCG
2016-12,WDR
2016-12,WEN
2016-12,WERN
2016-12,WETF
2016-12,WEX
2016-12,WGL
2016-12,WNR
2016-12,WOOF
2016-12,WOR
2016-12,WPG
2016-12,WPX
2016-12,WR
2016-12,WRB
2016-12,WRI
2016-12,WSM
2016-12,WSO
2016-12,WST
2016-12,WTR
2016-12,WWAV
2016-12,WWD
2016-12,X
2016-12,Y
2016-12,ZBRA
2017-01,AAN
2017-01,ABMD
2017-01,ACC
2017-01,ACIW
2017-01,ACM
2017-01,ACXM
2017-01,AEO
2017-01,AFG
2017-01,AGCO
2017-01,AHL
2017-01,AKRX
2017-01,ALEX
2017-01,ALGN
2017-01,AMCX
2017-01,AMD
2017-01,ANSS
2017-01,AOS
2017-01,ARE
2017-01,ARRS
2017-01,ARW
2017-01,ASB
2017-01,ASH
2017-01,ATI
2017-01,ATO
2017-01,ATR
2017-01,AVP
2017-01,AVT
2017-01,BC
2017-01,BDC
2017-01,BEAV
2017-01,BID
2017-01,BIG
2017-01,BIO
2017-01,BKH
2017-01,BMS
2017-01,BOH
2017-01,BR
2017-01,BRCD
2017-01,BRO
2017-01,BWLD
2017-01,BXS
2017-01,CAA
2017-01,CAB
2017-01,CABO
2017-01,CAKE
2017-01,CAR
2017-01,CASY
2017-01,CATY
2017-01,CBOE
2017-01,CBRL
2017-01,CBSH
2017-01,CBT
2017-01,CC
2017-01,CCP
2017-01,CDK
2017-01,CDNS
2017-01,CEB
2017-01,CFR
2017-01,CGNX
2017-01,CHDN
2017-01,CHFC
2017-01,CHS
2017-01,CIEN
2017-01,CLC
2017-01,CLGX
2017-01,CLH
2017-01,CLI
2017-01,CMC
2017-01,CMP
2017-01,CNK
2017-01,CNO
2017-01,CNX
2017-01,CPRT
2017-01,CPT
2017-01,CR
2017-01,CREE
2017-01,CRI
2017-01,CRL
2017-01,CRS
2017-01,CRUS
2017-01,CSAL
2017-01,CSC
2017-01,CSL
2017-01,CST
2017-01,CTLT
2017-01,CUZ
2017-01,CVG
2017-01,CVLT
2017-01,CW
2017-01,CXW
2017-01,CY
2017-01,DAN
2017-01,DBD
2017-01,DCI
2017-01,DCT
2017-01,DDD
2017-01,DECK
2017-01,DEI
2017-01,DF
2017-01,DKS
2017-01,DLX
2017-01,DNKN
2017-01,DNOW
2017-01,DNR
2017-01,DO
2017-01,DPZ
2017-01,DRE
2017-01,DRQ
2017-01,DST
2017-01,DV
2017-01,DY
2017-01,EAT
2017-01,EDR
2017-01,EGN
2017-01,EME
2017-01,ENH
2017-01,ENR
2017-01,ENS
2017-01,EPC
2017-01,EPR
2017-01,EQY
2017-01,ESL
2017-01,ESV
2017-01,EV
2017-01,EWBC
2017-01,EXP
2017-01,FAF
2017-01,FCN
2017-01,FDS
2017-01,FHN
2017-01,FICO
2017-01,FII
2017-01,FLO
2017-01,FNB
2017-01,FOSL
2017-01,FR
2017-01,FTNT
2017-01,FULT
2017-01,GATX
2017-01,GEF
2017-01,GGG
2017-01,GHC
2017-01,GME
2017-01,GMED
2017-01,GNTX
2017-01,GNW
2017-01,GPOR
2017-01,GVA
2017-01,GWR
2017-01,GXP
2017-01,HAIN
2017-01,HAR
2017-01,HBHC
2017-01,HE
2017-01,HELE
2017-01,HFC
2017-01,HII
2017-01,HIW
2017-01,HLS
2017-01,HNI
2017-01,HPT
2017-01,HR
2017-01,HRC
2017-01,HSNI
2017-01,HUBB
2017-01,HYH
2017-01,IBOC
2017-01,IDA
2017-01,IDCC
2017-01,IDTI
2017-01,IEX
2017-01,INGR
2017-01,INT
2017-01,IPGP
2017-01,ISCA
2017-01,ISIL
2017-01,IT
2017-01,ITT
2017-01,JACK
2017-01,JBL
2017-01,JBLU
2017-01,JCOM
2017-01,JCP
2017-01,JKHY
2017-01,JLL
2017-01,JNS
2017-01,JOY
2017-01,JW.A
2017-01,KATE
2017-01,KBH
2017-01,KBR
2017-01,KEX
2017-01,KEYS
2017-01,KLXI
2017-01,KMPR
2017-01,KMT
2017-01,KN
2017-01,KRC
2017-01,LAMR
2017-01,LANC
2017-01,LDOS
2017-01,LECO
2017-01,LFUS
2017-01,LHO
2017-01,LII
2017-01,LIVN
2017-01,LM
2017-01,LNCE
2017-01,LPNT
2017-01,LPT
2017-01,LPX
2017-01,LSI
2017-01,LSTR
2017-01,LW
2017-01,LYV
2017-01,MAN
2017-01,MANH
2017-01,MBFI
2017-01,MCY
2017-01,MD
2017-01,MDP
2017-01,MDRX
2017-01,MDU
2017-01,MENT
2017-01,MKTX
2017-01,MLHR
2017-01,MMS
2017-01,MOH
2017-01,MPW
2017-01,MPWR
2017-01,MSA
2017-01,MSCC
2017-01,MSCI
2017-01,MSM
2017-01,MTX
2017-01,MUSA
2017-01,NATI
2017-01,NBR
2017-01,NCR
2017-01,NDSN
2017-01,NE
2017-01,NEU
2017-01,NFG
2017-01,NJR
2017-01,NNN
2017-01,NSR
2017-01,NTCT
2017-01,NUVA
2017-01,NVR
2017-01,NWE
2017-01,NYCB
2017-01,NYT
2017-01,OA
2017-01,ODFL
2017-01,ODP
2017-01,OFC
2017-01,OGE
2017-01,OGS
2017-01,OHI
2017-01,OI
2017-01,OII
2017-01,OIS
2017-01,OLN
2017-01,OMI
2017-01,ORI
2017-01,OSK
2017-01,OZRK
2017-01,PACW
2017-01,PAY
2017-01,PB
2017-01,PBH
2017-01,PCH
2017-01,PII
2017-01,PKG
2017-01,PLT
2017-01,PNM
2017-01,PNRA
2017-01,POL
2017-01,POOL
2017-01,POST
2017-01,PPL
2017-01,PRI
2017-01,PRXL
2017-01,PTC
2017-01,PTEN
2017-01,PVTB
2017-01,PZZA
2017-01,QCP
2017-01,QEP
2017-01,RBC
2017-01,RDC
2017-01,RE
2017-01,REG
2017-01,RGA
2017-01,RGLD
2017-01,RH
2017-01,RJF
2017-01,RMD
2017-01,RNR
2017-01,ROL
2017-01,RPM
2017-01,RS
2017-01,RYN
2017-01,SAIC
2017-01,SAM
2017-01,SBH
2017-01,SBNY
2017-01,SCI
2017-01,SCOR
2017-01,SEIC
2017-01,SF
2017-01,SFM
2017-01,SIVB
2017-01,SKT
2017-01,SKX
2017-01,SLAB
2017-01,SLGN
2017-01,SLM
2017-01,SM
2017-01,SMG
2017-01,SNH
2017-01,SNPS
2017-01,SNV
2017-01,SNX
2017-01,SON
2017-01,SPN
2017-01,STE
2017-01,STLD
2017-01,SWX
2017-01,SXT
2017-01,SYNA
2017-01,TCB
2017-01,TCO
2017-01,TDS
2017-01,TDY
2017-01,TECD
2017-01,TECH
2017-01,TER
2017-01,TEX
2017-01,TFX
2017-01,TGI
2017-01,THC
2017-01,THG
2017-01,THO
2017-01,THS
2017-01,TIME
2017-01,TKR
2017-01,TOL
2017-01,TPH
2017-01,TPX
2017-01,TR
2017-01,TRMB
2017-01,TRMK
2017-01,TRN
2017-01,TTC
2017-01,TUP
2017-01,TXRH
2017-01,TYL
2017-01,UE
2017-01,UFS
2017-01,UGI
2017-01,ULTI
2017-01,UMBF
2017-01,UMPQ
2017-01,UNFI
2017-01,UTHR
2017-01,VAL
2017-01,VLY
2017-01,VMI
2017-01,VRX
2017-01,VSAT
2017-01,VSH
2017-01,VSM
2017-01,VSTO
2017-01,VVC
2017-01,WAB
2017-01,WAFD
2017-01,WBMD
2017-01,WBS
2017-01,WCG
2017-01,WDR
2017-01,WEN
2017-01,WERN
2017-01,WETF
2017-01,WEX
2017-01,WGL
2017-01,WNR
2017-01,WOOF
2017-01,WOR
2017-01,WPG
2017-01,WPX
2017-01,WR
2017-01,WRB
2017-01,WRI
2017-01,WSM
2017-01,WSO
2017-01,WST
2017-01,WTR
2017-01,WWAV
2017-01,WWD
2017-01,X
2017-01,Y
2017-01,ZBRA
2017-02,AAN
2017-02,ABMD
2017-02,ACC
2017-02,ACIW
2017-02,ACM
2017-02,ACXM
2017-02,AEO
2017-02,AFG
2017-02,AGCO
2017-02,AHL
2017-02,AKRX
2017-02,ALEX
2017-02,ALGN
2017-02,AMCX
2017-02,AMD
2017-02,ANSS
2017-02,AOS
2017-02,ARE
2017-02,ARRS
2017-02,ARW
2017-02,ASB
2017-02,ASH
2017-02,ATI
2017-02,ATO
2017-02,ATR
2017-02,AVP
2017-02,AVT
2017-02,BC
2017-02,BDC
2017-02,BEAV
2017-02,BID
2017-02,BIG
2017-02,BIO
2017-02,BIVV
2017-02,BKH
2017-02,BMS
2017-02,BOH
2017-02,BR
2017-02,BRCD
2017-02,BRO
2017-02,BWLD
2017-02,BXS
2017-02,CAA
2017-02,CAB
2017-02,CABO
2017-02,CAKE
2017-02,CAR
2017-02,CASY
2017-02,CATY
2017-02,CBOE
2017-02,CBRL
2017-02,CBSH
2017-02,CBT
2017-02,CC
2017-02,CCP
2017-02,CDK
2017-02,CDNS
2017-02,CEB
2017-02,CFR
2017-02,CGNX
2017-02,CHDN
2017-02,CHFC
2017-02,CHS
2017-02,CIEN
2017-02,CLC
2017-02,CLGX
2017-02,CLH
2017-02,CLI
2017-02,CMC
2017-02,CMP
2017-02,CNK
2017-02,CNO
2017-02,CNX
2017-02,CPRT
2017-02,CPT
2017-02,CR
2017-02,CREE
2017-02,CRI
2017-02,CRL
2017-02,CRS
2017-02,CRUS
2017-02,CSAL
2017-02,CSC
2017-02,CSL
2017-02,CST
2017-02,CTB
2017-02,CTLT
2017-02,CUZ
2017-02,CVG
2017-02,CVLT
2017-02,CW
2017-02,CXW
2017-02,CY
2017-02,DAN
2017-02,DBD
2017-02,DCI
2017-02,DCT
2017-02,DDD
2017-02,DDS
2017-02,DECK
2017-02,DEI
2017-02,DF
2017-02,DKS
2017-02,DLX
2017-02,DNKN
2017-02,DNOW
2017-02,DNR
2017-02,DO
2017-02,DPZ
2017-02,DRE
2017-02,DRQ
2017-02,DST
2017-02,DV
2017-02,DY
2017-02,EAT
2017-02,EDR
2017-02,EGN
2017-02,EME
2017-02,ENH
2017-02,ENR
2017-02,ENS
2017-02,EPC
2017-02,EPR
2017-02,EQY
2017-02,ESL
2017-02,ESV
2017-02,EV
2017-02,EWBC
2017-02,EXP
2017-02,FAF
2017-02,FCN
2017-02,FDS
2017-02,FHN
2017-02,FICO
2017-02,FII
2017-02,FLO
2017-02,FNB
2017-02,FOSL
2017-02,FR
2017-02,FTNT
2017-02,FULT
2017-02,GATX
2017-02,GEF
2017-02,GGG
2017-02,GHC
2017-02,GME
2017-02,GMED
2017-02,GNTX
2017-02,GNW
2017-02,GPOR
2017-02,GVA
2017-02,GWR
2017-02,GXP
2017-02,HAIN
2017-02,HAR
2017-02,HBHC
2017-02,HE
2017-02,HELE
2017-02,HFC
2017-02,HII
2017-02,HIW
2017-02,HLS
2017-02,HNI
2017-02,HPT
2017-02,HR
2017-02,HRC
2017-02,HSNI
2017-02,HUBB
2017-02,HYH
2017-02,IBOC
2017-02,IDA
2017-02,IDCC
2017-02,IDTI
2017-02,IEX
2017-02,INGR
2017-02,INT
2017-02,IPGP
2017-02,ISCA
2017-02,IT
2017-02,ITT
2017-02,JACK
2017-02,JBL
2017-02,JBLU
2017-02,JCOM
2017-02,JCP
2017-02,JKHY
2017-02,JLL
2017-02,JNS
2017-02,JOY
2017-02,JW.A
2017-02,KATE
2017-02,KBH
2017-02,KBR
2017-02,KEX
2017-02,KEYS
2017-02,KLXI
2017-02,KMPR
2017-02,KMT
2017-02,KN
2017-02,KRC
2017-02,LAMR
2017-02,LANC
2017-02,LDOS
2017-02,LECO
2017-02,LFUS
2017-02,LHO
2017-02,LII
2017-02,LIVN
2017-02,LM
2017-02,LNCE
2017-02,LOGM
2017-02,LPNT
2017-02,LPT
2017-02,LPX
2017-02,LSI
2017-02,LSTR
2017-02,LW
2017-02,LYV
2017-02,MAN
2017-02,MANH
2017-02,MBFI
2017-02,MCY
2017-02,MD
2017-02,MDP
2017-02,MDRX
2017-02,MDU
2017-02,MENT
2017-02,MKTX
2017-02,MLHR
2017-02,MMS
2017-02,MOH
2017-02,MPW
2017-02,MPWR
2017-02,MSA
2017-02,MSCC
2017-02,MSCI
2017-02,MSM
2017-02,MTX
2017-02,MUSA
2017-02,NATI
2017-02,NBR
2017-02,NCR
2017-02,NDSN
2017-02,NE
2017-02,NEU
2017-02,NFG
2017-02,NJR
2017-02,NNN
2017-02,NSR
2017-02,NTCT
2017-02,NUVA
2017-02,NVR
2017-02,NWE
2017-02,NYCB
2017-02,NYT
2017-02,OA
2017-02,ODFL
2017-02,ODP
2017-02,OFC
2017-02,OGE
2017-02,OGS
2017-02,OHI
2017-02,OI
2017-02,OII
2017-02,OIS
2017-02,OLN
2017-02,OMI
2017-02,ORI
2017-02,OSK
2017-02,OZRK
2017-02,PACW
2017-02,PAY
2017-02,PB
2017-02,PBH
2017-02,PCH
2017-02,PII
2017-02,PKG
2017-02,PLT
2017-02,PNM
2017-02,PNRA
2017-02,POL
2017-02,POOL
2017-02,POST
2017-02,PPL
2017-02,PRI
2017-02,PRXL
2017-02,PTC
2017-02,PTEN
2017-02,PVTB
2017-02,PZZA
2017-02,QCP
2017-02,QEP
2017-02,RBC
2017-02,RDC
2017-02,RE
2017-02,REG
2017-02,RGA
2017-02,RGLD
2017-02,RJF
2017-02,RMD
2017-02,RNR
2017-02,ROL
2017-02,RPM
2017-02,RS
2017-02,RYN
2017-02,SAIC
2017-02,SAM
2017-02,SBH
2017-02,SBNY
2017-02,SCI
2017-02,SEIC
2017-02,SF
2017-02,SFM
2017-02,SIVB
2017-02,SKT
2017-02,SKX
2017-02,SLAB
2017-02,SLGN
2017-02,SLM
2017-02,SM
2017-02,SMG
2017-02,SNH
2017-02,SNPS
2017-02,SNV
2017-02,SNX
2017-02,SON
2017-02,SPN
2017-02,STE
2017-02,STLD
2017-02,SWX
2017-02,SXT
2017-02,SYNA
2017-02,TCB
2017-02,TCO
2017-02,TDS
2017-02,TDY
2017-02,TECD
2017-02,TECH
2017-02,TER
2017-02,TEX
2017-02,TFX
2017-02,THC
2017-02,THG
2017-02,THO
2017-02,THS
2017-02,TIME
2017-02,TKR
2017-02,TOL
2017-02,TPH
2017-02,TPX
2017-02,TR
2017-02,TRMB
2017-02,TRMK
2017-02,TRN
2017-02,TTC
2017-02,TUP
2017-02,TXRH
2017-02,TYL
2017-02,UE
2017-02,UFS
2017-02,UGI
2017-02,ULTI
2017-02,UMBF
2017-02,UMPQ
2017-02,UNFI
2017-02,UTHR
2017-02,VAL
2017-02,VLY
2017-02,VMI
2017-02,VRX
2017-02,VSAT
2017-02,VSH
2017-02,VSM
2017-02,VSTO
2017-02,VVC
2017-02,WAB
2017-02,WAFD
2017-02,WBMD
2017-02,WBS
2017-02,WCG
2017-02,WDR
2017-02,WEN
2017-02,WERN
2017-02,WETF
2017-02,WEX
2017-02,WGL
2017-02,WNR
2017-02,WOOF
2017-02,WOR
2017-02,WPG
2017-02,WPX
2017-02,WR
2017-02,WRB
2017-02,WRI
2017-02,WSM
2017-02,WSO
2017-02,WST
2017-02,WTR
2017-02,WWAV
2017-02,WWD
2017-02,X
2017-02,Y
2017-02,ZBRA
2017-03,AAN
2017-03,ABMD
2017-03,ACC
2017-03,ACIW
2017-03,ACM
2017-03,ACXM
2017-03,AEO
2017-03,AFG
2017-03,AGCO
2017-03,AHL
2017-03,AKRX
2017-03,ALEX
2017-03,ALGN
2017-03,AMCX
2017-03,ANSS
2017-03,AOS
2017-03,ARRS
2017-03,ARW
2017-03,ASB
2017-03,ASH
2017-03,ATI
2017-03,ATO
2017-03,ATR
2017-03,AVP
2017-03,AVT
2017-03,BC
2017-03,BDC
2017-03,BEAV
2017-03,BID
2017-03,BIG
2017-03,BIO
2017-03,BIVV
2017-03,BKH
2017-03,BMS
2017-03,BOH
2017-03,BR
2017-03,BRCD
2017-03,BRO
2017-03,BWLD
2017-03,BXS
2017-03,CAA
2017-03,CAB
2017-03,CABO
2017-03,CAKE
2017-03,CAR
2017-03,CASY
2017-03,CATY
2017-03,CBRL
2017-03,CBSH
2017-03,CBT
2017-03,CC
2017-03,CCP
2017-03,CDK
2017-03,CDNS
2017-03,CEB
2017-03,CFR
2017-03,CGNX
2017-03,CHDN
2017-03,CHFC
2017-03,CHS
2017-03,CIEN
2017-03,CLGX
2017-03,CLH
2017-03,CLI
2017-03,CMC
2017-03,CMP
2017-03,CNK
2017-03,CNO
2017-03,CNX
2017-03,COHR
2017-03,CONE
2017-03,CPRT
2017-03,CPT
2017-03,CR
2017-03,CREE
2017-03,CRI
2017-03,CRL
2017-03,CRS
2017-03,CRUS
2017-03,CSAL
2017-03,CSC
2017-03,CSL
2017-03,CST
2017-03,CTB
2017-03,CTLT
2017-03,CUZ
2017-03,CVG
2017-03,CVLT
2017-03,CW
2017-03,CXW
2017-03,CY
2017-03,DAN
2017-03,DBD
2017-03,DCI
2017-03,DCT
2017-03,DDD
2017-03,DDS
2017-03,DECK
2017-03,DEI
2017-03,DF
2017-03,DKS
2017-03,DLX
2017-03,DNKN
2017-03,DNOW
2017-03,DO
2017-03,DPZ
2017-03,DRE
2017-03,DRQ
2017-03,DST
2017-03,DV
2017-03,DY
2017-03,EAT
2017-03,EDR
2017-03,EGN
2017-03,EME
2017-03,ENDP
2017-03,ENH
2017-03,ENR
2017-03,ENS
2017-03,EPC
2017-03,EPR
2017-03,ESL
2017-03,ESV
2017-03,EV
2017-03,EWBC
2017-03,EXP
2017-03,FAF
2017-03,FCN
2017-03,FDS
2017-03,FHN
2017-03,FICO
2017-03,FII
2017-03,FLO
2017-03,FNB
2017-03,FR
2017-03,FSLR
2017-03,FTNT
2017-03,FTR
2017-03,FULT
2017-03,GATX
2017-03,GEF
2017-03,GEO
2017-03,GGG
2017-03,GHC
2017-03,GME
2017-03,GMED
2017-03,GNTX
2017-03,GNW
2017-03,GPOR
2017-03,GVA
2017-03,GWR
2017-03,GXP
2017-03,HAIN
2017-03,HBHC
2017-03,HE
2017-03,HELE
2017-03,HFC
2017-03,HII
2017-03,HIW
2017-03,HLS
2017-03,HNI
2017-03,HPT
2017-03,HR
2017-03,HRC
2017-03,HSNI
2017-03,HUBB
2017-03,HYH
2017-03,IBOC
2017-03,IDA
2017-03,IDCC
2017-03,IDTI
2017-03,IEX
2017-03,INGR
2017-03,INT
2017-03,IPGP
2017-03,ISCA
2017-03,IT
2017-03,ITT
2017-03,JACK
2017-03,JBL
2017-03,JBLU
2017-03,JCOM
2017-03,JCP
2017-03,JKHY
2017-03,JLL
2017-03,JNS
2017-03,JOY
2017-03,JW.A
2017-03,KATE
2017-03,KBH
2017-03,KBR
2017-03,KEX
2017-03,KEYS
2017-03,KLXI
2017-03,KMPR
2017-03,KMT
2017-03,KN
2017-03,KRC
2017-03,LAMR
2017-03,LANC
2017-03,LDOS
2017-03,LECO
2017-03,LFUS
2017-03,LHO
2017-03,LII
2017-03,LIVN
2017-03,LM
2017-03,LNCE
2017-03,LOGM
2017-03,LPNT
2017-03,LPT
2017-03,LPX
2017-03,LSI
2017-03,LSTR
2017-03,LW
2017-03,LYV
2017-03,MAN
2017-03,MANH
2017-03,MASI
2017-03,MBFI
2017-03,MCY
2017-03,MD
2017-03,MDP
2017-03,MDRX
2017-03,MDU
2017-03,MENT
2017-03,MKTX
2017-03,MLHR
2017-03,MMS
2017-03,MOH
2017-03,MPW
2017-03,MPWR
2017-03,MSA
2017-03,MSCC
2017-03,MSCI
2017-03,MSM
2017-03,MTX
2017-03,MUSA
2017-03,NATI
2017-03,NBR
2017-03,NCR
2017-03,NDSN
2017-03,NE
2017-03,NEU
2017-03,NFG
2017-03,NJR
2017-03,NNN
2017-03,NSR
2017-03,NTCT
2017-03,NUS
2017-03,NUVA
2017-03,NVR
2017-03,NWE
2017-03,NYCB
2017-03,NYT
2017-03,OA
2017-03,ODFL
2017-03,ODP
2017-03,OFC
2017-03,OGE
2017-03,OGS
2017-03,OHI
2017-03,OI
2017-03,OII
2017-03,OIS
2017-03,OLN
2017-03,OMI
2017-03,ORI
2017-03,OSK
2017-03,OZRK
2017-03,PACW
2017-03,PAY
2017-03,PB
2017-03,PBH
2017-03,PBI
2017-03,PCH
2017-03,PII
2017-03,PKG
2017-03,PLT
2017-03,PNM
2017-03,PNRA
2017-03,POL
2017-03,POOL
2017-03,POST
2017-03,PPL
2017-03,PRI
2017-03,PRXL
2017-03,PTC
2017-03,PTEN
2017-03,PVTB
2017-03,PZZA
2017-03,QCP
2017-03,QEP
2017-03,RBC
2017-03,RDC
2017-03,RE
2017-03,RGA
2017-03,RGLD
2017-03,RMD
2017-03,RNR
2017-03,ROL
2017-03,RPM
2017-03,RS
2017-03,RYN
2017-03,SAIC
2017-03,SAM
2017-03,SBH
2017-03,SBNY
2017-03,SCI
2017-03,SEIC
2017-03,SF
2017-03,SFM
2017-03,SIVB
2017-03,SKT
2017-03,SKX
2017-03,SLAB
2017-03,SLGN
2017-03,SLM
2017-03,SM
2017-03,SMG
2017-03,SNH
2017-03,SNV
2017-03,SNX
2017-03,SON
2017-03,SPN
2017-03,STE
2017-03,STLD
2017-03,SWX
2017-03,SXT
2017-03,SYNA
2017-03,TCB
2017-03,TCO
2017-03,TDS
2017-03,TDY
2017-03,TECD
2017-03,TECH
2017-03,TER
2017-03,TEX
2017-03,TFX
2017-03,THC
2017-03,THG
2017-03,THO
2017-03,THS
2017-03,TIME
2017-03,TKR
2017-03,TOL
2017-03,TPH
2017-03,TPX
2017-03,TR
2017-03,TRMB
2017-03,TRMK
2017-03,TRN
2017-03,TTC
2017-03,TTWO
2017-03,TUP
2017-03,TXRH
2017-03,TYL
2017-03,UE
2017-03,UFS
2017-03,UGI
2017-03,ULTI
2017-03,UMBF
2017-03,UMPQ
2017-03,UNFI
2017-03,URBN
2017-03,UTHR
2017-03,VAL
2017-03,VLY
2017-03,VMI
2017-03,VRX
2017-03,VSAT
2017-03,VSH
2017-03,VSM
2017-03,VVC
2017-03,WAB
2017-03,WAFD
2017-03,WBMD
2017-03,WBS
2017-03,WCG
2017-03,WDR
2017-03,WEN
2017-03,WERN
2017-03,WETF
2017-03,WEX
2017-03,WGL
2017-03,WNR
2017-03,WOOF
2017-03,WOR
2017-03,WPG
2017-03,WPX
2017-03,WR
2017-03,WRB
2017-03,WRI
2017-03,WSM
2017-03,WSO
2017-03,WST
2017-03,WTR
2017-03,WWAV
2017-03,WWD
2017-03,X
2017-03,Y
2017-03,ZBRA
2017-04,AAN
2017-04,ABMD
2017-04,ACC
2017-04,ACHC
2017-04,ACIW
2017-04,ACM
2017-04,ACXM
2017-04,AEO
2017-04,AFG
2017-04,AGCO
2017-04,AHL
2017-04,AKRX
2017-04,ALEX
2017-04,ALGN
2017-04,AMCX
2017-04,ANSS
2017-04,AOS
2017-04,ARRS
2017-04,ARW
2017-04,ASB
2017-04,ASH
2017-04,ATI
2017-04,ATO
2017-04,ATR
2017-04,AVP
2017-04,AVT
2017-04,BC
2017-04,BDC
2017-04,BID
2017-04,BIG
2017-04,BIO
2017-04,BIVV
2017-04,BKH
2017-04,BMS
2017-04,BOH
2017-04,BR
2017-04,BRCD
2017-04,BRO
2017-04,BWLD
2017-04,BXS
2017-04,CAA
2017-04,CAB
2017-04,CABO
2017-04,CAKE
2017-04,CAR
2017-04,CASY
2017-04,CATY
2017-04,CBRL
2017-04,CBSH
2017-04,CBT
2017-04,CC
2017-04,CCP
2017-04,CDK
2017-04,CDNS
2017-04,CFR
2017-04,CGNX
2017-04,CHDN
2017-04,CHFC
2017-04,CHS
2017-04,CIEN
2017-04,CLGX
2017-04,CLH
2017-04,CLI
2017-04,CMC
2017-04,CMP
2017-04,CNK
2017-04,CNO
2017-04,CNX
2017-04,COHR
2017-04,CONE
2017-04,CPRT
2017-04,CPT
2017-04,CR
2017-04,CREE
2017-04,CRI
2017-04,CRL
2017-04,CRS
2017-04,CRUS
2017-04,CSL
2017-04,CST
2017-04,CTB
2017-04,CTLT
2017-04,CUZ
2017-04,CVG
2017-04,CVLT
2017-04,CW
2017-04,CXW
2017-04,CY
2017-04,DAN
2017-04,DBD
2017-04,DCI
2017-04,DCT
2017-04,DDD
2017-04,DDS
2017-04,DECK
2017-04,DEI
2017-04,DF
2017-04,DKS
2017-04,DLX
2017-04,DNB
2017-04,DNKN
2017-04,DNOW
2017-04,DO
2017-04,DPZ
2017-04,DRE
2017-04,DRQ
2017-04,DST
2017-04,DV
2017-04,DY
2017-04,EAT
2017-04,EDR
2017-04,EGN
2017-04,EME
2017-04,ENDP
2017-04,ENR
2017-04,ENS
2017-04,EPC
2017-04,EPR
2017-04,ESL
2017-04,ESV
2017-04,EV
2017-04,EWBC
2017-04,EXP
2017-04,FAF
2017-04,FCN
2017-04,FDS
2017-04,FHN
2017-04,FICO
2017-04,FII
2017-04,FLO
2017-04,FNB
2017-04,FR
2017-04,FSLR
2017-04,FTNT
2017-04,FTR
2017-04,FULT
2017-04,GATX
2017-04,GEF
2017-04,GEO
2017-04,GGG
2017-04,GHC
2017-04,GME
2017-04,GMED
2017-04,GNTX
2017-04,GNW
2017-04,GPOR
2017-04,GVA
2017-04,GWR
2017-04,GXP
2017-04,HAIN
2017-04,HBHC
2017-04,HE
2017-04,HELE
2017-04,HFC
2017-04,HII
2017-04,HIW
2017-04,HLS
2017-04,HNI
2017-04,HPT
2017-04,HR
2017-04,HRC
2017-04,HSNI
2017-04,HUBB
2017-04,HYH
2017-04,IBOC
2017-04,IDA
2017-04,IDCC
2017-04,IDTI
2017-04,IEX
2017-04,INCR
2017-04,INGR
2017-04,INT
2017-04,IPGP
2017-04,ISCA
2017-04,ITT
2017-04,JACK
2017-04,JBL
2017-04,JBLU
2017-04,JCOM
2017-04,JCP
2017-04,JKHY
2017-04,JLL
2017-04,JNS
2017-04,JW.A
2017-04,KATE
2017-04,KBH
2017-04,KBR
2017-04,KEX
2017-04,KEYS
2017-04,KLXI
2017-04,KMPR
2017-04,KMT
2017-04,KN
2017-04,KRC
2017-04,LAMR
2017-04,LANC
2017-04,LDOS
2017-04,LECO
2017-04,LFUS
2017-04,LHO
2017-04,LII
2017-04,LIVN
2017-04,LM
2017-04,LNCE
2017-04,LOGM
2017-04,LPNT
2017-04,LPT
2017-04,LPX
2017-04,LSI
2017-04,LSTR
2017-04,LW
2017-04,LYV
2017-04,MAN
2017-04,MANH
2017-04,MASI
2017-04,MBFI
2017-04,MCY
2017-04,MD
2017-04,MDP
2017-04,MDRX
2017-04,MDU
2017-04,MIK
2017-04,MKTX
2017-04,MLHR
2017-04,MMS
2017-04,MOH
2017-04,MPW
2017-04,MPWR
2017-04,MSA
2017-04,MSCC
2017-04,MSCI
2017-04,MSM
2017-04,MTX
2017-04,MUSA
2017-04,NATI
2017-04,NBR
2017-04,NCR
2017-04,NDSN
2017-04,NE
2017-04,NEU
2017-04,NFG
2017-04,NJR
2017-04,NNN
2017-04,NSR
2017-04,NTCT
2017-04,NUS
2017-04,NUVA
2017-04,NVR
2017-04,NWE
2017-04,NYCB
2017-04,NYT
2017-04,OA
2017-04,ODFL
2017-04,ODP
2017-04,OFC
2017-04,OGE
2017-04,OGS
2017-04,OHI
2017-04,OI
2017-04,OII
2017-04,OIS
2017-04,OLN
2017-04,OMI
2017-04,ORI
2017-04,OSK
2017-04,OZRK
2017-04,PACW
2017-04,PAY
2017-04,PB
2017-04,PBF
2017-04,PBH
2017-04,PBI
2017-04,PCH
2017-04,PII
2017-04,PKG
2017-04,PLT
2017-04,PNM
2017-04,PNRA
2017-04,POL
2017-04,POOL
2017-04,POST
2017-04,PPL
2017-04,PRI
2017-04,PRXL
2017-04,PTC
2017-04,PTEN
2017-04,PVTB
2017-04,PZZA
2017-04,QCP
2017-04,QEP
2017-04,RBC
2017-04,RDC
2017-04,RE
2017-04,RGA
2017-04,RGLD
2017-04,RMD
2017-04,RNR
2017-04,ROL
2017-04,RPM
2017-04,RS
2017-04,RYN
2017-04,SABR
2017-04,SAIC
2017-04,SAM
2017-04,SBH
2017-04,SBNY
2017-04,SCI
2017-04,SEIC
2017-04,SF
2017-04,SFM
2017-04,SIVB
2017-04,SKT
2017-04,SKX
2017-04,SLAB
2017-04,SLGN
2017-04,SLM
2017-04,SM
2017-04,SMG
2017-04,SNH
2017-04,SNV
2017-04,SNX
2017-04,SON
2017-04,SPN
2017-04,STE
2017-04,STLD
2017-04,SWN
2017-04,SWX
2017-04,SXT
2017-04,SYNA
2017-04,TCB
2017-04,TCBI
2017-04,TCO
2017-04,TDS
2017-04,TDY
2017-04,TECD
2017-04,TECH
2017-04,TER
2017-04,TEX
2017-04,TFX
2017-04,THC
2017-04,THG
2017-04,THO
2017-04,THS
2017-04,TIME
2017-04,TKR
2017-04,TOL
2017-04,TPH
2017-04,TPX
2017-04,TR
2017-04,TRMB
2017-04,TRMK
2017-04,TRN
2017-04,TTC
2017-04,TTWO
2017-04,TUP
2017-04,TXRH
2017-04,TYL
2017-04,UBSI
2017-04,UE
2017-04,UFS
2017-04,UGI
2017-04,ULTI
2017-04,UMBF
2017-04,UMPQ
2017-04,UNFI
2017-04,UNIT
2017-04,URBN
2017-04,UTHR
2017-04,VAL
2017-04,VLY
2017-04,VMI
2017-04,VRX
2017-04,VSAT
2017-04,VSH
2017-04,VSM
2017-04,VVC
2017-04,WAB
2017-04,WAFD
2017-04,WBMD
2017-04,WBS
2017-04,WCG
2017-04,WEN
2017-04,WERN
2017-04,WEX
2017-04,WGL
2017-04,WNR
2017-04,WOOF
2017-04,WOR
2017-04,WPG
2017-04,WPX
2017-04,WR
2017-04,WRB
2017-04,WRI
2017-04,WSM
2017-04,WSO
2017-04,WST
2017-04,WTFC
2017-04,WTR
2017-04,WWD
2017-04,X
2017-04,Y
2017-04,ZBRA
2017-05,AAN
2017-05,ABMD
2017-05,ACC
2017-05,ACHC
2017-05,ACIW
2017-05,ACM
2017-05,ACXM
2017-05,AEO
2017-05,AFG
2017-05,AGCO
2017-05,AHL
2017-05,AKRX
2017-05,ALEX
2017-05,ALGN
2017-05,AMCX
2017-05,ANSS
2017-05,AOS
2017-05,ARRS
2017-05,ARW
2017-05,ASB
2017-05,ASH
2017-05,ATI
2017-05,ATO
2017-05,ATR
2017-05,AVP
2017-05,AVT
2017-05,BC
2017-05,BDC
2017-05,BID
2017-05,BIG
2017-05,BIO
2017-05,BIVV
2017-05,BKH
2017-05,BMS
2017-05,BOH
2017-05,BR
2017-05,BRCD
2017-05,BRO
2017-05,BWLD
2017-05,BXS
2017-05,CAA
2017-05,CAB
2017-05,CABO
2017-05,CAKE
2017-05,CAR
2017-05,CASY
2017-05,CATY
2017-05,CBRL
2017-05,CBSH
2017-05,CBT
2017-05,CC
2017-05,CCP
2017-05,CDK
2017-05,CDNS
2017-05,CFR
2017-05,CGNX
2017-05,CHDN
2017-05,CHFC
2017-05,CHS
2017-05,CIEN
2017-05,CLGX
2017-05,CLH
2017-05,CLI
2017-05,CMC
2017-05,CMP
2017-05,CNK
2017-05,CNO
2017-05,CNX
2017-05,COHR
2017-05,CONE
2017-05,CPRT
2017-05,CPT
2017-05,CR
2017-05,CREE
2017-05,CRI
2017-05,CRL
2017-05,CRS
2017-05,CRUS
2017-05,CSL
2017-05,CST
2017-05,CTB
2017-05,CTLT
2017-05,CUZ
2017-05,CVG
2017-05,CVLT
2017-05,CW
2017-05,CXW
2017-05,CY
2017-05,DAN
2017-05,DBD
2017-05,DCI
2017-05,DCT
2017-05,DDD
2017-05,DDS
2017-05,DECK
2017-05,DEI
2017-05,DF
2017-05,DKS
2017-05,DLX
2017-05,DNB
2017-05,DNKN
2017-05,DNOW
2017-05,DO
2017-05,DPZ
2017-05,DRE
2017-05,DRQ
2017-05,DST
2017-05,DV
2017-05,DY
2017-05,EAT
2017-05,EDR
2017-05,EGN
2017-05,EME
2017-05,ENDP
2017-05,ENR
2017-05,ENS
2017-05,EPC
2017-05,EPR
2017-05,ESL
2017-05,ESV
2017-05,EV
2017-05,EWBC
2017-05,EXP
2017-05,FAF
2017-05,FCN
2017-05,FDS
2017-05,FHN
2017-05,FICO
2017-05,FII
2017-05,FLO
2017-05,FNB
2017-05,FR
2017-05,FSLR
2017-05,FTNT
2017-05,FTR
2017-05,FULT
2017-05,GATX
2017-05,GEF
2017-05,GEO
2017-05,GGG
2017-05,GHC
2017-05,GME
2017-05,GMED
2017-05,GNTX
2017-05,GNW
2017-05,GPOR
2017-05,GVA
2017-05,GWR
2017-05,GXP
2017-05,HAIN
2017-05,HBHC
2017-05,HE
2017-05,HELE
2017-05,HFC
2017-05,HII
2017-05,HIW
2017-05,HLS
2017-05,HNI
2017-05,HPT
2017-05,HR
2017-05,HRC
2017-05,HSNI
2017-05,HUBB
2017-05,HYH
2017-05,IBOC
2017-05,IDA
2017-05,IDCC
2017-05,IDTI
2017-05,IEX
2017-05,INCR
2017-05,INGR
2017-05,INT
2017-05,IPGP
2017-05,ISCA
2017-05,ITT
2017-05,JACK
2017-05,JBL
2017-05,JBLU
2017-05,JCOM
2017-05,JCP
2017-05,JKHY
2017-05,JLL
2017-05,JNS
2017-05,JW.A
2017-05,KATE
2017-05,KBH
2017-05,KBR
2017-05,KEX
2017-05,KEYS
2017-05,KLXI
2017-05,KMPR
2017-05,KMT
2017-05,KN
2017-05,KRC
2017-05,LAMR
2017-05,LANC
2017-05,LDOS
2017-05,LECO
2017-05,LFUS
2017-05,LHO
2017-05,LII
2017-05,LIVN
2017-05,LM
2017-05,LNCE
2017-05,LOGM
2017-05,LPNT
2017-05,LPT
2017-05,LPX
2017-05,LSI
2017-05,LSTR
2017-05,LW
2017-05,LYV
2017-05,MAN
2017-05,MANH
2017-05,MASI
2017-05,MBFI
2017-05,MCY
2017-05,MD
2017-05,MDP
2017-05,MDRX
2017-05,MDU
2017-05,MIK
2017-05,MKTX
2017-05,MLHR
2017-05,MMS
2017-05,MOH
2017-05,MPW
2017-05,MPWR
2017-05,MSA
2017-05,MSCC
2017-05,MSCI
2017-05,MSM
2017-05,MTX
2017-05,MUSA
2017-05,NATI
2017-05,NBR
2017-05,NCR
2017-05,NDSN
2017-05,NEU
2017-05,NFG
2017-05,NJR
2017-05,NNN
2017-05,NSR
2017-05,NTCT
2017-05,NUS
2017-05,NUVA
2017-05,NVR
2017-05,NWE
2017-05,NYCB
2017-05,NYT
2017-05,OA
2017-05,ODFL
2017-05,ODP
2017-05,OFC
2017-05,OGE
2017-05,OGS
2017-05,OHI
2017-05,OI
2017-05,OII
2017-05,OIS
2017-05,OLN
2017-05,OMI
2017-05,ORI
2017-05,OSK
2017-05,OZRK
2017-05,PACW
2017-05,PAY
2017-05,PB
2017-05,PBF
2017-05,PBH
2017-05,PBI
2017-05,PCH
2017-05,PII
2017-05,PKG
2017-05,PLT
2017-05,PNM
2017-05,PNRA
2017-05,POL
2017-05,POOL
2017-05,POST
2017-05,PPL
2017-05,PRI
2017-05,PRXL
2017-05,PTC
2017-05,PTEN
2017-05,PVTB
2017-05,PZZA
2017-05,QCP
2017-05,QEP
2017-05,RBC
2017-05,RDC
2017-05,RE
2017-05,RGA
2017-05,RGLD
2017-05,RMD
2017-05,RNR
2017-05,ROL
2017-05,RPM
2017-05,RS
2017-05,RYN
2017-05,SABR
2017-05,SAIC
2017-05,SAM
2017-05,SBH
2017-05,SBNY
2017-05,SCI
2017-05,SEIC
2017-05,SF
2017-05,SFM
2017-05,SIVB
2017-05,SKT
2017-05,SKX
2017-05,SLAB
2017-05,SLGN
2017-05,SLM
2017-05,SM
2017-05,SMG
2017-05,SNH
2017-05,SNV
2017-05,SNX
2017-05,SON
2017-05,SPN
2017-05,STE
2017-05,STLD
2017-05,SWN
2017-05,SWX
2017-05,SXT
2017-05,SYNA
2017-05,TCB
2017-05,TCBI
2017-05,TCO
2017-05,TDS
2017-05,TDY
2017-05,TECD
2017-05,TECH
2017-05,TER
2017-05,TEX
2017-05,TFX
2017-05,THC
2017-05,THG
2017-05,THO
2017-05,THS
2017-05,TIME
2017-05,TKR
2017-05,TOL
2017-05,TPH
2017-05,TPX
2017-05,TR
2017-05,TRMB
2017-05,TRMK
2017-05,TRN
2017-05,TTC
2017-05,TTWO
2017-05,TUP
2017-05,TXRH
2017-05,TYL
2017-05,UBSI
2017-05,UE
2017-05,UFS
2017-05,UGI
2017-05,ULTI
2017-05,UMBF
2017-05,UMPQ
2017-05,UNFI
2017-05,UNIT
2017-05,URBN
2017-05,UTHR
2017-05,VAL
2017-05,VLY
2017-05,VMI
2017-05,VRX
2017-05,VSAT
2017-05,VSH
2017-05,VSM
2017-05,VVC
2017-05,VVV
2017-05,WAB
2017-05,WAFD
2017-05,WBMD
2017-05,WBS
2017-05,WCG
2017-05,WEN
2017-05,WERN
2017-05,WEX
2017-05,WGL
2017-05,WNR
2017-05,WOOF
2017-05,WOR
2017-05,WPG
2017-05,WPX
2017-05,WR
2017-05,WRB
2017-05,WRI
2017-05,WSM
2017-05,WSO
2017-05,WST
2017-05,WTFC
2017-05,WTR
2017-05,WWD
2017-05,X
2017-05,Y
2017-05,ZBRA
2017-06,AAN
2017-06,ABMD
2017-06,ACC
2017-06,ACHC
2017-06,ACIW
2017-06,ACM
2017-06,ACXM
2017-06,AEO
2017-06,AFG
2017-06,AGCO
2017-06,AHL
2017-06,AKRX
2017-06,ALEX
2017-06,ALGN
2017-06,AMCX
2017-06,ANSS
2017-06,AOS
2017-06,ARRS
2017-06,ARW
2017-06,ASB
2017-06,ASH
2017-06,ATI
2017-06,ATO
2017-06,ATR
2017-06,AVP
2017-06,AVT
2017-06,BC
2017-06,BDC
2017-06,BID
2017-06,BIG
2017-06,BIO
2017-06,BIVV
2017-06,BKH
2017-06,BMS
2017-06,BOH
2017-06,BR
2017-06,BRCD
2017-06,BRO
2017-06,BWLD
2017-06,BXS
2017-06,CAA
2017-06,CAB
2017-06,CABO
2017-06,CAKE
2017-06,CAR
2017-06,CARS
2017-06,CASY
2017-06,CATY
2017-06,CBRL
2017-06,CBSH
2017-06,CBT
2017-06,CC
2017-06,CCP
2017-06,CDK
2017-06,CDNS
2017-06,CFR
2017-06,CGNX
2017-06,CHDN
2017-06,CHFC
2017-06,CHS
2017-06,CIEN
2017-06,CLGX
2017-06,CLH
2017-06,CLI
2017-06,CMC
2017-06,CMP
2017-06,CNK
2017-06,CNO
2017-06,CNX
2017-06,COHR
2017-06,CONE
2017-06,CPRT
2017-06,CPT
2017-06,CR
2017-06,CREE
2017-06,CRI
2017-06,CRL
2017-06,CRS
2017-06,CRUS
2017-06,CSL
2017-06,CST
2017-06,CTB
2017-06,CTLT
2017-06,CUZ
2017-06,CVG
2017-06,CVLT
2017-06,CW
2017-06,CXW
2017-06,CY
2017-06,DAN
2017-06,DBD
2017-06,DCI
2017-06,DCT
2017-06,DDD
2017-06,DDS
2017-06,DECK
2017-06,DEI
2017-06,DF
2017-06,DKS
2017-06,DLX
2017-06,DNB
2017-06,DNKN
2017-06,DNOW
2017-06,DO
2017-06,DPZ
2017-06,DRE
2017-06,DRQ
2017-06,DST
2017-06,DV
2017-06,DY
2017-06,EAT
2017-06,EDR
2017-06,EGN
2017-06,EME
2017-06,ENDP
2017-06,ENR
2017-06,ENS
2017-06,EPC
2017-06,EPR
2017-06,ESL
2017-06,ESV
2017-06,EV
2017-06,EWBC
2017-06,EXP
2017-06,FAF
2017-06,FCN
2017-06,FDS
2017-06,FHN
2017-06,FICO
2017-06,FII
2017-06,FLO
2017-06,FNB
2017-06,FR
2017-06,FSLR
2017-06,FTNT
2017-06,FTR
2017-06,FULT
2017-06,GATX
2017-06,GEF
2017-06,GEO
2017-06,GGG
2017-06,GHC
2017-06,GME
2017-06,GMED
2017-06,GNTX
2017-06,GNW
2017-06,GPOR
2017-06,GVA
2017-06,GWR
2017-06,GXP
2017-06,HAIN
2017-06,HBHC
2017-06,HE
2017-06,HELE
2017-06,HFC
2017-06,HII
2017-06,HIW
2017-06,HLS
2017-06,HNI
2017-06,HOMB
2017-06,HPT
2017-06,HR
2017-06,HRC
2017-06,HSNI
2017-06,HUBB
2017-06,HYH
2017-06,IBOC
2017-06,IDA
2017-06,IDCC
2017-06,IDTI
2017-06,IEX
2017-06,INCR
2017-06,INGR
2017-06,INT
2017-06,IPGP
2017-06,ISCA
2017-06,ITT
2017-06,JACK
2017-06,JBL
2017-06,JBLU
2017-06,JCOM
2017-06,JHG
2017-06,JKHY
2017-06,JLL
2017-06,JW.A
2017-06,KATE
2017-06,KBH
2017-06,KBR
2017-06,KEX
2017-06,KEYS
2017-06,KLXI
2017-06,KMPR
2017-06,KMT
2017-06,KN
2017-06,KRC
2017-06,LAMR
2017-06,LANC
2017-06,LDOS
2017-06,LECO
2017-06,LFUS
2017-06,LHO
2017-06,LII
2017-06,LIVN
2017-06,LM
2017-06,LNCE
2017-06,LOGM
2017-06,LPNT
2017-06,LPT
2017-06,LPX
2017-06,LSI
2017-06,LSTR
2017-06,LW
2017-06,LYV
2017-06,MAN
2017-06,MANH
2017-06,MASI
2017-06,MBFI
2017-06,MCY
2017-06,MD
2017-06,MDP
2017-06,MDRX
2017-06,MDSO
2017-06,MDU
2017-06,MIK
2017-06,MKTX
2017-06,MLHR
2017-06,MMS
2017-06,MOH
2017-06,MPW
2017-06,MPWR
2017-06,MSA
2017-06,MSCC
2017-06,MSCI
2017-06,MSM
2017-06,MTDR
2017-06,MTX
2017-06,MUSA
2017-06,NATI
2017-06,NBR
2017-06,NCR
2017-06,NDSN
2017-06,NEU
2017-06,NFG
2017-06,NJR
2017-06,NNN
2017-06,NSR
2017-06,NTCT
2017-06,NUS
2017-06,NUVA
2017-06,NVR
2017-06,NWE
2017-06,NYCB
2017-06,NYT
2017-06,OA
2017-06,ODFL
2017-06,ODP
2017-06,OFC
2017-06,OGE
2017-06,OGS
2017-06,OHI
2017-06,OI
2017-06,OII
2017-06,OIS
2017-06,OLN
2017-06,OMI
2017-06,ORI
2017-06,OSK
2017-06,OZRK
2017-06,PACW
2017-06,PAY
2017-06,PB
2017-06,PBF
2017-06,PBH
2017-06,PBI
2017-06,PCH
2017-06,PII
2017-06,PKG
2017-06,PLT
2017-06,PNM
2017-06,PNRA
2017-06,POL
2017-06,POOL
2017-06,POST
2017-06,PPL
2017-06,PRI
2017-06,PRXL
2017-06,PTC
2017-06,PTEN
2017-06,PZZA
2017-06,QCP
2017-06,QEP
2017-06,RBC
2017-06,RDC
2017-06,RE
2017-06,RGA
2017-06,RGLD
2017-06,RMD
2017-06,RNR
2017-06,ROL
2017-06,RPM
2017-06,RS
2017-06,RYN
2017-06,SABR
2017-06,SAIC
2017-06,SAM
2017-06,SBH
2017-06,SBNY
2017-06,SCI
2017-06,SEIC
2017-06,SF
2017-06,SFM
2017-06,SIVB
2017-06,SKT
2017-06,SKX
2017-06,SLAB
2017-06,SLGN
2017-06,SLM
2017-06,SM
2017-06,SMG
2017-06,SNH
2017-06,SNV
2017-06,SNX
2017-06,SON
2017-06,SPN
2017-06,STE
2017-06,STLD
2017-06,SWN
2017-06,SWX
2017-06,SXT
2017-06,SYNA
2017-06,TCB
2017-06,TCBI
2017-06,TCO
2017-06,TDS
2017-06,TDY
2017-06,TECD
2017-06,TECH
2017-06,TER
2017-06,TEX
2017-06,TFX
2017-06,TGNA
2017-06,THC
2017-06,THG
2017-06,THO
2017-06,THS
2017-06,TKR
2017-06,TOL
2017-06,TPH
2017-06,TPX
2017-06,TR
2017-06,TRMB
2017-06,TRMK
2017-06,TRN
2017-06,TTC
2017-06,TTWO
2017-06,TUP
2017-06,TXRH
2017-06,TYL
2017-06,UBSI
2017-06,UE
2017-06,UFS
2017-06,UGI
2017-06,ULTI
2017-06,UMBF
2017-06,UMPQ
2017-06,UNFI
2017-06,UNIT
2017-06,URBN
2017-06,UTHR
2017-06,VLY
2017-06,VMI
2017-06,VRX
2017-06,VSAT
2017-06,VSH
2017-06,VSM
2017-06,VVC
2017-06,VVV
2017-06,WAB
2017-06,WAFD
2017-06,WBMD
2017-06,WBS
2017-06,WCG
2017-06,WEN
2017-06,WERN
2017-06,WEX
2017-06,WGL
2017-06,WOOF
2017-06,WOR
2017-06,WPG
2017-06,WPX
2017-06,WR
2017-06,WRB
2017-06,WRI
2017-06,WSM
2017-06,WSO
2017-06,WST
2017-06,WTFC
2017-06,WTR
2017-06,WWD
2017-06,X
2017-06,Y
2017-06,ZBRA
2017-07,AAN
2017-07,ABMD
2017-07,ACC
2017-07,ACHC
2017-07,ACIW
2017-07,ACM
2017-07,ACXM
2017-07,AEO
2017-07,AFG
2017-07,AGCO
2017-07,AHL
2017-07,AKRX
2017-07,ALEX
2017-07,AMCX
2017-07,AOS
2017-07,ARRS
2017-07,ARW
2017-07,ASB
2017-07,ASH
2017-07,ATI
2017-07,ATO
2017-07,ATR
2017-07,AVP
2017-07,AVT
2017-07,BC
2017-07,BDC
2017-07,BID
2017-07,BIG
2017-07,BIO
2017-07,BIVV
2017-07,BKH
2017-07,BLKB
2017-07,BMS
2017-07,BOH
2017-07,BR
2017-07,BRCD
2017-07,BRO
2017-07,BWLD
2017-07,BXS
2017-07,CAA
2017-07,CAB
2017-07,CABO
2017-07,CAKE
2017-07,CAR
2017-07,CARS
2017-07,CASY
2017-07,CATY
2017-07,CBRL
2017-07,CBSH
2017-07,CBT
2017-07,CC
2017-07,CCP
2017-07,CDK
2017-07,CDNS
2017-07,CFR
2017-07,CGNX
2017-07,CHDN
2017-07,CHFC
2017-07,CIEN
2017-07,CLB
2017-07,CLGX
2017-07,CLH
2017-07,CLI
2017-07,CMC
2017-07,CMP
2017-07,CNK
2017-07,CNO
2017-07,CNX
2017-07,COHR
2017-07,CONE
2017-07,CPRT
2017-07,CPT
2017-07,CR
2017-07,CREE
2017-07,CRI
2017-07,CRL
2017-07,CRS
2017-07,CRUS
2017-07,CSL
2017-07,CTB
2017-07,CTLT
2017-07,CUZ
2017-07,CVG
2017-07,CVLT
2017-07,CW
2017-07,CXW
2017-07,CY
2017-07,DAN
2017-07,DBD
2017-07,DCI
2017-07,DCT
2017-07,DDD
2017-07,DDS
2017-07,DECK
2017-07,DEI
2017-07,DF
2017-07,DKS
2017-07,DLX
2017-07,DNB
2017-07,DNKN
2017-07,DNOW
2017-07,DO
2017-07,DPZ
2017-07,DRE
2017-07,DRQ
2017-07,DST
2017-07,DV
2017-07,DY
2017-07,EAT
2017-07,EDR
2017-07,EGN
2017-07,EME
2017-07,ENDP
2017-07,ENR
2017-07,ENS
2017-07,EPC
2017-07,EPR
2017-07,ESL
2017-07,ESV
2017-07,EV
2017-07,EWBC
2017-07,EXP
2017-07,FAF
2017-07,FCN
2017-07,FDS
2017-07,FHN
2017-07,FICO
2017-07,FII
2017-07,FLO
2017-07,FNB
2017-07,FR
2017-07,FSLR
2017-07,FTNT
2017-07,FTR
2017-07,FULT
2017-07,GATX
2017-07,GEF
2017-07,GEO
2017-07,GGG
2017-07,GHC
2017-07,GME
2017-07,GMED
2017-07,GNTX
2017-07,GNW
2017-07,GPOR
2017-07,GVA
2017-07,GWR
2017-07,GXP
2017-07,HAIN
2017-07,HBHC
2017-07,HE
2017-07,HELE
2017-07,HFC
2017-07,HII
2017-07,HIW
2017-07,HLS
2017-07,HNI
2017-07,HOMB
2017-07,HPT
2017-07,HR
2017-07,HRC
2017-07,HSNI
2017-07,HUBB
2017-07,HYH
2017-07,IBOC
2017-07,IDA
2017-07,IDCC
2017-07,IDTI
2017-07,IEX
2017-07,INCR
2017-07,INGR
2017-07,INT
2017-07,IPGP
2017-07,ISCA
2017-07,ITT
2017-07,JACK
2017-07,JBGS
2017-07,JBL
2017-07,JBLU
2017-07,JCOM
2017-07,JHG
2017-07,JKHY
2017-07,JLL
2017-07,JW.A
2017-07,KBH
2017-07,KBR
2017-07,KEX
2017-07,KEYS
2017-07,KLXI
2017-07,KMPR
2017-07,KMT
2017-07,KN
2017-07,KNX
2017-07,KRC
2017-07,LAMR
2017-07,LANC
2017-07,LDOS
2017-07,LECO
2017-07,LFUS
2017-07,LHO
2017-07,LII
2017-07,LIVN
2017-07,LM
2017-07,LNCE
2017-07,LOGM
2017-07,LPNT
2017-07,LPT
2017-07,LPX
2017-07,LSI
2017-07,LSTR
2017-07,LW
2017-07,LYV
2017-07,MAN
2017-07,MANH
2017-07,MASI
2017-07,MBFI
2017-07,MCY
2017-07,MD
2017-07,MDP
2017-07,MDRX
2017-07,MDSO
2017-07,MDU
2017-07,MIK
2017-07,MKTX
2017-07,MLHR
2017-07,MMS
2017-07,MOH
2017-07,MPW
2017-07,MPWR
2017-07,MSA
2017-07,MSCC
2017-07,MSCI
2017-07,MSM
2017-07,MTDR
2017-07,MTX
2017-07,MUSA
2017-07,NATI
2017-07,NBR
2017-07,NCR
2017-07,NDSN
2017-07,NEU
2017-07,NFG
2017-07,NJR
2017-07,NNN
2017-07,NSR
2017-07,NTCT
2017-07,NUS
2017-07,NUVA
2017-07,NVR
2017-07,NWE
2017-07,NYCB
2017-07,NYT
2017-07,OA
2017-07,ODFL
2017-07,ODP
2017-07,OFC
2017-07,OGE
2017-07,OGS
2017-07,OHI
2017-07,OI
2017-07,OII
2017-07,OIS
2017-07,OLN
2017-07,OMI
2017-07,ORI
2017-07,OSK
2017-07,OZRK
2017-07,PACW
2017-07,PAY
2017-07,PB
2017-07,PBF
2017-07,PBH
2017-07,PBI
2017-07,PCH
2017-07,PII
2017-07,PKG
2017-07,PLT
2017-07,PNM
2017-07,POL
2017-07,POOL
2017-07,POST
2017-07,PRI
2017-07,PRXL
2017-07,PTC
2017-07,PTEN
2017-07,PZZA
2017-07,QCP
2017-07,QEP
2017-07,R
2017-07,RBC
2017-07,RDC
2017-07,RE
2017-07,RGA
2017-07,RGLD
2017-07,RMD
2017-07,RNR
2017-07,ROL
2017-07,RPM
2017-07,RS
2017-07,RYN
2017-07,SABR
2017-07,SAIC
2017-07,SAM
2017-07,SBH
2017-07,SBNY
2017-07,SCI
2017-07,SEIC
2017-07,SF
2017-07,SFM
2017-07,SIVB
2017-07,SKT
2017-07,SKX
2017-07,SLAB
2017-07,SLGN
2017-07,SLM
2017-07,SM
2017-07,SMG
2017-07,SNH
2017-07,SNV
2017-07,SNX
2017-07,SON
2017-07,SPN
2017-07,STE
2017-07,STLD
2017-07,SWN
2017-07,SWX
2017-07,SXT
2017-07,SYNA
2017-07,TCB
2017-07,TCBI
2017-07,TCO
2017-07,TDC
2017-07,TDS
2017-07,TDY
2017-07,TECD
2017-07,TECH
2017-07,TER
2017-07,TEX
2017-07,TFX
2017-07,TGNA
2017-07,THC
2017-07,THG
2017-07,THO
2017-07,THS
2017-07,TKR
2017-07,TOL
2017-07,TPH
2017-07,TPX
2017-07,TR
2017-07,TRMB
2017-07,TRMK
2017-07,TRN
2017-07,TTC
2017-07,TTWO
2017-07,TUP
2017-07,TXRH
2017-07,TYL
2017-07,UBSI
2017-07,UE
2017-07,UFS
2017-07,UGI
2017-07,ULTI
2017-07,UMBF
2017-07,UMPQ
2017-07,UNFI
2017-07,UNIT
2017-07,URBN
2017-07,UTHR
2017-07,VLY
2017-07,VMI
2017-07,VSAT
2017-07,VSH
2017-07,VSM
2017-07,VVC
2017-07,VVV
2017-07,WAB
2017-07,WAFD
2017-07,WBMD
2017-07,WBS
2017-07,WCG
2017-07,WEN
2017-07,WERN
2017-07,WEX
2017-07,WGL
2017-07,WOOF
2017-07,WOR
2017-07,WPG
2017-07,WPX
2017-07,WR
2017-07,WRB
2017-07,WRI
2017-07,WSM
2017-07,WSO
2017-07,WST
2017-07,WTFC
2017-07,WTR
2017-07,WWD
2017-07,X
2017-07,Y
2017-07,ZBRA
2017-08,AAN
2017-08,ABMD
2017-08,ACC
2017-08,ACHC
2017-08,ACIW
2017-08,ACM
2017-08,ACXM
2017-08,AEO
2017-08,AFG
2017-08,AGCO
2017-08,AHL
2017-08,AKRX
2017-08,ALEX
2017-08,AMCX
2017-08,AN
2017-08,ARRS
2017-08,ARW
2017-08,ASB
2017-08,ASH
2017-08,ATI
2017-08,ATO
2017-08,ATR
2017-08,AVP
2017-08,AVT
2017-08,BBBY
2017-08,BC
2017-08,BDC
2017-08,BID
2017-08,BIG
2017-08,BIO
2017-08,BIVV
2017-08,BKH
2017-08,BLKB
2017-08,BMS
2017-08,BOH
2017-08,BR
2017-08,BRCD
2017-08,BRO
2017-08,BWLD
2017-08,BXS
2017-08,CAA
2017-08,CAB
2017-08,CABO
2017-08,CAKE
2017-08,CAR
2017-08,CARS
2017-08,CASY
2017-08,CATY
2017-08,CBRL
2017-08,CBSH
2017-08,CBT
2017-08,CC
2017-08,CCP
2017-08,CDK
2017-08,CDNS
2017-08,CFR
2017-08,CGNX
2017-08,CHDN
2017-08,CHFC
2017-08,CIEN
2017-08,CLB
2017-08,CLGX
2017-08,CLH
2017-08,CLI
2017-08,CMC
2017-08,CMP
2017-08,CNK
2017-08,CNO
2017-08,CNX
2017-08,COHR
2017-08,CONE
2017-08,CPRT
2017-08,CPT
2017-08,CR
2017-08,CREE
2017-08,CRI
2017-08,CRL
2017-08,CRS
2017-08,CRUS
2017-08,CSL
2017-08,CTB
2017-08,CTLT
2017-08,CUZ
2017-08,CVG
2017-08,CVLT
2017-08,CW
2017-08,CXW
2017-08,CY
2017-08,DAN
2017-08,DBD
2017-08,DCI
2017-08,DCT
2017-08,DDD
2017-08,DDS
2017-08,DECK
2017-08,DEI
2017-08,DF
2017-08,DKS
2017-08,DLX
2017-08,DNB
2017-08,DNKN
2017-08,DNOW
2017-08,DO
2017-08,DPZ
2017-08,DRQ
2017-08,DST
2017-08,DV
2017-08,DY
2017-08,EAT
2017-08,EDR
2017-08,EGN
2017-08,EME
2017-08,ENDP
2017-08,ENR
2017-08,ENS
2017-08,EPC
2017-08,EPR
2017-08,ESL
2017-08,ESV
2017-08,EV
2017-08,EWBC
2017-08,EXP
2017-08,FAF
2017-08,FDS
2017-08,FHN
2017-08,FICO
2017-08,FII
2017-08,FLO
2017-08,FNB
2017-08,FR
2017-08,FSLR
2017-08,FTNT
2017-08,FTR
2017-08,FULT
2017-08,GATX
2017-08,GEF
2017-08,GEO
2017-08,GGG
2017-08,GHC
2017-08,GME
2017-08,GMED
2017-08,GNTX
2017-08,GNW
2017-08,GPOR
2017-08,GVA
2017-08,GWR
2017-08,GXP
2017-08,HAIN
2017-08,HBHC
2017-08,HE
2017-08,HELE
2017-08,HFC
2017-08,HII
2017-08,HIW
2017-08,HLS
2017-08,HNI
2017-08,HOMB
2017-08,HPT
2017-08,HR
2017-08,HRC
2017-08,HSNI
2017-08,HUBB
2017-08,HYH
2017-08,IBOC
2017-08,IDA
2017-08,IDCC
2017-08,IDTI
2017-08,IEX
2017-08,INCR
2017-08,INGR
2017-08,INT
2017-08,IPGP
2017-08,ISCA
2017-08,ITT
2017-08,JACK
2017-08,JBGS
2017-08,JBL
2017-08,JBLU
2017-08,JCOM
2017-08,JHG
2017-08,JKHY
2017-08,JLL
2017-08,JW.A
2017-08,KBH
2017-08,KBR
2017-08,KEX
2017-08,KEYS
2017-08,KLXI
2017-08,KMPR
2017-08,KMT
2017-08,KN
2017-08,KNX
2017-08,KRC
2017-08,LAMR
2017-08,LANC
2017-08,LDOS
2017-08,LECO
2017-08,LFUS
2017-08,LHO
2017-08,LII
2017-08,LIVN
2017-08,LM
2017-08,LNCE
2017-08,LOGM
2017-08,LPNT
2017-08,LPT
2017-08,LPX
2017-08,LSI
2017-08,LSTR
2017-08,LW
2017-08,LYV
2017-08,MAN
2017-08,MANH
2017-08,MASI
2017-08,MBFI
2017-08,MCY
2017-08,MD
2017-08,MDP
2017-08,MDRX
2017-08,MDSO
2017-08,MDU
2017-08,MIK
2017-08,MKTX
2017-08,MLHR
2017-08,MMS
2017-08,MNK
2017-08,MOH
2017-08,MPW
2017-08,MPWR
2017-08,MSA
2017-08,MSCC
2017-08,MSCI
2017-08,MSM
2017-08,MTDR
2017-08,MTX
2017-08,MUR
2017-08,MUSA
2017-08,NATI
2017-08,NBR
2017-08,NCR
2017-08,NDSN
2017-08,NEU
2017-08,NFG
2017-08,NJR
2017-08,NNN
2017-08,NSR
2017-08,NTCT
2017-08,NUS
2017-08,NUVA
2017-08,NVR
2017-08,NWE
2017-08,NYCB
2017-08,NYT
2017-08,OA
2017-08,ODFL
2017-08,ODP
2017-08,OFC
2017-08,OGE
2017-08,OGS
2017-08,OHI
2017-08,OI
2017-08,OII
2017-08,OIS
2017-08,OLN
2017-08,OMI
2017-08,ORI
2017-08,OSK
2017-08,OZRK
2017-08,PACW
2017-08,PAY
2017-08,PB
2017-08,PBF
2017-08,PBH
2017-08,PBI
2017-08,PCH
2017-08,PII
2017-08,PLT
2017-08,PNM
2017-08,POL
2017-08,POOL
2017-08,POST
2017-08,PRI
2017-08,PRXL
2017-08,PTC
2017-08,PTEN
2017-08,PZZA
2017-08,QCP
2017-08,QEP
2017-08,R
2017-08,RBC
2017-08,RDC
2017-08,RE
2017-08,RGA
2017-08,RGLD
2017-08,RIG
2017-08,RNR
2017-08,ROL
2017-08,RPM
2017-08,RS
2017-08,RYN
2017-08,SABR
2017-08,SAIC
2017-08,SAM
2017-08,SBH
2017-08,SBNY
2017-08,SCI
2017-08,SEIC
2017-08,SF
2017-08,SFM
2017-08,SIVB
2017-08,SKT
2017-08,SKX
2017-08,SLAB
2017-08,SLGN
2017-08,SLM
2017-08,SM
2017-08,SMG
2017-08,SNH
2017-08,SNV
2017-08,SNX
2017-08,SON
2017-08,SPN
2017-08,STE
2017-08,STLD
2017-08,SWN
2017-08,SWX
2017-08,SXT
2017-08,SYNA
2017-08,TCB
2017-08,TCBI
2017-08,TCO
2017-08,TDC
2017-08,TDS
2017-08,TDY
2017-08,TECD
2017-08,TECH
2017-08,TER
2017-08,TEX
2017-08,TFX
2017-08,TGNA
2017-08,THC
2017-08,THG
2017-08,THO
2017-08,THS
2017-08,TKR
2017-08,TOL
2017-08,TPH
2017-08,TPX
2017-08,TR
2017-08,TRMB
2017-08,TRMK
2017-08,TRN
2017-08,TTC
2017-08,TTWO
2017-08,TUP
2017-08,TXRH
2017-08,TYL
2017-08,UBSI
2017-08,UE
2017-08,UFS
2017-08,UGI
2017-08,ULTI
2017-08,UMBF
2017-08,UMPQ
2017-08,UNFI
2017-08,UNIT
2017-08,URBN
2017-08,UTHR
2017-08,VLY
2017-08,VMI
2017-08,VSAT
2017-08,VSH
2017-08,VSM
2017-08,VVC
2017-08,VVV
2017-08,WAB
2017-08,WAFD
2017-08,WBMD
2017-08,WBS
2017-08,WCG
2017-08,WEN
2017-08,WERN
2017-08,WEX
2017-08,WGL
2017-08,WOOF
2017-08,WOR
2017-08,WPG
2017-08,WPX
2017-08,WR
2017-08,WRB
2017-08,WRI
2017-08,WSM
2017-08,WSO
2017-08,WST
2017-08,WTFC
2017-08,WTR
2017-08,WWD
2017-08,X
2017-08,Y
2017-08,ZBRA
2017-09,AAN
2017-09,ABMD
2017-09,ACC
2017-09,ACHC
2017-09,ACIW
2017-09,ACM
2017-09,ACXM
2017-09,AEO
2017-09,AFG
2017-09,AGCO
2017-09,AHL
2017-09,AKRX
2017-09,ALEX
2017-09,AMCX
2017-09,AN
2017-09,ARRS
2017-09,ARW
2017-09,ASB
2017-09,ASH
2017-09,ATI
2017-09,ATO
2017-09,ATR
2017-09,AVP
2017-09,AVT
2017-09,BBBY
2017-09,BC
2017-09,BCO
2017-09,BDC
2017-09,BID
2017-09,BIG
2017-09,BIO
2017-09,BIVV
2017-09,BKH
2017-09,BLKB
2017-09,BMS
2017-09,BOH
2017-09,BR
2017-09,BRCD
2017-09,BRO
2017-09,BWLD
2017-09,BXS
2017-09,CAA
2017-09,CAB
2017-09,CABO
2017-09,CAKE
2017-09,CAR
2017-09,CARS
2017-09,CASY
2017-09,CATY
2017-09,CBRL
2017-09,CBSH
2017-09,CBT
2017-09,CC
2017-09,CDK
2017-09,CFR
2017-09,CGNX
2017-09,CHDN
2017-09,CHFC
2017-09,CIEN
2017-09,CLB
2017-09,CLGX
2017-09,CLH
2017-09,CLI
2017-09,CMC
2017-09,CMP
2017-09,CNK
2017-09,CNO
2017-09,CNX
2017-09,COHR
2017-09,CONE
2017-09,COR
2017-09,CPE
2017-09,CPRT
2017-09,CPT
2017-09,CR
2017-09,CREE
2017-09,CRI
2017-09,CRL
2017-09,CRS
2017-09,CRUS
2017-09,CSL
2017-09,CTB
2017-09,CTLT
2017-09,CUZ
2017-09,CVG
2017-09,CVLT
2017-09,CW
2017-09,CXW
2017-09,CY
2017-09,DAN
2017-09,DBD
2017-09,DCI
2017-09,DCT
2017-09,DDD
2017-09,DDS
2017-09,DECK
2017-09,DEI
2017-09,DF
2017-09,DKS
2017-09,DLX
2017-09,DNB
2017-09,DNKN
2017-09,DNOW
2017-09,DO
2017-09,DPZ
2017-09,DRQ
2017-09,DST
2017-09,DV
2017-09,DY
2017-09,EAT
2017-09,EDR
2017-09,EGN
2017-09,EME
2017-09,ENDP
2017-09,ENR
2017-09,ENS
2017-09,EPC
2017-09,EPR
2017-09,ESL
2017-09,ESV
2017-09,EV
2017-09,EWBC
2017-09,EXP
2017-09,FAF
2017-09,FDS
2017-09,FHN
2017-09,FICO
2017-09,FII
2017-09,FLO
2017-09,FNB
2017-09,FR
2017-09,FSLR
2017-09,FTNT
2017-09,FTR
2017-09,FULT
2017-09,GATX
2017-09,GEF
2017-09,GEO
2017-09,GGG
2017-09,GHC
2017-09,GME
2017-09,GMED
2017-09,GNTX
2017-09,GNW
2017-09,GPOR
2017-09,GVA
2017-09,GWR
2017-09,GXP
2017-09,HAIN
2017-09,HBHC
2017-09,HE
2017-09,HELE
2017-09,HFC
2017-09,HII
2017-09,HIW
2017-09,HLS
2017-09,HNI
2017-09,HOMB
2017-09,HPT
2017-09,HR
2017-09,HRC
2017-09,HSNI
2017-09,HUBB
2017-09,HYH
2017-09,IBOC
2017-09,IDA
2017-09,IDCC
2017-09,IDTI
2017-09,IEX
2017-09,ILG
2017-09,INCR
2017-09,INGR
2017-09,INT
2017-09,IPGP
2017-09,ISCA
2017-09,ITT
2017-09,JACK
2017-09,JBGS
2017-09,JBL
2017-09,JBLU
2017-09,JCOM
2017-09,JHG
2017-09,JKHY
2017-09,JLL
2017-09,JW.A
2017-09,KBH
2017-09,KBR
2017-09,KEX
2017-09,KEYS
2017-09,KLXI
2017-09,KMPR
2017-09,KMT
2017-09,KN
2017-09,KNX
2017-09,KRC
2017-09,LAMR
2017-09,LANC
2017-09,LDOS
2017-09,LECO
2017-09,LFUS
2017-09,LHO
2017-09,LII
2017-09,LIVN
2017-09,LM
2017-09,LNCE
2017-09,LOGM
2017-09,LPNT
2017-09,LPT
2017-09,LPX
2017-09,LSI
2017-09,LSTR
2017-09,LW
2017-09,LYV
2017-09,MAN
2017-09,MANH
2017-09,MASI
2017-09,MBFI
2017-09,MCY
2017-09,MD
2017-09,MDP
2017-09,MDRX
2017-09,MDSO
2017-09,MDU
2017-09,MIK
2017-09,MKTX
2017-09,MLHR
2017-09,MMS
2017-09,MNK
2017-09,MOH
2017-09,MPW
2017-09,MPWR
2017-09,MSA
2017-09,MSCC
2017-09,MSCI
2017-09,MSM
2017-09,MTDR
2017-09,MTX
2017-09,MUR
2017-09,MUSA
2017-09,NATI
2017-09,NBR
2017-09,NCR
2017-09,NDSN
2017-09,NEU
2017-09,NFG
2017-09,NJR
2017-09,NNN
2017-09,NTCT
2017-09,NUS
2017-09,NUVA
2017-09,NVR
2017-09,NWE
2017-09,NYCB
2017-09,NYT
2017-09,OA
2017-09,ODFL
2017-09,ODP
2017-09,OFC
2017-09,OGE
2017-09,OGS
2017-09,OHI
2017-09,OI
2017-09,OII
2017-09,OIS
2017-09,OLN
2017-09,OMI
2017-09,ORI
2017-09,OSK
2017-09,OZRK
2017-09,PACW
2017-09,PAY
2017-09,PB
2017-09,PBF
2017-09,PBH
2017-09,PBI
2017-09,PCH
2017-09,PII
2017-09,PLT
2017-09,PNM
2017-09,POL
2017-09,POOL
2017-09,POST
2017-09,PRI
2017-09,PRXL
2017-09,PTC
2017-09,PTEN
2017-09,PZZA
2017-09,QCP
2017-09,QEP
2017-09,R
2017-09,RBC
2017-09,RDC
2017-09,RE
2017-09,RGA
2017-09,RGLD
2017-09,RIG
2017-09,RNR
2017-09,ROL
2017-09,RPM
2017-09,RS
2017-09,RYN
2017-09,SABR
2017-09,SAIC
2017-09,SAM
2017-09,SBH
2017-09,SBNY
2017-09,SBRA
2017-09,SCI
2017-09,SEIC
2017-09,SF
2017-09,SFM
2017-09,SIVB
2017-09,SKT
2017-09,SKX
2017-09,SLAB
2017-09,SLGN
2017-09,SLM
2017-09,SM
2017-09,SMG
2017-09,SNH
2017-09,SNV
2017-09,SNX
2017-09,SON
2017-09,SPN
2017-09,STE
2017-09,STLD
2017-09,SWN
2017-09,SWX
2017-09,SXT
2017-09,SYNA
2017-09,TCB
2017-09,TCBI
2017-09,TCO
2017-09,TDC
2017-09,TDS
2017-09,TDY
2017-09,TECD
2017-09,TECH
2017-09,TER
2017-09,TEX
2017-09,TFX
2017-09,TGNA
2017-09,THC
2017-09,THG
2017-09,THO
2017-09,THS
2017-09,TKR
2017-09,TOL
2017-09,TPH
2017-09,TPX
2017-09,TR
2017-09,TRMB
2017-09,TRMK
2017-09,TRN
2017-09,TTC
2017-09,TTWO
2017-09,TUP
2017-09,TXRH
2017-09,TYL
2017-09,UBSI
2017-09,UE
2017-09,UFS
2017-09,UGI
2017-09,ULTI
2017-09,UMBF
2017-09,UMPQ
2017-09,UNFI
2017-09,UNIT
2017-09,URBN
2017-09,UTHR
2017-09,VLY
2017-09,VMI
2017-09,VSAT
2017-09,VSH
2017-09,VSM
2017-09,VVC
2017-09,VVV
2017-09,WAB
2017-09,WAFD
2017-09,WBS
2017-09,WCG
2017-09,WEN
2017-09,WERN
2017-09,WEX
2017-09,WGL
2017-09,WOR
2017-09,WPG
2017-09,WPX
2017-09,WR
2017-09,WRB
2017-09,WRI
2017-09,WSM
2017-09,WSO
2017-09,WST
2017-09,WTFC
2017-09,WTR
2017-09,WWD
2017-09,X
2017-09,Y
2017-09,ZBRA
2017-10,AAN
2017-10,ABMD
2017-10,ACC
2017-10,ACHC
2017-10,ACIW
2017-10,ACM
2017-10,ACXM
2017-10,AEO
2017-10,AFG
2017-10,AGCO
2017-10,AHL
2017-10,AKRX
2017-10,ALEX
2017-10,AMCX
2017-10,AN
2017-10,ARRS
2017-10,ARW
2017-10,ASB
2017-10,ASH
2017-10,ATGE
2017-10,ATI
2017-10,ATO
2017-10,ATR
2017-10,AVP
2017-10,AVT
2017-10,BBBY
2017-10,BC
2017-10,BCO
2017-10,BDC
2017-10,BID
2017-10,BIG
2017-10,BIO
2017-10,BIVV
2017-10,BKH
2017-10,BLKB
2017-10,BMS
2017-10,BOH
2017-10,BR
2017-10,BRCD
2017-10,BRO
2017-10,BWLD
2017-10,BXS
2017-10,CAA
2017-10,CABO
2017-10,CAKE
2017-10,CAR
2017-10,CARS
2017-10,CASY
2017-10,CATY
2017-10,CBRL
2017-10,CBSH
2017-10,CBT
2017-10,CC
2017-10,CDK
2017-10,CFR
2017-10,CGNX
2017-10,CHDN
2017-10,CHFC
2017-10,CIEN
2017-10,CLB
2017-10,CLGX
2017-10,CLH
2017-10,CLI
2017-10,CMC
2017-10,CMP
2017-10,CNK
2017-10,CNO
2017-10,CNX
2017-10,COHR
2017-10,CONE
2017-10,COR
2017-10,CPE
2017-10,CPRT
2017-10,CPT
2017-10,CR
2017-10,CREE
2017-10,CRI
2017-10,CRL
2017-10,CRS
2017-10,CRUS
2017-10,CSL
2017-10,CTB
2017-10,CTLT
2017-10,CUZ
2017-10,CVG
2017-10,CVLT
2017-10,CW
2017-10,CXW
2017-10,CY
2017-10,DAN
2017-10,DBD
2017-10,DCI
2017-10,DCT
2017-10,DDD
2017-10,DDS
2017-10,DECK
2017-10,DEI
2017-10,DF
2017-10,DKS
2017-10,DLX
2017-10,DNB
2017-10,DNKN
2017-10,DNOW
2017-10,DO
2017-10,DPZ
2017-10,DRQ
2017-10,DST
2017-10,DY
2017-10,EAT
2017-10,EDR
2017-10,EGN
2017-10,EME
2017-10,ENDP
2017-10,ENR
2017-10,ENS
2017-10,EPC
2017-10,EPR
2017-10,ESL
2017-10,ESV
2017-10,EV
2017-10,EWBC
2017-10,EXP
2017-10,FAF
2017-10,FDS
2017-10,FHN
2017-10,FICO
2017-10,FII
2017-10,FLO
2017-10,FNB
2017-10,FR
2017-10,FSLR
2017-10,FTNT
2017-10,FTR
2017-10,FULT
2017-10,GATX
2017-10,GEF
2017-10,GEO
2017-10,GGG
2017-10,GHC
2017-10,GME
2017-10,GMED
2017-10,GNTX
2017-10,GNW
2017-10,GPOR
2017-10,GVA
2017-10,GWR
2017-10,GXP
2017-10,HAIN
2017-10,HBHC
2017-10,HE
2017-10,HELE
2017-10,HFC
2017-10,HII
2017-10,HIW
2017-10,HLS
2017-10,HNI
2017-10,HOMB
2017-10,HPT
2017-10,HR
2017-10,HRC
2017-10,HSNI
2017-10,HUBB
2017-10,HYH
2017-10,IBOC
2017-10,IDA
2017-10,IDCC
2017-10,IDTI
2017-10,IEX
2017-10,ILG
2017-10,INCR
2017-10,INGR
2017-10,INT
2017-10,IPGP
2017-10,ISCA
2017-10,ITT
2017-10,JACK
2017-10,JBGS
2017-10,JBL
2017-10,JBLU
2017-10,JCOM
2017-10,JHG
2017-10,JKHY
2017-10,JLL
2017-10,JW.A
2017-10,KBH
2017-10,KBR
2017-10,KEX
2017-10,KEYS
2017-10,KLXI
2017-10,KMPR
2017-10,KMT
2017-10,KN
2017-10,KNX
2017-10,KRC
2017-10,LAMR
2017-10,LANC
2017-10,LDOS
2017-10,LECO
2017-10,LFUS
2017-10,LHO
2017-10,LII
2017-10,LIVN
2017-10,LM
2017-10,LNCE
2017-10,LOGM
2017-10,LPNT
2017-10,LPT
2017-10,LPX
2017-10,LSI
2017-10,LSTR
2017-10,LW
2017-10,LYV
2017-10,MAN
2017-10,MANH
2017-10,MASI
2017-10,MBFI
2017-10,MCY
2017-10,MD
2017-10,MDP
2017-10,MDRX
2017-10,MDSO
2017-10,MDU
2017-10,MIK
2017-10,MKTX
2017-10,MLHR
2017-10,MMS
2017-10,MNK
2017-10,MOH
2017-10,MPW
2017-10,MPWR
2017-10,MSA
2017-10,MSCC
2017-10,MSCI
2017-10,MSM
2017-10,MTDR
2017-10,MTX
2017-10,MUR
2017-10,MUSA
2017-10,NATI
2017-10,NBR
2017-10,NCR
2017-10,NDSN
2017-10,NEU
2017-10,NFG
2017-10,NJR
2017-10,NNN
2017-10,NTCT
2017-10,NUS
2017-10,NUVA
2017-10,NVR
2017-10,NWE
2017-10,NYCB
2017-10,NYT
2017-10,OA
2017-10,ODFL
2017-10,ODP
2017-10,OFC
2017-10,OGE
2017-10,OGS
2017-10,OHI
2017-10,OI
2017-10,OII
2017-10,OLN
2017-10,OMI
2017-10,ORI
2017-10,OSK
2017-10,OZRK
2017-10,PACW
2017-10,PAY
2017-10,PB
2017-10,PBF
2017-10,PBH
2017-10,PBI
2017-10,PCH
2017-10,PII
2017-10,PLT
2017-10,PNM
2017-10,POL
2017-10,POOL
2017-10,POST
2017-10,PRI
2017-10,PTC
2017-10,PTEN
2017-10,PZZA
2017-10,QCP
2017-10,QEP
2017-10,R
2017-10,RBC
2017-10,RDC
2017-10,RE
2017-10,RGA
2017-10,RGLD
2017-10,RIG
2017-10,RNR
2017-10,ROL
2017-10,RPM
2017-10,RS
2017-10,RYN
2017-10,SABR
2017-10,SAFM
2017-10,SAIC
2017-10,SAM
2017-10,SBH
2017-10,SBNY
2017-10,SBRA
2017-10,SCI
2017-10,SEIC
2017-10,SF
2017-10,SFM
2017-10,SIVB
2017-10,SIX
2017-10,SKT
2017-10,SKX
2017-10,SLAB
2017-10,SLGN
2017-10,SLM
2017-10,SM
2017-10,SMG
2017-10,SNH
2017-10,SNV
2017-10,SNX
2017-10,SON
2017-10,SPN
2017-10,STE
2017-10,STL
2017-10,STLD
2017-10,SWN
2017-10,SWX
2017-10,SXT
2017-10,SYNA
2017-10,TCBI
2017-10,TCF
2017-10,TCO
2017-10,TDC
2017-10,TDS
2017-10,TDY
2017-10,TECD
2017-10,TECH
2017-10,TER
2017-10,TEX
2017-10,TFX
2017-10,TGNA
2017-10,THC
2017-10,THG
2017-10,THO
2017-10,THS
2017-10,TKR
2017-10,TOL
2017-10,TPH
2017-10,TPX
2017-10,TR
2017-10,TRMB
2017-10,TRMK
2017-10,TRN
2017-10,TTC
2017-10,TTWO
2017-10,TUP
2017-10,TXRH
2017-10,TYL
2017-10,UBSI
2017-10,UE
2017-10,UFS
2017-10,UGI
2017-10,ULTI
2017-10,UMBF
2017-10,UMPQ
2017-10,UNFI
2017-10,UNIT
2017-10,URBN
2017-10,UTHR
2017-10,VLY
2017-10,VMI
2017-10,VSAT
2017-10,VSH
2017-10,VSM
2017-10,VVC
2017-10,VVV
2017-10,WAB
2017-10,WAFD
2017-10,WBS
2017-10,WCG
2017-10,WEN
2017-10,WERN
2017-10,WEX
2017-10,WGL
2017-10,WOR
2017-10,WPG
2017-10,WPX
2017-10,WR
2017-10,WRB
2017-10,WRI
2017-10,WSM
2017-10,WSO
2017-10,WST
2017-10,WTFC
2017-10,WTR
2017-10,WWD
2017-10,X
2017-10,Y
2017-10,ZBRA
2017-11,AAN
2017-11,ABMD
2017-11,ACC
2017-11,ACHC
2017-11,ACIW
2017-11,ACM
2017-11,ACXM
2017-11,AEO
2017-11,AFG
2017-11,AGCO
2017-11,AHL
2017-11,AKRX
2017-11,ALEX
2017-11,AMCX
2017-11,AN
2017-11,ARRS
2017-11,ARW
2017-11,ASB
2017-11,ASH
2017-11,ATGE
2017-11,ATI
2017-11,ATO
2017-11,ATR
2017-11,AVP
2017-11,AVT
2017-11,BBBY
2017-11,BC
2017-11,BCO
2017-11,BDC
2017-11,BID
2017-11,BIG
2017-11,BIO
2017-11,BIVV
2017-11,BKH
2017-11,BLKB
2017-11,BMS
2017-11,BOH
2017-11,BR
2017-11,BRCD
2017-11,BRO
2017-11,BWLD
2017-11,BXS
2017-11,CAA
2017-11,CABO
2017-11,CAKE
2017-11,CAR
2017-11,CARS
2017-11,CASY
2017-11,CATY
2017-11,CBRL
2017-11,CBSH
2017-11,CBT
2017-11,CC
2017-11,CDK
2017-11,CFR
2017-11,CGNX
2017-11,CHDN
2017-11,CHFC
2017-11,CIEN
2017-11,CLB
2017-11,CLGX
2017-11,CLH
2017-11,CLI
2017-11,CMC
2017-11,CMP
2017-11,CNK
2017-11,CNO
2017-11,CNX
2017-11,COHR
2017-11,CONE
2017-11,COR
2017-11,CPE
2017-11,CPRT
2017-11,CPT
2017-11,CR
2017-11,CREE
2017-11,CRI
2017-11,CRL
2017-11,CRS
2017-11,CRUS
2017-11,CSL
2017-11,CTB
2017-11,CTLT
2017-11,CUZ
2017-11,CVG
2017-11,CVLT
2017-11,CW
2017-11,CXW
2017-11,CY
2017-11,DAN
2017-11,DBD
2017-11,DCI
2017-11,DCT
2017-11,DDD
2017-11,DDS
2017-11,DECK
2017-11,DEI
2017-11,DF
2017-11,DKS
2017-11,DLX
2017-11,DNB
2017-11,DNKN
2017-11,DNOW
2017-11,DO
2017-11,DPZ
2017-11,DRQ
2017-11,DST
2017-11,DY
2017-11,EAT
2017-11,EDR
2017-11,EGN
2017-11,EME
2017-11,ENDP
2017-11,ENR
2017-11,ENS
2017-11,EPC
2017-11,EPR
2017-11,ESL
2017-11,ESV
2017-11,EV
2017-11,EWBC
2017-11,EXP
2017-11,FAF
2017-11,FDS
2017-11,FHN
2017-11,FICO
2017-11,FII
2017-11,FLO
2017-11,FNB
2017-11,FR
2017-11,FSLR
2017-11,FTNT
2017-11,FTR
2017-11,FULT
2017-11,GATX
2017-11,GEF
2017-11,GEO
2017-11,GGG
2017-11,GHC
2017-11,GME
2017-11,GMED
2017-11,GNTX
2017-11,GNW
2017-11,GPOR
2017-11,GVA
2017-11,GWR
2017-11,GXP
2017-11,HAIN
2017-11,HBHC
2017-11,HE
2017-11,HELE
2017-11,HFC
2017-11,HII
2017-11,HIW
2017-11,HLS
2017-11,HNI
2017-11,HOMB
2017-11,HPT
2017-11,HR
2017-11,HRC
2017-11,HSNI
2017-11,HUBB
2017-11,HYH
2017-11,IBOC
2017-11,IDA
2017-11,IDCC
2017-11,IDTI
2017-11,IEX
2017-11,ILG
2017-11,INCR
2017-11,INGR
2017-11,INT
2017-11,IPGP
2017-11,ISCA
2017-11,ITT
2017-11,JACK
2017-11,JBGS
2017-11,JBL
2017-11,JBLU
2017-11,JCOM
2017-11,JHG
2017-11,JKHY
2017-11,JLL
2017-11,JW.A
2017-11,KBH
2017-11,KBR
2017-11,KEX
2017-11,KEYS
2017-11,KLXI
2017-11,KMPR
2017-11,KMT
2017-11,KN
2017-11,KNX
2017-11,KRC
2017-11,LAMR
2017-11,LANC
2017-11,LDOS
2017-11,LECO
2017-11,LFUS
2017-11,LHO
2017-11,LII
2017-11,LIVN
2017-11,LM
2017-11,LNCE
2017-11,LOGM
2017-11,LPNT
2017-11,LPT
2017-11,LPX
2017-11,LSI
2017-11,LSTR
2017-11,LW
2017-11,LYV
2017-11,MAN
2017-11,MANH
2017-11,MASI
2017-11,MBFI
2017-11,MCY
2017-11,MD
2017-11,MDP
2017-11,MDRX
2017-11,MDSO
2017-11,MDU
2017-11,MIK
2017-11,MKTX
2017-11,MLHR
2017-11,MMS
2017-11,MNK
2017-11,MOH
2017-11,MPW
2017-11,MPWR
2017-11,MSA
2017-11,MSCC
2017-11,MSCI
2017-11,MSM
2017-11,MTDR
2017-11,MTX
2017-11,MUR
2017-11,MUSA
2017-11,NATI
2017-11,NBR
2017-11,NCR
2017-11,NDSN
2017-11,NEU
2017-11,NFG
2017-11,NJR
2017-11,NNN
2017-11,NTCT
2017-11,NUS
2017-11,NUVA
2017-11,NVR
2017-11,NWE
2017-11,NYCB
2017-11,NYT
2017-11,OA
2017-11,ODFL
2017-11,ODP
2017-11,OFC
2017-11,OGE
2017-11,OGS
2017-11,OHI
2017-11,OI
2017-11,OII
2017-11,OLN
2017-11,OMI
2017-11,ORI
2017-11,OSK
2017-11,OZRK
2017-11,PACW
2017-11,PAY
2017-11,PB
2017-11,PBF
2017-11,PBH
2017-11,PBI
2017-11,PCH
2017-11,PII
2017-11,PLT
2017-11,PNM
2017-11,POL
2017-11,POOL
2017-11,POST
2017-11,PRI
2017-11,PTC
2017-11,PTEN
2017-11,PZZA
2017-11,QCP
2017-11,QEP
2017-11,R
2017-11,RBC
2017-11,RDC
2017-11,RE
2017-11,RGA
2017-11,RGLD
2017-11,RIG
2017-11,RNR
2017-11,ROL
2017-11,RPM
2017-11,RS
2017-11,RYN
2017-11,SABR
2017-11,SAFM
2017-11,SAIC
2017-11,SAM
2017-11,SBH
2017-11,SBNY
2017-11,SBRA
2017-11,SCI
2017-11,SEIC
2017-11,SF
2017-11,SFM
2017-11,SIVB
2017-11,SIX
2017-11,SKT
2017-11,SKX
2017-11,SLAB
2017-11,SLGN
2017-11,SLM
2017-11,SM
2017-11,SMG
2017-11,SNH
2017-11,SNV
2017-11,SNX
2017-11,SON
2017-11,SPN
2017-11,STE
2017-11,STL
2017-11,STLD
2017-11,SWN
2017-11,SWX
2017-11,SXT
2017-11,SYNA
2017-11,TCBI
2017-11,TCF
2017-11,TCO
2017-11,TDC
2017-11,TDS
2017-11,TDY
2017-11,TECD
2017-11,TECH
2017-11,TER
2017-11,TEX
2017-11,TFX
2017-11,TGNA
2017-11,THC
2017-11,THG
2017-11,THO
2017-11,THS
2017-11,TKR
2017-11,TOL
2017-11,TPH
2017-11,TPX
2017-11,TR
2017-11,TRMB
2017-11,TRMK
2017-11,TRN
2017-11,TTC
2017-11,TTWO
2017-11,TUP
2017-11,TXRH
2017-11,TYL
2017-11,UBSI
2017-11,UE
2017-11,UFS
2017-11,UGI
2017-11,ULTI
2017-11,UMBF
2017-11,UMPQ
2017-11,UNFI
2017-11,UNIT
2017-11,URBN
2017-11,UTHR
2017-11,VLY
2017-11,VMI
2017-11,VSAT
2017-11,VSH
2017-11,VSM
2017-11,VVC
2017-11,VVV
2017-11,WAB
2017-11,WAFD
2017-11,WBS
2017-11,WCG
2017-11,WEN
2017-11,WERN
2017-11,WEX
2017-11,WGL
2017-11,WOR
2017-11,WPG
2017-11,WPX
2017-11,WR
2017-11,WRB
2017-11,WRI
2017-11,WSM
2017-11,WSO
2017-11,WST
2017-11,WTFC
2017-11,WTR
2017-11,WWD
2017-11,X
2017-11,Y
2017-11,ZBRA
2017-12,AAN
2017-12,ABMD
2017-12,ACC
2017-12,ACHC
2017-12,ACIW
2017-12,ACM
2017-12,ACXM
2017-12,AEO
2017-12,AFG
2017-12,AGCO
2017-12,AHL
2017-12,AKRX
2017-12,ALEX
2017-12,AMCX
2017-12,AN
2017-12,ARRS
2017-12,ARW
2017-12,ASB
2017-12,ASH
2017-12,ATGE
2017-12,ATI
2017-12,ATO
2017-12,ATR
2017-12,AVP
2017-12,AVT
2017-12,BBBY
2017-12,BC
2017-12,BCO
2017-12,BDC
2017-12,BID
2017-12,BIG
2017-12,BIO
2017-12,BIVV
2017-12,BKH
2017-12,BLKB
2017-12,BMS
2017-12,BOH
2017-12,BR
2017-12,BRO
2017-12,BWLD
2017-12,BXS
2017-12,CAA
2017-12,CABO
2017-12,CAKE
2017-12,CAR
2017-12,CARS
2017-12,CASY
2017-12,CATY
2017-12,CBRL
2017-12,CBSH
2017-12,CBT
2017-12,CC
2017-12,CDK
2017-12,CFR
2017-12,CGNX
2017-12,CHDN
2017-12,CHFC
2017-12,CIEN
2017-12,CLB
2017-12,CLGX
2017-12,CLH
2017-12,CLI
2017-12,CMC
2017-12,CMP
2017-12,CNK
2017-12,CNO
2017-12,CNX
2017-12,COHR
2017-12,CONE
2017-12,COR
2017-12,CPE
2017-12,CPRT
2017-12,CPT
2017-12,CR
2017-12,CREE
2017-12,CRI
2017-12,CRL
2017-12,CRS
2017-12,CRUS
2017-12,CSL
2017-12,CTB
2017-12,CTLT
2017-12,CUZ
2017-12,CVG
2017-12,CVLT
2017-12,CW
2017-12,CXW
2017-12,CY
2017-12,DAN
2017-12,DBD
2017-12,DCI
2017-12,DCT
2017-12,DDD
2017-12,DDS
2017-12,DECK
2017-12,DEI
2017-12,DF
2017-12,DKS
2017-12,DLPH
2017-12,DLX
2017-12,DNB
2017-12,DNKN
2017-12,DNOW
2017-12,DO
2017-12,DPZ
2017-12,DRQ
2017-12,DST
2017-12,DY
2017-12,EAT
2017-12,EDR
2017-12,EGN
2017-12,EME
2017-12,ENDP
2017-12,ENR
2017-12,ENS
2017-12,EPC
2017-12,EPR
2017-12,ESL
2017-12,ESV
2017-12,EV
2017-12,EWBC
2017-12,EXP
2017-12,FAF
2017-12,FDS
2017-12,FHN
2017-12,FICO
2017-12,FII
2017-12,FLO
2017-12,FNB
2017-12,FR
2017-12,FSLR
2017-12,FTNT
2017-12,FULT
2017-12,GATX
2017-12,GEF
2017-12,GEO
2017-12,GGG
2017-12,GHC
2017-12,GME
2017-12,GMED
2017-12,GNTX
2017-12,GNW
2017-12,GPOR
2017-12,GVA
2017-12,GWR
2017-12,GXP
2017-12,HAIN
2017-12,HBHC
2017-12,HE
2017-12,HELE
2017-12,HFC
2017-12,HII
2017-12,HIW
2017-12,HLS
2017-12,HNI
2017-12,HOMB
2017-12,HPT
2017-12,HR
2017-12,HRC
2017-12,HSNI
2017-12,HUBB
2017-12,HYH
2017-12,IBOC
2017-12,IDA
2017-12,IDCC
2017-12,IDTI
2017-12,IEX
2017-12,ILG
2017-12,INCR
2017-12,INGR
2017-12,INT
2017-12,IPGP
2017-12,ISCA
2017-12,ITT
2017-12,JACK
2017-12,JBGS
2017-12,JBL
2017-12,JBLU
2017-12,JCOM
2017-12,JHG
2017-12,JKHY
2017-12,JLL
2017-12,JW.A
2017-12,KBH
2017-12,KBR
2017-12,KEX
2017-12,KEYS
2017-12,KLXI
2017-12,KMPR
2017-12,KMT
2017-12,KN
2017-12,KNX
2017-12,KRC
2017-12,LAMR
2017-12,LANC
2017-12,LDOS
2017-12,LECO
2017-12,LFUS
2017-12,LHO
2017-12,LII
2017-12,LIVN
2017-12,LM
2017-12,LNCE
2017-12,LOGM
2017-12,LPNT
2017-12,LPT
2017-12,LPX
2017-12,LSI
2017-12,LSTR
2017-12,LW
2017-12,LYV
2017-12,MAN
2017-12,MANH
2017-12,MASI
2017-12,MBFI
2017-12,MCY
2017-12,MD
2017-12,MDP
2017-12,MDRX
2017-12,MDSO
2017-12,MDU
2017-12,MIK
2017-12,MKSI
2017-12,MKTX
2017-12,MLHR
2017-12,MMS
2017-12,MNK
2017-12,MOH
2017-12,MPW
2017-12,MPWR
2017-12,MSA
2017-12,MSCC
2017-12,MSCI
2017-12,MSM
2017-12,MTDR
2017-12,MTX
2017-12,MUR
2017-12,MUSA
2017-12,NATI
2017-12,NBR
2017-12,NCR
2017-12,NDSN
2017-12,NEU
2017-12,NFG
2017-12,NJR
2017-12,NNN
2017-12,NTCT
2017-12,NUS
2017-12,NUVA
2017-12,NVR
2017-12,NWE
2017-12,NYCB
2017-12,NYT
2017-12,OA
2017-12,ODFL
2017-12,ODP
2017-12,OFC
2017-12,OGE
2017-12,OGS
2017-12,OHI
2017-12,OI
2017-12,OII
2017-12,OLN
2017-12,OMI
2017-12,ORI
2017-12,OSK
2017-12,OZRK
2017-12,PACW
2017-12,PAY
2017-12,PB
2017-12,PBF
2017-12,PBH
2017-12,PBI
2017-12,PCH
2017-12,PII
2017-12,PLT
2017-12,PNFP
2017-12,PNM
2017-12,POL
2017-12,POOL
2017-12,POST
2017-12,PRI
2017-12,PTC
2017-12,PTEN
2017-12,PZZA
2017-12,QCP
2017-12,QEP
2017-12,R
2017-12,RBC
2017-12,RDC
2017-12,RGA
2017-12,RGLD
2017-12,RIG
2017-12,RNR
2017-12,ROL
2017-12,RPM
2017-12,RS
2017-12,RYN
2017-12,SABR
2017-12,SAFM
2017-12,SAIC
2017-12,SAM
2017-12,SBH
2017-12,SBNY
2017-12,SBRA
2017-12,SCI
2017-12,SEIC
2017-12,SF
2017-12,SFM
2017-12,SIVB
2017-12,SIX
2017-12,SKT
2017-12,SKX
2017-12,SLAB
2017-12,SLGN
2017-12,SLM
2017-12,SM
2017-12,SMG
2017-12,SNH
2017-12,SNV
2017-12,SNX
2017-12,SON
2017-12,SPN
2017-12,STE
2017-12,STL
2017-12,STLD
2017-12,SWN
2017-12,SWX
2017-12,SXT
2017-12,SYNA
2017-12,TCBI
2017-12,TCF
2017-12,TCO
2017-12,TDC
2017-12,TDS
2017-12,TDY
2017-12,TECD
2017-12,TECH
2017-12,TER
2017-12,TEX
2017-12,TFX
2017-12,TGNA
2017-12,THC
2017-12,THG
2017-12,THO
2017-12,THS
2017-12,TKR
2017-12,TOL
2017-12,TPH
2017-12,TPX
2017-12,TR
2017-12,TRMB
2017-12,TRMK
2017-12,TRN
2017-12,TTC
2017-12,TTWO
2017-12,TUP
2017-12,TXRH
2017-12,TYL
2017-12,UBSI
2017-12,UE
2017-12,UFS
2017-12,UGI
2017-12,ULTI
2017-12,UMBF
2017-12,UMPQ
2017-12,UNFI
2017-12,UNIT
2017-12,URBN
2017-12,UTHR
2017-12,VLY
2017-12,VMI
2017-12,VSAT
2017-12,VSH
2017-12,VSM
2017-12,VVC
2017-12,VVV
2017-12,WAB
2017-12,WAFD
2017-12,WBS
2017-12,WCG
2017-12,WEN
2017-12,WERN
2017-12,WEX
2017-12,WGL
2017-12,WOR
2017-12,WPG
2017-12,WPX
2017-12,WR
2017-12,WRB
2017-12,WRI
2017-12,WSM
2017-12,WSO
2017-12,WST
2017-12,WTFC
2017-12,WTR
2017-12,WWD
2017-12,X
2017-12,Y
2017-12,ZBRA
2018-01,AAN
2018-01,ABMD
2018-01,ACC
2018-01,ACHC
2018-01,ACIW
2018-01,ACM
2018-01,ACXM
2018-01,AEO
2018-01,AFG
2018-01,AGCO
2018-01,AHL
2018-01,AKRX
2018-01,ALEX
2018-01,AMCX
2018-01,AN
2018-01,ARRS
2018-01,ARW
2018-01,ASB
2018-01,ASH
2018-01,ATGE
2018-01,ATI
2018-01,ATO
2018-01,ATR
2018-01,AVP
2018-01,AVT
2018-01,BBBY
2018-01,BC
2018-01,BCO
2018-01,BDC
2018-01,BID
2018-01,BIG
2018-01,BIO
2018-01,BIVV
2018-01,BKH
2018-01,BLKB
2018-01,BMS
2018-01,BOH
2018-01,BR
2018-01,BRO
2018-01,BWLD
2018-01,BXS
2018-01,CAA
2018-01,CABO
2018-01,CAKE
2018-01,CAR
2018-01,CARS
2018-01,CASY
2018-01,CATY
2018-01,CBRL
2018-01,CBSH
2018-01,CBT
2018-01,CC
2018-01,CDK
2018-01,CFR
2018-01,CGNX
2018-01,CHDN
2018-01,CHFC
2018-01,CIEN
2018-01,CLB
2018-01,CLGX
2018-01,CLH
2018-01,CLI
2018-01,CMC
2018-01,CMP
2018-01,CNK
2018-01,CNO
2018-01,CNX
2018-01,COHR
2018-01,CONE
2018-01,COR
2018-01,CPE
2018-01,CPRT
2018-01,CPT
2018-01,CR
2018-01,CREE
2018-01,CRI
2018-01,CRL
2018-01,CRS
2018-01,CRUS
2018-01,CSL
2018-01,CTB
2018-01,CTLT
2018-01,CUZ
2018-01,CVG
2018-01,CVLT
2018-01,CW
2018-01,CXW
2018-01,CY
2018-01,DAN
2018-01,DBD
2018-01,DCI
2018-01,DCT
2018-01,DDD
2018-01,DDS
2018-01,DECK
2018-01,DEI
2018-01,DF
2018-01,DKS
2018-01,DLPH
2018-01,DLX
2018-01,DNB
2018-01,DNKN
2018-01,DNOW
2018-01,DO
2018-01,DPZ
2018-01,DRQ
2018-01,DST
2018-01,DY
2018-01,EAT
2018-01,EDR
2018-01,EGN
2018-01,EHC
2018-01,EME
2018-01,ENDP
2018-01,ENR
2018-01,ENS
2018-01,EPC
2018-01,EPR
2018-01,ESL
2018-01,ESV
2018-01,EV
2018-01,EWBC
2018-01,EXP
2018-01,FAF
2018-01,FDS
2018-01,FHN
2018-01,FICO
2018-01,FII
2018-01,FLO
2018-01,FNB
2018-01,FR
2018-01,FSLR
2018-01,FTNT
2018-01,FULT
2018-01,GATX
2018-01,GEF
2018-01,GEO
2018-01,GGG
2018-01,GHC
2018-01,GME
2018-01,GMED
2018-01,GNTX
2018-01,GNW
2018-01,GPOR
2018-01,GVA
2018-01,GWR
2018-01,GXP
2018-01,HAIN
2018-01,HBHC
2018-01,HE
2018-01,HELE
2018-01,HFC
2018-01,HII
2018-01,HIW
2018-01,HNI
2018-01,HOMB
2018-01,HPT
2018-01,HR
2018-01,HRC
2018-01,HUBB
2018-01,HYH
2018-01,IBKR
2018-01,IBOC
2018-01,IDA
2018-01,IDCC
2018-01,IDTI
2018-01,IEX
2018-01,ILG
2018-01,INCR
2018-01,INGR
2018-01,INT
2018-01,IPGP
2018-01,ISCA
2018-01,ITT
2018-01,JACK
2018-01,JBGS
2018-01,JBL
2018-01,JBLU
2018-01,JCOM
2018-01,JHG
2018-01,JKHY
2018-01,JLL
2018-01,JW.A
2018-01,KBH
2018-01,KBR
2018-01,KEX
2018-01,KEYS
2018-01,KLXI
2018-01,KMPR
2018-01,KMT
2018-01,KN
2018-01,KNX
2018-01,KRC
2018-01,LAMR
2018-01,LANC
2018-01,LDOS
2018-01,LECO
2018-01,LFUS
2018-01,LHO
2018-01,LII
2018-01,LIVN
2018-01,LM
2018-01,LNCE
2018-01,LOGM
2018-01,LPNT
2018-01,LPT
2018-01,LPX
2018-01,LSI
2018-01,LSTR
2018-01,LW
2018-01,LYV
2018-01,MAN
2018-01,MANH
2018-01,MASI
2018-01,MBFI
2018-01,MCY
2018-01,MD
2018-01,MDP
2018-01,MDRX
2018-01,MDSO
2018-01,MDU
2018-01,MIK
2018-01,MKSI
2018-01,MKTX
2018-01,MLHR
2018-01,MMS
2018-01,MNK
2018-01,MOH
2018-01,MPW
2018-01,MPWR
2018-01,MSA
2018-01,MSCC
2018-01,MSCI
2018-01,MSM
2018-01,MTDR
2018-01,MTX
2018-01,MUR
2018-01,MUSA
2018-01,NATI
2018-01,NBR
2018-01,NCR
2018-01,NDSN
2018-01,NEU
2018-01,NFG
2018-01,NJR
2018-01,NNN
2018-01,NTCT
2018-01,NUS
2018-01,NUVA
2018-01,NVR
2018-01,NWE
2018-01,NYCB
2018-01,NYT
2018-01,OA
2018-01,ODFL
2018-01,ODP
2018-01,OFC
2018-01,OGE
2018-01,OGS
2018-01,OHI
2018-01,OI
2018-01,OII
2018-01,OLN
2018-01,OMI
2018-01,ORI
2018-01,OSK
2018-01,OZRK
2018-01,PACW
2018-01,PAY
2018-01,PB
2018-01,PBF
2018-01,PBH
2018-01,PBI
2018-01,PCH
2018-01,PII
2018-01,PLT
2018-01,PNFP
2018-01,PNM
2018-01,POL
2018-01,POOL
2018-01,POST
2018-01,PRI
2018-01,PTC
2018-01,PTEN
2018-01,PZZA
2018-01,QCP
2018-01,QEP
2018-01,R
2018-01,RBC
2018-01,RDC
2018-01,RGA
2018-01,RGLD
2018-01,RIG
2018-01,RNR
2018-01,ROL
2018-01,RPM
2018-01,RS
2018-01,RYN
2018-01,SABR
2018-01,SAFM
2018-01,SAIC
2018-01,SAM
2018-01,SBH
2018-01,SBNY
2018-01,SBRA
2018-01,SCI
2018-01,SEIC
2018-01,SF
2018-01,SFM
2018-01,SIVB
2018-01,SIX
2018-01,SKT
2018-01,SKX
2018-01,SLAB
2018-01,SLGN
2018-01,SLM
2018-01,SM
2018-01,SMG
2018-01,SNH
2018-01,SNV
2018-01,SNX
2018-01,SON
2018-01,SPN
2018-01,STE
2018-01,STL
2018-01,STLD
2018-01,SWN
2018-01,SWX
2018-01,SXT
2018-01,SYNA
2018-01,TCBI
2018-01,TCF
2018-01,TCO
2018-01,TDC
2018-01,TDS
2018-01,TDY
2018-01,TECD
2018-01,TECH
2018-01,TER
2018-01,TEX
2018-01,TFX
2018-01,TGNA
2018-01,THC
2018-01,THG
2018-01,THO
2018-01,THS
2018-01,TKR
2018-01,TOL
2018-01,TPH
2018-01,TPX
2018-01,TR
2018-01,TRMB
2018-01,TRMK
2018-01,TRN
2018-01,TTC
2018-01,TTWO
2018-01,TUP
2018-01,TXRH
2018-01,TYL
2018-01,UBSI
2018-01,UE
2018-01,UFS
2018-01,UGI
2018-01,ULTI
2018-01,UMBF
2018-01,UMPQ
2018-01,UNFI
2018-01,UNIT
2018-01,URBN
2018-01,UTHR
2018-01,VLY
2018-01,VMI
2018-01,VSAT
2018-01,VSH
2018-01,VSM
2018-01,VVC
2018-01,VVV
2018-01,WAB
2018-01,WAFD
2018-01,WBS
2018-01,WCG
2018-01,WEN
2018-01,WERN
2018-01,WEX
2018-01,WGL
2018-01,WOR
2018-01,WPG
2018-01,WPX
2018-01,WR
2018-01,WRB
2018-01,WRI
2018-01,WSM
2018-01,WSO
2018-01,WST
2018-01,WTFC
2018-01,WTR
2018-01,WWD
2018-01,X
2018-01,Y
2018-01,ZBRA
2018-02,AAN
2018-02,ABMD
2018-02,ACC
2018-02,ACHC
2018-02,ACIW
2018-02,ACM
2018-02,ACXM
2018-02,AEO
2018-02,AFG
2018-02,AGCO
2018-02,AHL
2018-02,AKRX
2018-02,ALEX
2018-02,AMCX
2018-02,AN
2018-02,ARRS
2018-02,ARW
2018-02,ASB
2018-02,ASH
2018-02,ATGE
2018-02,ATI
2018-02,ATO
2018-02,ATR
2018-02,AVP
2018-02,AVT
2018-02,BBBY
2018-02,BC
2018-02,BCO
2018-02,BDC
2018-02,BID
2018-02,BIG
2018-02,BIO
2018-02,BIVV
2018-02,BKH
2018-02,BLKB
2018-02,BMS
2018-02,BOH
2018-02,BR
2018-02,BRO
2018-02,BXS
2018-02,CAA
2018-02,CABO
2018-02,CAKE
2018-02,CAR
2018-02,CARS
2018-02,CASY
2018-02,CATY
2018-02,CBRL
2018-02,CBSH
2018-02,CBT
2018-02,CC
2018-02,CDK
2018-02,CFR
2018-02,CGNX
2018-02,CHDN
2018-02,CHFC
2018-02,CIEN
2018-02,CLB
2018-02,CLGX
2018-02,CLH
2018-02,CLI
2018-02,CMC
2018-02,CMP
2018-02,CNK
2018-02,CNO
2018-02,CNX
2018-02,COHR
2018-02,CONE
2018-02,COR
2018-02,CPE
2018-02,CPRT
2018-02,CPT
2018-02,CR
2018-02,CREE
2018-02,CRI
2018-02,CRL
2018-02,CRS
2018-02,CRUS
2018-02,CSL
2018-02,CTB
2018-02,CTLT
2018-02,CUZ
2018-02,CVG
2018-02,CVLT
2018-02,CW
2018-02,CXW
2018-02,CY
2018-02,DAN
2018-02,DBD
2018-02,DCI
2018-02,DCT
2018-02,DDD
2018-02,DDS
2018-02,DECK
2018-02,DEI
2018-02,DF
2018-02,DKS
2018-02,DLPH
2018-02,DLX
2018-02,DNB
2018-02,DNKN
2018-02,DNOW
2018-02,DO
2018-02,DPZ
2018-02,DRQ
2018-02,DST
2018-02,DY
2018-02,EAT
2018-02,EDR
2018-02,EGN
2018-02,EHC
2018-02,EME
2018-02,ENDP
2018-02,ENR
2018-02,ENS
2018-02,EPC
2018-02,EPR
2018-02,ESL
2018-02,ESV
2018-02,EV
2018-02,EWBC
2018-02,EXP
2018-02,FAF
2018-02,FDS
2018-02,FHN
2018-02,FICO
2018-02,FII
2018-02,FLO
2018-02,FNB
2018-02,FR
2018-02,FSLR
2018-02,FTNT
2018-02,FULT
2018-02,GATX
2018-02,GEF
2018-02,GEO
2018-02,GGG
2018-02,GHC
2018-02,GME
2018-02,GMED
2018-02,GNTX
2018-02,GNW
2018-02,GPOR
2018-02,GVA
2018-02,GWR
2018-02,GXP
2018-02,HAIN
2018-02,HBHC
2018-02,HCSG
2018-02,HE
2018-02,HELE
2018-02,HFC
2018-02,HIW
2018-02,HNI
2018-02,HOMB
2018-02,HPT
2018-02,HR
2018-02,HRC
2018-02,HUBB
2018-02,HYH
2018-02,IBKR
2018-02,IBOC
2018-02,IDA
2018-02,IDCC
2018-02,IDTI
2018-02,IEX
2018-02,ILG
2018-02,INCR
2018-02,INGR
2018-02,INT
2018-02,IPGP
2018-02,ISCA
2018-02,ITT
2018-02,JACK
2018-02,JBGS
2018-02,JBL
2018-02,JBLU
2018-02,JCOM
2018-02,JHG
2018-02,JKHY
2018-02,JLL
2018-02,JW.A
2018-02,KBH
2018-02,KBR
2018-02,KEX
2018-02,KEYS
2018-02,KLXI
2018-02,KMPR
2018-02,KMT
2018-02,KN
2018-02,KNX
2018-02,KRC
2018-02,LAMR
2018-02,LANC
2018-02,LDOS
2018-02,LECO
2018-02,LFUS
2018-02,LHO
2018-02,LII
2018-02,LIVN
2018-02,LM
2018-02,LNCE
2018-02,LOGM
2018-02,LPNT
2018-02,LPT
2018-02,LPX
2018-02,LSI
2018-02,LSTR
2018-02,LW
2018-02,LYV
2018-02,MAN
2018-02,MANH
2018-02,MASI
2018-02,MBFI
2018-02,MCY
2018-02,MD
2018-02,MDP
2018-02,MDRX
2018-02,MDSO
2018-02,MDU
2018-02,MIK
2018-02,MKSI
2018-02,MKTX
2018-02,MLHR
2018-02,MMS
2018-02,MNK
2018-02,MOH
2018-02,MPW
2018-02,MPWR
2018-02,MSA
2018-02,MSCC
2018-02,MSCI
2018-02,MSM
2018-02,MTDR
2018-02,MTX
2018-02,MUR
2018-02,MUSA
2018-02,NATI
2018-02,NBR
2018-02,NCR
2018-02,NDSN
2018-02,NEU
2018-02,NFG
2018-02,NJR
2018-02,NNN
2018-02,NTCT
2018-02,NUS
2018-02,NUVA
2018-02,NVR
2018-02,NWE
2018-02,NYCB
2018-02,NYT
2018-02,OA
2018-02,ODFL
2018-02,ODP
2018-02,OFC
2018-02,OGE
2018-02,OGS
2018-02,OHI
2018-02,OI
2018-02,OII
2018-02,OLN
2018-02,OMI
2018-02,ORI
2018-02,OSK
2018-02,OZRK
2018-02,PACW
2018-02,PAY
2018-02,PB
2018-02,PBF
2018-02,PBH
2018-02,PBI
2018-02,PCH
2018-02,PII
2018-02,PLT
2018-02,PNFP
2018-02,PNM
2018-02,POL
2018-02,POOL
2018-02,POST
2018-02,PRI
2018-02,PTC
2018-02,PTEN
2018-02,PZZA
2018-02,QCP
2018-02,QEP
2018-02,R
2018-02,RBC
2018-02,RDC
2018-02,RGA
2018-02,RGLD
2018-02,RIG
2018-02,RNR
2018-02,ROL
2018-02,RPM
2018-02,RS
2018-02,RYN
2018-02,SABR
2018-02,SAFM
2018-02,SAIC
2018-02,SAM
2018-02,SBH
2018-02,SBNY
2018-02,SBRA
2018-02,SCI
2018-02,SEIC
2018-02,SF
2018-02,SFM
2018-02,SGMS
2018-02,SIVB
2018-02,SIX
2018-02,SKT
2018-02,SKX
2018-02,SLAB
2018-02,SLGN
2018-02,SLM
2018-02,SM
2018-02,SMG
2018-02,SNH
2018-02,SNV
2018-02,SNX
2018-02,SON
2018-02,SPN
2018-02,STE
2018-02,STL
2018-02,STLD
2018-02,SWN
2018-02,SWX
2018-02,SXT
2018-02,SYNA
2018-02,TCBI
2018-02,TCF
2018-02,TCO
2018-02,TDC
2018-02,TDS
2018-02,TDY
2018-02,TECD
2018-02,TECH
2018-02,TER
2018-02,TEX
2018-02,TFX
2018-02,TGNA
2018-02,THC
2018-02,THG
2018-02,THO
2018-02,THS
2018-02,TKR
2018-02,TOL
2018-02,TPH
2018-02,TPX
2018-02,TR
2018-02,TRMB
2018-02,TRMK
2018-02,TRN
2018-02,TTC
2018-02,TTWO
2018-02,TUP
2018-02,TXRH
2018-02,TYL
2018-02,UBSI
2018-02,UE
2018-02,UFS
2018-02,UGI
2018-02,ULTI
2018-02,UMBF
2018-02,UMPQ
2018-02,UNFI
2018-02,UNIT
2018-02,URBN
2018-02,UTHR
2018-02,VLY
2018-02,VMI
2018-02,VSAT
2018-02,VSH
2018-02,VSM
2018-02,VVC
2018-02,VVV
2018-02,WAB
2018-02,WAFD
2018-02,WBS
2018-02,WCG
2018-02,WEN
2018-02,WERN
2018-02,WEX
2018-02,WGL
2018-02,WOR
2018-02,WPG
2018-02,WPX
2018-02,WR
2018-02,WRB
2018-02,WRI
2018-02,WSM
2018-02,WSO
2018-02,WST
2018-02,WTFC
2018-02,WTR
2018-02,WWD
2018-02,X
2018-02,Y
2018-02,ZBRA
2018-03,AAN
2018-03,ABMD
2018-03,ACC
2018-03,ACHC
2018-03,ACIW
2018-03,ACM
2018-03,ACXM
2018-03,AEO
2018-03,AFG
2018-03,AGCO
2018-03,AHL
2018-03,AKRX
2018-03,ALE
2018-03,ALEX
2018-03,AMCX
2018-03,AN
2018-03,ARRS
2018-03,ARW
2018-03,ASB
2018-03,ASH
2018-03,ATGE
2018-03,ATI
2018-03,ATO
2018-03,ATR
2018-03,AVP
2018-03,AVT
2018-03,BBBY
2018-03,BC
2018-03,BCO
2018-03,BDC
2018-03,BID
2018-03,BIG
2018-03,BIO
2018-03,BKH
2018-03,BLKB
2018-03,BMS
2018-03,BOH
2018-03,BR
2018-03,BRO
2018-03,BXS
2018-03,BYD
2018-03,CABO
2018-03,CAKE
2018-03,CAR
2018-03,CARS
2018-03,CASY
2018-03,CATY
2018-03,CBRL
2018-03,CBSH
2018-03,CBT
2018-03,CC
2018-03,CDK
2018-03,CFR
2018-03,CGNX
2018-03,CHDN
2018-03,CHFC
2018-03,CIEN
2018-03,CLB
2018-03,CLGX
2018-03,CLH
2018-03,CLI
2018-03,CMC
2018-03,CMP
2018-03,CNK
2018-03,CNO
2018-03,CNX
2018-03,COHR
2018-03,CONE
2018-03,COR
2018-03,CPE
2018-03,CPRT
2018-03,CPT
2018-03,CR
2018-03,CREE
2018-03,CRI
2018-03,CRL
2018-03,CRS
2018-03,CRUS
2018-03,CSL
2018-03,CTB
2018-03,CTLT
2018-03,CUZ
2018-03,CVG
2018-03,CVLT
2018-03,CW
2018-03,CXW
2018-03,CY
2018-03,DAN
2018-03,DBD
2018-03,DCI
2018-03,DCT
2018-03,DDD
2018-03,DDS
2018-03,DECK
2018-03,DEI
2018-03,DF
2018-03,DKS
2018-03,DLPH
2018-03,DLX
2018-03,DNB
2018-03,DNKN
2018-03,DNOW
2018-03,DO
2018-03,DPZ
2018-03,DRQ
2018-03,DST
2018-03,DY
2018-03,EAT
2018-03,EDR
2018-03,EGN
2018-03,EHC
2018-03,EME
2018-03,ENDP
2018-03,ENR
2018-03,ENS
2018-03,EPC
2018-03,EPR
2018-03,ESL
2018-03,ESV
2018-03,EV
2018-03,EWBC
2018-03,EXP
2018-03,FAF
2018-03,FDS
2018-03,FHN
2018-03,FICO
2018-03,FII
2018-03,FLO
2018-03,FNB
2018-03,FR
2018-03,FSLR
2018-03,FTNT
2018-03,FULT
2018-03,GATX
2018-03,GEF
2018-03,GEO
2018-03,GGG
2018-03,GHC
2018-03,GME
2018-03,GMED
2018-03,GNTX
2018-03,GNW
2018-03,GPOR
2018-03,GVA
2018-03,GWR
2018-03,GXP
2018-03,HAIN
2018-03,HBHC
2018-03,HCSG
2018-03,HE
2018-03,HELE
2018-03,HFC
2018-03,HIW
2018-03,HNI
2018-03,HOMB
2018-03,HPT
2018-03,HR
2018-03,HRC
2018-03,HUBB
2018-03,HYH
2018-03,IBKR
2018-03,IBOC
2018-03,IDA
2018-03,IDCC
2018-03,IDTI
2018-03,IEX
2018-03,ILG
2018-03,INCR
2018-03,INGR
2018-03,INT
2018-03,ISCA
2018-03,ITT
2018-03,JACK
2018-03,JBGS
2018-03,JBL
2018-03,JBLU
2018-03,JCOM
2018-03,JHG
2018-03,JKHY
2018-03,JLL
2018-03,JW.A
2018-03,KBH
2018-03,KBR
2018-03,KEX
2018-03,KEYS
2018-03,KLXI
2018-03,KMPR
2018-03,KMT
2018-03,KN
2018-03,KNX
2018-03,KRC
2018-03,LAMR
2018-03,LANC
2018-03,LDOS
2018-03,LECO
2018-03,LFUS
2018-03,LHO
2018-03,LII
2018-03,LIVN
2018-03,LM
2018-03,LNCE
2018-03,LOGM
2018-03,LPNT
2018-03,LPT
2018-03,LPX
2018-03,LSI
2018-03,LSTR
2018-03,LW
2018-03,LYV
2018-03,MAN
2018-03,MANH
2018-03,MASI
2018-03,MBFI
2018-03,MCY
2018-03,MD
2018-03,MDP
2018-03,MDRX
2018-03,MDSO
2018-03,MDU
2018-03,MIK
2018-03,MKSI
2018-03,MKTX
2018-03,MLHR
2018-03,MMS
2018-03,MNK
2018-03,MOH
2018-03,MPW
2018-03,MPWR
2018-03,MSA
2018-03,MSCC
2018-03,MSCI
2018-03,MSM
2018-03,MTDR
2018-03,MTX
2018-03,MUR
2018-03,MUSA
2018-03,NATI
2018-03,NBR
2018-03,NCR
2018-03,NDSN
2018-03,NEU
2018-03,NFG
2018-03,NJR
2018-03,NNN
2018-03,NTCT
2018-03,NUS
2018-03,NUVA
2018-03,NVR
2018-03,NWE
2018-03,NYCB
2018-03,NYT
2018-03,OA
2018-03,ODFL
2018-03,ODP
2018-03,OFC
2018-03,OGE
2018-03,OGS
2018-03,OHI
2018-03,OI
2018-03,OII
2018-03,OLN
2018-03,OMI
2018-03,ORI
2018-03,OSK
2018-03,OZRK
2018-03,PACW
2018-03,PAY
2018-03,PB
2018-03,PBF
2018-03,PBH
2018-03,PBI
2018-03,PCH
2018-03,PII
2018-03,PLT
2018-03,PNFP
2018-03,PNM
2018-03,POL
2018-03,POOL
2018-03,POST
2018-03,PRI
2018-03,PTC
2018-03,PTEN
2018-03,PZZA
2018-03,QCP
2018-03,QEP
2018-03,R
2018-03,RBC
2018-03,RDC
2018-03,RGA
2018-03,RGLD
2018-03,RIG
2018-03,RNR
2018-03,ROL
2018-03,RPM
2018-03,RS
2018-03,RYN
2018-03,SABR
2018-03,SAFM
2018-03,SAIC
2018-03,SAM
2018-03,SBH
2018-03,SBNY
2018-03,SBRA
2018-03,SCI
2018-03,SEIC
2018-03,SF
2018-03,SFM
2018-03,SGMS
2018-03,SIVB
2018-03,SIX
2018-03,SKT
2018-03,SKX
2018-03,SLAB
2018-03,SLGN
2018-03,SLM
2018-03,SM
2018-03,SMG
2018-03,SNH
2018-03,SNV
2018-03,SNX
2018-03,SON
2018-03,SPN
2018-03,STE
2018-03,STL
2018-03,STLD
2018-03,SWN
2018-03,SWX
2018-03,SXT
2018-03,SYNA
2018-03,TCBI
2018-03,TCF
2018-03,TCO
2018-03,TDC
2018-03,TDS
2018-03,TDY
2018-03,TECD
2018-03,TECH
2018-03,TER
2018-03,TEX
2018-03,TFX
2018-03,TGNA
2018-03,THC
2018-03,THG
2018-03,THO
2018-03,THS
2018-03,TKR
2018-03,TOL
2018-03,TPH
2018-03,TPX
2018-03,TR
2018-03,TREE
2018-03,TRMB
2018-03,TRMK
2018-03,TRN
2018-03,TTC
2018-03,TTWO
2018-03,TUP
2018-03,TXRH
2018-03,TYL
2018-03,UBSI
2018-03,UE
2018-03,UFS
2018-03,UGI
2018-03,ULTI
2018-03,UMBF
2018-03,UMPQ
2018-03,UNFI
2018-03,UNIT
2018-03,URBN
2018-03,UTHR
2018-03,VLY
2018-03,VMI
2018-03,VSAT
2018-03,VSH
2018-03,VSM
2018-03,VVC
2018-03,VVV
2018-03,WAB
2018-03,WAFD
2018-03,WBS
2018-03,WCG
2018-03,WEN
2018-03,WERN
2018-03,WEX
2018-03,WGL
2018-03,WOR
2018-03,WPG
2018-03,WPX
2018-03,WR
2018-03,WRB
2018-03,WRI
2018-03,WSM
2018-03,WSO
2018-03,WST
2018-03,WTFC
2018-03,WTR
2018-03,WWD
2018-03,X
2018-03,Y
2018-03,ZBRA
2018-04,AAN
2018-04,ABMD
2018-04,ACC
2018-04,ACHC
2018-04,ACIW
2018-04,ACM
2018-04,ACXM
2018-04,AEO
2018-04,AFG
2018-04,AGCO
2018-04,AHL
2018-04,AKRX
2018-04,ALE
2018-04,ALEX
2018-04,AMCX
2018-04,AN
2018-04,ARRS
2018-04,ARW
2018-04,ASB
2018-04,ASH
2018-04,ATGE
2018-04,ATI
2018-04,ATO
2018-04,ATR
2018-04,AVT
2018-04,BBBY
2018-04,BC
2018-04,BCO
2018-04,BDC
2018-04,BID
2018-04,BIG
2018-04,BIO
2018-04,BKH
2018-04,BLKB
2018-04,BMS
2018-04,BOH
2018-04,BR
2018-04,BRO
2018-04,BXS
2018-04,BYD
2018-04,CABO
2018-04,CAKE
2018-04,CAR
2018-04,CARS
2018-04,CASY
2018-04,CATY
2018-04,CBRL
2018-04,CBSH
2018-04,CBT
2018-04,CC
2018-04,CDK
2018-04,CFR
2018-04,CGNX
2018-04,CHDN
2018-04,CHFC
2018-04,CHK
2018-04,CIEN
2018-04,CLB
2018-04,CLGX
2018-04,CLH
2018-04,CLI
2018-04,CMC
2018-04,CMD
2018-04,CMP
2018-04,CNK
2018-04,CNO
2018-04,CNX
2018-04,COHR
2018-04,CONE
2018-04,COR
2018-04,CPE
2018-04,CPRT
2018-04,CPT
2018-04,CR
2018-04,CREE
2018-04,CRI
2018-04,CRL
2018-04,CRS
2018-04,CRUS
2018-04,CSL
2018-04,CTB
2018-04,CTLT
2018-04,CUZ
2018-04,CVG
2018-04,CVLT
2018-04,CW
2018-04,CXW
2018-04,CY
2018-04,DAN
2018-04,DBD
2018-04,DCI
2018-04,DCT
2018-04,DDD
2018-04,DDS
2018-04,DECK
2018-04,DEI
2018-04,DKS
2018-04,DLPH
2018-04,DLX
2018-04,DNB
2018-04,DNKN
2018-04,DNOW
2018-04,DO
2018-04,DPZ
2018-04,DRQ
2018-04,DST
2018-04,DY
2018-04,EAT
2018-04,EDR
2018-04,EGN
2018-04,EHC
2018-04,EME
2018-04,ENDP
2018-04,ENR
2018-04,ENS
2018-04,EPC
2018-04,EPR
2018-04,ESL
2018-04,ESV
2018-04,EV
2018-04,EVR
2018-04,EWBC
2018-04,EXP
2018-04,FAF
2018-04,FDS
2018-04,FHN
2018-04,FICO
2018-04,FII
2018-04,FLO
2018-04,FNB
2018-04,FR
2018-04,FSLR
2018-04,FTNT
2018-04,FULT
2018-04,GATX
2018-04,GEF
2018-04,GEO
2018-04,GGG
2018-04,GHC
2018-04,GME
2018-04,GMED
2018-04,GNTX
2018-04,GNW
2018-04,GPOR
2018-04,GVA
2018-04,GWR
2018-04,GXP
2018-04,HAIN
2018-04,HBHC
2018-04,HCSG
2018-04,HE
2018-04,HELE
2018-04,HFC
2018-04,HIW
2018-04,HNI
2018-04,HOMB
2018-04,HPT
2018-04,HR
2018-04,HRC
2018-04,HUBB
2018-04,HYH
2018-04,IBKR
2018-04,IBOC
2018-04,ICUI
2018-04,IDA
2018-04,IDCC
2018-04,IDTI
2018-04,IEX
2018-04,ILG
2018-04,INGR
2018-04,INT
2018-04,ISCA
2018-04,ITT
2018-04,JACK
2018-04,JBGS
2018-04,JBL
2018-04,JBLU
2018-04,JCOM
2018-04,JHG
2018-04,JKHY
2018-04,JLL
2018-04,JW.A
2018-04,KBH
2018-04,KBR
2018-04,KEX
2018-04,KEYS
2018-04,KLXI
2018-04,KMPR
2018-04,KMT
2018-04,KN
2018-04,KNX
2018-04,KRC
2018-04,LAMR
2018-04,LANC
2018-04,LDOS
2018-04,LECO
2018-04,LFUS
2018-04,LHO
2018-04,LII
2018-04,LITE
2018-04,LIVN
2018-04,LM
2018-04,LOGM
2018-04,LPNT
2018-04,LPT
2018-04,LPX
2018-04,LSI
2018-04,LSTR
2018-04,LW
2018-04,LYV
2018-04,MAN
2018-04,MANH
2018-04,MASI
2018-04,MBFI
2018-04,MCY
2018-04,MD
2018-04,MDP
2018-04,MDRX
2018-04,MDSO
2018-04,MDU
2018-04,MIK
2018-04,MKSI
2018-04,MKTX
2018-04,MLHR
2018-04,MMS
2018-04,MNK
2018-04,MOH
2018-04,MPW
2018-04,MPWR
2018-04,MSA
2018-04,MSCC
2018-04,MSM
2018-04,MTDR
2018-04,MTX
2018-04,MUR
2018-04,MUSA
2018-04,NATI
2018-04,NBR
2018-04,NCR
2018-04,NDSN
2018-04,NEU
2018-04,NFG
2018-04,NJR
2018-04,NNN
2018-04,NTCT
2018-04,NUS
2018-04,NUVA
2018-04,NVR
2018-04,NWE
2018-04,NYCB
2018-04,NYT
2018-04,OA
2018-04,ODFL
2018-04,ODP
2018-04,OFC
2018-04,OGE
2018-04,OGS
2018-04,OHI
2018-04,OI
2018-04,OII
2018-04,OLN
2018-04,ORI
2018-04,OSK
2018-04,OZRK
2018-04,PACW
2018-04,PAY
2018-04,PB
2018-04,PBF
2018-04,PBH
2018-04,PBI
2018-04,PCH
2018-04,PDCO
2018-04,PII
2018-04,PLT
2018-04,PNFP
2018-04,PNM
2018-04,POL
2018-04,POOL
2018-04,POST
2018-04,PRI
2018-04,PTC
2018-04,PTEN
2018-04,PZZA
2018-04,QCP
2018-04,QEP
2018-04,R
2018-04,RBC
2018-04,RDC
2018-04,RGA
2018-04,RGLD
2018-04,RIG
2018-04,RNR
2018-04,ROL
2018-04,RPM
2018-04,RS
2018-04,RYN
2018-04,SABR
2018-04,SAFM
2018-04,SAIC
2018-04,SAM
2018-04,SBH
2018-04,SBNY
2018-04,SBRA
2018-04,SCI
2018-04,SEIC
2018-04,SF
2018-04,SFM
2018-04,SGMS
2018-04,SIG
2018-04,SIX
2018-04,SKT
2018-04,SKX
2018-04,SLAB
2018-04,SLGN
2018-04,SLM
2018-04,SM
2018-04,SMG
2018-04,SNH
2018-04,SNV
2018-04,SNX
2018-04,SON
2018-04,SPN
2018-04,STE
2018-04,STL
2018-04,STLD
2018-04,SWN
2018-04,SWX
2018-04,SXT
2018-04,SYNA
2018-04,SYNH
2018-04,TCBI
2018-04,TCF
2018-04,TCO
2018-04,TDC
2018-04,TDS
2018-04,TDY
2018-04,TECD
2018-04,TECH
2018-04,TER
2018-04,TEX
2018-04,TFX
2018-04,TGNA
2018-04,THC
2018-04,THG
2018-04,THO
2018-04,THS
2018-04,TKR
2018-04,TOL
2018-04,TPH
2018-04,TPX
2018-04,TR
2018-04,TREE
2018-04,TRMB
2018-04,TRMK
2018-04,TRN
2018-04,TTC
2018-04,TUP
2018-04,TXRH
2018-04,TYL
2018-04,UBSI
2018-04,UE
2018-04,UFS
2018-04,UGI
2018-04,ULTI
2018-04,UMBF
2018-04,UMPQ
2018-04,UNFI
2018-04,UNIT
2018-04,URBN
2018-04,UTHR
2018-04,VLY
2018-04,VMI
2018-04,VSAT
2018-04,VSH
2018-04,VSM
2018-04,VVC
2018-04,VVV
2018-04,WAB
2018-04,WAFD
2018-04,WBS
2018-04,WCG
2018-04,WEN
2018-04,WERN
2018-04,WEX
2018-04,WGL
2018-04,WOR
2018-04,WPG
2018-04,WPX
2018-04,WR
2018-04,WRB
2018-04,WRI
2018-04,WSM
2018-04,WSO
2018-04,WST
2018-04,WTFC
2018-04,WTR
2018-04,WWD
2018-04,X
2018-04,Y
2018-04,ZBRA
2018-05,AAN
2018-05,ABMD
2018-05,ACC
2018-05,ACHC
2018-05,ACIW
2018-05,ACM
2018-05,ACXM
2018-05,AEO
2018-05,AFG
2018-05,AGCO
2018-05,AHL
2018-05,AKRX
2018-05,ALE
2018-05,ALEX
2018-05,AMCX
2018-05,AN
2018-05,ARRS
2018-05,ARW
2018-05,ASB
2018-05,ASH
2018-05,ATGE
2018-05,ATI
2018-05,ATO
2018-05,ATR
2018-05,AVT
2018-05,BBBY
2018-05,BC
2018-05,BCO
2018-05,BDC
2018-05,BID
2018-05,BIG
2018-05,BIO
2018-05,BKH
2018-05,BLKB
2018-05,BMS
2018-05,BOH
2018-05,BR
2018-05,BRO
2018-05,BXS
2018-05,BYD
2018-05,CABO
2018-05,CAKE
2018-05,CAR
2018-05,CARS
2018-05,CASY
2018-05,CATY
2018-05,CBRL
2018-05,CBSH
2018-05,CBT
2018-05,CC
2018-05,CDK
2018-05,CFR
2018-05,CGNX
2018-05,CHDN
2018-05,CHFC
2018-05,CHK
2018-05,CIEN
2018-05,CLB
2018-05,CLGX
2018-05,CLH
2018-05,CLI
2018-05,CMC
2018-05,CMD
2018-05,CMP
2018-05,CNK
2018-05,CNO
2018-05,CNX
2018-05,COHR
2018-05,CONE
2018-05,COR
2018-05,CPE
2018-05,CPRT
2018-05,CPT
2018-05,CR
2018-05,CREE
2018-05,CRI
2018-05,CRL
2018-05,CRS
2018-05,CRUS
2018-05,CSL
2018-05,CTB
2018-05,CTLT
2018-05,CUZ
2018-05,CVG
2018-05,CVLT
2018-05,CW
2018-05,CXW
2018-05,CY
2018-05,DAN
2018-05,DBD
2018-05,DCI
2018-05,DCT
2018-05,DDD
2018-05,DDS
2018-05,DECK
2018-05,DEI
2018-05,DKS
2018-05,DLPH
2018-05,DLX
2018-05,DNB
2018-05,DNKN
2018-05,DNOW
2018-05,DO
2018-05,DPZ
2018-05,DRQ
2018-05,DY
2018-05,EAT
2018-05,EDR
2018-05,EGN
2018-05,EHC
2018-05,EME
2018-05,ENDP
2018-05,ENR
2018-05,ENS
2018-05,EPC
2018-05,EPR
2018-05,ESL
2018-05,ESV
2018-05,EV
2018-05,EVR
2018-05,EWBC
2018-05,EXP
2018-05,FAF
2018-05,FDS
2018-05,FHN
2018-05,FICO
2018-05,FII
2018-05,FIVE
2018-05,FLO
2018-05,FNB
2018-05,FR
2018-05,FSLR
2018-05,FTNT
2018-05,FULT
2018-05,GATX
2018-05,GEF
2018-05,GEO
2018-05,GGG
2018-05,GHC
2018-05,GME
2018-05,GMED
2018-05,GNTX
2018-05,GNW
2018-05,GPOR
2018-05,GVA
2018-05,GWR
2018-05,GXP
2018-05,HAIN
2018-05,HBHC
2018-05,HCSG
2018-05,HE
2018-05,HELE
2018-05,HFC
2018-05,HIW
2018-05,HNI
2018-05,HOMB
2018-05,HPT
2018-05,HR
2018-05,HRC
2018-05,HUBB
2018-05,HYH
2018-05,IBKR
2018-05,IBOC
2018-05,ICUI
2018-05,IDA
2018-05,IDCC
2018-05,IDTI
2018-05,IEX
2018-05,ILG
2018-05,INGR
2018-05,INT
2018-05,ISCA
2018-05,ITT
2018-05,JACK
2018-05,JBGS
2018-05,JBL
2018-05,JBLU
2018-05,JCOM
2018-05,JHG
2018-05,JKHY
2018-05,JLL
2018-05,JW.A
2018-05,KBH
2018-05,KBR
2018-05,KEX
2018-05,KEYS
2018-05,KLXI
2018-05,KMPR
2018-05,KMT
2018-05,KNX
2018-05,KRC
2018-05,LAMR
2018-05,LANC
2018-05,LDOS
2018-05,LECO
2018-05,LFUS
2018-05,LHO
2018-05,LII
2018-05,LITE
2018-05,LIVN
2018-05,LM
2018-05,LOGM
2018-05,LPNT
2018-05,LPT
2018-05,LPX
2018-05,LSI
2018-05,LSTR
2018-05,LW
2018-05,LYV
2018-05,MAN
2018-05,MANH
2018-05,MASI
2018-05,MBFI
2018-05,MCY
2018-05,MD
2018-05,MDP
2018-05,MDRX
2018-05,MDSO
2018-05,MDU
2018-05,MIK
2018-05,MKSI
2018-05,MKTX
2018-05,MLHR
2018-05,MMS
2018-05,MNK
2018-05,MOH
2018-05,MPW
2018-05,MPWR
2018-05,MSA
2018-05,MSCC
2018-05,MSM
2018-05,MTDR
2018-05,MTX
2018-05,MUR
2018-05,MUSA
2018-05,NATI
2018-05,NBR
2018-05,NCR
2018-05,NDSN
2018-05,NEU
2018-05,NFG
2018-05,NJR
2018-05,NNN
2018-05,NTCT
2018-05,NUS
2018-05,NUVA
2018-05,NVR
2018-05,NVT
2018-05,NWE
2018-05,NYCB
2018-05,NYT
2018-05,OA
2018-05,ODFL
2018-05,ODP
2018-05,OFC
2018-05,OGE
2018-05,OGS
2018-05,OHI
2018-05,OI
2018-05,OII
2018-05,OLN
2018-05,ORI
2018-05,OSK
2018-05,OZRK
2018-05,PACW
2018-05,PAY
2018-05,PB
2018-05,PBF
2018-05,PBH
2018-05,PBI
2018-05,PCH
2018-05,PDCO
2018-05,PII
2018-05,PLT
2018-05,PNFP
2018-05,PNM
2018-05,POL
2018-05,POOL
2018-05,POST
2018-05,PRI
2018-05,PTC
2018-05,PTEN
2018-05,PZZA
2018-05,QCP
2018-05,QEP
2018-05,R
2018-05,RBC
2018-05,RDC
2018-05,RGA
2018-05,RGLD
2018-05,RIG
2018-05,RNR
2018-05,ROL
2018-05,RPM
2018-05,RS
2018-05,RYN
2018-05,SABR
2018-05,SAFM
2018-05,SAIC
2018-05,SAM
2018-05,SBH
2018-05,SBNY
2018-05,SBRA
2018-05,SCI
2018-05,SEIC
2018-05,SF
2018-05,SFM
2018-05,SGMS
2018-05,SIG
2018-05,SIX
2018-05,SKT
2018-05,SKX
2018-05,SLAB
2018-05,SLGN
2018-05,SLM
2018-05,SM
2018-05,SMG
2018-05,SNH
2018-05,SNV
2018-05,SNX
2018-05,SON
2018-05,SPN
2018-05,STE
2018-05,STL
2018-05,STLD
2018-05,SWN
2018-05,SWX
2018-05,SXT
2018-05,SYNA
2018-05,SYNH
2018-05,TCBI
2018-05,TCF
2018-05,TCO
2018-05,TDC
2018-05,TDS
2018-05,TDY
2018-05,TECD
2018-05,TECH
2018-05,TER
2018-05,TEX
2018-05,TFX
2018-05,TGNA
2018-05,THC
2018-05,THG
2018-05,THO
2018-05,THS
2018-05,TKR
2018-05,TOL
2018-05,TPH
2018-05,TPX
2018-05,TR
2018-05,TREE
2018-05,TRMB
2018-05,TRMK
2018-05,TRN
2018-05,TTC
2018-05,TUP
2018-05,TXRH
2018-05,TYL
2018-05,UBSI
2018-05,UE
2018-05,UFS
2018-05,UGI
2018-05,ULTI
2018-05,UMBF
2018-05,UMPQ
2018-05,UNFI
2018-05,UNIT
2018-05,URBN
2018-05,UTHR
2018-05,VLY
2018-05,VMI
2018-05,VSAT
2018-05,VSH
2018-05,VSM
2018-05,VVC
2018-05,VVV
2018-05,WAB
2018-05,WAFD
2018-05,WBS
2018-05,WCG
2018-05,WEN
2018-05,WERN
2018-05,WEX
2018-05,WGL
2018-05,WOR
2018-05,WPG
2018-05,WPX
2018-05,WR
2018-05,WRB
2018-05,WRI
2018-05,WSM
2018-05,WSO
2018-05,WST
2018-05,WTFC
2018-05,WTR
2018-05,WWD
2018-05,X
2018-05,Y
2018-05,ZBRA
2018-06,AAN
2018-06,ABMD
2018-06,ACC
2018-06,ACHC
2018-06,ACIW
2018-06,ACM
2018-06,ACXM
2018-06,AEO
2018-06,AFG
2018-06,AGCO
2018-06,AHL
2018-06,AKRX
2018-06,ALE
2018-06,ALEX
2018-06,AMCX
2018-06,AN
2018-06,APY
2018-06,ARRS
2018-06,ARW
2018-06,ASB
2018-06,ASH
2018-06,ATGE
2018-06,ATI
2018-06,ATO
2018-06,ATR
2018-06,AVT
2018-06,BBBY
2018-06,BC
2018-06,BCO
2018-06,BDC
2018-06,BID
2018-06,BIG
2018-06,BIO
2018-06,BKH
2018-06,BLKB
2018-06,BMS
2018-06,BOH
2018-06,BR
2018-06,BRO
2018-06,BXS
2018-06,BYD
2018-06,CABO
2018-06,CAKE
2018-06,CAR
2018-06,CARS
2018-06,CASY
2018-06,CATY
2018-06,CBRL
2018-06,CBSH
2018-06,CBT
2018-06,CC
2018-06,CDK
2018-06,CFR
2018-06,CGNX
2018-06,CHDN
2018-06,CHFC
2018-06,CHK
2018-06,CIEN
2018-06,CLB
2018-06,CLGX
2018-06,CLH
2018-06,CLI
2018-06,CMC
2018-06,CMD
2018-06,CMP
2018-06,CNK
2018-06,CNO
2018-06,CNX
2018-06,COHR
2018-06,CONE
2018-06,COR
2018-06,CPE
2018-06,CPRT
2018-06,CPT
2018-06,CR
2018-06,CREE
2018-06,CRI
2018-06,CRL
2018-06,CRS
2018-06,CRUS
2018-06,CSL
2018-06,CTB
2018-06,CTLT
2018-06,CUZ
2018-06,CVG
2018-06,CVLT
2018-06,CW
2018-06,CXW
2018-06,CY
2018-06,DAN
2018-06,DBD
2018-06,DCI
2018-06,DCT
2018-06,DDS
2018-06,DECK
2018-06,DEI
2018-06,DKS
2018-06,DLPH
2018-06,DLX
2018-06,DNB
2018-06,DNKN
2018-06,DNOW
2018-06,DO
2018-06,DPZ
2018-06,DRQ
2018-06,DY
2018-06,EAT
2018-06,EDR
2018-06,EGN
2018-06,EHC
2018-06,EME
2018-06,ENDP
2018-06,ENR
2018-06,ENS
2018-06,EPC
2018-06,EPR
2018-06,ESL
2018-06,ESV
2018-06,EV
2018-06,EVR
2018-06,EWBC
2018-06,EXP
2018-06,FAF
2018-06,FDS
2018-06,FHN
2018-06,FICO
2018-06,FII
2018-06,FIVE
2018-06,FLO
2018-06,FNB
2018-06,FR
2018-06,FSLR
2018-06,FTNT
2018-06,FULT
2018-06,GATX
2018-06,GEF
2018-06,GEO
2018-06,GGG
2018-06,GHC
2018-06,GME
2018-06,GMED
2018-06,GNTX
2018-06,GNW
2018-06,GPOR
2018-06,GVA
2018-06,GWR
2018-06,GXP
2018-06,HAIN
2018-06,HBHC
2018-06,HCSG
2018-06,HE
2018-06,HELE
2018-06,HFC
2018-06,HIW
2018-06,HNI
2018-06,HOMB
2018-06,HPT
2018-06,HR
2018-06,HRC
2018-06,HUBB
2018-06,HYH
2018-06,IBKR
2018-06,IBOC
2018-06,ICUI
2018-06,IDA
2018-06,IDCC
2018-06,IDTI
2018-06,IEX
2018-06,ILG
2018-06,INGR
2018-06,INT
2018-06,ISCA
2018-06,ITT
2018-06,JACK
2018-06,JBGS
2018-06,JBL
2018-06,JBLU
2018-06,JCOM
2018-06,JHG
2018-06,JKHY
2018-06,JLL
2018-06,JW.A
2018-06,KBH
2018-06,KBR
2018-06,KEX
2018-06,KEYS
2018-06,KLXI
2018-06,KMPR
2018-06,KMT
2018-06,KNX
2018-06,KRC
2018-06,LAMR
2018-06,LANC
2018-06,LDOS
2018-06,LECO
2018-06,LFUS
2018-06,LHO
2018-06,LII
2018-06,LITE
2018-06,LIVN
2018-06,LM
2018-06,LOGM
2018-06,LPNT
2018-06,LPT
2018-06,LPX
2018-06,LSI
2018-06,LSTR
2018-06,LW
2018-06,LYV
2018-06,MAN
2018-06,MANH
2018-06,MASI
2018-06,MBFI
2018-06,MCY
2018-06,MD
2018-06,MDP
2018-06,MDRX
2018-06,MDSO
2018-06,MDU
2018-06,MIK
2018-06,MKSI
2018-06,MKTX
2018-06,MLHR
2018-06,MMS
2018-06,MNK
2018-06,MOH
2018-06,MPW
2018-06,MPWR
2018-06,MSA
2018-06,MSCC
2018-06,MSM
2018-06,MTDR
2018-06,MTX
2018-06,MUR
2018-06,MUSA
2018-06,NATI
2018-06,NBR
2018-06,NCR
2018-06,NDSN
2018-06,NEU
2018-06,NFG
2018-06,NJR
2018-06,NNN
2018-06,NTCT
2018-06,NUS
2018-06,NUVA
2018-06,NVR
2018-06,NVT
2018-06,NWE
2018-06,NYCB
2018-06,NYT
2018-06,OA
2018-06,OAS
2018-06,ODFL
2018-06,ODP
2018-06,OFC
2018-06,OGE
2018-06,OGS
2018-06,OHI
2018-06,OI
2018-06,OII
2018-06,OLN
2018-06,ORI
2018-06,OSK
2018-06,OZRK
2018-06,PACW
2018-06,PAY
2018-06,PB
2018-06,PBF
2018-06,PBH
2018-06,PBI
2018-06,PCH
2018-06,PDCO
2018-06,PII
2018-06,PLT
2018-06,PNFP
2018-06,PNM
2018-06,POL
2018-06,POOL
2018-06,POST
2018-06,PRI
2018-06,PTC
2018-06,PTEN
2018-06,PZZA
2018-06,QCP
2018-06,QEP
2018-06,R
2018-06,RBC
2018-06,RDC
2018-06,RGA
2018-06,RGLD
2018-06,RIG
2018-06,RNR
2018-06,ROL
2018-06,RPM
2018-06,RS
2018-06,RYN
2018-06,SABR
2018-06,SAFM
2018-06,SAIC
2018-06,SAM
2018-06,SBH
2018-06,SBNY
2018-06,SBRA
2018-06,SCI
2018-06,SEIC
2018-06,SF
2018-06,SFM
2018-06,SGMS
2018-06,SIG
2018-06,SIX
2018-06,SKT
2018-06,SKX
2018-06,SLAB
2018-06,SLGN
2018-06,SLM
2018-06,SM
2018-06,SMG
2018-06,SNH
2018-06,SNV
2018-06,SNX
2018-06,SON
2018-06,SPN
2018-06,STE
2018-06,STL
2018-06,STLD
2018-06,SWN
2018-06,SWX
2018-06,SXT
2018-06,SYNA
2018-06,SYNH
2018-06,TCBI
2018-06,TCF
2018-06,TCO
2018-06,TDC
2018-06,TDS
2018-06,TDY
2018-06,TECD
2018-06,TECH
2018-06,TER
2018-06,TEX
2018-06,TFX
2018-06,TGNA
2018-06,THC
2018-06,THG
2018-06,THO
2018-06,THS
2018-06,TKR
2018-06,TOL
2018-06,TPH
2018-06,TPX
2018-06,TR
2018-06,TREE
2018-06,TRMB
2018-06,TRMK
2018-06,TRN
2018-06,TTC
2018-06,TUP
2018-06,TXRH
2018-06,TYL
2018-06,UBSI
2018-06,UE
2018-06,UFS
2018-06,UGI
2018-06,ULTI
2018-06,UMBF
2018-06,UMPQ
2018-06,UNFI
2018-06,UNIT
2018-06,URBN
2018-06,UTHR
2018-06,VLY
2018-06,VMI
2018-06,VSAT
2018-06,VSH
2018-06,VSM
2018-06,VVC
2018-06,VVV
2018-06,WAB
2018-06,WAFD
2018-06,WBS
2018-06,WCG
2018-06,WEN
2018-06,WERN
2018-06,WEX
2018-06,WGL
2018-06,WOR
2018-06,WPX
2018-06,WR
2018-06,WRB
2018-06,WRI
2018-06,WSM
2018-06,WSO
2018-06,WST
2018-06,WTFC
2018-06,WTR
2018-06,WWD
2018-06,X
2018-06,Y
2018-06,ZBRA
2018-07,AAN
2018-07,ACC
2018-07,ACHC
2018-07,ACIW
2018-07,ACM
2018-07,ACXM
2018-07,AEO
2018-07,AFG
2018-07,AGCO
2018-07,AHL
2018-07,AKRX
2018-07,ALE
2018-07,ALEX
2018-07,AMCX
2018-07,AN
2018-07,APY
2018-07,ARRS
2018-07,ARW
2018-07,ASB
2018-07,ASH
2018-07,ATGE
2018-07,ATI
2018-07,ATO
2018-07,ATR
2018-07,AVT
2018-07,AYI
2018-07,BBBY
2018-07,BC
2018-07,BCO
2018-07,BDC
2018-07,BID
2018-07,BIG
2018-07,BIO
2018-07,BKH
2018-07,BLKB
2018-07,BMS
2018-07,BOH
2018-07,BRO
2018-07,BXS
2018-07,BYD
2018-07,CABO
2018-07,CAKE
2018-07,CAR
2018-07,CARS
2018-07,CASY
2018-07,CATY
2018-07,CBRL
2018-07,CBSH
2018-07,CBT
2018-07,CC
2018-07,CDK
2018-07,CFR
2018-07,CGNX
2018-07,CHDN
2018-07,CHE
2018-07,CHFC
2018-07,CHK
2018-07,CIEN
2018-07,CLB
2018-07,CLGX
2018-07,CLH
2018-07,CLI
2018-07,CMC
2018-07,CMD
2018-07,CMP
2018-07,CNK
2018-07,CNO
2018-07,CNX
2018-07,COHR
2018-07,CONE
2018-07,COR
2018-07,CPE
2018-07,CPT
2018-07,CR
2018-07,CREE
2018-07,CRI
2018-07,CRL
2018-07,CRS
2018-07,CRUS
2018-07,CSL
2018-07,CTLT
2018-07,CUZ
2018-07,CVG
2018-07,CVLT
2018-07,CW
2018-07,CXW
2018-07,CY
2018-07,DAN
2018-07,DCI
2018-07,DCT
2018-07,DDS
2018-07,DECK
2018-07,DEI
2018-07,DKS
2018-07,DLPH
2018-07,DLX
2018-07,DNB
2018-07,DNKN
2018-07,DNOW
2018-07,DO
2018-07,DPZ
2018-07,DRQ
2018-07,DY
2018-07,EAT
2018-07,EDR
2018-07,EGN
2018-07,EHC
2018-07,EME
2018-07,ENR
2018-07,ENS
2018-07,EPC
2018-07,EPR
2018-07,ESL
2018-07,ESV
2018-07,EV
2018-07,EVR
2018-07,EWBC
2018-07,EXEL
2018-07,EXP
2018-07,FAF
2018-07,FDS
2018-07,FHN
2018-07,FICO
2018-07,FII
2018-07,FIVE
2018-07,FLO
2018-07,FNB
2018-07,FR
2018-07,FSLR
2018-07,FTNT
2018-07,FULT
2018-07,GATX
2018-07,GEF
2018-07,GEO
2018-07,GGG
2018-07,GHC
2018-07,GME
2018-07,GMED
2018-07,GNTX
2018-07,GNW
2018-07,GPOR
2018-07,GVA
2018-07,GWR
2018-07,HAE
2018-07,HAIN
2018-07,HBHC
2018-07,HCSG
2018-07,HE
2018-07,HELE
2018-07,HIW
2018-07,HNI
2018-07,HOMB
2018-07,HPT
2018-07,HR
2018-07,HRC
2018-07,HUBB
2018-07,HYH
2018-07,IART
2018-07,IBKR
2018-07,IBOC
2018-07,ICUI
2018-07,IDA
2018-07,IDCC
2018-07,IDTI
2018-07,IEX
2018-07,ILG
2018-07,INGR
2018-07,INT
2018-07,ISCA
2018-07,ITT
2018-07,JACK
2018-07,JBGS
2018-07,JBL
2018-07,JBLU
2018-07,JCOM
2018-07,JHG
2018-07,JKHY
2018-07,JLL
2018-07,JW.A
2018-07,KBH
2018-07,KBR
2018-07,KEX
2018-07,KEYS
2018-07,KLXI
2018-07,KMPR
2018-07,KMT
2018-07,KNX
2018-07,KRC
2018-07,LAMR
2018-07,LANC
2018-07,LDOS
2018-07,LECO
2018-07,LFUS
2018-07,LHO
2018-07,LII
2018-07,LITE
2018-07,LIVN
2018-07,LM
2018-07,LOGM
2018-07,LPNT
2018-07,LPT
2018-07,LPX
2018-07,LSI
2018-07,LSTR
2018-07,LW
2018-07,LYV
2018-07,MAN
2018-07,MANH
2018-07,MASI
2018-07,MBFI
2018-07,MCY
2018-07,MD
2018-07,MDP
2018-07,MDR
2018-07,MDRX
2018-07,MDSO
2018-07,MDU
2018-07,MIK
2018-07,MKSI
2018-07,MKTX
2018-07,MLHR
2018-07,MMS
2018-07,MNK
2018-07,MOH
2018-07,MPW
2018-07,MPWR
2018-07,MSA
2018-07,MSM
2018-07,MTDR
2018-07,MTX
2018-07,MUR
2018-07,MUSA
2018-07,NATI
2018-07,NAVI
2018-07,NBR
2018-07,NCR
2018-07,NDSN
2018-07,NEU
2018-07,NFG
2018-07,NJR
2018-07,NNN
2018-07,NTCT
2018-07,NUS
2018-07,NUVA
2018-07,NVR
2018-07,NVT
2018-07,NWE
2018-07,NYCB
2018-07,NYT
2018-07,OAS
2018-07,ODFL
2018-07,ODP
2018-07,OFC
2018-07,OGE
2018-07,OGS
2018-07,OHI
2018-07,OI
2018-07,OII
2018-07,OLLI
2018-07,OLN
2018-07,ORI
2018-07,OSK
2018-07,OZK
2018-07,PACW
2018-07,PAY
2018-07,PB
2018-07,PBF
2018-07,PBH
2018-07,PBI
2018-07,PCH
2018-07,PDCO
2018-07,PII
2018-07,PLT
2018-07,PNFP
2018-07,PNM
2018-07,POL
2018-07,POOL
2018-07,POST
2018-07,PRAH
2018-07,PRI
2018-07,PTC
2018-07,PTEN
2018-07,PZZA
2018-07,QCP
2018-07,QEP
2018-07,R
2018-07,RBC
2018-07,RDC
2018-07,RGA
2018-07,RGLD
2018-07,RIG
2018-07,RNR
2018-07,ROL
2018-07,RPM
2018-07,RRC
2018-07,RS
2018-07,RYN
2018-07,SABR
2018-07,SAFM
2018-07,SAIC
2018-07,SAM
2018-07,SBH
2018-07,SBNY
2018-07,SBRA
2018-07,SCI
2018-07,SEIC
2018-07,SF
2018-07,SFM
2018-07,SGMS
2018-07,SIG
2018-07,SIX
2018-07,SKT
2018-07,SKX
2018-07,SLAB
2018-07,SLGN
2018-07,SLM
2018-07,SM
2018-07,SMG
2018-07,SNH
2018-07,SNV
2018-07,SNX
2018-07,SON
2018-07,SPN
2018-07,STE
2018-07,STL
2018-07,STLD
2018-07,SWN
2018-07,SWX
2018-07,SXT
2018-07,SYNA
2018-07,SYNH
2018-07,TCBI
2018-07,TCF
2018-07,TCO
2018-07,TDC
2018-07,TDS
2018-07,TDY
2018-07,TECD
2018-07,TECH
2018-07,TER
2018-07,TEX
2018-07,TFX
2018-07,TGNA
2018-07,THC
2018-07,THG
2018-07,THO
2018-07,THS
2018-07,TKR
2018-07,TOL
2018-07,TPH
2018-07,TPX
2018-07,TR
2018-07,TREE
2018-07,TRMB
2018-07,TRMK
2018-07,TRN
2018-07,TTC
2018-07,TUP
2018-07,TXRH
2018-07,TYL
2018-07,UBSI
2018-07,UE
2018-07,UFS
2018-07,UGI
2018-07,ULTI
2018-07,UMBF
2018-07,UMPQ
2018-07,UNFI
2018-07,UNIT
2018-07,URBN
2018-07,UTHR
2018-07,VC
2018-07,VLY
2018-07,VMI
2018-07,VSAT
2018-07,VSH
2018-07,VSM
2018-07,VVC
2018-07,VVV
2018-07,WAB
2018-07,WAFD
2018-07,WBS
2018-07,WCG
2018-07,WEN
2018-07,WERN
2018-07,WEX
2018-07,WOR
2018-07,WPX
2018-07,WRB
2018-07,WRI
2018-07,WSM
2018-07,WSO
2018-07,WST
2018-07,WTFC
2018-07,WTR
2018-07,WWD
2018-07,WYND
2018-07,X
2018-07,Y
2018-07,ZBRA
2018-08,AAN
2018-08,ACC
2018-08,ACHC
2018-08,ACIW
2018-08,ACM
2018-08,ACXM
2018-08,ADNT
2018-08,AEO
2018-08,AFG
2018-08,AGCO
2018-08,AHL
2018-08,AKRX
2018-08,ALE
2018-08,ALEX
2018-08,AMCX
2018-08,AN
2018-08,APY
2018-08,ARRS
2018-08,ARW
2018-08,ASB
2018-08,ASH
2018-08,ATGE
2018-08,ATI
2018-08,ATO
2018-08,ATR
2018-08,AVT
2018-08,AYI
2018-08,BBBY
2018-08,BC
2018-08,BCO
2018-08,BDC
2018-08,BID
2018-08,BIG
2018-08,BIO
2018-08,BKH
2018-08,BLKB
2018-08,BMS
2018-08,BOH
2018-08,BRO
2018-08,BXS
2018-08,BYD
2018-08,CABO
2018-08,CAKE
2018-08,CAR
2018-08,CARS
2018-08,CASY
2018-08,CATY
2018-08,CBRL
2018-08,CBSH
2018-08,CBT
2018-08,CC
2018-08,CDK
2018-08,CFR
2018-08,CGNX
2018-08,CHDN
2018-08,CHE
2018-08,CHFC
2018-08,CHK
2018-08,CIEN
2018-08,CLB
2018-08,CLGX
2018-08,CLH
2018-08,CLI
2018-08,CMC
2018-08,CMD
2018-08,CMP
2018-08,CNK
2018-08,CNO
2018-08,CNX
2018-08,COHR
2018-08,CONE
2018-08,COR
2018-08,CPE
2018-08,CPT
2018-08,CR
2018-08,CREE
2018-08,CRI
2018-08,CRL
2018-08,CRS
2018-08,CRUS
2018-08,CSL
2018-08,CTLT
2018-08,CUZ
2018-08,CVG
2018-08,CVLT
2018-08,CW
2018-08,CXW
2018-08,CY
2018-08,DAN
2018-08,DCI
2018-08,DDS
2018-08,DECK
2018-08,DEI
2018-08,DKS
2018-08,DLPH
2018-08,DLX
2018-08,DNB
2018-08,DNKN
2018-08,DNOW
2018-08,DO
2018-08,DPZ
2018-08,DRQ
2018-08,DY
2018-08,EAT
2018-08,EDR
2018-08,EGN
2018-08,EHC
2018-08,EME
2018-08,ENR
2018-08,ENS
2018-08,EPC
2018-08,EPR
2018-08,ERI
2018-08,ESL
2018-08,ESV
2018-08,EV
2018-08,EVR
2018-08,EWBC
2018-08,EXEL
2018-08,EXP
2018-08,FAF
2018-08,FDS
2018-08,FHN
2018-08,FICO
2018-08,FII
2018-08,FIVE
2018-08,FLO
2018-08,FNB
2018-08,FR
2018-08,FSLR
2018-08,FTNT
2018-08,FULT
2018-08,GATX
2018-08,GEF
2018-08,GEO
2018-08,GGG
2018-08,GHC
2018-08,GME
2018-08,GMED
2018-08,GNTX
2018-08,GNW
2018-08,GPOR
2018-08,GVA
2018-08,GWR
2018-08,HAE
2018-08,HAIN
2018-08,HBHC
2018-08,HCSG
2018-08,HE
2018-08,HELE
2018-08,HIW
2018-08,HNI
2018-08,HOMB
2018-08,HPT
2018-08,HR
2018-08,HRC
2018-08,HUBB
2018-08,HYH
2018-08,IART
2018-08,IBKR
2018-08,IBOC
2018-08,ICUI
2018-08,IDA
2018-08,IDCC
2018-08,IDTI
2018-08,IEX
2018-08,ILG
2018-08,INGR
2018-08,INT
2018-08,ISCA
2018-08,ITT
2018-08,JACK
2018-08,JBGS
2018-08,JBL
2018-08,JBLU
2018-08,JCOM
2018-08,JHG
2018-08,JKHY
2018-08,JLL
2018-08,JW.A
2018-08,KBH
2018-08,KBR
2018-08,KEX
2018-08,KEYS
2018-08,KLXI
2018-08,KMPR
2018-08,KMT
2018-08,KNX
2018-08,KRC
2018-08,LAMR
2018-08,LANC
2018-08,LDOS
2018-08,LECO
2018-08,LFUS
2018-08,LHO
2018-08,LII
2018-08,LITE
2018-08,LIVN
2018-08,LM
2018-08,LOGM
2018-08,LPNT
2018-08,LPT
2018-08,LPX
2018-08,LSI
2018-08,LSTR
2018-08,LW
2018-08,LYV
2018-08,MAN
2018-08,MANH
2018-08,MASI
2018-08,MBFI
2018-08,MCY
2018-08,MD
2018-08,MDP
2018-08,MDR
2018-08,MDRX
2018-08,MDSO
2018-08,MDU
2018-08,MIK
2018-08,MKSI
2018-08,MKTX
2018-08,MLHR
2018-08,MMS
2018-08,MNK
2018-08,MOH
2018-08,MPW
2018-08,MPWR
2018-08,MSA
2018-08,MSM
2018-08,MTDR
2018-08,MTX
2018-08,MUR
2018-08,MUSA
2018-08,NATI
2018-08,NAVI
2018-08,NBR
2018-08,NCR
2018-08,NDSN
2018-08,NEU
2018-08,NFG
2018-08,NJR
2018-08,NNN
2018-08,NTCT
2018-08,NUS
2018-08,NUVA
2018-08,NVR
2018-08,NVT
2018-08,NWE
2018-08,NYCB
2018-08,NYT
2018-08,OAS
2018-08,ODFL
2018-08,ODP
2018-08,OFC
2018-08,OGE
2018-08,OGS
2018-08,OHI
2018-08,OI
2018-08,OII
2018-08,OLLI
2018-08,OLN
2018-08,ORI
2018-08,OSK
2018-08,OZK
2018-08,PACW
2018-08,PB
2018-08,PBF
2018-08,PBH
2018-08,PBI
2018-08,PCH
2018-08,PDCO
2018-08,PII
2018-08,PLT
2018-08,PNFP
2018-08,PNM
2018-08,POL
2018-08,POOL
2018-08,POST
2018-08,PRAH
2018-08,PRI
2018-08,PTC
2018-08,PTEN
2018-08,PZZA
2018-08,QEP
2018-08,R
2018-08,RBC
2018-08,RDC
2018-08,RGA
2018-08,RGLD
2018-08,RIG
2018-08,RNR
2018-08,ROL
2018-08,RPM
2018-08,RRC
2018-08,RS
2018-08,RYN
2018-08,SABR
2018-08,SAFM
2018-08,SAIC
2018-08,SAM
2018-08,SBH
2018-08,SBNY
2018-08,SBRA
2018-08,SCI
2018-08,SEIC
2018-08,SF
2018-08,SFM
2018-08,SGMS
2018-08,SIG
2018-08,SIX
2018-08,SKT
2018-08,SKX
2018-08,SLAB
2018-08,SLGN
2018-08,SLM
2018-08,SM
2018-08,SMG
2018-08,SNH
2018-08,SNV
2018-08,SNX
2018-08,SON
2018-08,SPN
2018-08,STE
2018-08,STL
2018-08,STLD
2018-08,SWN
2018-08,SWX
2018-08,SXT
2018-08,SYNA
2018-08,SYNH
2018-08,TCBI
2018-08,TCF
2018-08,TCO
2018-08,TDC
2018-08,TDS
2018-08,TDY
2018-08,TECD
2018-08,TECH
2018-08,TER
2018-08,TEX
2018-08,TFX
2018-08,TGNA
2018-08,THC
2018-08,THG
2018-08,THO
2018-08,THS
2018-08,TKR
2018-08,TOL
2018-08,TPH
2018-08,TPX
2018-08,TR
2018-08,TREE
2018-08,TRMB
2018-08,TRMK
2018-08,TRN
2018-08,TTC
2018-08,TUP
2018-08,TXRH
2018-08,TYL
2018-08,UBSI
2018-08,UE
2018-08,UFS
2018-08,UGI
2018-08,ULTI
2018-08,UMBF
2018-08,UMPQ
2018-08,UNFI
2018-08,UNIT
2018-08,URBN
2018-08,UTHR
2018-08,VC
2018-08,VLY
2018-08,VMI
2018-08,VSAT
2018-08,VSH
2018-08,VSM
2018-08,VVC
2018-08,VVV
2018-08,WAB
2018-08,WAFD
2018-08,WBS
2018-08,WCG
2018-08,WEN
2018-08,WERN
2018-08,WEX
2018-08,WOR
2018-08,WPX
2018-08,WRB
2018-08,WRI
2018-08,WSM
2018-08,WSO
2018-08,WST
2018-08,WTFC
2018-08,WTR
2018-08,WWD
2018-08,WWE
2018-08,WYND
2018-08,X
2018-08,Y
2018-08,ZBRA
2018-09,AAN
2018-09,ACC
2018-09,ACHC
2018-09,ACIW
2018-09,ACM
2018-09,ACXM
2018-09,ADNT
2018-09,AEO
2018-09,AFG
2018-09,AGCO
2018-09,AHL
2018-09,AKRX
2018-09,ALE
2018-09,ALEX
2018-09,AMCX
2018-09,AN
2018-09,APY
2018-09,ARRS
2018-09,ARW
2018-09,ASB
2018-09,ASH
2018-09,ATGE
2018-09,ATI
2018-09,ATO
2018-09,ATR
2018-09,AVT
2018-09,AYI
2018-09,BBBY
2018-09,BC
2018-09,BCO
2018-09,BDC
2018-09,BID
2018-09,BIG
2018-09,BIO
2018-09,BKH
2018-09,BLKB
2018-09,BMS
2018-09,BOH
2018-09,BRO
2018-09,BXS
2018-09,BYD
2018-09,CABO
2018-09,CAKE
2018-09,CAR
2018-09,CARS
2018-09,CASY
2018-09,CATY
2018-09,CBRL
2018-09,CBSH
2018-09,CBT
2018-09,CC
2018-09,CDK
2018-09,CFR
2018-09,CGNX
2018-09,CHDN
2018-09,CHE
2018-09,CHFC
2018-09,CHK
2018-09,CIEN
2018-09,CLB
2018-09,CLGX
2018-09,CLH
2018-09,CLI
2018-09,CMC
2018-09,CMD
2018-09,CMP
2018-09,CNK
2018-09,CNO
2018-09,CNX
2018-09,COHR
2018-09,CONE
2018-09,COR
2018-09,CPE
2018-09,CPT
2018-09,CR
2018-09,CREE
2018-09,CRI
2018-09,CRL
2018-09,CRS
2018-09,CRUS
2018-09,CSL
2018-09,CTLT
2018-09,CUZ
2018-09,CVG
2018-09,CVLT
2018-09,CW
2018-09,CXW
2018-09,CY
2018-09,DAN
2018-09,DCI
2018-09,DDS
2018-09,DECK
2018-09,DEI
2018-09,DKS
2018-09,DLPH
2018-09,DLX
2018-09,DNB
2018-09,DNKN
2018-09,DNOW
2018-09,DO
2018-09,DPZ
2018-09,DRQ
2018-09,DY
2018-09,EAT
2018-09,EDR
2018-09,EGN
2018-09,EHC
2018-09,EME
2018-09,ENR
2018-09,ENS
2018-09,EPC
2018-09,EPR
2018-09,ERI
2018-09,ESL
2018-09,ESV
2018-09,EV
2018-09,EVR
2018-09,EWBC
2018-09,EXEL
2018-09,EXP
2018-09,FAF
2018-09,FDS
2018-09,FHN
2018-09,FICO
2018-09,FII
2018-09,FIVE
2018-09,FLO
2018-09,FNB
2018-09,FR
2018-09,FSLR
2018-09,FTNT
2018-09,FULT
2018-09,GATX
2018-09,GEF
2018-09,GEO
2018-09,GGG
2018-09,GHC
2018-09,GME
2018-09,GMED
2018-09,GNTX
2018-09,GNW
2018-09,GPOR
2018-09,GVA
2018-09,GWR
2018-09,HAE
2018-09,HAIN
2018-09,HBHC
2018-09,HCSG
2018-09,HE
2018-09,HELE
2018-09,HIW
2018-09,HNI
2018-09,HOMB
2018-09,HPT
2018-09,HR
2018-09,HRC
2018-09,HUBB
2018-09,HYH
2018-09,IART
2018-09,IBKR
2018-09,IBOC
2018-09,ICUI
2018-09,IDA
2018-09,IDCC
2018-09,IDTI
2018-09,IEX
2018-09,INGR
2018-09,INT
2018-09,ISCA
2018-09,ITT
2018-09,JACK
2018-09,JBGS
2018-09,JBL
2018-09,JBLU
2018-09,JCOM
2018-09,JHG
2018-09,JKHY
2018-09,JLL
2018-09,JW.A
2018-09,KBH
2018-09,KBR
2018-09,KEX
2018-09,KEYS
2018-09,KMPR
2018-09,KMT
2018-09,KNX
2018-09,KRC
2018-09,LAMR
2018-09,LANC
2018-09,LDOS
2018-09,LECO
2018-09,LFUS
2018-09,LHO
2018-09,LII
2018-09,LITE
2018-09,LIVN
2018-09,LM
2018-09,LOGM
2018-09,LPNT
2018-09,LPT
2018-09,LPX
2018-09,LSI
2018-09,LSTR
2018-09,LW
2018-09,LYV
2018-09,MAN
2018-09,MANH
2018-09,MASI
2018-09,MBFI
2018-09,MCY
2018-09,MD
2018-09,MDP
2018-09,MDR
2018-09,MDRX
2018-09,MDSO
2018-09,MDU
2018-09,MIK
2018-09,MKSI
2018-09,MKTX
2018-09,MLHR
2018-09,MMS
2018-09,MNK
2018-09,MOH
2018-09,MPW
2018-09,MPWR
2018-09,MSA
2018-09,MSM
2018-09,MTDR
2018-09,MTX
2018-09,MUR
2018-09,MUSA
2018-09,NATI
2018-09,NAVI
2018-09,NBR
2018-09,NCR
2018-09,NDSN
2018-09,NEU
2018-09,NFG
2018-09,NJR
2018-09,NNN
2018-09,NTCT
2018-09,NUS
2018-09,NUVA
2018-09,NVR
2018-09,NVT
2018-09,NWE
2018-09,NYCB
2018-09,NYT
2018-09,OAS
2018-09,ODFL
2018-09,ODP
2018-09,OFC
2018-09,OGE
2018-09,OGS
2018-09,OHI
2018-09,OI
2018-09,OII
2018-09,OLLI
2018-09,OLN
2018-09,ORI
2018-09,OSK
2018-09,OZK
2018-09,PACW
2018-09,PB
2018-09,PBF
2018-09,PBH
2018-09,PBI
2018-09,PCH
2018-09,PDCO
2018-09,PII
2018-09,PLT
2018-09,PNFP
2018-09,PNM
2018-09,POL
2018-09,POOL
2018-09,POST
2018-09,PRAH
2018-09,PRI
2018-09,PTC
2018-09,PTEN
2018-09,PZZA
2018-09,QEP
2018-09,R
2018-09,RBC
2018-09,RDC
2018-09,RGA
2018-09,RGLD
2018-09,RIG
2018-09,RNR
2018-09,ROL
2018-09,RPM
2018-09,RRC
2018-09,RS
2018-09,RYN
2018-09,SABR
2018-09,SAFM
2018-09,SAIC
2018-09,SAM
2018-09,SBH
2018-09,SBNY
2018-09,SBRA
2018-09,SCI
2018-09,SEIC
2018-09,SF
2018-09,SFM
2018-09,SGMS
2018-09,SIG
2018-09,SIX
2018-09,SKT
2018-09,SKX
2018-09,SLAB
2018-09,SLGN
2018-09,SLM
2018-09,SM
2018-09,SMG
2018-09,SNH
2018-09,SNV
2018-09,SNX
2018-09,SON
2018-09,SPN
2018-09,STE
2018-09,STL
2018-09,STLD
2018-09,SWN
2018-09,SWX
2018-09,SXT
2018-09,SYNA
2018-09,SYNH
2018-09,TCBI
2018-09,TCF
2018-09,TCO
2018-09,TDC
2018-09,TDS
2018-09,TDY
2018-09,TECD
2018-09,TECH
2018-09,TER
2018-09,TEX
2018-09,TFX
2018-09,TGNA
2018-09,THC
2018-09,THG
2018-09,THO
2018-09,THS
2018-09,TKR
2018-09,TOL
2018-09,TPH
2018-09,TPX
2018-09,TR
2018-09,TREE
2018-09,TRMB
2018-09,TRMK
2018-09,TRN
2018-09,TTC
2018-09,TUP
2018-09,TXRH
2018-09,TYL
2018-09,UBSI
2018-09,UE
2018-09,UFS
2018-09,UGI
2018-09,ULTI
2018-09,UMBF
2018-09,UMPQ
2018-09,UNFI
2018-09,UNIT
2018-09,URBN
2018-09,UTHR
2018-09,VAC
2018-09,VC
2018-09,VLY
2018-09,VMI
2018-09,VSAT
2018-09,VSH
2018-09,VSM
2018-09,VVC
2018-09,VVV
2018-09,WAB
2018-09,WAFD
2018-09,WBS
2018-09,WCG
2018-09,WEN
2018-09,WERN
2018-09,WEX
2018-09,WOR
2018-09,WPX
2018-09,WRB
2018-09,WRI
2018-09,WSM
2018-09,WSO
2018-09,WST
2018-09,WTFC
2018-09,WTR
2018-09,WTW
2018-09,WWD
2018-09,WWE
2018-09,WYND
2018-09,X
2018-09,Y
2018-09,ZBRA
2018-10,AAN
2018-10,ACC
2018-10,ACHC
2018-10,ACIW
2018-10,ACM
2018-10,ACXM
2018-10,ADNT
2018-10,AEO
2018-10,AFG
2018-10,AGCO
2018-10,AHL
2018-10,AKRX
2018-10,ALE
2018-10,ALEX
2018-10,AMCX
2018-10,AN
2018-10,APY
2018-10,ARRS
2018-10,ARW
2018-10,ASB
2018-10,ASGN
2018-10,ASH
2018-10,ATGE
2018-10,ATI
2018-10,ATO
2018-10,ATR
2018-10,AVNS
2018-10,AVT
2018-10,AYI
2018-10,BBBY
2018-10,BC
2018-10,BCO
2018-10,BDC
2018-10,BID
2018-10,BIG
2018-10,BIO
2018-10,BKH
2018-10,BLKB
2018-10,BMS
2018-10,BOH
2018-10,BRO
2018-10,BXS
2018-10,BYD
2018-10,CABO
2018-10,CAKE
2018-10,CAR
2018-10,CARS
2018-10,CASY
2018-10,CATY
2018-10,CBRL
2018-10,CBSH
2018-10,CBT
2018-10,CC
2018-10,CDK
2018-10,CFR
2018-10,CGNX
2018-10,CHDN
2018-10,CHE
2018-10,CHFC
2018-10,CHK
2018-10,CIEN
2018-10,CLB
2018-10,CLGX
2018-10,CLH
2018-10,CLI
2018-10,CMC
2018-10,CMD
2018-10,CMP
2018-10,CNK
2018-10,CNO
2018-10,CNX
2018-10,COHR
2018-10,CONE
2018-10,COR
2018-10,CPE
2018-10,CPT
2018-10,CR
2018-10,CREE
2018-10,CRI
2018-10,CRL
2018-10,CRS
2018-10,CRUS
2018-10,CSL
2018-10,CTLT
2018-10,CUZ
2018-10,CVLT
2018-10,CW
2018-10,CXW
2018-10,CY
2018-10,DAN
2018-10,DCI
2018-10,DDS
2018-10,DECK
2018-10,DEI
2018-10,DKS
2018-10,DLPH
2018-10,DLX
2018-10,DNB
2018-10,DNKN
2018-10,DNOW
2018-10,DO
2018-10,DPZ
2018-10,DRQ
2018-10,DY
2018-10,EAT
2018-10,EGN
2018-10,EHC
2018-10,EME
2018-10,ENR
2018-10,ENS
2018-10,EPC
2018-10,EPR
2018-10,ERI
2018-10,ESL
2018-10,ESV
2018-10,EV
2018-10,EVR
2018-10,EWBC
2018-10,EXEL
2018-10,EXP
2018-10,FAF
2018-10,FDS
2018-10,FHN
2018-10,FICO
2018-10,FII
2018-10,FIVE
2018-10,FLO
2018-10,FNB
2018-10,FR
2018-10,FSLR
2018-10,FULT
2018-10,GATX
2018-10,GEF
2018-10,GEO
2018-10,GGG
2018-10,GHC
2018-10,GME
2018-10,GMED
2018-10,GNTX
2018-10,GNW
2018-10,GPOR
2018-10,GVA
2018-10,GWR
2018-10,HAE
2018-10,HAIN
2018-10,HBHC
2018-10,HCSG
2018-10,HE
2018-10,HELE
2018-10,HIW
2018-10,HNI
2018-10,HOMB
2018-10,HPT
2018-10,HQY
2018-10,HR
2018-10,HRC
2018-10,HUBB
2018-10,IART
2018-10,IBKR
2018-10,IBOC
2018-10,ICUI
2018-10,IDA
2018-10,IDCC
2018-10,IDTI
2018-10,IEX
2018-10,INGR
2018-10,INT
2018-10,ISCA
2018-10,ITT
2018-10,JACK
2018-10,JBGS
2018-10,JBL
2018-10,JBLU
2018-10,JCOM
2018-10,JHG
2018-10,JKHY
2018-10,JLL
2018-10,JW.A
2018-10,KBH
2018-10,KBR
2018-10,KEX
2018-10,KEYS
2018-10,KMPR
2018-10,KMT
2018-10,KNX
2018-10,KRC
2018-10,LAMR
2018-10,LANC
2018-10,LDOS
2018-10,LECO
2018-10,LFUS
2018-10,LHO
2018-10,LII
2018-10,LITE
2018-10,LIVN
2018-10,LM
2018-10,LOGM
2018-10,LPNT
2018-10,LPT
2018-10,LPX
2018-10,LSI
2018-10,LSTR
2018-10,LW
2018-10,LYV
2018-10,MAN
2018-10,MANH
2018-10,MASI
2018-10,MBFI
2018-10,MCY
2018-10,MD
2018-10,MDP
2018-10,MDR
2018-10,MDRX
2018-10,MDSO
2018-10,MDU
2018-10,MIK
2018-10,MKSI
2018-10,MKTX
2018-10,MLHR
2018-10,MMS
2018-10,MNK
2018-10,MOH
2018-10,MPW
2018-10,MPWR
2018-10,MSA
2018-10,MSM
2018-10,MTDR
2018-10,MTX
2018-10,MUR
2018-10,MUSA
2018-10,NATI
2018-10,NAVI
2018-10,NBR
2018-10,NCR
2018-10,NDSN
2018-10,NEU
2018-10,NFG
2018-10,NJR
2018-10,NNN
2018-10,NTCT
2018-10,NUS
2018-10,NUVA
2018-10,NVR
2018-10,NVT
2018-10,NWE
2018-10,NYCB
2018-10,NYT
2018-10,OAS
2018-10,ODFL
2018-10,ODP
2018-10,OFC
2018-10,OGE
2018-10,OGS
2018-10,OHI
2018-10,OI
2018-10,OII
2018-10,OLLI
2018-10,OLN
2018-10,ORI
2018-10,OSK
2018-10,OZK
2018-10,PACW
2018-10,PB
2018-10,PBF
2018-10,PBH
2018-10,PBI
2018-10,PCH
2018-10,PDCO
2018-10,PENN
2018-10,PII
2018-10,PLT
2018-10,PNFP
2018-10,PNM
2018-10,POL
2018-10,POOL
2018-10,POST
2018-10,PRAH
2018-10,PRI
2018-10,PTC
2018-10,PTEN
2018-10,PZZA
2018-10,QEP
2018-10,R
2018-10,RBC
2018-10,RDC
2018-10,RGA
2018-10,RGLD
2018-10,RIG
2018-10,RLGY
2018-10,RNR
2018-10,ROL
2018-10,RPM
2018-10,RRC
2018-10,RS
2018-10,RYN
2018-10,SABR
2018-10,SAFM
2018-10,SAIC
2018-10,SAM
2018-10,SBH
2018-10,SBNY
2018-10,SBRA
2018-10,SCI
2018-10,SEIC
2018-10,SF
2018-10,SFM
2018-10,SGMS
2018-10,SIG
2018-10,SIX
2018-10,SKT
2018-10,SKX
2018-10,SLAB
2018-10,SLGN
2018-10,SLM
2018-10,SM
2018-10,SMG
2018-10,SNH
2018-10,SNV
2018-10,SNX
2018-10,SON
2018-10,SPN
2018-10,STE
2018-10,STL
2018-10,STLD
2018-10,SWN
2018-10,SWX
2018-10,SXT
2018-10,SYNA
2018-10,SYNH
2018-10,TCBI
2018-10,TCF
2018-10,TCO
2018-10,TDC
2018-10,TDS
2018-10,TDY
2018-10,TECD
2018-10,TECH
2018-10,TER
2018-10,TEX
2018-10,TFX
2018-10,TGNA
2018-10,THC
2018-10,THG
2018-10,THO
2018-10,THS
2018-10,TKR
2018-10,TOL
2018-10,TPH
2018-10,TPX
2018-10,TR
2018-10,TREE
2018-10,TRMB
2018-10,TRMK
2018-10,TRN
2018-10,TTC
2018-10,TUP
2018-10,TXRH
2018-10,TYL
2018-10,UBSI
2018-10,UE
2018-10,UFS
2018-10,UGI
2018-10,ULTI
2018-10,UMBF
2018-10,UMPQ
2018-10,UNFI
2018-10,UNIT
2018-10,URBN
2018-10,UTHR
2018-10,VAC
2018-10,VC
2018-10,VLY
2018-10,VMI
2018-10,VSAT
2018-10,VSH
2018-10,VSM
2018-10,VVC
2018-10,VVV
2018-10,WAB
2018-10,WAFD
2018-10,WBS
2018-10,WEN
2018-10,WERN
2018-10,WEX
2018-10,WOR
2018-10,WPX
2018-10,WRB
2018-10,WRI
2018-10,WSM
2018-10,WSO
2018-10,WST
2018-10,WTFC
2018-10,WTR
2018-10,WTW
2018-10,WWD
2018-10,WWE
2018-10,WYND
2018-10,X
2018-10,Y
2018-10,ZBRA
2018-11,AAN
2018-11,ACC
2018-11,ACHC
2018-11,ACIW
2018-11,ACM
2018-11,ADNT
2018-11,AEO
2018-11,AFG
2018-11,AGCO
2018-11,AHL
2018-11,AKRX
2018-11,ALE
2018-11,ALEX
2018-11,AMCX
2018-11,AN
2018-11,APY
2018-11,ARRS
2018-11,ARW
2018-11,ASB
2018-11,ASGN
2018-11,ASH
2018-11,ATGE
2018-11,ATI
2018-11,ATO
2018-11,ATR
2018-11,AVNS
2018-11,AVT
2018-11,AYI
2018-11,BBBY
2018-11,BC
2018-11,BCO
2018-11,BDC
2018-11,BID
2018-11,BIG
2018-11,BIO
2018-11,BKH
2018-11,BLKB
2018-11,BMS
2018-11,BOH
2018-11,BRO
2018-11,BXS
2018-11,BYD
2018-11,CABO
2018-11,CAKE
2018-11,CAR
2018-11,CARS
2018-11,CASY
2018-11,CATY
2018-11,CBRL
2018-11,CBSH
2018-11,CBT
2018-11,CC
2018-11,CDK
2018-11,CFR
2018-11,CGNX
2018-11,CHDN
2018-11,CHE
2018-11,CHFC
2018-11,CHK
2018-11,CIEN
2018-11,CLB
2018-11,CLGX
2018-11,CLH
2018-11,CLI
2018-11,CMC
2018-11,CMD
2018-11,CMP
2018-11,CNK
2018-11,CNO
2018-11,CNX
2018-11,COHR
2018-11,CONE
2018-11,COR
2018-11,CPE
2018-11,CPT
2018-11,CR
2018-11,CREE
2018-11,CRI
2018-11,CRL
2018-11,CRS
2018-11,CRUS
2018-11,CSL
2018-11,CTLT
2018-11,CUZ
2018-11,CVLT
2018-11,CW
2018-11,CXW
2018-11,CY
2018-11,DAN
2018-11,DCI
2018-11,DDS
2018-11,DECK
2018-11,DEI
2018-11,DKS
2018-11,DLPH
2018-11,DLX
2018-11,DNB
2018-11,DNKN
2018-11,DNOW
2018-11,DO
2018-11,DPZ
2018-11,DRQ
2018-11,DY
2018-11,EAT
2018-11,EGN
2018-11,EHC
2018-11,EME
2018-11,ENR
2018-11,ENS
2018-11,EPC
2018-11,EPR
2018-11,ERI
2018-11,ESL
2018-11,ESV
2018-11,EV
2018-11,EVR
2018-11,EWBC
2018-11,EXEL
2018-11,EXP
2018-11,FAF
2018-11,FDS
2018-11,FHN
2018-11,FICO
2018-11,FII
2018-11,FIVE
2018-11,FLO
2018-11,FNB
2018-11,FR
2018-11,FSLR
2018-11,FULT
2018-11,GATX
2018-11,GEF
2018-11,GEO
2018-11,GGG
2018-11,GHC
2018-11,GME
2018-11,GMED
2018-11,GNTX
2018-11,GNW
2018-11,GPOR
2018-11,GVA
2018-11,GWR
2018-11,HAE
2018-11,HAIN
2018-11,HCSG
2018-11,HE
2018-11,HELE
2018-11,HIW
2018-11,HNI
2018-11,HOMB
2018-11,HPT
2018-11,HQY
2018-11,HR
2018-11,HRC
2018-11,HUBB
2018-11,HWC
2018-11,IART
2018-11,IBKR
2018-11,IBOC
2018-11,ICUI
2018-11,IDA
2018-11,IDCC
2018-11,IDTI
2018-11,IEX
2018-11,INGR
2018-11,INT
2018-11,ISCA
2018-11,ITT
2018-11,JACK
2018-11,JBGS
2018-11,JBL
2018-11,JBLU
2018-11,JCOM
2018-11,JHG
2018-11,JKHY
2018-11,JLL
2018-11,JW.A
2018-11,KBH
2018-11,KBR
2018-11,KEX
2018-11,KMPR
2018-11,KMT
2018-11,KNX
2018-11,KRC
2018-11,LAMR
2018-11,LANC
2018-11,LDOS
2018-11,LECO
2018-11,LFUS
2018-11,LGND
2018-11,LHO
2018-11,LII
2018-11,LITE
2018-11,LIVN
2018-11,LM
2018-11,LOGM
2018-11,LPNT
2018-11,LPT
2018-11,LPX
2018-11,LSI
2018-11,LSTR
2018-11,LW
2018-11,LYV
2018-11,MAN
2018-11,MANH
2018-11,MASI
2018-11,MBFI
2018-11,MCY
2018-11,MD
2018-11,MDP
2018-11,MDR
2018-11,MDRX
2018-11,MDSO
2018-11,MDU
2018-11,MIK
2018-11,MKSI
2018-11,MKTX
2018-11,MLHR
2018-11,MMS
2018-11,MNK
2018-11,MOH
2018-11,MPW
2018-11,MPWR
2018-11,MSA
2018-11,MSM
2018-11,MTDR
2018-11,MTX
2018-11,MUR
2018-11,MUSA
2018-11,NATI
2018-11,NAVI
2018-11,NBR
2018-11,NCR
2018-11,NDSN
2018-11,NEU
2018-11,NFG
2018-11,NJR
2018-11,NNN
2018-11,NTCT
2018-11,NUS
2018-11,NUVA
2018-11,NVR
2018-11,NVT
2018-11,NWE
2018-11,NYCB
2018-11,NYT
2018-11,OAS
2018-11,ODFL
2018-11,ODP
2018-11,OFC
2018-11,OGE
2018-11,OGS
2018-11,OHI
2018-11,OI
2018-11,OII
2018-11,OLLI
2018-11,OLN
2018-11,ORI
2018-11,OSK
2018-11,OZK
2018-11,PACW
2018-11,PB
2018-11,PBF
2018-11,PBH
2018-11,PBI
2018-11,PCH
2018-11,PDCO
2018-11,PENN
2018-11,PII
2018-11,PLT
2018-11,PNFP
2018-11,PNM
2018-11,POL
2018-11,POOL
2018-11,POST
2018-11,PRAH
2018-11,PRI
2018-11,PTC
2018-11,PTEN
2018-11,PZZA
2018-11,QEP
2018-11,R
2018-11,RAMP
2018-11,RBC
2018-11,RDC
2018-11,RGA
2018-11,RGLD
2018-11,RIG
2018-11,RLGY
2018-11,RNR
2018-11,ROL
2018-11,RPM
2018-11,RRC
2018-11,RS
2018-11,RYN
2018-11,SABR
2018-11,SAFM
2018-11,SAIC
2018-11,SAM
2018-11,SBH
2018-11,SBNY
2018-11,SBRA
2018-11,SCI
2018-11,SEIC
2018-11,SF
2018-11,SFM
2018-11,SGMS
2018-11,SIG
2018-11,SIX
2018-11,SKT
2018-11,SKX
2018-11,SLAB
2018-11,SLGN
2018-11,SLM
2018-11,SM
2018-11,SMG
2018-11,SNH
2018-11,SNV
2018-11,SNX
2018-11,SON
2018-11,SPN
2018-11,STE
2018-11,STL
2018-11,STLD
2018-11,SWN
2018-11,SWX
2018-11,SXT
2018-11,SYNA
2018-11,SYNH
2018-11,TCBI
2018-11,TCF
2018-11,TCO
2018-11,TDC
2018-11,TDS
2018-11,TDY
2018-11,TECD
2018-11,TECH
2018-11,TER
2018-11,TEX
2018-11,TFX
2018-11,TGNA
2018-11,THC
2018-11,THG
2018-11,THO
2018-11,THS
2018-11,TKR
2018-11,TOL
2018-11,TPH
2018-11,TPX
2018-11,TR
2018-11,TREE
2018-11,TRMB
2018-11,TRMK
2018-11,TRN
2018-11,TTC
2018-11,TUP
2018-11,TXRH
2018-11,TYL
2018-11,UBSI
2018-11,UE
2018-11,UFS
2018-11,UGI
2018-11,ULTI
2018-11,UMBF
2018-11,UMPQ
2018-11,UNFI
2018-11,UNIT
2018-11,URBN
2018-11,UTHR
2018-11,VAC
2018-11,VC
2018-11,VLY
2018-11,VMI
2018-11,VSAT
2018-11,VSH
2018-11,VSM
2018-11,VVC
2018-11,VVV
2018-11,WAB
2018-11,WAFD
2018-11,WBS
2018-11,WEN
2018-11,WERN
2018-11,WEX
2018-11,WOR
2018-11,WPX
2018-11,WRB
2018-11,WRI
2018-11,WSM
2018-11,WSO
2018-11,WST
2018-11,WTFC
2018-11,WTR
2018-11,WTW
2018-11,WWD
2018-11,WWE
2018-11,WYND
2018-11,X
2018-11,Y
2018-11,ZBRA
2018-12,AAN
2018-12,ACC
2018-12,ACHC
2018-12,ACIW
2018-12,ACM
2018-12,ADNT
2018-12,AEO
2018-12,AFG
2018-12,AGCO
2018-12,AHL
2018-12,AKRX
2018-12,ALE
2018-12,ALEX
2018-12,AMCX
2018-12,AN
2018-12,APY
2018-12,ARRS
2018-12,ARW
2018-12,ASB
2018-12,ASGN
2018-12,ASH
2018-12,ATGE
2018-12,ATI
2018-12,ATO
2018-12,ATR
2018-12,AVNS
2018-12,AVT
2018-12,AYI
2018-12,BBBY
2018-12,BC
2018-12,BCO
2018-12,BDC
2018-12,BID
2018-12,BIG
2018-12,BIO
2018-12,BKH
2018-12,BLKB
2018-12,BMS
2018-12,BOH
2018-12,BRO
2018-12,BXS
2018-12,BYD
2018-12,CABO
2018-12,CAKE
2018-12,CAR
2018-12,CARS
2018-12,CASY
2018-12,CATY
2018-12,CBRL
2018-12,CBSH
2018-12,CBT
2018-12,CC
2018-12,CDK
2018-12,CFR
2018-12,CGNX
2018-12,CHDN
2018-12,CHE
2018-12,CHFC
2018-12,CHK
2018-12,CIEN
2018-12,CLB
2018-12,CLGX
2018-12,CLH
2018-12,CLI
2018-12,CMC
2018-12,CMD
2018-12,CMP
2018-12,CNK
2018-12,CNO
2018-12,CNX
2018-12,COHR
2018-12,CONE
2018-12,COR
2018-12,CPE
2018-12,CPT
2018-12,CR
2018-12,CREE
2018-12,CRI
2018-12,CRL
2018-12,CRS
2018-12,CRUS
2018-12,CSL
2018-12,CTLT
2018-12,CUZ
2018-12,CVLT
2018-12,CW
2018-12,CXW
2018-12,CY
2018-12,DAN
2018-12,DCI
2018-12,DDS
2018-12,DECK
2018-12,DEI
2018-12,DKS
2018-12,DLPH
2018-12,DLX
2018-12,DNB
2018-12,DNKN
2018-12,DNOW
2018-12,DO
2018-12,DPZ
2018-12,DRQ
2018-12,DY
2018-12,EAT
2018-12,EGN
2018-12,EHC
2018-12,EME
2018-12,ENR
2018-12,ENS
2018-12,EPC
2018-12,EPR
2018-12,ERI
2018-12,ESL
2018-12,ESV
2018-12,EV
2018-12,EVR
2018-12,EWBC
2018-12,EXEL
2018-12,EXP
2018-12,FAF
2018-12,FDS
2018-12,FHN
2018-12,FICO
2018-12,FII
2018-12,FIVE
2018-12,FLO
2018-12,FNB
2018-12,FR
2018-12,FSLR
2018-12,FULT
2018-12,GATX
2018-12,GEF
2018-12,GEO
2018-12,GGG
2018-12,GHC
2018-12,GME
2018-12,GMED
2018-12,GNTX
2018-12,GNW
2018-12,GPOR
2018-12,GVA
2018-12,GWR
2018-12,HAE
2018-12,HAIN
2018-12,HCSG
2018-12,HE
2018-12,HELE
2018-12,HIW
2018-12,HNI
2018-12,HOMB
2018-12,HPT
2018-12,HQY
2018-12,HR
2018-12,HRC
2018-12,HUBB
2018-12,HWC
2018-12,IART
2018-12,IBKR
2018-12,IBOC
2018-12,ICUI
2018-12,IDA
2018-12,IDCC
2018-12,IDTI
2018-12,IEX
2018-12,INGR
2018-12,INT
2018-12,ISCA
2018-12,ITT
2018-12,JACK
2018-12,JBGS
2018-12,JBL
2018-12,JBLU
2018-12,JCOM
2018-12,JHG
2018-12,JKHY
2018-12,JLL
2018-12,JW.A
2018-12,KBH
2018-12,KBR
2018-12,KEX
2018-12,KMPR
2018-12,KMT
2018-12,KNX
2018-12,KRC
2018-12,LAMR
2018-12,LANC
2018-12,LDOS
2018-12,LECO
2018-12,LFUS
2018-12,LGND
2018-12,LHO
2018-12,LII
2018-12,LITE
2018-12,LIVN
2018-12,LM
2018-12,LOGM
2018-12,LPNT
2018-12,LPT
2018-12,LPX
2018-12,LSI
2018-12,LSTR
2018-12,LW
2018-12,LYV
2018-12,MAN
2018-12,MANH
2018-12,MASI
2018-12,MBFI
2018-12,MCY
2018-12,MD
2018-12,MDP
2018-12,MDR
2018-12,MDRX
2018-12,MDSO
2018-12,MDU
2018-12,MIK
2018-12,MKSI
2018-12,MKTX
2018-12,MLHR
2018-12,MMS
2018-12,MNK
2018-12,MOH
2018-12,MPW
2018-12,MPWR
2018-12,MSA
2018-12,MSM
2018-12,MTDR
2018-12,MTX
2018-12,MTZ
2018-12,MUR
2018-12,MUSA
2018-12,NATI
2018-12,NAVI
2018-12,NBR
2018-12,NCR
2018-12,NDSN
2018-12,NEU
2018-12,NFG
2018-12,NJR
2018-12,NNN
2018-12,NTCT
2018-12,NUS
2018-12,NUVA
2018-12,NVR
2018-12,NVT
2018-12,NWE
2018-12,NYCB
2018-12,NYT
2018-12,OAS
2018-12,ODFL
2018-12,ODP
2018-12,OFC
2018-12,OGE
2018-12,OGS
2018-12,OHI
2018-12,OI
2018-12,OII
2018-12,OLLI
2018-12,OLN
2018-12,ORI
2018-12,OSK
2018-12,OZK
2018-12,PACW
2018-12,PB
2018-12,PBF
2018-12,PBH
2018-12,PBI
2018-12,PCH
2018-12,PDCO
2018-12,PENN
2018-12,PII
2018-12,PLT
2018-12,PNFP
2018-12,PNM
2018-12,POL
2018-12,POOL
2018-12,POST
2018-12,PRAH
2018-12,PRI
2018-12,PTC
2018-12,PTEN
2018-12,PZZA
2018-12,QEP
2018-12,R
2018-12,RAMP
2018-12,RBC
2018-12,RDC
2018-12,RGA
2018-12,RGLD
2018-12,RIG
2018-12,RLGY
2018-12,RNR
2018-12,ROL
2018-12,RPM
2018-12,RRC
2018-12,RS
2018-12,RYN
2018-12,SABR
2018-12,SAFM
2018-12,SAIC
2018-12,SAM
2018-12,SBH
2018-12,SBNY
2018-12,SBRA
2018-12,SCI
2018-12,SEIC
2018-12,SF
2018-12,SFM
2018-12,SGMS
2018-12,SIG
2018-12,SIX
2018-12,SKT
2018-12,SKX
2018-12,SLAB
2018-12,SLGN
2018-12,SLM
2018-12,SM
2018-12,SMG
2018-12,SNH
2018-12,SNV
2018-12,SNX
2018-12,SON
2018-12,SPN
2018-12,STE
2018-12,STL
2018-12,STLD
2018-12,SWN
2018-12,SWX
2018-12,SXT
2018-12,SYNA
2018-12,SYNH
2018-12,TCBI
2018-12,TCF
2018-12,TCO
2018-12,TDC
2018-12,TDS
2018-12,TDY
2018-12,TECD
2018-12,TECH
2018-12,TER
2018-12,TEX
2018-12,TFX
2018-12,TGNA
2018-12,THC
2018-12,THG
2018-12,THO
2018-12,THS
2018-12,TKR
2018-12,TOL
2018-12,TPH
2018-12,TPX
2018-12,TR
2018-12,TREE
2018-12,TRMB
2018-12,TRMK
2018-12,TRN
2018-12,TTC
2018-12,TUP
2018-12,TXRH
2018-12,TYL
2018-12,UBSI
2018-12,UE
2018-12,UFS
2018-12,UGI
2018-12,ULTI
2018-12,UMBF
2018-12,UMPQ
2018-12,UNFI
2018-12,UNIT
2018-12,URBN
2018-12,UTHR
2018-12,VAC
2018-12,VC
2018-12,VLY
2018-12,VMI
2018-12,VSAT
2018-12,VSH
2018-12,VSM
2018-12,VVC
2018-12,VVV
2018-12,WAB
2018-12,WAFD
2018-12,WBS
2018-12,WEN
2018-12,WERN
2018-12,WEX
2018-12,WOR
2018-12,WPX
2018-12,WRB
2018-12,WRI
2018-12,WSM
2018-12,WSO
2018-12,WST
2018-12,WTFC
2018-12,WTR
2018-12,WTW
2018-12,WWD
2018-12,WWE
2018-12,WYND
2018-12,X
2018-12,Y
2018-12,ZBRA
2019-01,AAN
2019-01,ACC
2019-01,ACHC
2019-01,ACIW
2019-01,ACM
2019-01,ADNT
2019-01,AEO
2019-01,AFG
2019-01,AGCO
2019-01,AHL
2019-01,AKRX
2019-01,ALE
2019-01,ALEX
2019-01,AMCX
2019-01,AN
2019-01,APY
2019-01,ARRS
2019-01,ARW
2019-01,ASB
2019-01,ASGN
2019-01,ASH
2019-01,ATGE
2019-01,ATI
2019-01,ATO
2019-01,ATR
2019-01,AVNS
2019-01,AVT
2019-01,AYI
2019-01,BBBY
2019-01,BC
2019-01,BCO
2019-01,BDC
2019-01,BID
2019-01,BIG
2019-01,BIO
2019-01,BKH
2019-01,BLKB
2019-01,BMS
2019-01,BOH
2019-01,BRO
2019-01,BXS
2019-01,BYD
2019-01,CABO
2019-01,CAKE
2019-01,CAR
2019-01,CARS
2019-01,CASY
2019-01,CATY
2019-01,CBRL
2019-01,CBSH
2019-01,CBT
2019-01,CC
2019-01,CDK
2019-01,CFR
2019-01,CGNX
2019-01,CHDN
2019-01,CHE
2019-01,CHFC
2019-01,CHK
2019-01,CIEN
2019-01,CLB
2019-01,CLGX
2019-01,CLH
2019-01,CLI
2019-01,CMC
2019-01,CMD
2019-01,CMP
2019-01,CNK
2019-01,CNO
2019-01,CNX
2019-01,COHR
2019-01,CONE
2019-01,COR
2019-01,CPE
2019-01,CPT
2019-01,CR
2019-01,CREE
2019-01,CRI
2019-01,CRL
2019-01,CRS
2019-01,CRUS
2019-01,CSL
2019-01,CTLT
2019-01,CUZ
2019-01,CVLT
2019-01,CW
2019-01,CXW
2019-01,CY
2019-01,DAN
2019-01,DCI
2019-01,DDS
2019-01,DECK
2019-01,DEI
2019-01,DKS
2019-01,DLPH
2019-01,DLX
2019-01,DNB
2019-01,DNKN
2019-01,DNOW
2019-01,DO
2019-01,DPZ
2019-01,DRQ
2019-01,DY
2019-01,EAT
2019-01,EGN
2019-01,EHC
2019-01,EME
2019-01,ENR
2019-01,ENS
2019-01,EPC
2019-01,EPR
2019-01,ERI
2019-01,ESL
2019-01,ESV
2019-01,EV
2019-01,EVR
2019-01,EWBC
2019-01,EXEL
2019-01,EXP
2019-01,FAF
2019-01,FDS
2019-01,FHN
2019-01,FICO
2019-01,FII
2019-01,FIVE
2019-01,FLO
2019-01,FNB
2019-01,FR
2019-01,FSLR
2019-01,FULT
2019-01,GATX
2019-01,GEF
2019-01,GEO
2019-01,GGG
2019-01,GHC
2019-01,GME
2019-01,GMED
2019-01,GNTX
2019-01,GNW
2019-01,GPOR
2019-01,GVA
2019-01,GWR
2019-01,HAE
2019-01,HAIN
2019-01,HCSG
2019-01,HE
2019-01,HELE
2019-01,HIW
2019-01,HNI
2019-01,HOMB
2019-01,HPT
2019-01,HQY
2019-01,HR
2019-01,HRC
2019-01,HUBB
2019-01,HWC
2019-01,IART
2019-01,IBOC
2019-01,ICUI
2019-01,IDA
2019-01,IDCC
2019-01,IDTI
2019-01,IEX
2019-01,INGR
2019-01,INT
2019-01,ISCA
2019-01,ITT
2019-01,JACK
2019-01,JBGS
2019-01,JBL
2019-01,JBLU
2019-01,JCOM
2019-01,JHG
2019-01,JKHY
2019-01,JLL
2019-01,JW.A
2019-01,KBH
2019-01,KBR
2019-01,KEX
2019-01,KMPR
2019-01,KMT
2019-01,KNX
2019-01,KRC
2019-01,LAMR
2019-01,LANC
2019-01,LDOS
2019-01,LECO
2019-01,LFUS
2019-01,LGND
2019-01,LHO
2019-01,LII
2019-01,LITE
2019-01,LIVN
2019-01,LM
2019-01,LOGM
2019-01,LPNT
2019-01,LPT
2019-01,LPX
2019-01,LSI
2019-01,LSTR
2019-01,LW
2019-01,LYV
2019-01,MAN
2019-01,MANH
2019-01,MASI
2019-01,MBFI
2019-01,MCY
2019-01,MD
2019-01,MDP
2019-01,MDR
2019-01,MDRX
2019-01,MDSO
2019-01,MDU
2019-01,MIK
2019-01,MKSI
2019-01,MKTX
2019-01,MLHR
2019-01,MMS
2019-01,MNK
2019-01,MOH
2019-01,MPW
2019-01,MPWR
2019-01,MSA
2019-01,MSM
2019-01,MTDR
2019-01,MTX
2019-01,MTZ
2019-01,MUR
2019-01,MUSA
2019-01,NATI
2019-01,NAVI
2019-01,NBR
2019-01,NCR
2019-01,NDSN
2019-01,NEU
2019-01,NFG
2019-01,NJR
2019-01,NNN
2019-01,NTCT
2019-01,NUS
2019-01,NUVA
2019-01,NVR
2019-01,NVT
2019-01,NWE
2019-01,NYCB
2019-01,NYT
2019-01,OAS
2019-01,ODFL
2019-01,ODP
2019-01,OFC
2019-01,OGE
2019-01,OGS
2019-01,OHI
2019-01,OI
2019-01,OII
2019-01,OLLI
2019-01,OLN
2019-01,ORI
2019-01,OSK
2019-01,OZK
2019-01,PACW
2019-01,PB
2019-01,PBF
2019-01,PBH
2019-01,PBI
2019-01,PCH
2019-01,PDCO
2019-01,PENN
2019-01,PII
2019-01,PLT
2019-01,PNFP
2019-01,PNM
2019-01,POL
2019-01,POOL
2019-01,POST
2019-01,PRAH
2019-01,PRI
2019-01,PTC
2019-01,PTEN
2019-01,PZZA
2019-01,QEP
2019-01,R
2019-01,RAMP
2019-01,RBC
2019-01,RDC
2019-01,RGA
2019-01,RGLD
2019-01,RIG
2019-01,RLGY
2019-01,RNR
2019-01,ROL
2019-01,RPM
2019-01,RRC
2019-01,RS
2019-01,RYN
2019-01,SABR
2019-01,SAFM
2019-01,SAIC
2019-01,SAM
2019-01,SBH
2019-01,SBNY
2019-01,SBRA
2019-01,SCI
2019-01,SEIC
2019-01,SF
2019-01,SFM
2019-01,SGMS
2019-01,SIG
2019-01,SIX
2019-01,SKT
2019-01,SKX
2019-01,SLAB
2019-01,SLGN
2019-01,SLM
2019-01,SM
2019-01,SMG
2019-01,SNH
2019-01,SNV
2019-01,SNX
2019-01,SON
2019-01,SPN
2019-01,STE
2019-01,STL
2019-01,STLD
2019-01,SWN
2019-01,SWX
2019-01,SXT
2019-01,SYNA
2019-01,SYNH
2019-01,TCBI
2019-01,TCF
2019-01,TCO
2019-01,TDC
2019-01,TDS
2019-01,TDY
2019-01,TECD
2019-01,TECH
2019-01,TER
2019-01,TEX
2019-01,TFX
2019-01,TGNA
2019-01,THC
2019-01,THG
2019-01,THO
2019-01,THS
2019-01,TKR
2019-01,TOL
2019-01,TPH
2019-01,TPX
2019-01,TR
2019-01,TREE
2019-01,TRMB
2019-01,TRMK
2019-01,TRN
2019-01,TTC
2019-01,TUP
2019-01,TXRH
2019-01,TYL
2019-01,UBSI
2019-01,UE
2019-01,UFS
2019-01,UGI
2019-01,ULTI
2019-01,UMBF
2019-01,UMPQ
2019-01,UNFI
2019-01,UNIT
2019-01,URBN
2019-01,UTHR
2019-01,VAC
2019-01,VC
2019-01,VLY
2019-01,VMI
2019-01,VSAT
2019-01,VSH
2019-01,VSM
2019-01,VVC
2019-01,VVV
2019-01,WAB
2019-01,WAFD
2019-01,WBS
2019-01,WEN
2019-01,WERN
2019-01,WEX
2019-01,WOR
2019-01,WPX
2019-01,WRB
2019-01,WRI
2019-01,WSM
2019-01,WSO
2019-01,WST
2019-01,WTFC
2019-01,WTR
2019-01,WTW
2019-01,WWD
2019-01,WWE
2019-01,WYND
2019-01,X
2019-01,Y
2019-01,ZBRA
2019-02,AAN
2019-02,ACC
2019-02,ACHC
2019-02,ACIW
2019-02,ACM
2019-02,ADNT
2019-02,AEO
2019-02,AFG
2019-02,AGCO
2019-02,AHL
2019-02,AKRX
2019-02,ALE
2019-02,ALEX
2019-02,AMCX
2019-02,AN
2019-02,APY
2019-02,ARRS
2019-02,ARW
2019-02,ASB
2019-02,ASGN
2019-02,ASH
2019-02,ATGE
2019-02,ATI
2019-02,ATO
2019-02,ATR
2019-02,AVNS
2019-02,AVT
2019-02,AYI
2019-02,BBBY
2019-02,BC
2019-02,BCO
2019-02,BDC
2019-02,BID
2019-02,BIG
2019-02,BIO
2019-02,BKH
2019-02,BLKB
2019-02,BMS
2019-02,BOH
2019-02,BRO
2019-02,BXS
2019-02,BYD
2019-02,CABO
2019-02,CAKE
2019-02,CAR
2019-02,CARS
2019-02,CASY
2019-02,CATY
2019-02,CBRL
2019-02,CBSH
2019-02,CBT
2019-02,CC
2019-02,CDK
2019-02,CFR
2019-02,CGNX
2019-02,CHDN
2019-02,CHE
2019-02,CHFC
2019-02,CHK
2019-02,CIEN
2019-02,CLB
2019-02,CLGX
2019-02,CLH
2019-02,CLI
2019-02,CMC
2019-02,CMD
2019-02,CMP
2019-02,CNK
2019-02,CNO
2019-02,CNX
2019-02,COHR
2019-02,CONE
2019-02,COR
2019-02,CPE
2019-02,CPT
2019-02,CR
2019-02,CREE
2019-02,CRI
2019-02,CRL
2019-02,CRS
2019-02,CRUS
2019-02,CSL
2019-02,CTLT
2019-02,CUZ
2019-02,CVLT
2019-02,CW
2019-02,CXW
2019-02,CY
2019-02,DAN
2019-02,DCI
2019-02,DDS
2019-02,DECK
2019-02,DEI
2019-02,DKS
2019-02,DLPH
2019-02,DLX
2019-02,DNB
2019-02,DNKN
2019-02,DNOW
2019-02,DO
2019-02,DPZ
2019-02,DRQ
2019-02,DY
2019-02,EAT
2019-02,EGN
2019-02,EHC
2019-02,EME
2019-02,ENR
2019-02,ENS
2019-02,EPC
2019-02,EPR
2019-02,ERI
2019-02,ESL
2019-02,ESV
2019-02,EV
2019-02,EVR
2019-02,EWBC
2019-02,EXEL
2019-02,EXP
2019-02,FAF
2019-02,FDS
2019-02,FHN
2019-02,FICO
2019-02,FII
2019-02,FIVE
2019-02,FLO
2019-02,FNB
2019-02,FR
2019-02,FSLR
2019-02,FULT
2019-02,GATX
2019-02,GEF
2019-02,GEO
2019-02,GGG
2019-02,GHC
2019-02,GME
2019-02,GMED
2019-02,GNTX
2019-02,GNW
2019-02,GPOR
2019-02,GVA
2019-02,GWR
2019-02,HAE
2019-02,HAIN
2019-02,HCSG
2019-02,HE
2019-02,HELE
2019-02,HIW
2019-02,HNI
2019-02,HOMB
2019-02,HPT
2019-02,HQY
2019-02,HR
2019-02,HRC
2019-02,HUBB
2019-02,HWC
2019-02,IART
2019-02,IBOC
2019-02,ICUI
2019-02,IDA
2019-02,IDCC
2019-02,IDTI
2019-02,IEX
2019-02,INGR
2019-02,INT
2019-02,ISCA
2019-02,ITT
2019-02,JACK
2019-02,JBGS
2019-02,JBL
2019-02,JBLU
2019-02,JCOM
2019-02,JHG
2019-02,JKHY
2019-02,JLL
2019-02,JW.A
2019-02,KBH
2019-02,KBR
2019-02,KEX
2019-02,KMPR
2019-02,KMT
2019-02,KNX
2019-02,KRC
2019-02,LAMR
2019-02,LANC
2019-02,LDOS
2019-02,LECO
2019-02,LFUS
2019-02,LGND
2019-02,LHO
2019-02,LII
2019-02,LITE
2019-02,LIVN
2019-02,LM
2019-02,LOGM
2019-02,LPNT
2019-02,LPT
2019-02,LPX
2019-02,LSI
2019-02,LSTR
2019-02,LW
2019-02,LYV
2019-02,MAN
2019-02,MANH
2019-02,MASI
2019-02,MBFI
2019-02,MCY
2019-02,MD
2019-02,MDP
2019-02,MDR
2019-02,MDRX
2019-02,MDSO
2019-02,MDU
2019-02,MIK
2019-02,MKSI
2019-02,MKTX
2019-02,MLHR
2019-02,MMS
2019-02,MNK
2019-02,MOH
2019-02,MPW
2019-02,MPWR
2019-02,MSA
2019-02,MSM
2019-02,MTDR
2019-02,MTX
2019-02,MTZ
2019-02,MUR
2019-02,MUSA
2019-02,NATI
2019-02,NAVI
2019-02,NBR
2019-02,NCR
2019-02,NDSN
2019-02,NEU
2019-02,NFG
2019-02,NJR
2019-02,NNN
2019-02,NTCT
2019-02,NUS
2019-02,NUVA
2019-02,NVR
2019-02,NVT
2019-02,NWE
2019-02,NYCB
2019-02,NYT
2019-02,OAS
2019-02,ODFL
2019-02,ODP
2019-02,OFC
2019-02,OGE
2019-02,OGS
2019-02,OHI
2019-02,OI
2019-02,OII
2019-02,OLLI
2019-02,OLN
2019-02,ORI
2019-02,OSK
2019-02,OZK
2019-02,PACW
2019-02,PB
2019-02,PBF
2019-02,PBH
2019-02,PBI
2019-02,PCH
2019-02,PDCO
2019-02,PENN
2019-02,PII
2019-02,PLT
2019-02,PNFP
2019-02,PNM
2019-02,POL
2019-02,POOL
2019-02,POST
2019-02,PRAH
2019-02,PRI
2019-02,PTC
2019-02,PTEN
2019-02,PZZA
2019-02,QEP
2019-02,R
2019-02,RAMP
2019-02,RBC
2019-02,RDC
2019-02,RGA
2019-02,RGLD
2019-02,RIG
2019-02,RLGY
2019-02,RNR
2019-02,ROL
2019-02,RPM
2019-02,RRC
2019-02,RS
2019-02,RYN
2019-02,SABR
2019-02,SAFM
2019-02,SAIC
2019-02,SAM
2019-02,SBH
2019-02,SBNY
2019-02,SBRA
2019-02,SCI
2019-02,SEIC
2019-02,SF
2019-02,SFM
2019-02,SGMS
2019-02,SIG
2019-02,SIX
2019-02,SKT
2019-02,SKX
2019-02,SLAB
2019-02,SLGN
2019-02,SLM
2019-02,SM
2019-02,SMG
2019-02,SNH
2019-02,SNV
2019-02,SNX
2019-02,SON
2019-02,SPN
2019-02,STE
2019-02,STL
2019-02,STLD
2019-02,SWN
2019-02,SWX
2019-02,SXT
2019-02,SYNA
2019-02,SYNH
2019-02,TCBI
2019-02,TCF
2019-02,TCO
2019-02,TDC
2019-02,TDS
2019-02,TDY
2019-02,TECD
2019-02,TECH
2019-02,TER
2019-02,TEX
2019-02,TFX
2019-02,TGNA
2019-02,THC
2019-02,THG
2019-02,THO
2019-02,THS
2019-02,TKR
2019-02,TOL
2019-02,TPH
2019-02,TPX
2019-02,TR
2019-02,TREE
2019-02,TRMB
2019-02,TRMK
2019-02,TRN
2019-02,TTC
2019-02,TUP
2019-02,TXRH
2019-02,TYL
2019-02,UBSI
2019-02,UE
2019-02,UFS
2019-02,UGI
2019-02,ULTI
2019-02,UMBF
2019-02,UMPQ
2019-02,UNFI
2019-02,UNIT
2019-02,URBN
2019-02,UTHR
2019-02,VAC
2019-02,VC
2019-02,VLY
2019-02,VMI
2019-02,VSAT
2019-02,VSH
2019-02,VSM
2019-02,VVC
2019-02,VVV
2019-02,WAB
2019-02,WAFD
2019-02,WBS
2019-02,WEN
2019-02,WERN
2019-02,WEX
2019-02,WOR
2019-02,WPX
2019-02,WRB
2019-02,WRI
2019-02,WSM
2019-02,WSO
2019-02,WST
2019-02,WTFC
2019-02,WTR
2019-02,WTW
2019-02,WWD
2019-02,WWE
2019-02,WYND
2019-02,X
2019-02,Y
2019-02,ZBRA
2019-03,AAN
2019-03,ACC
2019-03,ACHC
2019-03,ACIW
2019-03,ACM
2019-03,ADNT
2019-03,AEO
2019-03,AFG
2019-03,AGCO
2019-03,AHL
2019-03,AKRX
2019-03,ALE
2019-03,ALEX
2019-03,AMCX
2019-03,AN
2019-03,APY
2019-03,ARRS
2019-03,ARW
2019-03,ASB
2019-03,ASGN
2019-03,ASH
2019-03,ATGE
2019-03,ATI
2019-03,ATO
2019-03,ATR
2019-03,AVNS
2019-03,AVT
2019-03,AYI
2019-03,BBBY
2019-03,BC
2019-03,BCO
2019-03,BDC
2019-03,BID
2019-03,BIG
2019-03,BIO
2019-03,BKH
2019-03,BLKB
2019-03,BMS
2019-03,BOH
2019-03,BRO
2019-03,BXS
2019-03,BYD
2019-03,CABO
2019-03,CAKE
2019-03,CAR
2019-03,CARS
2019-03,CASY
2019-03,CATY
2019-03,CBRL
2019-03,CBSH
2019-03,CBT
2019-03,CC
2019-03,CDK
2019-03,CFR
2019-03,CGNX
2019-03,CHDN
2019-03,CHE
2019-03,CHFC
2019-03,CHK
2019-03,CIEN
2019-03,CLB
2019-03,CLGX
2019-03,CLH
2019-03,CLI
2019-03,CMC
2019-03,CMD
2019-03,CMP
2019-03,CNK
2019-03,CNO
2019-03,CNX
2019-03,COHR
2019-03,CONE
2019-03,COR
2019-03,CPE
2019-03,CPT
2019-03,CR
2019-03,CREE
2019-03,CRI
2019-03,CRL
2019-03,CRS
2019-03,CRUS
2019-03,CSL
2019-03,CTLT
2019-03,CUZ
2019-03,CVLT
2019-03,CW
2019-03,CXW
2019-03,CY
2019-03,DAN
2019-03,DCI
2019-03,DDS
2019-03,DECK
2019-03,DEI
2019-03,DKS
2019-03,DLPH
2019-03,DLX
2019-03,DNB
2019-03,DNKN
2019-03,DNOW
2019-03,DO
2019-03,DPZ
2019-03,DRQ
2019-03,DY
2019-03,EAT
2019-03,EGN
2019-03,EHC
2019-03,EME
2019-03,ENR
2019-03,ENS
2019-03,EPC
2019-03,EPR
2019-03,ERI
2019-03,ESL
2019-03,ESV
2019-03,EV
2019-03,EVR
2019-03,EWBC
2019-03,EXEL
2019-03,EXP
2019-03,FAF
2019-03,FDS
2019-03,FHN
2019-03,FICO
2019-03,FII
2019-03,FIVE
2019-03,FLO
2019-03,FNB
2019-03,FR
2019-03,FSLR
2019-03,FULT
2019-03,GATX
2019-03,GEF
2019-03,GEO
2019-03,GGG
2019-03,GHC
2019-03,GME
2019-03,GMED
2019-03,GNTX
2019-03,GNW
2019-03,GPOR
2019-03,GVA
2019-03,GWR
2019-03,HAE
2019-03,HAIN
2019-03,HCSG
2019-03,HE
2019-03,HELE
2019-03,HIW
2019-03,HNI
2019-03,HOMB
2019-03,HPT
2019-03,HQY
2019-03,HR
2019-03,HRC
2019-03,HUBB
2019-03,HWC
2019-03,IART
2019-03,IBOC
2019-03,ICUI
2019-03,IDA
2019-03,IDCC
2019-03,IDTI
2019-03,IEX
2019-03,INGR
2019-03,INT
2019-03,ISCA
2019-03,ITT
2019-03,JACK
2019-03,JBGS
2019-03,JBL
2019-03,JBLU
2019-03,JCOM
2019-03,JHG
2019-03,JKHY
2019-03,JLL
2019-03,JW.A
2019-03,KBH
2019-03,KBR
2019-03,KEX
2019-03,KMPR
2019-03,KMT
2019-03,KNX
2019-03,KRC
2019-03,LAMR
2019-03,LANC
2019-03,LDOS
2019-03,LECO
2019-03,LFUS
2019-03,LGND
2019-03,LHO
2019-03,LII
2019-03,LITE
2019-03,LIVN
2019-03,LM
2019-03,LOGM
2019-03,LPNT
2019-03,LPT
2019-03,LPX
2019-03,LSI
2019-03,LSTR
2019-03,LW
2019-03,LYV
2019-03,MAN
2019-03,MANH
2019-03,MASI
2019-03,MBFI
2019-03,MCY
2019-03,MD
2019-03,MDP
2019-03,MDR
2019-03,MDRX
2019-03,MDSO
2019-03,MDU
2019-03,MIK
2019-03,MKSI
2019-03,MKTX
2019-03,MLHR
2019-03,MMS
2019-03,MNK
2019-03,MOH
2019-03,MPW
2019-03,MPWR
2019-03,MSA
2019-03,MSM
2019-03,MTDR
2019-03,MTX
2019-03,MTZ
2019-03,MUR
2019-03,MUSA
2019-03,NATI
2019-03,NAVI
2019-03,NBR
2019-03,NCR
2019-03,NDSN
2019-03,NEU
2019-03,NFG
2019-03,NJR
2019-03,NNN
2019-03,NTCT
2019-03,NUS
2019-03,NUVA
2019-03,NVR
2019-03,NVT
2019-03,NWE
2019-03,NYCB
2019-03,NYT
2019-03,OAS
2019-03,ODFL
2019-03,ODP
2019-03,OFC
2019-03,OGE
2019-03,OGS
2019-03,OHI
2019-03,OI
2019-03,OII
2019-03,OLLI
2019-03,OLN
2019-03,ORI
2019-03,OSK
2019-03,OZK
2019-03,PACW
2019-03,PB
2019-03,PBF
2019-03,PBH
2019-03,PBI
2019-03,PCH
2019-03,PDCO
2019-03,PENN
2019-03,PII
2019-03,PLT
2019-03,PNFP
2019-03,PNM
2019-03,POL
2019-03,POOL
2019-03,POST
2019-03,PRAH
2019-03,PRI
2019-03,PTC
2019-03,PTEN
2019-03,PZZA
2019-03,QEP
2019-03,R
2019-03,RAMP
2019-03,RBC
2019-03,RDC
2019-03,RGA
2019-03,RGLD
2019-03,RIG
2019-03,RLGY
2019-03,RNR
2019-03,ROL
2019-03,RPM
2019-03,RRC
2019-03,RS
2019-03,RYN
2019-03,SABR
2019-03,SAFM
2019-03,SAIC
2019-03,SAM
2019-03,SBH
2019-03,SBNY
2019-03,SBRA
2019-03,SCI
2019-03,SEIC
2019-03,SF
2019-03,SFM
2019-03,SGMS
2019-03,SIG
2019-03,SIX
2019-03,SKT
2019-03,SKX
2019-03,SLAB
2019-03,SLGN
2019-03,SLM
2019-03,SM
2019-03,SMG
2019-03,SNH
2019-03,SNV
2019-03,SNX
2019-03,SON
2019-03,SPN
2019-03,STE
2019-03,STL
2019-03,STLD
2019-03,SWN
2019-03,SWX
2019-03,SXT
2019-03,SYNA
2019-03,SYNH
2019-03,TCBI
2019-03,TCF
2019-03,TCO
2019-03,TDC
2019-03,TDS
2019-03,TDY
2019-03,TECD
2019-03,TECH
2019-03,TER
2019-03,TEX
2019-03,TFX
2019-03,TGNA
2019-03,THC
2019-03,THG
2019-03,THO
2019-03,THS
2019-03,TKR
2019-03,TOL
2019-03,TPH
2019-03,TPX
2019-03,TR
2019-03,TREE
2019-03,TRMB
2019-03,TRMK
2019-03,TRN
2019-03,TTC
2019-03,TUP
2019-03,TXRH
2019-03,TYL
2019-03,UBSI
2019-03,UE
2019-03,UFS
2019-03,UGI
2019-03,ULTI
2019-03,UMBF
2019-03,UMPQ
2019-03,UNFI
2019-03,UNIT
2019-03,URBN
2019-03,UTHR
2019-03,VAC
2019-03,VC
2019-03,VLY
2019-03,VMI
2019-03,VSAT
2019-03,VSH
2019-03,VSM
2019-03,VVC
2019-03,VVV
2019-03,WAB
2019-03,WAFD
2019-03,WBS
2019-03,WEN
2019-03,WERN
2019-03,WEX
2019-03,WOR
2019-03,WPX
2019-03,WRB
2019-03,WRI
2019-03,WSM
2019-03,WSO
2019-03,WST
2019-03,WTFC
2019-03,WTR
2019-03,WTW
2019-03,WWD
2019-03,WWE
2019-03,WYND
2019-03,X
2019-03,Y
2019-03,ZBRA
2019-04,AAN
2019-04,ACC
2019-04,ACHC
2019-04,ACIW
2019-04,ACM
2019-04,ADNT
2019-04,AEO
2019-04,AFG
2019-04,AGCO
2019-04,AHL
2019-04,AKRX
2019-04,ALE
2019-04,ALEX
2019-04,AMCX
2019-04,AN
2019-04,APY
2019-04,ARRS
2019-04,ARW
2019-04,ASB
2019-04,ASGN
2019-04,ASH
2019-04,ATGE
2019-04,ATI
2019-04,ATO
2019-04,ATR
2019-04,AVNS
2019-04,AVT
2019-04,AYI
2019-04,BBBY
2019-04,BC
2019-04,BCO
2019-04,BDC
2019-04,BID
2019-04,BIG
2019-04,BIO
2019-04,BKH
2019-04,BLKB
2019-04,BMS
2019-04,BOH
2019-04,BRO
2019-04,BXS
2019-04,BYD
2019-04,CABO
2019-04,CAKE
2019-04,CAR
2019-04,CARS
2019-04,CASY
2019-04,CATY
2019-04,CBRL
2019-04,CBSH
2019-04,CBT
2019-04,CC
2019-04,CDK
2019-04,CFR
2019-04,CGNX
2019-04,CHDN
2019-04,CHE
2019-04,CHFC
2019-04,CHK
2019-04,CIEN
2019-04,CLB
2019-04,CLGX
2019-04,CLH
2019-04,CLI
2019-04,CMC
2019-04,CMD
2019-04,CMP
2019-04,CNK
2019-04,CNO
2019-04,CNX
2019-04,COHR
2019-04,CONE
2019-04,COR
2019-04,CPE
2019-04,CPT
2019-04,CR
2019-04,CREE
2019-04,CRI
2019-04,CRL
2019-04,CRS
2019-04,CRUS
2019-04,CSL
2019-04,CTLT
2019-04,CUZ
2019-04,CVLT
2019-04,CW
2019-04,CXW
2019-04,CY
2019-04,DAN
2019-04,DCI
2019-04,DDS
2019-04,DECK
2019-04,DEI
2019-04,DKS
2019-04,DLPH
2019-04,DLX
2019-04,DNB
2019-04,DNKN
2019-04,DNOW
2019-04,DO
2019-04,DPZ
2019-04,DRQ
2019-04,DY
2019-04,EAT
2019-04,EGN
2019-04,EHC
2019-04,EME
2019-04,ENR
2019-04,ENS
2019-04,EPC
2019-04,EPR
2019-04,ERI
2019-04,ESL
2019-04,ESV
2019-04,EV
2019-04,EVR
2019-04,EWBC
2019-04,EXEL
2019-04,EXP
2019-04,FAF
2019-04,FDS
2019-04,FHN
2019-04,FICO
2019-04,FII
2019-04,FIVE
2019-04,FLO
2019-04,FNB
2019-04,FR
2019-04,FSLR
2019-04,FULT
2019-04,GATX
2019-04,GEF
2019-04,GEO
2019-04,GGG
2019-04,GHC
2019-04,GME
2019-04,GMED
2019-04,GNTX
2019-04,GNW
2019-04,GPOR
2019-04,GVA
2019-04,GWR
2019-04,HAE
2019-04,HAIN
2019-04,HCSG
2019-04,HE
2019-04,HELE
2019-04,HIW
2019-04,HNI
2019-04,HOMB
2019-04,HPT
2019-04,HQY
2019-04,HR
2019-04,HRC
2019-04,HUBB
2019-04,HWC
2019-04,IART
2019-04,IBOC
2019-04,ICUI
2019-04,IDA
2019-04,IDCC
2019-04,IDTI
2019-04,IEX
2019-04,INGR
2019-04,INT
2019-04,ISCA
2019-04,ITT
2019-04,JACK
2019-04,JBGS
2019-04,JBL
2019-04,JBLU
2019-04,JCOM
2019-04,JHG
2019-04,JKHY
2019-04,JLL
2019-04,JW.A
2019-04,KBH
2019-04,KBR
2019-04,KEX
2019-04,KMPR
2019-04,KMT
2019-04,KNX
2019-04,KRC
2019-04,LAMR
2019-04,LANC
2019-04,LDOS
2019-04,LECO
2019-04,LFUS
2019-04,LGND
2019-04,LHO
2019-04,LII
2019-04,LITE
2019-04,LIVN
2019-04,LM
2019-04,LOGM
2019-04,LPNT
2019-04,LPT
2019-04,LPX
2019-04,LSI
2019-04,LSTR
2019-04,LW
2019-04,LYV
2019-04,MAN
2019-04,MANH
2019-04,MASI
2019-04,MBFI
2019-04,MCY
2019-04,MD
2019-04,MDP
2019-04,MDR
2019-04,MDRX
2019-04,MDSO
2019-04,MDU
2019-04,MIK
2019-04,MKSI
2019-04,MKTX
2019-04,MLHR
2019-04,MMS
2019-04,MNK
2019-04,MOH
2019-04,MPW
2019-04,MPWR
2019-04,MSA
2019-04,MSM
2019-04,MTDR
2019-04,MTX
2019-04,MTZ
2019-04,MUR
2019-04,MUSA
2019-04,NATI
2019-04,NAVI
2019-04,NBR
2019-04,NCR
2019-04,NDSN
2019-04,NEU
2019-04,NFG
2019-04,NJR
2019-04,NNN
2019-04,NTCT
2019-04,NUS
2019-04,NUVA
2019-04,NVR
2019-04,NVT
2019-04,NWE
2019-04,NYCB
2019-04,NYT
2019-04,OAS
2019-04,ODFL
2019-04,ODP
2019-04,OFC
2019-04,OGE
2019-04,OGS
2019-04,OHI
2019-04,OI
2019-04,OII
2019-04,OLLI
2019-04,OLN
2019-04,ORI
2019-04,OSK
2019-04,OZK
2019-04,PACW
2019-04,PB
2019-04,PBF
2019-04,PBH
2019-04,PBI
2019-04,PCH
2019-04,PDCO
2019-04,PENN
2019-04,PII
2019-04,PLT
2019-04,PNFP
2019-04,PNM
2019-04,POL
2019-04,POOL
2019-04,POST
2019-04,PRAH
2019-04,PRI
2019-04,PTC
2019-04,PTEN
2019-04,PZZA
2019-04,QEP
2019-04,R
2019-04,RAMP
2019-04,RBC
2019-04,RGA
2019-04,RGLD
2019-04,RIG
2019-04,RLGY
2019-04,RNR
2019-04,ROL
2019-04,RPM
2019-04,RRC
2019-04,RS
2019-04,RYN
2019-04,SABR
2019-04,SAFM
2019-04,SAIC
2019-04,SAM
2019-04,SBH
2019-04,SBNY
2019-04,SBRA
2019-04,SCI
2019-04,SEIC
2019-04,SF
2019-04,SFM
2019-04,SGMS
2019-04,SIG
2019-04,SIX
2019-04,SKT
2019-04,SKX
2019-04,SLAB
2019-04,SLGN
2019-04,SLM
2019-04,SM
2019-04,SMG
2019-04,SNH
2019-04,SNV
2019-04,SNX
2019-04,SON
2019-04,SPN
2019-04,STE
2019-04,STL
2019-04,STLD
2019-04,SWN
2019-04,SWX
2019-04,SXT
2019-04,SYNA
2019-04,SYNH
2019-04,TCBI
2019-04,TCF
2019-04,TCO
2019-04,TDC
2019-04,TDS
2019-04,TDY
2019-04,TECD
2019-04,TECH
2019-04,TER
2019-04,TEX
2019-04,TFX
2019-04,TGNA
2019-04,THC
2019-04,THG
2019-04,THO
2019-04,THS
2019-04,TKR
2019-04,TOL
2019-04,TPH
2019-04,TPX
2019-04,TR
2019-04,TREE
2019-04,TRMB
2019-04,TRMK
2019-04,TRN
2019-04,TTC
2019-04,TUP
2019-04,TXRH
2019-04,TYL
2019-04,UBSI
2019-04,UE
2019-04,UFS
2019-04,UGI
2019-04,ULTI
2019-04,UMBF
2019-04,UMPQ
2019-04,UNFI
2019-04,UNIT
2019-04,URBN
2019-04,UTHR
2019-04,VAC
2019-04,VC
2019-04,VLY
2019-04,VMI
2019-04,VSAT
2019-04,VSH
2019-04,VSM
2019-04,VVC
2019-04,VVV
2019-04,WAB
2019-04,WAFD
2019-04,WBS
2019-04,WEN
2019-04,WERN
2019-04,WEX
2019-04,WOR
2019-04,WPX
2019-04,WRB
2019-04,WRI
2019-04,WSM
2019-04,WSO
2019-04,WST
2019-04,WTFC
2019-04,WTR
2019-04,WTW
2019-04,WWD
2019-04,WWE
2019-04,WYND
2019-04,X
2019-04,Y
2019-04,ZBRA
2019-05,AAN
2019-05,ACC
2019-05,ACHC
2019-05,ACIW
2019-05,ACM
2019-05,ADNT
2019-05,AEO
2019-05,AFG
2019-05,AGCO
2019-05,AHL
2019-05,AKRX
2019-05,ALE
2019-05,ALEX
2019-05,AMCX
2019-05,AN
2019-05,APY
2019-05,ARRS
2019-05,ARW
2019-05,ASB
2019-05,ASGN
2019-05,ASH
2019-05,ATGE
2019-05,ATI
2019-05,ATO
2019-05,ATR
2019-05,AVNS
2019-05,AVT
2019-05,AYI
2019-05,BBBY
2019-05,BC
2019-05,BCO
2019-05,BDC
2019-05,BID
2019-05,BIG
2019-05,BIO
2019-05,BKH
2019-05,BLKB
2019-05,BMS
2019-05,BOH
2019-05,BRO
2019-05,BXS
2019-05,BYD
2019-05,CABO
2019-05,CAKE
2019-05,CAR
2019-05,CARS
2019-05,CASY
2019-05,CATY
2019-05,CBRL
2019-05,CBSH
2019-05,CBT
2019-05,CC
2019-05,CDK
2019-05,CFR
2019-05,CGNX
2019-05,CHDN
2019-05,CHE
2019-05,CHFC
2019-05,CHK
2019-05,CIEN
2019-05,CLB
2019-05,CLGX
2019-05,CLH
2019-05,CLI
2019-05,CMC
2019-05,CMD
2019-05,CMP
2019-05,CNK
2019-05,CNO
2019-05,CNX
2019-05,COHR
2019-05,CONE
2019-05,COR
2019-05,CPE
2019-05,CPT
2019-05,CR
2019-05,CREE
2019-05,CRI
2019-05,CRL
2019-05,CRS
2019-05,CRUS
2019-05,CSL
2019-05,CTLT
2019-05,CUZ
2019-05,CVLT
2019-05,CW
2019-05,CXW
2019-05,CY
2019-05,DAN
2019-05,DCI
2019-05,DDS
2019-05,DECK
2019-05,DEI
2019-05,DKS
2019-05,DLPH
2019-05,DLX
2019-05,DNB
2019-05,DNKN
2019-05,DNOW
2019-05,DO
2019-05,DPZ
2019-05,DRQ
2019-05,DY
2019-05,EAT
2019-05,EGN
2019-05,EHC
2019-05,EME
2019-05,ENR
2019-05,ENS
2019-05,EPC
2019-05,EPR
2019-05,ERI
2019-05,ESL
2019-05,ESV
2019-05,EV
2019-05,EVR
2019-05,EWBC
2019-05,EXEL
2019-05,EXP
2019-05,FAF
2019-05,FDS
2019-05,FHN
2019-05,FICO
2019-05,FII
2019-05,FIVE
2019-05,FLO
2019-05,FNB
2019-05,FR
2019-05,FSLR
2019-05,FULT
2019-05,GATX
2019-05,GEF
2019-05,GEO
2019-05,GGG
2019-05,GHC
2019-05,GME
2019-05,GMED
2019-05,GNTX
2019-05,GNW
2019-05,GPOR
2019-05,GVA
2019-05,GWR
2019-05,HAE
2019-05,HAIN
2019-05,HCSG
2019-05,HE
2019-05,HELE
2019-05,HIW
2019-05,HNI
2019-05,HOMB
2019-05,HPT
2019-05,HQY
2019-05,HR
2019-05,HRC
2019-05,HUBB
2019-05,HWC
2019-05,IART
2019-05,IBOC
2019-05,ICUI
2019-05,IDA
2019-05,IDCC
2019-05,IDTI
2019-05,IEX
2019-05,INGR
2019-05,INT
2019-05,ISCA
2019-05,ITT
2019-05,JACK
2019-05,JBGS
2019-05,JBL
2019-05,JBLU
2019-05,JCOM
2019-05,JHG
2019-05,JKHY
2019-05,JLL
2019-05,JW.A
2019-05,KBH
2019-05,KBR
2019-05,KEX
2019-05,KMPR
2019-05,KMT
2019-05,KNX
2019-05,KRC
2019-05,LAMR
2019-05,LANC
2019-05,LDOS
2019-05,LECO
2019-05,LFUS
2019-05,LGND
2019-05,LHO
2019-05,LII
2019-05,LITE
2019-05,LIVN
2019-05,LM
2019-05,LOGM
2019-05,LPNT
2019-05,LPT
2019-05,LPX
2019-05,LSI
2019-05,LSTR
2019-05,LW
2019-05,LYV
2019-05,MAN
2019-05,MANH
2019-05,MASI
2019-05,MBFI
2019-05,MCY
2019-05,MD
2019-05,MDP
2019-05,MDR
2019-05,MDRX
2019-05,MDSO
2019-05,MDU
2019-05,MIK
2019-05,MKSI
2019-05,MKTX
2019-05,MLHR
2019-05,MMS
2019-05,MNK
2019-05,MOH
2019-05,MPW
2019-05,MPWR
2019-05,MSA
2019-05,MSM
2019-05,MTDR
2019-05,MTX
2019-05,MTZ
2019-05,MUR
2019-05,MUSA
2019-05,NATI
2019-05,NAVI
2019-05,NBR
2019-05,NCR
2019-05,NDSN
2019-05,NEU
2019-05,NFG
2019-05,NJR
2019-05,NNN
2019-05,NTCT
2019-05,NUS
2019-05,NUVA
2019-05,NVR
2019-05,NVT
2019-05,NWE
2019-05,NYCB
2019-05,NYT
2019-05,OAS
2019-05,ODFL
2019-05,ODP
2019-05,OFC
2019-05,OGE
2019-05,OGS
2019-05,OHI
2019-05,OI
2019-05,OII
2019-05,OLLI
2019-05,OLN
2019-05,ORI
2019-05,OSK
2019-05,OZK
2019-05,PACW
2019-05,PB
2019-05,PBF
2019-05,PBH
2019-05,PBI
2019-05,PCH
2019-05,PDCO
2019-05,PENN
2019-05,PII
2019-05,PLT
2019-05,PNFP
2019-05,PNM
2019-05,POL
2019-05,POOL
2019-05,POST
2019-05,PRAH
2019-05,PRI
2019-05,PTC
2019-05,PTEN
2019-05,PZZA
2019-05,QEP
2019-05,R
2019-05,RAMP
2019-05,RBC
2019-05,RGA
2019-05,RGLD
2019-05,RIG
2019-05,RLGY
2019-05,RNR
2019-05,ROL
2019-05,RPM
2019-05,RRC
2019-05,RS
2019-05,RYN
2019-05,SABR
2019-05,SAFM
2019-05,SAIC
2019-05,SAM
2019-05,SBH
2019-05,SBNY
2019-05,SBRA
2019-05,SCI
2019-05,SEIC
2019-05,SF
2019-05,SFM
2019-05,SGMS
2019-05,SIG
2019-05,SIX
2019-05,SKT
2019-05,SKX
2019-05,SLAB
2019-05,SLGN
2019-05,SLM
2019-05,SM
2019-05,SMG
2019-05,SNH
2019-05,SNV
2019-05,SNX
2019-05,SON
2019-05,SPN
2019-05,STE
2019-05,STL
2019-05,STLD
2019-05,SWN
2019-05,SWX
2019-05,SXT
2019-05,SYNA
2019-05,SYNH
2019-05,TCBI
2019-05,TCF
2019-05,TCO
2019-05,TDC
2019-05,TDS
2019-05,TDY
2019-05,TECD
2019-05,TECH
2019-05,TER
2019-05,TEX
2019-05,TFX
2019-05,TGNA
2019-05,THC
2019-05,THG
2019-05,THO
2019-05,THS
2019-05,TKR
2019-05,TOL
2019-05,TPH
2019-05,TPX
2019-05,TR
2019-05,TREE
2019-05,TRMB
2019-05,TRMK
2019-05,TRN
2019-05,TTC
2019-05,TUP
2019-05,TXRH
2019-05,TYL
2019-05,UBSI
2019-05,UE
2019-05,UFS
2019-05,UGI
2019-05,ULTI
2019-05,UMBF
2019-05,UMPQ
2019-05,UNFI
2019-05,UNIT
2019-05,URBN
2019-05,UTHR
2019-05,VAC
2019-05,VC
2019-05,VLY
2019-05,VMI
2019-05,VSAT
2019-05,VSH
2019-05,VSM
2019-05,VVC
2019-05,VVV
2019-05,WAB
2019-05,WAFD
2019-05,WBS
2019-05,WEN
2019-05,WERN
2019-05,WEX
2019-05,WOR
2019-05,WPX
2019-05,WRB
2019-05,WRI
2019-05,WSM
2019-05,WSO
2019-05,WST
2019-05,WTFC
2019-05,WTR
2019-05,WTW
2019-05,WWD
2019-05,WWE
2019-05,WYND
2019-05,X
2019-05,Y
2019-05,ZBRA
2019-06,AAN
2019-06,ACC
2019-06,ACHC
2019-06,ACIW
2019-06,ACM
2019-06,ADNT
2019-06,AEO
2019-06,AFG
2019-06,AGCO
2019-06,AHL
2019-06,AKRX
2019-06,ALE
2019-06,ALEX
2019-06,AMCX
2019-06,AN
2019-06,APY
2019-06,ARRS
2019-06,ARW
2019-06,ASB
2019-06,ASGN
2019-06,ASH
2019-06,ATGE
2019-06,ATI
2019-06,ATO
2019-06,ATR
2019-06,AVNS
2019-06,AVT
2019-06,AYI
2019-06,BBBY
2019-06,BC
2019-06,BCO
2019-06,BDC
2019-06,BID
2019-06,BIG
2019-06,BIO
2019-06,BKH
2019-06,BLKB
2019-06,BMS
2019-06,BOH
2019-06,BRO
2019-06,BXS
2019-06,BYD
2019-06,CABO
2019-06,CAKE
2019-06,CAR
2019-06,CARS
2019-06,CASY
2019-06,CATY
2019-06,CBRL
2019-06,CBSH
2019-06,CBT
2019-06,CC
2019-06,CDK
2019-06,CFR
2019-06,CGNX
2019-06,CHDN
2019-06,CHE
2019-06,CHFC
2019-06,CHK
2019-06,CIEN
2019-06,CLB
2019-06,CLGX
2019-06,CLH
2019-06,CLI
2019-06,CMC
2019-06,CMD
2019-06,CMP
2019-06,CNK
2019-06,CNO
2019-06,CNX
2019-06,COHR
2019-06,CONE
2019-06,COR
2019-06,CPE
2019-06,CPT
2019-06,CR
2019-06,CREE
2019-06,CRI
2019-06,CRL
2019-06,CRS
2019-06,CRUS
2019-06,CSL
2019-06,CTLT
2019-06,CUZ
2019-06,CVLT
2019-06,CW
2019-06,CXW
2019-06,CY
2019-06,DAN
2019-06,DCI
2019-06,DDS
2019-06,DECK
2019-06,DEI
2019-06,DKS
2019-06,DLPH
2019-06,DLX
2019-06,DNB
2019-06,DNKN
2019-06,DNOW
2019-06,DO
2019-06,DPZ
2019-06,DRQ
2019-06,DY
2019-06,EAT
2019-06,EGN
2019-06,EHC
2019-06,EME
2019-06,ENR
2019-06,ENS
2019-06,EPC
2019-06,EPR
2019-06,ERI
2019-06,ESL
2019-06,ESV
2019-06,EV
2019-06,EVR
2019-06,EWBC
2019-06,EXEL
2019-06,EXP
2019-06,FAF
2019-06,FDS
2019-06,FHN
2019-06,FICO
2019-06,FII
2019-06,FIVE
2019-06,FLO
2019-06,FNB
2019-06,FR
2019-06,FSLR
2019-06,FULT
2019-06,GATX
2019-06,GEF
2019-06,GEO
2019-06,GGG
2019-06,GHC
2019-06,GME
2019-06,GMED
2019-06,GNTX
2019-06,GNW
2019-06,GPOR
2019-06,GVA
2019-06,GWR
2019-06,HAE
2019-06,HAIN
2019-06,HCSG
2019-06,HE
2019-06,HELE
2019-06,HIW
2019-06,HNI
2019-06,HOMB
2019-06,HPT
2019-06,HQY
2019-06,HR
2019-06,HRC
2019-06,HUBB
2019-06,HWC
2019-06,IART
2019-06,IBOC
2019-06,ICUI
2019-06,IDA
2019-06,IDCC
2019-06,IDTI
2019-06,IEX
2019-06,INGR
2019-06,INT
2019-06,ISCA
2019-06,ITT
2019-06,JACK
2019-06,JBGS
2019-06,JBL
2019-06,JBLU
2019-06,JCOM
2019-06,JHG
2019-06,JKHY
2019-06,JLL
2019-06,JW.A
2019-06,KBH
2019-06,KBR
2019-06,KEX
2019-06,KMPR
2019-06,KMT
2019-06,KNX
2019-06,KRC
2019-06,LAMR
2019-06,LANC
2019-06,LDOS
2019-06,LECO
2019-06,LFUS
2019-06,LGND
2019-06,LHO
2019-06,LII
2019-06,LITE
2019-06,LIVN
2019-06,LM
2019-06,LOGM
2019-06,LPNT
2019-06,LPT
2019-06,LPX
2019-06,LSI
2019-06,LSTR
2019-06,LW
2019-06,LYV
2019-06,MAN
2019-06,MANH
2019-06,MASI
2019-06,MBFI
2019-06,MCY
2019-06,MD
2019-06,MDP
2019-06,MDR
2019-06,MDRX
2019-06,MDSO
2019-06,MDU
2019-06,MIK
2019-06,MKSI
2019-06,MKTX
2019-06,MLHR
2019-06,MMS
2019-06,MNK
2019-06,MOH
2019-06,MPW
2019-06,MPWR
2019-06,MSA
2019-06,MSM
2019-06,MTDR
2019-06,MTX
2019-06,MTZ
2019-06,MUR
2019-06,MUSA
2019-06,NATI
2019-06,NAVI
2019-06,NBR
2019-06,NCR
2019-06,NDSN
2019-06,NEU
2019-06,NFG
2019-06,NJR
2019-06,NNN
2019-06,NTCT
2019-06,NUS
2019-06,NUVA
2019-06,NVR
2019-06,NVT
2019-06,NWE
2019-06,NYCB
2019-06,NYT
2019-06,OAS
2019-06,ODFL
2019-06,ODP
2019-06,OFC
2019-06,OGE
2019-06,OGS
2019-06,OHI
2019-06,OI
2019-06,OII
2019-06,OLLI
2019-06,OLN
2019-06,ORI
2019-06,OSK
2019-06,OZK
2019-06,PACW
2019-06,PB
2019-06,PBF
2019-06,PBH
2019-06,PBI
2019-06,PCH
2019-06,PDCO
2019-06,PENN
2019-06,PII
2019-06,PLT
2019-06,PNFP
2019-06,PNM
2019-06,POL
2019-06,POOL
2019-06,POST
2019-06,PRAH
2019-06,PRI
2019-06,PTC
2019-06,PTEN
2019-06,PZZA
2019-06,QEP
2019-06,R
2019-06,RAMP
2019-06,RBC
2019-06,RGA
2019-06,RGLD
2019-06,RIG
2019-06,RLGY
2019-06,RNR
2019-06,ROL
2019-06,RPM
2019-06,RRC
2019-06,RS
2019-06,RYN
2019-06,SABR
2019-06,SAFM
2019-06,SAIC
2019-06,SAM
2019-06,SBH
2019-06,SBNY
2019-06,SBRA
2019-06,SCI
2019-06,SEIC
2019-06,SF
2019-06,SFM
2019-06,SGMS
2019-06,SIG
2019-06,SIX
2019-06,SKT
2019-06,SKX
2019-06,SLAB
2019-06,SLGN
2019-06,SLM
2019-06,SM
2019-06,SMG
2019-06,SNH
2019-06,SNV
2019-06,SNX
2019-06,SON
2019-06,SPN
2019-06,STE
2019-06,STL
2019-06,STLD
2019-06,SWN
2019-06,SWX
2019-06,SXT
2019-06,SYNA
2019-06,SYNH
2019-06,TCBI
2019-06,TCF
2019-06,TCO
2019-06,TDC
2019-06,TDS
2019-06,TDY
2019-06,TECD
2019-06,TECH
2019-06,TER
2019-06,TEX
2019-06,TFX
2019-06,TGNA
2019-06,THC
2019-06,THG
2019-06,THO
2019-06,THS
2019-06,TKR
2019-06,TOL
2019-06,TPH
2019-06,TPX
2019-06,TR
2019-06,TREE
2019-06,TRMB
2019-06,TRMK
2019-06,TRN
2019-06,TTC
2019-06,TUP
2019-06,TXRH
2019-06,TYL
2019-06,UBSI
2019-06,UE
2019-06,UFS
2019-06,UGI
2019-06,ULTI
2019-06,UMBF
2019-06,UMPQ
2019-06,UNFI
2019-06,UNIT
2019-06,URBN
2019-06,UTHR
2019-06,VAC
2019-06,VC
2019-06,VLY
2019-06,VMI
2019-06,VSAT
2019-06,VSH
2019-06,VSM
2019-06,VVC
2019-06,VVV
2019-06,WAB
2019-06,WAFD
2019-06,WBS
2019-06,WEN
2019-06,WERN
2019-06,WEX
2019-06,WOR
2019-06,WPX
2019-06,WRB
2019-06,WRI
2019-06,WSM
2019-06,WSO
2019-06,WST
2019-06,WTFC
2019-06,WTR
2019-06,WTW
2019-06,WWD
2019-06,WWE
2019-06,WYND
2019-06,X
2019-06,Y
2019-06,ZBRA
2019-07,AAN
2019-07,ACC
2019-07,ACHC
2019-07,ACIW
2019-07,ACM
2019-07,ADNT
2019-07,AEO
2019-07,AFG
2019-07,AGCO
2019-07,AHL
2019-07,AKRX
2019-07,ALE
2019-07,ALEX
2019-07,AMCX
2019-07,AN
2019-07,APY
2019-07,ARRS
2019-07,ARW
2019-07,ASB
2019-07,ASGN
2019-07,ASH
2019-07,ATGE
2019-07,ATI
2019-07,ATO
2019-07,ATR
2019-07,AVNS
2019-07,AVT
2019-07,AYI
2019-07,BBBY
2019-07,BC
2019-07,BCO
2019-07,BDC
2019-07,BID
2019-07,BIG
2019-07,BIO
2019-07,BKH
2019-07,BLKB
2019-07,BMS
2019-07,BOH
2019-07,BRO
2019-07,BXS
2019-07,BYD
2019-07,CABO
2019-07,CAKE
2019-07,CAR
2019-07,CARS
2019-07,CASY
2019-07,CATY
2019-07,CBRL
2019-07,CBSH
2019-07,CBT
2019-07,CC
2019-07,CDK
2019-07,CFR
2019-07,CGNX
2019-07,CHDN
2019-07,CHE
2019-07,CHFC
2019-07,CHK
2019-07,CIEN
2019-07,CLB
2019-07,CLGX
2019-07,CLH
2019-07,CLI
2019-07,CMC
2019-07,CMD
2019-07,CMP
2019-07,CNK
2019-07,CNO
2019-07,CNX
2019-07,COHR
2019-07,CONE
2019-07,COR
2019-07,CPE
2019-07,CPT
2019-07,CR
2019-07,CREE
2019-07,CRI
2019-07,CRL
2019-07,CRS
2019-07,CRUS
2019-07,CSL
2019-07,CTLT
2019-07,CUZ
2019-07,CVLT
2019-07,CW
2019-07,CXW
2019-07,CY
2019-07,DAN
2019-07,DCI
2019-07,DDS
2019-07,DECK
2019-07,DEI
2019-07,DKS
2019-07,DLPH
2019-07,DLX
2019-07,DNB
2019-07,DNKN
2019-07,DNOW
2019-07,DO
2019-07,DPZ
2019-07,DRQ
2019-07,DY
2019-07,EAT
2019-07,EGN
2019-07,EHC
2019-07,EME
2019-07,ENR
2019-07,ENS
2019-07,EPC
2019-07,EPR
2019-07,ERI
2019-07,ESL
2019-07,ESV
2019-07,EV
2019-07,EVR
2019-07,EWBC
2019-07,EXEL
2019-07,EXP
2019-07,FAF
2019-07,FDS
2019-07,FHN
2019-07,FICO
2019-07,FII
2019-07,FIVE
2019-07,FLO
2019-07,FNB
2019-07,FR
2019-07,FSLR
2019-07,FULT
2019-07,GATX
2019-07,GEF
2019-07,GEO
2019-07,GGG
2019-07,GHC
2019-07,GME
2019-07,GMED
2019-07,GNTX
2019-07,GNW
2019-07,GPOR
2019-07,GVA
2019-07,GWR
2019-07,HAE
2019-07,HAIN
2019-07,HCSG
2019-07,HE
2019-07,HELE
2019-07,HIW
2019-07,HNI
2019-07,HOMB
2019-07,HPT
2019-07,HQY
2019-07,HR
2019-07,HRC
2019-07,HUBB
2019-07,HWC
2019-07,IART
2019-07,IBOC
2019-07,ICUI
2019-07,IDA
2019-07,IDCC
2019-07,IDTI
2019-07,IEX
2019-07,INGR
2019-07,INT
2019-07,ISCA
2019-07,ITT
2019-07,JACK
2019-07,JBGS
2019-07,JBL
2019-07,JBLU
2019-07,JCOM
2019-07,JHG
2019-07,JKHY
2019-07,JLL
2019-07,JW.A
2019-07,KBH
2019-07,KBR
2019-07,KEX
2019-07,KMPR
2019-07,KMT
2019-07,KNX
2019-07,KRC
2019-07,LAMR
2019-07,LANC
2019-07,LDOS
2019-07,LECO
2019-07,LFUS
2019-07,LGND
2019-07,LHO
2019-07,LII
2019-07,LITE
2019-07,LIVN
2019-07,LM
2019-07,LOGM
2019-07,LPNT
2019-07,LPT
2019-07,LPX
2019-07,LSI
2019-07,LSTR
2019-07,LW
2019-07,LYV
2019-07,MAN
2019-07,MANH
2019-07,MASI
2019-07,MBFI
2019-07,MCY
2019-07,MD
2019-07,MDP
2019-07,MDR
2019-07,MDRX
2019-07,MDSO
2019-07,MDU
2019-07,MIK
2019-07,MKSI
2019-07,MKTX
2019-07,MLHR
2019-07,MMS
2019-07,MNK
2019-07,MOH
2019-07,MPW
2019-07,MPWR
2019-07,MSA
2019-07,MSM
2019-07,MTDR
2019-07,MTX
2019-07,MTZ
2019-07,MUR
2019-07,MUSA
2019-07,NATI
2019-07,NAVI
2019-07,NBR
2019-07,NCR
2019-07,NDSN
2019-07,NEU
2019-07,NFG
2019-07,NJR
2019-07,NNN
2019-07,NTCT
2019-07,NUS
2019-07,NUVA
2019-07,NVR
2019-07,NVT
2019-07,NWE
2019-07,NYCB
2019-07,NYT
2019-07,OAS
2019-07,ODFL
2019-07,ODP
2019-07,OFC
2019-07,OGE
2019-07,OGS
2019-07,OHI
2019-07,OI
2019-07,OII
2019-07,OLLI
2019-07,OLN
2019-07,ORI
2019-07,OSK
2019-07,OZK
2019-07,PACW
2019-07,PB
2019-07,PBF
2019-07,PBH
2019-07,PBI
2019-07,PCH
2019-07,PDCO
2019-07,PENN
2019-07,PII
2019-07,PLT
2019-07,PNFP
2019-07,PNM
2019-07,POL
2019-07,POOL
2019-07,POST
2019-07,PRAH
2019-07,PRI
2019-07,PTC
2019-07,PTEN
2019-07,PZZA
2019-07,QEP
2019-07,R
2019-07,RAMP
2019-07,RBC
2019-07,RGA
2019-07,RGLD
2019-07,RIG
2019-07,RLGY
2019-07,RNR
2019-07,ROL
2019-07,RPM
2019-07,RRC
2019-07,RS
2019-07,RYN
2019-07,SABR
2019-07,SAFM
2019-07,SAIC
2019-07,SAM
2019-07,SBH
2019-07,SBNY
2019-07,SBRA
2019-07,SCI
2019-07,SEIC
2019-07,SF
2019-07,SFM
2019-07,SGMS
2019-07,SIG
2019-07,SIX
2019-07,SKT
2019-07,SKX
2019-07,SLAB
2019-07,SLGN
2019-07,SLM
2019-07,SM
2019-07,SMG
2019-07,SNH
2019-07,SNV
2019-07,SNX
2019-07,SON
2019-07,SPN
2019-07,STE
2019-07,STL
2019-07,STLD
2019-07,SWN
2019-07,SWX
2019-07,SXT
2019-07,SYNA
2019-07,SYNH
2019-07,TCBI
2019-07,TCF
2019-07,TCO
2019-07,TDC
2019-07,TDS
2019-07,TDY
2019-07,TECD
2019-07,TECH
2019-07,TER
2019-07,TEX
2019-07,TFX
2019-07,TGNA
2019-07,THC
2019-07,THG
2019-07,THO
2019-07,THS
2019-07,TKR
2019-07,TOL
2019-07,TPH
2019-07,TPX
2019-07,TR
2019-07,TREE
2019-07,TRMB
2019-07,TRMK
2019-07,TRN
2019-07,TTC
2019-07,TUP
2019-07,TXRH
2019-07,TYL
2019-07,UBSI
2019-07,UE
2019-07,UFS
2019-07,UGI
2019-07,ULTI
2019-07,UMBF
2019-07,UMPQ
2019-07,UNFI
2019-07,UNIT
2019-07,URBN
2019-07,UTHR
2019-07,VAC
2019-07,VC
2019-07,VLY
2019-07,VMI
2019-07,VSAT
2019-07,VSH
2019-07,VSM
2019-07,VVC
2019-07,VVV
2019-07,WAB
2019-07,WAFD
2019-07,WBS
2019-07,WEN
2019-07,WERN
2019-07,WEX
2019-07,WOR
2019-07,WPX
2019-07,WRB
2019-07,WRI
2019-07,WSM
2019-07,WSO
2019-07,WST
2019-07,WTFC
2019-07,WTR
2019-07,WTW
2019-07,WWD
2019-07,WWE
2019-07,WYND
2019-07,X
2019-07,Y
2019-07,ZBRA
2019-08,AAN
2019-08,ACC
2019-08,ACHC
2019-08,ACIW
2019-08,ACM
2019-08,ADNT
2019-08,AEO
2019-08,AFG
2019-08,AGCO
2019-08,AHL
2019-08,AKRX
2019-08,ALE
2019-08,ALEX
2019-08,AMCX
2019-08,AN
2019-08,APY
2019-08,ARRS
2019-08,ARW
2019-08,ASB
2019-08,ASGN
2019-08,ASH
2019-08,ATGE
2019-08,ATI
2019-08,ATO
2019-08,ATR
2019-08,AVNS
2019-08,AVT
2019-08,AYI
2019-08,BBBY
2019-08,BC
2019-08,BCO
2019-08,BDC
2019-08,BID
2019-08,BIG
2019-08,BIO
2019-08,BKH
2019-08,BLKB
2019-08,BMS
2019-08,BOH
2019-08,BRO
2019-08,BXS
2019-08,BYD
2019-08,CABO
2019-08,CAKE
2019-08,CAR
2019-08,CARS
2019-08,CASY
2019-08,CATY
2019-08,CBRL
2019-08,CBSH
2019-08,CBT
2019-08,CC
2019-08,CDK
2019-08,CFR
2019-08,CGNX
2019-08,CHDN
2019-08,CHE
2019-08,CHK
2019-08,CIEN
2019-08,CLB
2019-08,CLGX
2019-08,CLH
2019-08,CLI
2019-08,CMC
2019-08,CMD
2019-08,CMP
2019-08,CNK
2019-08,CNO
2019-08,CNX
2019-08,COHR
2019-08,CONE
2019-08,COR
2019-08,CPE
2019-08,CPT
2019-08,CR
2019-08,CREE
2019-08,CRI
2019-08,CRL
2019-08,CRS
2019-08,CRUS
2019-08,CSL
2019-08,CTLT
2019-08,CUZ
2019-08,CVLT
2019-08,CW
2019-08,CXW
2019-08,CY
2019-08,DAN
2019-08,DCI
2019-08,DDS
2019-08,DECK
2019-08,DEI
2019-08,DKS
2019-08,DLPH
2019-08,DLX
2019-08,DNB
2019-08,DNKN
2019-08,DNOW
2019-08,DO
2019-08,DPZ
2019-08,DRQ
2019-08,DY
2019-08,EAT
2019-08,EGN
2019-08,EHC
2019-08,EME
2019-08,ENR
2019-08,ENS
2019-08,EPC
2019-08,EPR
2019-08,ERI
2019-08,ESL
2019-08,EV
2019-08,EVR
2019-08,EWBC
2019-08,EXEL
2019-08,EXP
2019-08,FAF
2019-08,FDS
2019-08,FHN
2019-08,FICO
2019-08,FII
2019-08,FIVE
2019-08,FLO
2019-08,FNB
2019-08,FR
2019-08,FSLR
2019-08,FULT
2019-08,GATX
2019-08,GEF
2019-08,GEO
2019-08,GGG
2019-08,GHC
2019-08,GME
2019-08,GMED
2019-08,GNTX
2019-08,GNW
2019-08,GPOR
2019-08,GVA
2019-08,GWR
2019-08,HAE
2019-08,HAIN
2019-08,HCSG
2019-08,HE
2019-08,HELE
2019-08,HIW
2019-08,HNI
2019-08,HOMB
2019-08,HPT
2019-08,HQY
2019-08,HR
2019-08,HRC
2019-08,HUBB
2019-08,HWC
2019-08,IART
2019-08,IBOC
2019-08,ICUI
2019-08,IDA
2019-08,IDCC
2019-08,IDTI
2019-08,IEX
2019-08,INGR
2019-08,INT
2019-08,ISCA
2019-08,ITT
2019-08,JACK
2019-08,JBGS
2019-08,JBL
2019-08,JBLU
2019-08,JCOM
2019-08,JHG
2019-08,JKHY
2019-08,JLL
2019-08,JW.A
2019-08,KBH
2019-08,KBR
2019-08,KEX
2019-08,KMPR
2019-08,KMT
2019-08,KNX
2019-08,KRC
2019-08,LAMR
2019-08,LANC
2019-08,LDOS
2019-08,LECO
2019-08,LFUS
2019-08,LGND
2019-08,LHO
2019-08,LII
2019-08,LITE
2019-08,LIVN
2019-08,LM
2019-08,LOGM
2019-08,LPNT
2019-08,LPT
2019-08,LPX
2019-08,LSI
2019-08,LSTR
2019-08,LW
2019-08,LYV
2019-08,MAN
2019-08,MANH
2019-08,MASI
2019-08,MBFI
2019-08,MCY
2019-08,MD
2019-08,MDP
2019-08,MDR
2019-08,MDRX
2019-08,MDSO
2019-08,MDU
2019-08,MIK
2019-08,MKSI
2019-08,MKTX
2019-08,MLHR
2019-08,MMS
2019-08,MNK
2019-08,MOH
2019-08,MPW
2019-08,MPWR
2019-08,MSA
2019-08,MSM
2019-08,MTDR
2019-08,MTX
2019-08,MTZ
2019-08,MUR
2019-08,MUSA
2019-08,NATI
2019-08,NAVI
2019-08,NBR
2019-08,NCR
2019-08,NDSN
2019-08,NEU
2019-08,NFG
2019-08,NJR
2019-08,NNN
2019-08,NTCT
2019-08,NUS
2019-08,NUVA
2019-08,NVR
2019-08,NVT
2019-08,NWE
2019-08,NYCB
2019-08,NYT
2019-08,OAS
2019-08,ODFL
2019-08,ODP
2019-08,OFC
2019-08,OGE
2019-08,OGS
2019-08,OHI
2019-08,OI
2019-08,OII
2019-08,OLLI
2019-08,OLN
2019-08,ORI
2019-08,OSK
2019-08,OZK
2019-08,PACW
2019-08,PB
2019-08,PBF
2019-08,PBH
2019-08,PBI
2019-08,PCH
2019-08,PDCO
2019-08,PENN
2019-08,PII
2019-08,PLT
2019-08,PNFP
2019-08,PNM
2019-08,POL
2019-08,POOL
2019-08,POST
2019-08,PRAH
2019-08,PRI
2019-08,PTC
2019-08,PTEN
2019-08,PZZA
2019-08,QEP
2019-08,R
2019-08,RAMP
2019-08,RBC
2019-08,RGA
2019-08,RGLD
2019-08,RIG
2019-08,RLGY
2019-08,RNR
2019-08,ROL
2019-08,RPM
2019-08,RRC
2019-08,RS
2019-08,RYN
2019-08,SABR
2019-08,SAFM
2019-08,SAIC
2019-08,SAM
2019-08,SBH
2019-08,SBNY
2019-08,SBRA
2019-08,SCI
2019-08,SEIC
2019-08,SF
2019-08,SFM
2019-08,SGMS
2019-08,SIG
2019-08,SIX
2019-08,SKT
2019-08,SKX
2019-08,SLAB
2019-08,SLGN
2019-08,SLM
2019-08,SM
2019-08,SMG
2019-08,SNH
2019-08,SNV
2019-08,SNX
2019-08,SON
2019-08,SPN
2019-08,STE
2019-08,STL
2019-08,STLD
2019-08,SWN
2019-08,SWX
2019-08,SXT
2019-08,SYNA
2019-08,SYNH
2019-08,TCBI
2019-08,TCF
2019-08,TCO
2019-08,TDC
2019-08,TDS
2019-08,TDY
2019-08,TECD
2019-08,TECH
2019-08,TER
2019-08,TEX
2019-08,TFX
2019-08,TGNA
2019-08,THC
2019-08,THG
2019-08,THO
2019-08,THS
2019-08,TKR
2019-08,TOL
2019-08,TPH
2019-08,TPX
2019-08,TR
2019-08,TREE
2019-08,TRMB
2019-08,TRMK
2019-08,TRN
2019-08,TTC
2019-08,TTEK
2019-08,TUP
2019-08,TXRH
2019-08,TYL
2019-08,UBSI
2019-08,UE
2019-08,UFS
2019-08,UGI
2019-08,ULTI
2019-08,UMBF
2019-08,UMPQ
2019-08,UNFI
2019-08,UNIT
2019-08,URBN
2019-08,UTHR
2019-08,VAC
2019-08,VAL
2019-08,VC
2019-08,VLY
2019-08,VMI
2019-08,VSAT
2019-08,VSH
2019-08,VSM
2019-08,VVC
2019-08,VVV
2019-08,WAB
2019-08,WAFD
2019-08,WBS
2019-08,WEN
2019-08,WERN
2019-08,WEX
2019-08,WOR
2019-08,WPX
2019-08,WRB
2019-08,WRI
2019-08,WSM
2019-08,WSO
2019-08,WST
2019-08,WTFC
2019-08,WTR
2019-08,WTW
2019-08,WWD
2019-08,WWE
2019-08,WYND
2019-08,X
2019-08,Y
2019-08,ZBRA
2019-09,AAN
2019-09,AAXN
2019-09,ACC
2019-09,ACHC
2019-09,ACIW
2019-09,ACM
2019-09,ADNT
2019-09,AEO
2019-09,AFG
2019-09,AGCO
2019-09,AKRX
2019-09,ALE
2019-09,ALEX
2019-09,AMCX
2019-09,AMED
2019-09,AN
2019-09,APY
2019-09,ARW
2019-09,ASB
2019-09,ASGN
2019-09,ASH
2019-09,ATGE
2019-09,ATI
2019-09,ATO
2019-09,ATR
2019-09,AVNS
2019-09,AVT
2019-09,AYI
2019-09,BBBY
2019-09,BC
2019-09,BCO
2019-09,BDC
2019-09,BHF
2019-09,BID
2019-09,BIO
2019-09,BKH
2019-09,BLKB
2019-09,BOH
2019-09,BRO
2019-09,BRX
2019-09,BXS
2019-09,BYD
2019-09,CABO
2019-09,CACI
2019-09,CAKE
2019-09,CAR
2019-09,CARS
2019-09,CASY
2019-09,CATY
2019-09,CBRL
2019-09,CBSH
2019-09,CBT
2019-09,CC
2019-09,CDK
2019-09,CFR
2019-09,CFX
2019-09,CGNX
2019-09,CHDN
2019-09,CHE
2019-09,CHK
2019-09,CIEN
2019-09,CLB
2019-09,CLGX
2019-09,CLH
2019-09,CLI
2019-09,CMC
2019-09,CMD
2019-09,CMP
2019-09,CNK
2019-09,CNO
2019-09,CNX
2019-09,COHR
2019-09,CONE
2019-09,COR
2019-09,CPE
2019-09,CPT
2019-09,CR
2019-09,CREE
2019-09,CRI
2019-09,CRL
2019-09,CRS
2019-09,CRUS
2019-09,CSL
2019-09,CTLT
2019-09,CUZ
2019-09,CVET
2019-09,CVLT
2019-09,CW
2019-09,CXW
2019-09,CY
2019-09,CZR
2019-09,DAN
2019-09,DCI
2019-09,DDS
2019-09,DECK
2019-09,DEI
2019-09,DKS
2019-09,DLPH
2019-09,DLX
2019-09,DNKN
2019-09,DNOW
2019-09,DPZ
2019-09,DY
2019-09,EAT
2019-09,EGP
2019-09,EHC
2019-09,EME
2019-09,ENR
2019-09,ENS
2019-09,EPC
2019-09,EPR
2019-09,EQT
2019-09,ERI
2019-09,ETRN
2019-09,EV
2019-09,EVR
2019-09,EWBC
2019-09,EXEL
2019-09,EXP
2019-09,FAF
2019-09,FDS
2019-09,FFIN
2019-09,FHN
2019-09,FICO
2019-09,FII
2019-09,FIVE
2019-09,FL
2019-09,FLO
2019-09,FLR
2019-09,FNB
2019-09,FR
2019-09,FSLR
2019-09,FULT
2019-09,GATX
2019-09,GDOT
2019-09,GEF
2019-09,GEO
2019-09,GGG
2019-09,GHC
2019-09,GME
2019-09,GMED
2019-09,GNTX
2019-09,GNW
2019-09,GRUB
2019-09,GT
2019-09,GVA
2019-09,GWR
2019-09,HAE
2019-09,HAIN
2019-09,HCSG
2019-09,HE
2019-09,HELE
2019-09,HIW
2019-09,HNI
2019-09,HOMB
2019-09,HPT
2019-09,HQY
2019-09,HR
2019-09,HRC
2019-09,HUBB
2019-09,HWC
2019-09,IART
2019-09,IBKR
2019-09,IBOC
2019-09,ICUI
2019-09,IDA
2019-09,IDCC
2019-09,INGR
2019-09,INT
2019-09,ISCA
2019-09,ITT
2019-09,JACK
2019-09,JBGS
2019-09,JBL
2019-09,JBLU
2019-09,JCOM
2019-09,JHG
2019-09,JLL
2019-09,JW.A
2019-09,KBH
2019-09,KBR
2019-09,KEX
2019-09,KMPR
2019-09,KMT
2019-09,KNX
2019-09,KRC
2019-09,LAMR
2019-09,LANC
2019-09,LECO
2019-09,LFUS
2019-09,LGND
2019-09,LII
2019-09,LITE
2019-09,LIVN
2019-09,LM
2019-09,LOGM
2019-09,LPT
2019-09,LPX
2019-09,LSI
2019-09,LSTR
2019-09,LYV
2019-09,MAN
2019-09,MANH
2019-09,MASI
2019-09,MAT
2019-09,MCY
2019-09,MD
2019-09,MDP
2019-09,MDR
2019-09,MDRX
2019-09,MDSO
2019-09,MDU
2019-09,MIK
2019-09,MKSI
2019-09,MLHR
2019-09,MMS
2019-09,MNK
2019-09,MOH
2019-09,MPW
2019-09,MPWR
2019-09,MSA
2019-09,MSM
2019-09,MTDR
2019-09,MTX
2019-09,MTZ
2019-09,MUR
2019-09,MUSA
2019-09,NATI
2019-09,NAVI
2019-09,NCR
2019-09,NDSN
2019-09,NEU
2019-09,NFG
2019-09,NGVT
2019-09,NJR
2019-09,NNN
2019-09,NSP
2019-09,NTCT
2019-09,NUS
2019-09,NUVA
2019-09,NVR
2019-09,NVT
2019-09,NWE
2019-09,NYCB
2019-09,NYT
2019-09,OAS
2019-09,ODFL
2019-09,ODP
2019-09,OFC
2019-09,OGE
2019-09,OGS
2019-09,OHI
2019-09,OI
2019-09,OII
2019-09,OLED
2019-09,OLLI
2019-09,OLN
2019-09,ORI
2019-09,OSK
2019-09,OZK
2019-09,PACW
2019-09,PB
2019-09,PBF
2019-09,PBH
2019-09,PCH
2019-09,PDCO
2019-09,PEB
2019-09,PENN
2019-09,PII
2019-09,PLT
2019-09,PNFP
2019-09,PNM
2019-09,POL
2019-09,POOL
2019-09,POST
2019-09,PRAH
2019-09,PRI
2019-09,PSB
2019-09,PTC
2019-09,PTEN
2019-09,PZZA
2019-09,QEP
2019-09,R
2019-09,RAMP
2019-09,RBC
2019-09,RGA
2019-09,RGLD
2019-09,RIG
2019-09,RNR
2019-09,ROL
2019-09,RPM
2019-09,RRC
2019-09,RS
2019-09,RYN
2019-09,SABR
2019-09,SAFM
2019-09,SAIC
2019-09,SAM
2019-09,SBH
2019-09,SBNY
2019-09,SBRA
2019-09,SCI
2019-09,SEIC
2019-09,SF
2019-09,SFM
2019-09,SGMS
2019-09,SIG
2019-09,SIX
2019-09,SKT
2019-09,SKX
2019-09,SLAB
2019-09,SLGN
2019-09,SLM
2019-09,SMG
2019-09,SMTC
2019-09,SNH
2019-09,SNV
2019-09,SNX
2019-09,SON
2019-09,SRC
2019-09,SRCL
2019-09,STE
2019-09,STL
2019-09,STLD
2019-09,SWN
2019-09,SWX
2019-09,SXT
2019-09,SYNA
2019-09,SYNH
2019-09,TCBI
2019-09,TCO
2019-09,TDC
2019-09,TDS
2019-09,TDY
2019-09,TECD
2019-09,TECH
2019-09,TER
2019-09,TEX
2019-09,TGNA
2019-09,THC
2019-09,THG
2019-09,THO
2019-09,THS
2019-09,TKR
2019-09,TOL
2019-09,TPH
2019-09,TPX
2019-09,TR
2019-09,TREE
2019-09,TREX
2019-09,TRMB
2019-09,TRMK
2019-09,TRN
2019-09,TTC
2019-09,TTEK
2019-09,TUP
2019-09,TXRH
2019-09,TYL
2019-09,UBSI
2019-09,UE
2019-09,UFS
2019-09,UGI
2019-09,UMBF
2019-09,UMPQ
2019-09,UNFI
2019-09,UNIT
2019-09,URBN
2019-09,UTHR
2019-09,VAC
2019-09,VAL
2019-09,VC
2019-09,VLY
2019-09,VMI
2019-09,VSAT
2019-09,VSH
2019-09,VSM
2019-09,VVV
2019-09,WAFD
2019-09,WBS
2019-09,WEN
2019-09,WERN
2019-09,WEX
2019-09,WOR
2019-09,WPX
2019-09,WRB
2019-09,WRI
2019-09,WSM
2019-09,WSO
2019-09,WST
2019-09,WTFC
2019-09,WTR
2019-09,WW
2019-09,WWD
2019-09,WWE
2019-09,WYND
2019-09,X
2019-09,XPO
2019-09,Y
2019-09,YELP
2019-09,ZBRA
2019-10,AAN
2019-10,AAXN
2019-10,ACC
2019-10,ACHC
2019-10,ACIW
2019-10,ACM
2019-10,ADNT
2019-10,AEO
2019-10,AFG
2019-10,AGCO
2019-10,AKRX
2019-10,ALE
2019-10,ALEX
2019-10,AM
2019-10,AMCX
2019-10,AMED
2019-10,AN
2019-10,APY
2019-10,ARW
2019-10,ASB
2019-10,ASGN
2019-10,ASH
2019-10,ATGE
2019-10,ATI
2019-10,ATO
2019-10,ATR
2019-10,AVNS
2019-10,AVT
2019-10,AYI
2019-10,BBBY
2019-10,BC
2019-10,BCO
2019-10,BDC
2019-10,BHF
2019-10,BIO
2019-10,BKH
2019-10,BLKB
2019-10,BOH
2019-10,BRO
2019-10,BRX
2019-10,BXS
2019-10,BYD
2019-10,CABO
2019-10,CACI
2019-10,CAKE
2019-10,CAR
2019-10,CASY
2019-10,CATY
2019-10,CBRL
2019-10,CBSH
2019-10,CBT
2019-10,CC
2019-10,CDK
2019-10,CFR
2019-10,CFX
2019-10,CGNX
2019-10,CHDN
2019-10,CHE
2019-10,CHK
2019-10,CIEN
2019-10,CLB
2019-10,CLGX
2019-10,CLH
2019-10,CLI
2019-10,CMC
2019-10,CMD
2019-10,CMP
2019-10,CNK
2019-10,CNO
2019-10,CNX
2019-10,COHR
2019-10,CONE
2019-10,COR
2019-10,CPT
2019-10,CR
2019-10,CREE
2019-10,CRI
2019-10,CRL
2019-10,CRS
2019-10,CRUS
2019-10,CSL
2019-10,CTLT
2019-10,CUZ
2019-10,CVET
2019-10,CVLT
2019-10,CW
2019-10,CXW
2019-10,CY
2019-10,CZR
2019-10,DAN
2019-10,DCI
2019-10,DDS
2019-10,DECK
2019-10,DEI
2019-10,DKS
2019-10,DLPH
2019-10,DLX
2019-10,DNKN
2019-10,DNOW
2019-10,DPZ
2019-10,DY
2019-10,EAT
2019-10,EGP
2019-10,EHC
2019-10,EME
2019-10,ENR
2019-10,ENS
2019-10,EPC
2019-10,EPR
2019-10,EQT
2019-10,ERI
2019-10,ETRN
2019-10,ETSY
2019-10,EV
2019-10,EVR
2019-10,EWBC
2019-10,EXEL
2019-10,EXP
2019-10,FAF
2019-10,FCFS
2019-10,FDS
2019-10,FFIN
2019-10,FHN
2019-10,FICO
2019-10,FII
2019-10,FIVE
2019-10,FL
2019-10,FLO
2019-10,FLR
2019-10,FNB
2019-10,FR
2019-10,FSLR
2019-10,FULT
2019-10,GATX
2019-10,GDOT
2019-10,GEF
2019-10,GEO
2019-10,GGG
2019-10,GHC
2019-10,GME
2019-10,GMED
2019-10,GNTX
2019-10,GNW
2019-10,GRUB
2019-10,GT
2019-10,GVA
2019-10,GWR
2019-10,HAE
2019-10,HAIN
2019-10,HCSG
2019-10,HE
2019-10,HELE
2019-10,HIW
2019-10,HNI
2019-10,HOMB
2019-10,HPT
2019-10,HQY
2019-10,HR
2019-10,HRC
2019-10,HUBB
2019-10,HWC
2019-10,IART
2019-10,IBKR
2019-10,IBOC
2019-10,ICUI
2019-10,IDA
2019-10,IDCC
2019-10,IIVI
2019-10,INGR
2019-10,INT
2019-10,ITT
2019-10,JACK
2019-10,JBGS
2019-10,JBL
2019-10,JBLU
2019-10,JCOM
2019-10,JEF
2019-10,JHG
2019-10,JLL
2019-10,JW.A
2019-10,KAR
2019-10,KBH
2019-10,KBR
2019-10,KEX
2019-10,KMPR
2019-10,KMT
2019-10,KNX
2019-10,KRC
2019-10,LAMR
2019-10,LANC
2019-10,LECO
2019-10,LFUS
2019-10,LGND
2019-10,LII
2019-10,LITE
2019-10,LIVN
2019-10,LM
2019-10,LOGM
2019-10,LPT
2019-10,LPX
2019-10,LSI
2019-10,LSTR
2019-10,LYV
2019-10,MAN
2019-10,MANH
2019-10,MASI
2019-10,MAT
2019-10,MCY
2019-10,MD
2019-10,MDP
2019-10,MDRX
2019-10,MDSO
2019-10,MDU
2019-10,MKSI
2019-10,MLHR
2019-10,MMS
2019-10,MOH
2019-10,MPW
2019-10,MPWR
2019-10,MRCY
2019-10,MSA
2019-10,MSM
2019-10,MTDR
2019-10,MTX
2019-10,MTZ
2019-10,MUR
2019-10,MUSA
2019-10,NATI
2019-10,NAVI
2019-10,NCR
2019-10,NDSN
2019-10,NEU
2019-10,NFG
2019-10,NGVT
2019-10,NJR
2019-10,NKTR
2019-10,NNN
2019-10,NSP
2019-10,NTCT
2019-10,NUS
2019-10,NUVA
2019-10,NVT
2019-10,NWE
2019-10,NYCB
2019-10,NYT
2019-10,OAS
2019-10,OC
2019-10,ODFL
2019-10,ODP
2019-10,OFC
2019-10,OGE
2019-10,OGS
2019-10,OHI
2019-10,OI
2019-10,OII
2019-10,OLED
2019-10,OLLI
2019-10,OLN
2019-10,ORI
2019-10,OSK
2019-10,OZK
2019-10,PACW
2019-10,PB
2019-10,PBF
2019-10,PBH
2019-10,PCH
2019-10,PDCO
2019-10,PEB
2019-10,PEN
2019-10,PENN
2019-10,PII
2019-10,PK
2019-10,PLT
2019-10,PNFP
2019-10,PNM
2019-10,POL
2019-10,POOL
2019-10,POST
2019-10,PPC
2019-10,PRAH
2019-10,PRI
2019-10,PSB
2019-10,PTC
2019-10,PTEN
2019-10,PZZA
2019-10,R
2019-10,RAMP
2019-10,RBC
2019-10,RGA
2019-10,RGEN
2019-10,RGLD
2019-10,RIG
2019-10,RNR
2019-10,ROL
2019-10,RPM
2019-10,RS
2019-10,RYN
2019-10,SABR
2019-10,SAFM
2019-10,SAIC
2019-10,SAM
2019-10,SBH
2019-10,SBNY
2019-10,SBRA
2019-10,SCI
2019-10,SEDG
2019-10,SEIC
2019-10,SF
2019-10,SFM
2019-10,SGMS
2019-10,SIGI
2019-10,SIX
2019-10,SKT
2019-10,SKX
2019-10,SLAB
2019-10,SLGN
2019-10,SLM
2019-10,SMG
2019-10,SMTC
2019-10,SNH
2019-10,SNV
2019-10,SNX
2019-10,SON
2019-10,SRC
2019-10,SRCL
2019-10,STE
2019-10,STL
2019-10,STLD
2019-10,SWN
2019-10,SWX
2019-10,SXT
2019-10,SYNA
2019-10,SYNH
2019-10,TCBI
2019-10,TCO
2019-10,TDC
2019-10,TDS
2019-10,TDY
2019-10,TECD
2019-10,TECH
2019-10,TER
2019-10,TEX
2019-10,TGNA
2019-10,THC
2019-10,THG
2019-10,THO
2019-10,THS
2019-10,TKR
2019-10,TOL
2019-10,TPH
2019-10,TPX
2019-10,TR
2019-10,TREE
2019-10,TREX
2019-10,TRMB
2019-10,TRMK
2019-10,TRN
2019-10,TTC
2019-10,TTEK
2019-10,TXRH
2019-10,TYL
2019-10,UBSI
2019-10,UE
2019-10,UFS
2019-10,UGI
2019-10,UMBF
2019-10,UMPQ
2019-10,UNFI
2019-10,UNIT
2019-10,URBN
2019-10,UTHR
2019-10,VAC
2019-10,VC
2019-10,VLY
2019-10,VMI
2019-10,VSAT
2019-10,VSH
2019-10,VVV
2019-10,WAFD
2019-10,WBS
2019-10,WEN
2019-10,WERN
2019-10,WEX
2019-10,WOR
2019-10,WPX
2019-10,WRB
2019-10,WRI
2019-10,WSM
2019-10,WSO
2019-10,WST
2019-10,WTFC
2019-10,WTR
2019-10,WW
2019-10,WWD
2019-10,WWE
2019-10,WYND
2019-10,X
2019-10,XPO
2019-10,Y
2019-10,YELP
2019-10,ZBRA
2019-11,AAN
2019-11,AAXN
2019-11,ACC
2019-11,ACHC
2019-11,ACIW
2019-11,ACM
2019-11,ADNT
2019-11,AEO
2019-11,AFG
2019-11,AGCO
2019-11,AKRX
2019-11,ALE
2019-11,ALEX
2019-11,AM
2019-11,AMCX
2019-11,AMED
2019-11,AN
2019-11,APY
2019-11,ARW
2019-11,ASB
2019-11,ASGN
2019-11,ASH
2019-11,ATGE
2019-11,ATI
2019-11,ATO
2019-11,ATR
2019-11,AVNS
2019-11,AVT
2019-11,AYI
2019-11,BBBY
2019-11,BC
2019-11,BCO
2019-11,BDC
2019-11,BHF
2019-11,BIO
2019-11,BKH
2019-11,BLKB
2019-11,BOH
2019-11,BRO
2019-11,BRX
2019-11,BXS
2019-11,BYD
2019-11,CABO
2019-11,CACI
2019-11,CAKE
2019-11,CAR
2019-11,CASY
2019-11,CATY
2019-11,CBRL
2019-11,CBSH
2019-11,CBT
2019-11,CC
2019-11,CDK
2019-11,CFR
2019-11,CFX
2019-11,CGNX
2019-11,CHDN
2019-11,CHE
2019-11,CHK
2019-11,CIEN
2019-11,CLB
2019-11,CLGX
2019-11,CLH
2019-11,CLI
2019-11,CMC
2019-11,CMD
2019-11,CMP
2019-11,CNK
2019-11,CNO
2019-11,CNX
2019-11,COHR
2019-11,CONE
2019-11,COR
2019-11,CPT
2019-11,CR
2019-11,CREE
2019-11,CRI
2019-11,CRL
2019-11,CRS
2019-11,CRUS
2019-11,CSL
2019-11,CTLT
2019-11,CUZ
2019-11,CVET
2019-11,CVLT
2019-11,CW
2019-11,CXW
2019-11,CY
2019-11,CZR
2019-11,DAN
2019-11,DCI
2019-11,DDS
2019-11,DECK
2019-11,DEI
2019-11,DKS
2019-11,DLPH
2019-11,DLX
2019-11,DNKN
2019-11,DNOW
2019-11,DPZ
2019-11,DY
2019-11,EAT
2019-11,EGP
2019-11,EHC
2019-11,EME
2019-11,ENR
2019-11,ENS
2019-11,EPC
2019-11,EPR
2019-11,EQT
2019-11,ERI
2019-11,ETRN
2019-11,ETSY
2019-11,EV
2019-11,EVR
2019-11,EWBC
2019-11,EXEL
2019-11,EXP
2019-11,FAF
2019-11,FCFS
2019-11,FDS
2019-11,FFIN
2019-11,FHN
2019-11,FICO
2019-11,FII
2019-11,FIVE
2019-11,FL
2019-11,FLO
2019-11,FLR
2019-11,FNB
2019-11,FR
2019-11,FSLR
2019-11,FULT
2019-11,GATX
2019-11,GDOT
2019-11,GEF
2019-11,GEO
2019-11,GGG
2019-11,GHC
2019-11,GME
2019-11,GMED
2019-11,GNTX
2019-11,GNW
2019-11,GRUB
2019-11,GT
2019-11,GVA
2019-11,GWR
2019-11,HAE
2019-11,HAIN
2019-11,HCSG
2019-11,HE
2019-11,HELE
2019-11,HIW
2019-11,HNI
2019-11,HOMB
2019-11,HPT
2019-11,HQY
2019-11,HR
2019-11,HRC
2019-11,HUBB
2019-11,HWC
2019-11,IART
2019-11,IBKR
2019-11,IBOC
2019-11,ICUI
2019-11,IDA
2019-11,IDCC
2019-11,IIVI
2019-11,INGR
2019-11,INT
2019-11,ITT
2019-11,JACK
2019-11,JBGS
2019-11,JBL
2019-11,JBLU
2019-11,JCOM
2019-11,JEF
2019-11,JHG
2019-11,JLL
2019-11,JW.A
2019-11,KAR
2019-11,KBH
2019-11,KBR
2019-11,KEX
2019-11,KMPR
2019-11,KMT
2019-11,KNX
2019-11,KRC
2019-11,LAMR
2019-11,LANC
2019-11,LECO
2019-11,LFUS
2019-11,LGND
2019-11,LII
2019-11,LITE
2019-11,LIVN
2019-11,LM
2019-11,LOGM
2019-11,LPT
2019-11,LPX
2019-11,LSI
2019-11,LSTR
2019-11,LYV
2019-11,MAN
2019-11,MANH
2019-11,MASI
2019-11,MAT
2019-11,MCY
2019-11,MD
2019-11,MDP
2019-11,MDRX
2019-11,MDSO
2019-11,MDU
2019-11,MKSI
2019-11,MLHR
2019-11,MMS
2019-11,MOH
2019-11,MPW
2019-11,MPWR
2019-11,MRCY
2019-11,MSA
2019-11,MSM
2019-11,MTDR
2019-11,MTX
2019-11,MTZ
2019-11,MUR
2019-11,MUSA
2019-11,NATI
2019-11,NAVI
2019-11,NCR
2019-11,NDSN
2019-11,NEU
2019-11,NFG
2019-11,NGVT
2019-11,NJR
2019-11,NKTR
2019-11,NNN
2019-11,NSP
2019-11,NTCT
2019-11,NUS
2019-11,NUVA
2019-11,NVT
2019-11,NWE
2019-11,NYCB
2019-11,NYT
2019-11,OAS
2019-11,OC
2019-11,ODFL
2019-11,ODP
2019-11,OFC
2019-11,OGE
2019-11,OGS
2019-11,OHI
2019-11,OI
2019-11,OII
2019-11,OLED
2019-11,OLLI
2019-11,OLN
2019-11,ORI
2019-11,OSK
2019-11,OZK
2019-11,PACW
2019-11,PB
2019-11,PBF
2019-11,PBH
2019-11,PCH
2019-11,PDCO
2019-11,PEB
2019-11,PEN
2019-11,PENN
2019-11,PII
2019-11,PK
2019-11,PLT
2019-11,PNFP
2019-11,PNM
2019-11,POL
2019-11,POOL
2019-11,POST
2019-11,PPC
2019-11,PRAH
2019-11,PRI
2019-11,PSB
2019-11,PTC
2019-11,PTEN
2019-11,PZZA
2019-11,R
2019-11,RAMP
2019-11,RBC
2019-11,RGA
2019-11,RGEN
2019-11,RGLD
2019-11,RIG
2019-11,RNR
2019-11,ROL
2019-11,RPM
2019-11,RS
2019-11,RYN
2019-11,SABR
2019-11,SAFM
2019-11,SAIC
2019-11,SAM
2019-11,SBH
2019-11,SBNY
2019-11,SBRA
2019-11,SCI
2019-11,SEDG
2019-11,SEIC
2019-11,SF
2019-11,SFM
2019-11,SGMS
2019-11,SIGI
2019-11,SIX
2019-11,SKT
2019-11,SKX
2019-11,SLAB
2019-11,SLGN
2019-11,SLM
2019-11,SMG
2019-11,SMTC
2019-11,SNH
2019-11,SNV
2019-11,SNX
2019-11,SON
2019-11,SRC
2019-11,SRCL
2019-11,STE
2019-11,STL
2019-11,STLD
2019-11,SWN
2019-11,SWX
2019-11,SXT
2019-11,SYNA
2019-11,SYNH
2019-11,TCBI
2019-11,TCO
2019-11,TDC
2019-11,TDS
2019-11,TDY
2019-11,TECD
2019-11,TECH
2019-11,TER
2019-11,TEX
2019-11,TGNA
2019-11,THC
2019-11,THG
2019-11,THO
2019-11,THS
2019-11,TKR
2019-11,TOL
2019-11,TPH
2019-11,TPX
2019-11,TR
2019-11,TREE
2019-11,TREX
2019-11,TRMB
2019-11,TRMK
2019-11,TRN
2019-11,TTC
2019-11,TTEK
2019-11,TXRH
2019-11,TYL
2019-11,UBSI
2019-11,UE
2019-11,UFS
2019-11,UGI
2019-11,UMBF
2019-11,UMPQ
2019-11,UNFI
2019-11,UNIT
2019-11,URBN
2019-11,UTHR
2019-11,VAC
2019-11,VC
2019-11,VLY
2019-11,VMI
2019-11,VSAT
2019-11,VSH
2019-11,VVV
2019-11,WAFD
2019-11,WBS
2019-11,WEN
2019-11,WERN
2019-11,WEX
2019-11,WOR
2019-11,WPX
2019-11,WRB
2019-11,WRI
2019-11,WSM
2019-11,WSO
2019-11,WST
2019-11,WTFC
2019-11,WTR
2019-11,WW
2019-11,WWD
2019-11,WWE
2019-11,WYND
2019-11,X
2019-11,XPO
2019-11,Y
2019-11,YELP
2019-11,ZBRA
2019-12,AAN
2019-12,AAXN
2019-12,ACC
2019-12,ACHC
2019-12,ACIW
2019-12,ACM
2019-12,ADNT
2019-12,AEO
2019-12,AFG
2019-12,AGCO
2019-12,ALE
2019-12,ALEX
2019-12,AM
2019-12,AMCX
2019-12,AMED
2019-12,AN
2019-12,APY
2019-12,ARW
2019-12,ASB
2019-12,ASGN
2019-12,ASH
2019-12,ATGE
2019-12,ATI
2019-12,ATO
2019-12,ATR
2019-12,AVNS
2019-12,AVT
2019-12,AYI
2019-12,BBBY
2019-12,BC
2019-12,BCO
2019-12,BDC
2019-12,BHF
2019-12,BIO
2019-12,BKH
2019-12,BLKB
2019-12,BOH
2019-12,BRO
2019-12,BRX
2019-12,BXS
2019-12,BYD
2019-12,CABO
2019-12,CACI
2019-12,CAKE
2019-12,CAR
2019-12,CASY
2019-12,CATY
2019-12,CBRL
2019-12,CBSH
2019-12,CBT
2019-12,CC
2019-12,CDK
2019-12,CFR
2019-12,CFX
2019-12,CGNX
2019-12,CHDN
2019-12,CHE
2019-12,CHK
2019-12,CIEN
2019-12,CLB
2019-12,CLGX
2019-12,CLH
2019-12,CLI
2019-12,CMC
2019-12,CMD
2019-12,CMP
2019-12,CNK
2019-12,CNO
2019-12,CNX
2019-12,COHR
2019-12,CONE
2019-12,COR
2019-12,CPT
2019-12,CR
2019-12,CREE
2019-12,CRI
2019-12,CRL
2019-12,CRS
2019-12,CRUS
2019-12,CSL
2019-12,CTLT
2019-12,CUZ
2019-12,CVET
2019-12,CVLT
2019-12,CW
2019-12,CXW
2019-12,CY
2019-12,CZR
2019-12,DAN
2019-12,DCI
2019-12,DDS
2019-12,DECK
2019-12,DEI
2019-12,DKS
2019-12,DLPH
2019-12,DLX
2019-12,DNKN
2019-12,DNOW
2019-12,DPZ
2019-12,DY
2019-12,EAT
2019-12,EGP
2019-12,EHC
2019-12,EME
2019-12,ENR
2019-12,ENS
2019-12,EPC
2019-12,EPR
2019-12,EQT
2019-12,ERI
2019-12,ETRN
2019-12,ETSY
2019-12,EV
2019-12,EVR
2019-12,EWBC
2019-12,EXEL
2019-12,EXP
2019-12,FAF
2019-12,FCFS
2019-12,FDS
2019-12,FFIN
2019-12,FHN
2019-12,FICO
2019-12,FII
2019-12,FIVE
2019-12,FL
2019-12,FLO
2019-12,FLR
2019-12,FNB
2019-12,FR
2019-12,FSLR
2019-12,FULT
2019-12,GATX
2019-12,GDOT
2019-12,GEF
2019-12,GEO
2019-12,GGG
2019-12,GHC
2019-12,GME
2019-12,GMED
2019-12,GNTX
2019-12,GNW
2019-12,GRUB
2019-12,GT
2019-12,GVA
2019-12,GWR
2019-12,HAE
2019-12,HAIN
2019-12,HCSG
2019-12,HE
2019-12,HELE
2019-12,HIW
2019-12,HNI
2019-12,HOMB
2019-12,HPT
2019-12,HQY
2019-12,HR
2019-12,HRC
2019-12,HUBB
2019-12,HWC
2019-12,IART
2019-12,IBKR
2019-12,IBOC
2019-12,ICUI
2019-12,IDA
2019-12,IDCC
2019-12,IIVI
2019-12,INGR
2019-12,INT
2019-12,ITT
2019-12,JACK
2019-12,JBGS
2019-12,JBL
2019-12,JBLU
2019-12,JCOM
2019-12,JEF
2019-12,JHG
2019-12,JLL
2019-12,JW.A
2019-12,KAR
2019-12,KBH
2019-12,KBR
2019-12,KEX
2019-12,KMPR
2019-12,KMT
2019-12,KNX
2019-12,KRC
2019-12,LAMR
2019-12,LANC
2019-12,LECO
2019-12,LFUS
2019-12,LGND
2019-12,LII
2019-12,LITE
2019-12,LIVN
2019-12,LM
2019-12,LOGM
2019-12,LPT
2019-12,LPX
2019-12,LSI
2019-12,LSTR
2019-12,LYV
2019-12,MAN
2019-12,MANH
2019-12,MASI
2019-12,MAT
2019-12,MCY
2019-12,MD
2019-12,MDP
2019-12,MDRX
2019-12,MDSO
2019-12,MDU
2019-12,MKSI
2019-12,MLHR
2019-12,MMS
2019-12,MOH
2019-12,MPW
2019-12,MPWR
2019-12,MRCY
2019-12,MSA
2019-12,MSM
2019-12,MTDR
2019-12,MTX
2019-12,MTZ
2019-12,MUR
2019-12,MUSA
2019-12,NATI
2019-12,NAVI
2019-12,NCR
2019-12,NDSN
2019-12,NEU
2019-12,NFG
2019-12,NGVT
2019-12,NJR
2019-12,NKTR
2019-12,NNN
2019-12,NSP
2019-12,NTCT
2019-12,NUS
2019-12,NUVA
2019-12,NVT
2019-12,NWE
2019-12,NYCB
2019-12,NYT
2019-12,OAS
2019-12,OC
2019-12,ODFL
2019-12,ODP
2019-12,OFC
2019-12,OGE
2019-12,OGS
2019-12,OHI
2019-12,OI
2019-12,OII
2019-12,OLED
2019-12,OLLI
2019-12,OLN
2019-12,ORI
2019-12,OSK
2019-12,OZK
2019-12,PACW
2019-12,PB
2019-12,PBF
2019-12,PBH
2019-12,PCH
2019-12,PDCO
2019-12,PEB
2019-12,PEN
2019-12,PENN
2019-12,PII
2019-12,PK
2019-12,PLT
2019-12,PNFP
2019-12,PNM
2019-12,POL
2019-12,POOL
2019-12,POST
2019-12,PPC
2019-12,PRAH
2019-12,PRI
2019-12,PSB
2019-12,PTC
2019-12,PTEN
2019-12,PZZA
2019-12,R
2019-12,RAMP
2019-12,RBC
2019-12,RGA
2019-12,RGEN
2019-12,RGLD
2019-12,RIG
2019-12,RNR
2019-12,ROL
2019-12,RPM
2019-12,RS
2019-12,RYN
2019-12,SABR
2019-12,SAFM
2019-12,SAIC
2019-12,SAM
2019-12,SBH
2019-12,SBNY
2019-12,SBRA
2019-12,SCI
2019-12,SEDG
2019-12,SEIC
2019-12,SF
2019-12,SFM
2019-12,SGMS
2019-12,SIGI
2019-12,SIX
2019-12,SKT
2019-12,SKX
2019-12,SLAB
2019-12,SLGN
2019-12,SLM
2019-12,SMG
2019-12,SMTC
2019-12,SNH
2019-12,SNV
2019-12,SNX
2019-12,SON
2019-12,SRC
2019-12,SRCL
2019-12,STE
2019-12,STL
2019-12,STLD
2019-12,SWN
2019-12,SWX
2019-12,SXT
2019-12,SYNA
2019-12,SYNH
2019-12,TCBI
2019-12,TCO
2019-12,TDC
2019-12,TDS
2019-12,TDY
2019-12,TECD
2019-12,TECH
2019-12,TER
2019-12,TEX
2019-12,TGNA
2019-12,THC
2019-12,THG
2019-12,THO
2019-12,THS
2019-12,TKR
2019-12,TOL
2019-12,TPH
2019-12,TPX
2019-12,TR
2019-12,TREE
2019-12,TREX
2019-12,TRMB
2019-12,TRMK
2019-12,TRN
2019-12,TTC
2019-12,TTEK
2019-12,TXRH
2019-12,TYL
2019-12,UBSI
2019-12,UE
2019-12,UFS
2019-12,UGI
2019-12,UMBF
2019-12,UMPQ
2019-12,UNFI
2019-12,UNIT
2019-12,URBN
2019-12,UTHR
2019-12,VAC
2019-12,VC
2019-12,VLY
2019-12,VMI
2019-12,VSAT
2019-12,VSH
2019-12,VVV
2019-12,WAFD
2019-12,WBS
2019-12,WEN
2019-12,WERN
2019-12,WEX
2019-12,WOR
2019-12,WPX
2019-12,WRB
2019-12,WRI
2019-12,WSM
2019-12,WSO
2019-12,WST
2019-12,WTFC
2019-12,WTR
2019-12,WW
2019-12,WWD
2019-12,WWE
2019-12,WYND
2019-12,X
2019-12,XPO
2019-12,Y
2019-12,YELP
2019-12,ZBRA
2020-01,AAN
2020-01,AAXN
2020-01,ACC
2020-01,ACHC
2020-01,ACIW
2020-01,ACM
2020-01,ADNT
2020-01,AEO
2020-01,AFG
2020-01,AGCO
2020-01,ALE
2020-01,ALEX
2020-01,AM
2020-01,AMCX
2020-01,AMED
2020-01,AN
2020-01,APY
2020-01,ARW
2020-01,ASB
2020-01,ASGN
2020-01,ASH
2020-01,ATGE
2020-01,ATI
2020-01,ATO
2020-01,ATR
2020-01,AVNS
2020-01,AVT
2020-01,AYI
2020-01,BBBY
2020-01,BC
2020-01,BCO
2020-01,BDC
2020-01,BHF
2020-01,BIO
2020-01,BKH
2020-01,BLKB
2020-01,BOH
2020-01,BRO
2020-01,BRX
2020-01,BXS
2020-01,BYD
2020-01,CABO
2020-01,CACI
2020-01,CAKE
2020-01,CAR
2020-01,CASY
2020-01,CATY
2020-01,CBRL
2020-01,CBSH
2020-01,CBT
2020-01,CC
2020-01,CDK
2020-01,CFR
2020-01,CFX
2020-01,CGNX
2020-01,CHDN
2020-01,CHE
2020-01,CHK
2020-01,CIEN
2020-01,CLB
2020-01,CLGX
2020-01,CLH
2020-01,CLI
2020-01,CMC
2020-01,CMD
2020-01,CMP
2020-01,CNK
2020-01,CNO
2020-01,CNX
2020-01,COHR
2020-01,CONE
2020-01,COR
2020-01,CPT
2020-01,CR
2020-01,CREE
2020-01,CRI
2020-01,CRL
2020-01,CRS
2020-01,CRUS
2020-01,CSL
2020-01,CTLT
2020-01,CUZ
2020-01,CVET
2020-01,CVLT
2020-01,CW
2020-01,CXW
2020-01,CY
2020-01,CZR
2020-01,DAN
2020-01,DCI
2020-01,DDS
2020-01,DECK
2020-01,DEI
2020-01,DKS
2020-01,DLPH
2020-01,DLX
2020-01,DNKN
2020-01,DNOW
2020-01,DPZ
2020-01,DY
2020-01,EAT
2020-01,EGP
2020-01,EHC
2020-01,EME
2020-01,ENR
2020-01,ENS
2020-01,EPC
2020-01,EPR
2020-01,EQT
2020-01,ERI
2020-01,ETRN
2020-01,ETSY
2020-01,EV
2020-01,EVR
2020-01,EWBC
2020-01,EXEL
2020-01,EXP
2020-01,FAF
2020-01,FCFS
2020-01,FDS
2020-01,FFIN
2020-01,FHN
2020-01,FICO
2020-01,FII
2020-01,FIVE
2020-01,FL
2020-01,FLO
2020-01,FLR
2020-01,FNB
2020-01,FR
2020-01,FSLR
2020-01,FULT
2020-01,GATX
2020-01,GDOT
2020-01,GEF
2020-01,GEO
2020-01,GGG
2020-01,GHC
2020-01,GME
2020-01,GMED
2020-01,GNTX
2020-01,GNW
2020-01,GRUB
2020-01,GT
2020-01,GVA
2020-01,GWR
2020-01,HAE
2020-01,HAIN
2020-01,HCSG
2020-01,HE
2020-01,HELE
2020-01,HIW
2020-01,HNI
2020-01,HOMB
2020-01,HPT
2020-01,HQY
2020-01,HR
2020-01,HRC
2020-01,HUBB
2020-01,HWC
2020-01,IART
2020-01,IBKR
2020-01,IBOC
2020-01,ICUI
2020-01,IDA
2020-01,IDCC
2020-01,IIVI
2020-01,INGR
2020-01,INT
2020-01,ITT
2020-01,JACK
2020-01,JBGS
2020-01,JBL
2020-01,JBLU
2020-01,JCOM
2020-01,JEF
2020-01,JHG
2020-01,JLL
2020-01,JW.A
2020-01,KAR
2020-01,KBH
2020-01,KBR
2020-01,KEX
2020-01,KMPR
2020-01,KMT
2020-01,KNX
2020-01,KRC
2020-01,LAMR
2020-01,LANC
2020-01,LECO
2020-01,LFUS
2020-01,LGND
2020-01,LII
2020-01,LITE
2020-01,LIVN
2020-01,LM
2020-01,LOGM
2020-01,LPT
2020-01,LPX
2020-01,LSI
2020-01,LSTR
2020-01,LYV
2020-01,MAN
2020-01,MANH
2020-01,MASI
2020-01,MAT
2020-01,MCY
2020-01,MD
2020-01,MDP
2020-01,MDRX
2020-01,MDSO
2020-01,MDU
2020-01,MKSI
2020-01,MLHR
2020-01,MMS
2020-01,MOH
2020-01,MPW
2020-01,MPWR
2020-01,MRCY
2020-01,MSA
2020-01,MSM
2020-01,MTDR
2020-01,MTX
2020-01,MTZ
2020-01,MUR
2020-01,MUSA
2020-01,NATI
2020-01,NAVI
2020-01,NCR
2020-01,NDSN
2020-01,NEU
2020-01,NFG
2020-01,NGVT
2020-01,NJR
2020-01,NKTR
2020-01,NNN
2020-01,NSP
2020-01,NTCT
2020-01,NUS
2020-01,NUVA
2020-01,NVT
2020-01,NWE
2020-01,NYCB
2020-01,NYT
2020-01,OAS
2020-01,OC
2020-01,ODFL
2020-01,ODP
2020-01,OFC
2020-01,OGE
2020-01,OGS
2020-01,OHI
2020-01,OI
2020-01,OII
2020-01,OLED
2020-01,OLLI
2020-01,OLN
2020-01,ORI
2020-01,OSK
2020-01,OZK
2020-01,PACW
2020-01,PB
2020-01,PBF
2020-01,PBH
2020-01,PCH
2020-01,PDCO
2020-01,PEB
2020-01,PEN
2020-01,PENN
2020-01,PII
2020-01,PK
2020-01,PLT
2020-01,PNFP
2020-01,PNM
2020-01,POL
2020-01,POOL
2020-01,POST
2020-01,PPC
2020-01,PRAH
2020-01,PRI
2020-01,PSB
2020-01,PTC
2020-01,PTEN
2020-01,PZZA
2020-01,R
2020-01,RAMP
2020-01,RBC
2020-01,RGA
2020-01,RGEN
2020-01,RGLD
2020-01,RIG
2020-01,RNR
2020-01,ROL
2020-01,RPM
2020-01,RS
2020-01,RYN
2020-01,SABR
2020-01,SAFM
2020-01,SAIC
2020-01,SAM
2020-01,SBH
2020-01,SBNY
2020-01,SBRA
2020-01,SCI
2020-01,SEDG
2020-01,SEIC
2020-01,SF
2020-01,SFM
2020-01,SGMS
2020-01,SIGI
2020-01,SIX
2020-01,SKT
2020-01,SKX
2020-01,SLAB
2020-01,SLGN
2020-01,SLM
2020-01,SMG
2020-01,SMTC
2020-01,SNH
2020-01,SNV
2020-01,SNX
2020-01,SON
2020-01,SRC
2020-01,SRCL
2020-01,STE
2020-01,STL
2020-01,STLD
2020-01,SWN
2020-01,SWX
2020-01,SXT
2020-01,SYNA
2020-01,SYNH
2020-01,TCBI
2020-01,TCO
2020-01,TDC
2020-01,TDS
2020-01,TDY
2020-01,TECD
2020-01,TECH
2020-01,TER
2020-01,TEX
2020-01,TGNA
2020-01,THC
2020-01,THG
2020-01,THO
2020-01,THS
2020-01,TKR
2020-01,TOL
2020-01,TPH
2020-01,TPX
2020-01,TR
2020-01,TREE
2020-01,TREX
2020-01,TRMB
2020-01,TRMK
2020-01,TRN
2020-01,TTC
2020-01,TTEK
2020-01,TXRH
2020-01,TYL
2020-01,UBSI
2020-01,UE
2020-01,UFS
2020-01,UGI
2020-01,UMBF
2020-01,UMPQ
2020-01,UNFI
2020-01,UNIT
2020-01,URBN
2020-01,UTHR
2020-01,VAC
2020-01,VC
2020-01,VLY
2020-01,VMI
2020-01,VSAT
2020-01,VSH
2020-01,VVV
2020-01,WAFD
2020-01,WBS
2020-01,WEN
2020-01,WERN
2020-01,WEX
2020-01,WOR
2020-01,WPX
2020-01,WRB
2020-01,WRI
2020-01,WSM
2020-01,WSO
2020-01,WST
2020-01,WTFC
2020-01,WTR
2020-01,WW
2020-01,WWD
2020-01,WWE
2020-01,WYND
2020-01,X
2020-01,XPO
2020-01,Y
2020-01,YELP
2020-01,ZBRA
2020-02,AAN
2020-02,AAXN
2020-02,ACC
2020-02,ACHC
2020-02,ACIW
2020-02,ACM
2020-02,ADNT
2020-02,AEO
2020-02,AFG
2020-02,AGCO
2020-02,ALE
2020-02,ALEX
2020-02,AM
2020-02,AMCX
2020-02,AMED
2020-02,AN
2020-02,APY
2020-02,ARW
2020-02,ASB
2020-02,ASGN
2020-02,ASH
2020-02,ATGE
2020-02,ATI
2020-02,ATO
2020-02,ATR
2020-02,AVNS
2020-02,AVT
2020-02,AYI
2020-02,BBBY
2020-02,BC
2020-02,BCO
2020-02,BDC
2020-02,BHF
2020-02,BIO
2020-02,BKH
2020-02,BLKB
2020-02,BOH
2020-02,BRO
2020-02,BRX
2020-02,BXS
2020-02,BYD
2020-02,CABO
2020-02,CACI
2020-02,CAKE
2020-02,CAR
2020-02,CASY
2020-02,CATY
2020-02,CBRL
2020-02,CBSH
2020-02,CBT
2020-02,CC
2020-02,CDK
2020-02,CFR
2020-02,CFX
2020-02,CGNX
2020-02,CHDN
2020-02,CHE
2020-02,CHK
2020-02,CIEN
2020-02,CLB
2020-02,CLGX
2020-02,CLH
2020-02,CLI
2020-02,CMC
2020-02,CMD
2020-02,CMP
2020-02,CNK
2020-02,CNO
2020-02,CNX
2020-02,COHR
2020-02,CONE
2020-02,COR
2020-02,CPT
2020-02,CR
2020-02,CREE
2020-02,CRI
2020-02,CRL
2020-02,CRS
2020-02,CRUS
2020-02,CSL
2020-02,CTLT
2020-02,CUZ
2020-02,CVET
2020-02,CVLT
2020-02,CW
2020-02,CXW
2020-02,CY
2020-02,CZR
2020-02,DAN
2020-02,DCI
2020-02,DDS
2020-02,DECK
2020-02,DEI
2020-02,DKS
2020-02,DLPH
2020-02,DLX
2020-02,DNKN
2020-02,DNOW
2020-02,DPZ
2020-02,DY
2020-02,EAT
2020-02,EGP
2020-02,EHC
2020-02,EME
2020-02,ENR
2020-02,ENS
2020-02,EPC
2020-02,EPR
2020-02,EQT
2020-02,ERI
2020-02,ETRN
2020-02,ETSY
2020-02,EV
2020-02,EVR
2020-02,EWBC
2020-02,EXEL
2020-02,EXP
2020-02,FAF
2020-02,FCFS
2020-02,FDS
2020-02,FFIN
2020-02,FHN
2020-02,FICO
2020-02,FII
2020-02,FIVE
2020-02,FL
2020-02,FLO
2020-02,FLR
2020-02,FNB
2020-02,FR
2020-02,FSLR
2020-02,FULT
2020-02,GATX
2020-02,GDOT
2020-02,GEF
2020-02,GEO
2020-02,GGG
2020-02,GHC
2020-02,GME
2020-02,GMED
2020-02,GNTX
2020-02,GNW
2020-02,GRUB
2020-02,GT
2020-02,GVA
2020-02,GWR
2020-02,HAE
2020-02,HAIN
2020-02,HCSG
2020-02,HE
2020-02,HELE
2020-02,HIW
2020-02,HNI
2020-02,HOMB
2020-02,HPT
2020-02,HQY
2020-02,HR
2020-02,HRC
2020-02,HUBB
2020-02,HWC
2020-02,IART
2020-02,IBKR
2020-02,IBOC
2020-02,ICUI
2020-02,IDA
2020-02,IDCC
2020-02,IIVI
2020-02,INGR
2020-02,INT
2020-02,ITT
2020-02,JACK
2020-02,JBGS
2020-02,JBL
2020-02,JBLU
2020-02,JCOM
2020-02,JEF
2020-02,JHG
2020-02,JLL
2020-02,JW.A
2020-02,KAR
2020-02,KBH
2020-02,KBR
2020-02,KEX
2020-02,KMPR
2020-02,KMT
2020-02,KNX
2020-02,KRC
2020-02,LAMR
2020-02,LANC
2020-02,LECO
2020-02,LFUS
2020-02,LGND
2020-02,LII
2020-02,LITE
2020-02,LIVN
2020-02,LM
2020-02,LOGM
2020-02,LPT
2020-02,LPX
2020-02,LSI
2020-02,LSTR
2020-02,LYV
2020-02,MAN
2020-02,MANH
2020-02,MASI
2020-02,MAT
2020-02,MCY
2020-02,MD
2020-02,MDP
2020-02,MDRX
2020-02,MDSO
2020-02,MDU
2020-02,MKSI
2020-02,MLHR
2020-02,MMS
2020-02,MOH
2020-02,MPW
2020-02,MPWR
2020-02,MRCY
2020-02,MSA
2020-02,MSM
2020-02,MTDR
2020-02,MTX
2020-02,MTZ
2020-02,MUR
2020-02,MUSA
2020-02,NATI
2020-02,NAVI
2020-02,NCR
2020-02,NDSN
2020-02,NEU
2020-02,NFG
2020-02,NGVT
2020-02,NJR
2020-02,NKTR
2020-02,NNN
2020-02,NSP
2020-02,NTCT
2020-02,NUS
2020-02,NUVA
2020-02,NVT
2020-02,NWE
2020-02,NYCB
2020-02,NYT
2020-02,OAS
2020-02,OC
2020-02,ODFL
2020-02,ODP
2020-02,OFC
2020-02,OGE
2020-02,OGS
2020-02,OHI
2020-02,OI
2020-02,OII
2020-02,OLED
2020-02,OLLI
2020-02,OLN
2020-02,ORI
2020-02,OSK
2020-02,OZK
2020-02,PACW
2020-02,PB
2020-02,PBF
2020-02,PBH
2020-02,PCH
2020-02,PDCO
2020-02,PEB
2020-02,PEN
2020-02,PENN
2020-02,PII
2020-02,PK
2020-02,PLT
2020-02,PNFP
2020-02,PNM
2020-02,POL
2020-02,POOL
2020-02,POST
2020-02,PPC
2020-02,PRAH
2020-02,PRI
2020-02,PSB
2020-02,PTC
2020-02,PTEN
2020-02,PZZA
2020-02,R
2020-02,RAMP
2020-02,RBC
2020-02,RGA
2020-02,RGEN
2020-02,RGLD
2020-02,RIG
2020-02,RNR
2020-02,ROL
2020-02,RPM
2020-02,RS
2020-02,RYN
2020-02,SABR
2020-02,SAFM
2020-02,SAIC
2020-02,SAM
2020-02,SBH
2020-02,SBNY
2020-02,SBRA
2020-02,SCI
2020-02,SEDG
2020-02,SEIC
2020-02,SF
2020-02,SFM
2020-02,SGMS
2020-02,SIGI
2020-02,SIX
2020-02,SKT
2020-02,SKX
2020-02,SLAB
2020-02,SLGN
2020-02,SLM
2020-02,SMG
2020-02,SMTC
2020-02,SNH
2020-02,SNV
2020-02,SNX
2020-02,SON
2020-02,SRC
2020-02,SRCL
2020-02,STE
2020-02,STL
2020-02,STLD
2020-02,SWN
2020-02,SWX
2020-02,SXT
2020-02,SYNA
2020-02,SYNH
2020-02,TCBI
2020-02,TCO
2020-02,TDC
2020-02,TDS
2020-02,TDY
2020-02,TECD
2020-02,TECH
2020-02,TER
2020-02,TEX
2020-02,TGNA
2020-02,THC
2020-02,THG
2020-02,THO
2020-02,THS
2020-02,TKR
2020-02,TOL
2020-02,TPH
2020-02,TPX
2020-02,TR
2020-02,TREE
2020-02,TREX
2020-02,TRMB
2020-02,TRMK
2020-02,TRN
2020-02,TTC
2020-02,TTEK
2020-02,TXRH
2020-02,TYL
2020-02,UBSI
2020-02,UE
2020-02,UFS
2020-02,UGI
2020-02,UMBF
2020-02,UMPQ
2020-02,UNFI
2020-02,UNIT
2020-02,URBN
2020-02,UTHR
2020-02,VAC
2020-02,VC
2020-02,VLY
2020-02,VMI
2020-02,VSAT
2020-02,VSH
2020-02,VVV
2020-02,WAFD
2020-02,WBS
2020-02,WEN
2020-02,WERN
2020-02,WEX
2020-02,WOR
2020-02,WPX
2020-02,WRB
2020-02,WRI
2020-02,WSM
2020-02,WSO
2020-02,WST
2020-02,WTFC
2020-02,WTR
2020-02,WW
2020-02,WWD
2020-02,WWE
2020-02,WYND
2020-02,X
2020-02,XPO
2020-02,Y
2020-02,YELP
2020-02,ZBRA
2020-03,AAN
2020-03,AAXN
2020-03,ACC
2020-03,ACHC
2020-03,ACIW
2020-03,ACM
2020-03,ADNT
2020-03,AEO
2020-03,AFG
2020-03,AGCO
2020-03,ALE
2020-03,ALEX
2020-03,AM
2020-03,AMCX
2020-03,AMED
2020-03,AN
2020-03,APY
2020-03,ARW
2020-03,ASB
2020-03,ASGN
2020-03,ASH
2020-03,ATGE
2020-03,ATI
2020-03,ATO
2020-03,ATR
2020-03,AVNS
2020-03,AVT
2020-03,AYI
2020-03,BBBY
2020-03,BC
2020-03,BCO
2020-03,BDC
2020-03,BHF
2020-03,BIO
2020-03,BKH
2020-03,BLKB
2020-03,BOH
2020-03,BRO
2020-03,BRX
2020-03,BXS
2020-03,BYD
2020-03,CABO
2020-03,CACI
2020-03,CAKE
2020-03,CAR
2020-03,CASY
2020-03,CATY
2020-03,CBRL
2020-03,CBSH
2020-03,CBT
2020-03,CC
2020-03,CDK
2020-03,CFR
2020-03,CFX
2020-03,CGNX
2020-03,CHDN
2020-03,CHE
2020-03,CHK
2020-03,CIEN
2020-03,CLB
2020-03,CLGX
2020-03,CLH
2020-03,CLI
2020-03,CMC
2020-03,CMD
2020-03,CMP
2020-03,CNK
2020-03,CNO
2020-03,CNX
2020-03,COHR
2020-03,CONE
2020-03,COR
2020-03,CPT
2020-03,CR
2020-03,CREE
2020-03,CRI
2020-03,CRL
2020-03,CRS
2020-03,CRUS
2020-03,CSL
2020-03,CTLT
2020-03,CUZ
2020-03,CVET
2020-03,CVLT
2020-03,CW
2020-03,CXW
2020-03,CY
2020-03,CZR
2020-03,DAN
2020-03,DCI
2020-03,DDS
2020-03,DECK
2020-03,DEI
2020-03,DKS
2020-03,DLPH
2020-03,DLX
2020-03,DNKN
2020-03,DNOW
2020-03,DPZ
2020-03,DY
2020-03,EAT
2020-03,EGP
2020-03,EHC
2020-03,EME
2020-03,ENR
2020-03,ENS
2020-03,EPC
2020-03,EPR
2020-03,EQT
2020-03,ERI
2020-03,ETRN
2020-03,ETSY
2020-03,EV
2020-03,EVR
2020-03,EWBC
2020-03,EXEL
2020-03,EXP
2020-03,FAF
2020-03,FCFS
2020-03,FDS
2020-03,FFIN
2020-03,FHN
2020-03,FICO
2020-03,FII
2020-03,FIVE
2020-03,FL
2020-03,FLO
2020-03,FLR
2020-03,FNB
2020-03,FR
2020-03,FSLR
2020-03,FULT
2020-03,GATX
2020-03,GDOT
2020-03,GEF
2020-03,GEO
2020-03,GGG
2020-03,GHC
2020-03,GME
2020-03,GMED
2020-03,GNTX
2020-03,GNW
2020-03,GRUB
2020-03,GT
2020-03,GVA
2020-03,GWR
2020-03,HAE
2020-03,HAIN
2020-03,HCSG
2020-03,HE
2020-03,HELE
2020-03,HIW
2020-03,HNI
2020-03,HOMB
2020-03,HQY
2020-03,HR
2020-03,HRC
2020-03,HUBB
2020-03,HWC
2020-03,IART
2020-03,IBKR
2020-03,IBOC
2020-03,ICUI
2020-03,IDA
2020-03,IDCC
2020-03,IIVI
2020-03,INGR
2020-03,INT
2020-03,ITT
2020-03,JACK
2020-03,JBGS
2020-03,JBL
2020-03,JBLU
2020-03,JCOM
2020-03,JEF
2020-03,JHG
2020-03,JLL
2020-03,JW.A
2020-03,KAR
2020-03,KBH
2020-03,KBR
2020-03,KEX
2020-03,KMPR
2020-03,KMT
2020-03,KNX
2020-03,KRC
2020-03,LAMR
2020-03,LANC
2020-03,LECO
2020-03,LFUS
2020-03,LGND
2020-03,LII
2020-03,LITE
2020-03,LIVN
2020-03,LM
2020-03,LOGM
2020-03,LPT
2020-03,LPX
2020-03,LSI
2020-03,LSTR
2020-03,LYV
2020-03,MAN
2020-03,MANH
2020-03,MASI
2020-03,MAT
2020-03,MCY
2020-03,MD
2020-03,MDP
2020-03,MDRX
2020-03,MDSO
2020-03,MDU
2020-03,MKSI
2020-03,MLHR
2020-03,MMS
2020-03,MOH
2020-03,MPW
2020-03,MPWR
2020-03,MRCY
2020-03,MSA
2020-03,MSM
2020-03,MTDR
2020-03,MTX
2020-03,MTZ
2020-03,MUR
2020-03,MUSA
2020-03,NATI
2020-03,NAVI
2020-03,NCR
2020-03,NDSN
2020-03,NEU
2020-03,NFG
2020-03,NGVT
2020-03,NJR
2020-03,NKTR
2020-03,NNN
2020-03,NSP
2020-03,NTCT
2020-03,NUS
2020-03,NUVA
2020-03,NVT
2020-03,NWE
2020-03,NYCB
2020-03,NYT
2020-03,OAS
2020-03,OC
2020-03,ODFL
2020-03,ODP
2020-03,OFC
2020-03,OGE
2020-03,OGS
2020-03,OHI
2020-03,OI
2020-03,OII
2020-03,OLED
2020-03,OLLI
2020-03,OLN
2020-03,ORI
2020-03,OSK
2020-03,OZK
2020-03,PACW
2020-03,PB
2020-03,PBF
2020-03,PBH
2020-03,PCH
2020-03,PDCO
2020-03,PEB
2020-03,PEN
2020-03,PENN
2020-03,PII
2020-03,PK
2020-03,PLT
2020-03,PNFP
2020-03,PNM
2020-03,POL
2020-03,POOL
2020-03,POST
2020-03,PPC
2020-03,PRAH
2020-03,PRI
2020-03,PSB
2020-03,PTC
2020-03,PTEN
2020-03,PZZA
2020-03,R
2020-03,RAMP
2020-03,RBC
2020-03,RGA
2020-03,RGEN
2020-03,RGLD
2020-03,RIG
2020-03,RNR
2020-03,ROL
2020-03,RPM
2020-03,RS
2020-03,RYN
2020-03,SABR
2020-03,SAFM
2020-03,SAIC
2020-03,SAM
2020-03,SBH
2020-03,SBNY
2020-03,SBRA
2020-03,SCI
2020-03,SEDG
2020-03,SEIC
2020-03,SF
2020-03,SFM
2020-03,SGMS
2020-03,SIGI
2020-03,SIX
2020-03,SKT
2020-03,SKX
2020-03,SLAB
2020-03,SLGN
2020-03,SLM
2020-03,SMG
2020-03,SMTC
2020-03,SNH
2020-03,SNV
2020-03,SNX
2020-03,SON
2020-03,SRC
2020-03,SRCL
2020-03,STE
2020-03,STL
2020-03,STLD
2020-03,SVC
2020-03,SWN
2020-03,SWX
2020-03,SXT
2020-03,SYNA
2020-03,SYNH
2020-03,TCBI
2020-03,TCO
2020-03,TDC
2020-03,TDS
2020-03,TDY
2020-03,TECD
2020-03,TECH
2020-03,TER
2020-03,TEX
2020-03,TGNA
2020-03,THC
2020-03,THG
2020-03,THO
2020-03,THS
2020-03,TKR
2020-03,TOL
2020-03,TPH
2020-03,TPX
2020-03,TR
2020-03,TREE
2020-03,TREX
2020-03,TRMB
2020-03,TRMK
2020-03,TRN
2020-03,TTC
2020-03,TTEK
2020-03,TXRH
2020-03,TYL
2020-03,UBSI
2020-03,UE
2020-03,UFS
2020-03,UGI
2020-03,UMBF
2020-03,UMPQ
2020-03,UNFI
2020-03,UNIT
2020-03,URBN
2020-03,UTHR
2020-03,VAC
2020-03,VC
2020-03,VLY
2020-03,VMI
2020-03,VSAT
2020-03,VSH
2020-03,VVV
2020-03,WAFD
2020-03,WBS
2020-03,WEN
2020-03,WERN
2020-03,WEX
2020-03,WOR
2020-03,WPX
2020-03,WRB
2020-03,WRI
2020-03,WSM
2020-03,WSO
2020-03,WST
2020-03,WTFC
2020-03,WTRG
2020-03,WW
2020-03,WWD
2020-03,WWE
2020-03,WYND
2020-03,X
2020-03,XPO
2020-03,Y
2020-03,YELP
2020-03,ZBRA
2020-04,AAN
2020-04,AAXN
2020-04,ACC
2020-04,ACHC
2020-04,ACIW
2020-04,ACM
2020-04,ADNT
2020-04,AEO
2020-04,AFG
2020-04,AGCO
2020-04,ALE
2020-04,ALEX
2020-04,AM
2020-04,AMCX
2020-04,AMED
2020-04,AN
2020-04,APY
2020-04,ARW
2020-04,ASB
2020-04,ASGN
2020-04,ASH
2020-04,ATGE
2020-04,ATI
2020-04,ATO
2020-04,ATR
2020-04,AVNS
2020-04,AVT
2020-04,AYI
2020-04,BBBY
2020-04,BC
2020-04,BCO
2020-04,BDC
2020-04,BHF
2020-04,BIO
2020-04,BKH
2020-04,BLKB
2020-04,BOH
2020-04,BRO
2020-04,BRX
2020-04,BXS
2020-04,BYD
2020-04,CABO
2020-04,CACI
2020-04,CAKE
2020-04,CAR
2020-04,CASY
2020-04,CATY
2020-04,CBRL
2020-04,CBSH
2020-04,CBT
2020-04,CC
2020-04,CDK
2020-04,CFR
2020-04,CFX
2020-04,CGNX
2020-04,CHDN
2020-04,CHE
2020-04,CHK
2020-04,CIEN
2020-04,CLB
2020-04,CLGX
2020-04,CLH
2020-04,CLI
2020-04,CMC
2020-04,CMD
2020-04,CMP
2020-04,CNK
2020-04,CNO
2020-04,CNX
2020-04,COHR
2020-04,CONE
2020-04,COR
2020-04,CPT
2020-04,CR
2020-04,CREE
2020-04,CRI
2020-04,CRL
2020-04,CRS
2020-04,CRUS
2020-04,CSL
2020-04,CTLT
2020-04,CUZ
2020-04,CVET
2020-04,CVLT
2020-04,CW
2020-04,CXW
2020-04,CY
2020-04,CZR
2020-04,DAN
2020-04,DCI
2020-04,DDS
2020-04,DECK
2020-04,DEI
2020-04,DKS
2020-04,DLPH
2020-04,DLX
2020-04,DNKN
2020-04,DNOW
2020-04,DPZ
2020-04,DY
2020-04,EAT
2020-04,EGP
2020-04,EHC
2020-04,EME
2020-04,ENR
2020-04,ENS
2020-04,EPC
2020-04,EPR
2020-04,EQT
2020-04,ERI
2020-04,ETRN
2020-04,ETSY
2020-04,EV
2020-04,EVR
2020-04,EWBC
2020-04,EXEL
2020-04,EXP
2020-04,FAF
2020-04,FCFS
2020-04,FDS
2020-04,FFIN
2020-04,FHN
2020-04,FICO
2020-04,FII
2020-04,FIVE
2020-04,FL
2020-04,FLO
2020-04,FLR
2020-04,FNB
2020-04,FR
2020-04,FSLR
2020-04,FULT
2020-04,GATX
2020-04,GDOT
2020-04,GEF
2020-04,GEO
2020-04,GGG
2020-04,GHC
2020-04,GME
2020-04,GMED
2020-04,GNTX
2020-04,GNW
2020-04,GRUB
2020-04,GT
2020-04,GVA
2020-04,GWR
2020-04,HAE
2020-04,HAIN
2020-04,HCSG
2020-04,HE
2020-04,HELE
2020-04,HIW
2020-04,HNI
2020-04,HOMB
2020-04,HQY
2020-04,HR
2020-04,HRC
2020-04,HUBB
2020-04,HWC
2020-04,IART
2020-04,IBKR
2020-04,IBOC
2020-04,ICUI
2020-04,IDA
2020-04,IDCC
2020-04,IIVI
2020-04,INGR
2020-04,INT
2020-04,ITT
2020-04,JACK
2020-04,JBGS
2020-04,JBL
2020-04,JBLU
2020-04,JCOM
2020-04,JEF
2020-04,JHG
2020-04,JLL
2020-04,JW.A
2020-04,KAR
2020-04,KBH
2020-04,KBR
2020-04,KEX
2020-04,KMPR
2020-04,KMT
2020-04,KNX
2020-04,KRC
2020-04,LAMR
2020-04,LANC
2020-04,LECO
2020-04,LFUS
2020-04,LGND
2020-04,LII
2020-04,LITE
2020-04,LIVN
2020-04,LM
2020-04,LOGM
2020-04,LPT
2020-04,LPX
2020-04,LSI
2020-04,LSTR
2020-04,LYV
2020-04,MAN
2020-04,MANH
2020-04,MASI
2020-04,MAT
2020-04,MCY
2020-04,MD
2020-04,MDP
2020-04,MDRX
2020-04,MDSO
2020-04,MDU
2020-04,MKSI
2020-04,MLHR
2020-04,MMS
2020-04,MOH
2020-04,MPW
2020-04,MPWR
2020-04,MRCY
2020-04,MSA
2020-04,MSM
2020-04,MTDR
2020-04,MTX
2020-04,MTZ
2020-04,MUR
2020-04,MUSA
2020-04,NATI
2020-04,NAVI
2020-04,NCR
2020-04,NDSN
2020-04,NEU
2020-04,NFG
2020-04,NGVT
2020-04,NJR
2020-04,NKTR
2020-04,NNN
2020-04,NSP
2020-04,NTCT
2020-04,NUS
2020-04,NUVA
2020-04,NVT
2020-04,NWE
2020-04,NYCB
2020-04,NYT
2020-04,OAS
2020-04,OC
2020-04,ODFL
2020-04,ODP
2020-04,OFC
2020-04,OGE
2020-04,OGS
2020-04,OHI
2020-04,OI
2020-04,OII
2020-04,OLED
2020-04,OLLI
2020-04,OLN
2020-04,ORI
2020-04,OSK
2020-04,OZK
2020-04,PACW
2020-04,PB
2020-04,PBF
2020-04,PBH
2020-04,PCH
2020-04,PDCO
2020-04,PEB
2020-04,PEN
2020-04,PENN
2020-04,PII
2020-04,PK
2020-04,PLT
2020-04,PNFP
2020-04,PNM
2020-04,POL
2020-04,POOL
2020-04,POST
2020-04,PPC
2020-04,PRAH
2020-04,PRI
2020-04,PSB
2020-04,PTC
2020-04,PTEN
2020-04,PZZA
2020-04,R
2020-04,RAMP
2020-04,RBC
2020-04,RGA
2020-04,RGEN
2020-04,RGLD
2020-04,RIG
2020-04,RNR
2020-04,ROL
2020-04,RPM
2020-04,RS
2020-04,RYN
2020-04,SABR
2020-04,SAFM
2020-04,SAIC
2020-04,SAM
2020-04,SBH
2020-04,SBNY
2020-04,SBRA
2020-04,SCI
2020-04,SEDG
2020-04,SEIC
2020-04,SF
2020-04,SFM
2020-04,SGMS
2020-04,SIGI
2020-04,SIX
2020-04,SKT
2020-04,SKX
2020-04,SLAB
2020-04,SLGN
2020-04,SLM
2020-04,SMG
2020-04,SMTC
2020-04,SNH
2020-04,SNV
2020-04,SNX
2020-04,SON
2020-04,SRC
2020-04,SRCL
2020-04,STE
2020-04,STL
2020-04,STLD
2020-04,SVC
2020-04,SWN
2020-04,SWX
2020-04,SXT
2020-04,SYNA
2020-04,SYNH
2020-04,TCBI
2020-04,TCO
2020-04,TDC
2020-04,TDS
2020-04,TDY
2020-04,TECD
2020-04,TECH
2020-04,TER
2020-04,TEX
2020-04,TGNA
2020-04,THC
2020-04,THG
2020-04,THO
2020-04,THS
2020-04,TKR
2020-04,TOL
2020-04,TPH
2020-04,TPX
2020-04,TR
2020-04,TREE
2020-04,TREX
2020-04,TRMB
2020-04,TRMK
2020-04,TRN
2020-04,TTC
2020-04,TTEK
2020-04,TXRH
2020-04,TYL
2020-04,UBSI
2020-04,UE
2020-04,UFS
2020-04,UGI
2020-04,UMBF
2020-04,UMPQ
2020-04,UNFI
2020-04,UNIT
2020-04,URBN
2020-04,UTHR
2020-04,VAC
2020-04,VC
2020-04,VLY
2020-04,VMI
2020-04,VSAT
2020-04,VSH
2020-04,VVV
2020-04,WAFD
2020-04,WBS
2020-04,WEN
2020-04,WERN
2020-04,WEX
2020-04,WOR
2020-04,WPX
2020-04,WRB
2020-04,WRI
2020-04,WSM
2020-04,WSO
2020-04,WST
2020-04,WTFC
2020-04,WTRG
2020-04,WW
2020-04,WWD
2020-04,WWE
2020-04,WYND
2020-04,X
2020-04,XPO
2020-04,Y
2020-04,YELP
2020-04,ZBRA
2020-05,AAN
2020-05,AAXN
2020-05,ACC
2020-05,ACHC
2020-05,ACIW
2020-05,ACM
2020-05,ADNT
2020-05,AEO
2020-05,AFG
2020-05,AGCO
2020-05,ALE
2020-05,ALEX
2020-05,AM
2020-05,AMCX
2020-05,AMED
2020-05,AN
2020-05,APY
2020-05,ARW
2020-05,ASB
2020-05,ASGN
2020-05,ASH
2020-05,ATGE
2020-05,ATI
2020-05,ATO
2020-05,ATR
2020-05,AVNS
2020-05,AVT
2020-05,AYI
2020-05,BBBY
2020-05,BC
2020-05,BCO
2020-05,BDC
2020-05,BHF
2020-05,BIO
2020-05,BKH
2020-05,BLKB
2020-05,BOH
2020-05,BRO
2020-05,BRX
2020-05,BXS
2020-05,BYD
2020-05,CABO
2020-05,CACI
2020-05,CAKE
2020-05,CAR
2020-05,CASY
2020-05,CATY
2020-05,CBRL
2020-05,CBSH
2020-05,CBT
2020-05,CC
2020-05,CDK
2020-05,CFR
2020-05,CFX
2020-05,CGNX
2020-05,CHDN
2020-05,CHE
2020-05,CHK
2020-05,CIEN
2020-05,CLB
2020-05,CLGX
2020-05,CLH
2020-05,CLI
2020-05,CMC
2020-05,CMD
2020-05,CMP
2020-05,CNK
2020-05,CNO
2020-05,CNX
2020-05,COHR
2020-05,CONE
2020-05,COR
2020-05,CPT
2020-05,CR
2020-05,CREE
2020-05,CRI
2020-05,CRL
2020-05,CRS
2020-05,CRUS
2020-05,CSL
2020-05,CTLT
2020-05,CUZ
2020-05,CVET
2020-05,CVLT
2020-05,CW
2020-05,CXW
2020-05,CY
2020-05,CZR
2020-05,DAN
2020-05,DCI
2020-05,DDS
2020-05,DECK
2020-05,DEI
2020-05,DKS
2020-05,DLPH
2020-05,DLX
2020-05,DNKN
2020-05,DNOW
2020-05,DPZ
2020-05,DY
2020-05,EAT
2020-05,EGP
2020-05,EHC
2020-05,EME
2020-05,ENR
2020-05,ENS
2020-05,EPC
2020-05,EPR
2020-05,EQT
2020-05,ERI
2020-05,ETRN
2020-05,ETSY
2020-05,EV
2020-05,EVR
2020-05,EWBC
2020-05,EXEL
2020-05,EXP
2020-05,FAF
2020-05,FCFS
2020-05,FDS
2020-05,FFIN
2020-05,FHN
2020-05,FICO
2020-05,FII
2020-05,FIVE
2020-05,FL
2020-05,FLO
2020-05,FLR
2020-05,FNB
2020-05,FR
2020-05,FSLR
2020-05,FULT
2020-05,GATX
2020-05,GDOT
2020-05,GEF
2020-05,GEO
2020-05,GGG
2020-05,GHC
2020-05,GME
2020-05,GMED
2020-05,GNTX
2020-05,GNW
2020-05,GRUB
2020-05,GT
2020-05,GVA
2020-05,GWR
2020-05,HAE
2020-05,HAIN
2020-05,HCSG
2020-05,HE
2020-05,HELE
2020-05,HIW
2020-05,HNI
2020-05,HOMB
2020-05,HQY
2020-05,HR
2020-05,HRC
2020-05,HUBB
2020-05,HWC
2020-05,IART
2020-05,IBKR
2020-05,IBOC
2020-05,ICUI
2020-05,IDA
2020-05,IDCC
2020-05,IIVI
2020-05,INGR
2020-05,INT
2020-05,ITT
2020-05,JACK
2020-05,JBGS
2020-05,JBL
2020-05,JBLU
2020-05,JCOM
2020-05,JEF
2020-05,JHG
2020-05,JLL
2020-05,JW.A
2020-05,KAR
2020-05,KBH
2020-05,KBR
2020-05,KEX
2020-05,KMPR
2020-05,KMT
2020-05,KNX
2020-05,KRC
2020-05,LAMR
2020-05,LANC
2020-05,LECO
2020-05,LFUS
2020-05,LGND
2020-05,LII
2020-05,LITE
2020-05,LIVN
2020-05,LM
2020-05,LOGM
2020-05,LPT
2020-05,LPX
2020-05,LSI
2020-05,LSTR
2020-05,LYV
2020-05,MAN
2020-05,MANH
2020-05,MASI
2020-05,MAT
2020-05,MCY
2020-05,MD
2020-05,MDP
2020-05,MDRX
2020-05,MDSO
2020-05,MDU
2020-05,MKSI
2020-05,MLHR
2020-05,MMS
2020-05,MOH
2020-05,MPW
2020-05,MPWR
2020-05,MRCY
2020-05,MSA
2020-05,MSM
2020-05,MTDR
2020-05,MTX
2020-05,MTZ
2020-05,MUR
2020-05,MUSA
2020-05,NATI
2020-05,NAVI
2020-05,NCR
2020-05,NDSN
2020-05,NEU
2020-05,NFG
2020-05,NGVT
2020-05,NJR
2020-05,NKTR
2020-05,NNN
2020-05,NSP
2020-05,NTCT
2020-05,NUS
2020-05,NUVA
2020-05,NVT
2020-05,NWE
2020-05,NYCB
2020-05,NYT
2020-05,OAS
2020-05,OC
2020-05,ODFL
2020-05,ODP
2020-05,OFC
2020-05,OGE
2020-05,OGS
2020-05,OHI
2020-05,OI
2020-05,OII
2020-05,OLED
2020-05,OLLI
2020-05,OLN
2020-05,ORI
2020-05,OSK
2020-05,OZK
2020-05,PACW
2020-05,PB
2020-05,PBF
2020-05,PBH
2020-05,PCH
2020-05,PDCO
2020-05,PEB
2020-05,PEN
2020-05,PENN
2020-05,PII
2020-05,PK
2020-05,PLT
2020-05,PNFP
2020-05,PNM
2020-05,POL
2020-05,POOL
2020-05,POST
2020-05,PPC
2020-05,PRAH
2020-05,PRI
2020-05,PSB
2020-05,PTC
2020-05,PTEN
2020-05,PZZA
2020-05,R
2020-05,RAMP
2020-05,RBC
2020-05,RGA
2020-05,RGEN
2020-05,RGLD
2020-05,RIG
2020-05,RNR
2020-05,ROL
2020-05,RPM
2020-05,RS
2020-05,RYN
2020-05,SABR
2020-05,SAFM
2020-05,SAIC
2020-05,SAM
2020-05,SBH
2020-05,SBNY
2020-05,SBRA
2020-05,SCI
2020-05,SEDG
2020-05,SEIC
2020-05,SF
2020-05,SFM
2020-05,SGMS
2020-05,SIGI
2020-05,SIX
2020-05,SKT
2020-05,SKX
2020-05,SLAB
2020-05,SLGN
2020-05,SLM
2020-05,SMG
2020-05,SMTC
2020-05,SNH
2020-05,SNV
2020-05,SNX
2020-05,SON
2020-05,SRC
2020-05,SRCL
2020-05,STE
2020-05,STL
2020-05,STLD
2020-05,SVC
2020-05,SWN
2020-05,SWX
2020-05,SXT
2020-05,SYNA
2020-05,SYNH
2020-05,TCBI
2020-05,TCO
2020-05,TDC
2020-05,TDS
2020-05,TDY
2020-05,TECD
2020-05,TECH
2020-05,TER
2020-05,TEX
2020-05,TGNA
2020-05,THC
2020-05,THG
2020-05,THO
2020-05,THS
2020-05,TKR
2020-05,TOL
2020-05,TPH
2020-05,TPX
2020-05,TR
2020-05,TREE
2020-05,TREX
2020-05,TRMB
2020-05,TRMK
2020-05,TRN
2020-05,TTC
2020-05,TTEK
2020-05,TXRH
2020-05,TYL
2020-05,UBSI
2020-05,UE
2020-05,UFS
2020-05,UGI
2020-05,UMBF
2020-05,UMPQ
2020-05,UNFI
2020-05,UNIT
2020-05,URBN
2020-05,UTHR
2020-05,VAC
2020-05,VC
2020-05,VLY
2020-05,VMI
2020-05,VSAT
2020-05,VSH
2020-05,VVV
2020-05,WAFD
2020-05,WBS
2020-05,WEN
2020-05,WERN
2020-05,WEX
2020-05,WOR
2020-05,WPX
2020-05,WRB
2020-05,WRI
2020-05,WSM
2020-05,WSO
2020-05,WST
2020-05,WTFC
2020-05,WTRG
2020-05,WW
2020-05,WWD
2020-05,WWE
2020-05,WYND
2020-05,X
2020-05,XPO
2020-05,Y
2020-05,YELP
2020-05,ZBRA
2020-06,AAN
2020-06,AAXN
2020-06,ACC
2020-06,ACHC
2020-06,ACIW
2020-06,ACM
2020-06,ADNT
2020-06,AEO
2020-06,AFG
2020-06,AGCO
2020-06,ALE
2020-06,ALEX
2020-06,AM
2020-06,AMCX
2020-06,AMED
2020-06,AN
2020-06,APY
2020-06,ARW
2020-06,ASB
2020-06,ASGN
2020-06,ASH
2020-06,ATGE
2020-06,ATI
2020-06,ATO
2020-06,ATR
2020-06,AVNS
2020-06,AVT
2020-06,AYI
2020-06,BBBY
2020-06,BC
2020-06,BCO
2020-06,BDC
2020-06,BHF
2020-06,BIO
2020-06,BKH
2020-06,BLKB
2020-06,BOH
2020-06,BRO
2020-06,BRX
2020-06,BXS
2020-06,BYD
2020-06,CABO
2020-06,CACI
2020-06,CAKE
2020-06,CAR
2020-06,CASY
2020-06,CATY
2020-06,CBRL
2020-06,CBSH
2020-06,CBT
2020-06,CC
2020-06,CDK
2020-06,CFR
2020-06,CFX
2020-06,CGNX
2020-06,CHDN
2020-06,CHE
2020-06,CHK
2020-06,CIEN
2020-06,CLB
2020-06,CLGX
2020-06,CLH
2020-06,CLI
2020-06,CMC
2020-06,CMD
2020-06,CMP
2020-06,CNK
2020-06,CNO
2020-06,CNX
2020-06,COHR
2020-06,CONE
2020-06,COR
2020-06,CPT
2020-06,CR
2020-06,CREE
2020-06,CRI
2020-06,CRL
2020-06,CRS
2020-06,CRUS
2020-06,CSL
2020-06,CTLT
2020-06,CUZ
2020-06,CVET
2020-06,CVLT
2020-06,CW
2020-06,CXW
2020-06,CY
2020-06,CZR
2020-06,DAN
2020-06,DCI
2020-06,DDS
2020-06,DECK
2020-06,DEI
2020-06,DKS
2020-06,DLPH
2020-06,DLX
2020-06,DNKN
2020-06,DNOW
2020-06,DPZ
2020-06,DY
2020-06,EAT
2020-06,EGP
2020-06,EHC
2020-06,EME
2020-06,ENR
2020-06,ENS
2020-06,EPC
2020-06,EPR
2020-06,EQT
2020-06,ERI
2020-06,ETRN
2020-06,ETSY
2020-06,EV
2020-06,EVR
2020-06,EWBC
2020-06,EXEL
2020-06,EXP
2020-06,FAF
2020-06,FCFS
2020-06,FDS
2020-06,FFIN
2020-06,FHN
2020-06,FICO
2020-06,FII
2020-06,FIVE
2020-06,FL
2020-06,FLO
2020-06,FLR
2020-06,FNB
2020-06,FR
2020-06,FSLR
2020-06,FULT
2020-06,GATX
2020-06,GDOT
2020-06,GEF
2020-06,GEO
2020-06,GGG
2020-06,GHC
2020-06,GME
2020-06,GMED
2020-06,GNTX
2020-06,GNW
2020-06,GRUB
2020-06,GT
2020-06,GVA
2020-06,GWR
2020-06,HAE
2020-06,HAIN
2020-06,HCSG
2020-06,HE
2020-06,HELE
2020-06,HIW
2020-06,HNI
2020-06,HOMB
2020-06,HQY
2020-06,HR
2020-06,HRC
2020-06,HUBB
2020-06,HWC
2020-06,IART
2020-06,IBKR
2020-06,IBOC
2020-06,ICUI
2020-06,IDA
2020-06,IDCC
2020-06,IIVI
2020-06,INGR
2020-06,INT
2020-06,ITT
2020-06,JACK
2020-06,JBGS
2020-06,JBL
2020-06,JBLU
2020-06,JCOM
2020-06,JEF
2020-06,JHG
2020-06,JLL
2020-06,JW.A
2020-06,KAR
2020-06,KBH
2020-06,KBR
2020-06,KEX
2020-06,KMPR
2020-06,KMT
2020-06,KNX
2020-06,KRC
2020-06,LAMR
2020-06,LANC
2020-06,LECO
2020-06,LFUS
2020-06,LGND
2020-06,LII
2020-06,LITE
2020-06,LIVN
2020-06,LM
2020-06,LOGM
2020-06,LPT
2020-06,LPX
2020-06,LSI
2020-06,LSTR
2020-06,LYV
2020-06,MAN
2020-06,MANH
2020-06,MASI
2020-06,MAT
2020-06,MCY
2020-06,MD
2020-06,MDP
2020-06,MDRX
2020-06,MDSO
2020-06,MDU
2020-06,MKSI
2020-06,MLHR
2020-06,MMS
2020-06,MOH
2020-06,MPW
2020-06,MPWR
2020-06,MRCY
2020-06,MSA
2020-06,MSM
2020-06,MTDR
2020-06,MTX
2020-06,MTZ
2020-06,MUR
2020-06,MUSA
2020-06,NATI
2020-06,NAVI
2020-06,NCR
2020-06,NDSN
2020-06,NEU
2020-06,NFG
2020-06,NGVT
2020-06,NJR
2020-06,NKTR
2020-06,NNN
2020-06,NSP
2020-06,NTCT
2020-06,NUS
2020-06,NUVA
2020-06,NVT
2020-06,NWE
2020-06,NYCB
2020-06,NYT
2020-06,OAS
2020-06,OC
2020-06,ODFL
2020-06,ODP
2020-06,OFC
2020-06,OGE
2020-06,OGS
2020-06,OHI
2020-06,OI
2020-06,OII
2020-06,OLED
2020-06,OLLI
2020-06,OLN
2020-06,ORI
2020-06,OSK
2020-06,OZK
2020-06,PACW
2020-06,PB
2020-06,PBF
2020-06,PBH
2020-06,PCH
2020-06,PDCO
2020-06,PEB
2020-06,PEN
2020-06,PENN
2020-06,PII
2020-06,PK
2020-06,PLT
2020-06,PNFP
2020-06,PNM
2020-06,POL
2020-06,POOL
2020-06,POST
2020-06,PPC
2020-06,PRAH
2020-06,PRI
2020-06,PSB
2020-06,PTC
2020-06,PTEN
2020-06,PZZA
2020-06,R
2020-06,RAMP
2020-06,RBC
2020-06,RGA
2020-06,RGEN
2020-06,RGLD
2020-06,RIG
2020-06,RNR
2020-06,ROL
2020-06,RPM
2020-06,RS
2020-06,RYN
2020-06,SABR
2020-06,SAFM
2020-06,SAIC
2020-06,SAM
2020-06,SBH
2020-06,SBNY
2020-06,SBRA
2020-06,SCI
2020-06,SEDG
2020-06,SEIC
2020-06,SF
2020-06,SFM
2020-06,SGMS
2020-06,SIGI
2020-06,SIX
2020-06,SKT
2020-06,SKX
2020-06,SLAB
2020-06,SLGN
2020-06,SLM
2020-06,SMG
2020-06,SMTC
2020-06,SNH
2020-06,SNV
2020-06,SNX
2020-06,SON
2020-06,SRC
2020-06,SRCL
2020-06,STE
2020-06,STL
2020-06,STLD
2020-06,SVC
2020-06,SWN
2020-06,SWX
2020-06,SXT
2020-06,SYNA
2020-06,SYNH
2020-06,TCBI
2020-06,TCO
2020-06,TDC
2020-06,TDS
2020-06,TDY
2020-06,TECD
2020-06,TECH
2020-06,TER
2020-06,TEX
2020-06,TGNA
2020-06,THC
2020-06,THG
2020-06,THO
2020-06,THS
2020-06,TKR
2020-06,TOL
2020-06,TPH
2020-06,TPX
2020-06,TR
2020-06,TREE
2020-06,TREX
2020-06,TRMB
2020-06,TRMK
2020-06,TRN
2020-06,TTC
2020-06,TTEK
2020-06,TXRH
2020-06,TYL
2020-06,UBSI
2020-06,UE
2020-06,UFS
2020-06,UGI
2020-06,UMBF
2020-06,UMPQ
2020-06,UNFI
2020-06,UNIT
2020-06,URBN
2020-06,UTHR
2020-06,VAC
2020-06,VC
2020-06,VLY
2020-06,VMI
2020-06,VSAT
2020-06,VSH
2020-06,VVV
2020-06,WAFD
2020-06,WBS
2020-06,WEN
2020-06,WERN
2020-06,WEX
2020-06,WOR
2020-06,WPX
2020-06,WRB
2020-06,WRI
2020-06,WSM
2020-06,WSO
2020-06,WST
2020-06,WTFC
2020-06,WTRG
2020-06,WW
2020-06,WWD
2020-06,WWE
2020-06,WYND
2020-06,X
2020-06,XPO
2020-06,Y
2020-06,YELP
2020-06,ZBRA
2020-07,AAN
2020-07,AAXN
2020-07,ACC
2020-07,ACHC
2020-07,ACIW
2020-07,ACM
2020-07,ADNT
2020-07,AEO
2020-07,AFG
2020-07,AGCO
2020-07,ALE
2020-07,ALEX
2020-07,AM
2020-07,AMCX
2020-07,AMED
2020-07,AN
2020-07,APY
2020-07,ARW
2020-07,ASB
2020-07,ASGN
2020-07,ASH
2020-07,ATGE
2020-07,ATI
2020-07,ATO
2020-07,ATR
2020-07,AVNS
2020-07,AVT
2020-07,AYI
2020-07,BBBY
2020-07,BC
2020-07,BCO
2020-07,BDC
2020-07,BHF
2020-07,BIO
2020-07,BKH
2020-07,BLKB
2020-07,BOH
2020-07,BRO
2020-07,BRX
2020-07,BXS
2020-07,BYD
2020-07,CABO
2020-07,CACI
2020-07,CAKE
2020-07,CAR
2020-07,CASY
2020-07,CATY
2020-07,CBRL
2020-07,CBSH
2020-07,CBT
2020-07,CC
2020-07,CDK
2020-07,CFR
2020-07,CFX
2020-07,CGNX
2020-07,CHDN
2020-07,CHE
2020-07,CHK
2020-07,CIEN
2020-07,CLB
2020-07,CLGX
2020-07,CLH
2020-07,CLI
2020-07,CMC
2020-07,CMD
2020-07,CMP
2020-07,CNK
2020-07,CNO
2020-07,CNX
2020-07,COHR
2020-07,CONE
2020-07,COR
2020-07,CPT
2020-07,CR
2020-07,CREE
2020-07,CRI
2020-07,CRL
2020-07,CRS
2020-07,CRUS
2020-07,CSL
2020-07,CTLT
2020-07,CUZ
2020-07,CVET
2020-07,CVLT
2020-07,CW
2020-07,CXW
2020-07,CY
2020-07,CZR
2020-07,DAN
2020-07,DCI
2020-07,DDS
2020-07,DECK
2020-07,DEI
2020-07,DKS
2020-07,DLPH
2020-07,DLX
2020-07,DNKN
2020-07,DNOW
2020-07,DPZ
2020-07,DY
2020-07,EAT
2020-07,EGP
2020-07,EHC
2020-07,EME
2020-07,ENR
2020-07,ENS
2020-07,EPC
2020-07,EPR
2020-07,EQT
2020-07,ERI
2020-07,ETRN
2020-07,ETSY
2020-07,EV
2020-07,EVR
2020-07,EWBC
2020-07,EXEL
2020-07,EXP
2020-07,FAF
2020-07,FCFS
2020-07,FDS
2020-07,FFIN
2020-07,FHN
2020-07,FICO
2020-07,FII
2020-07,FIVE
2020-07,FL
2020-07,FLO
2020-07,FLR
2020-07,FNB
2020-07,FR
2020-07,FSLR
2020-07,FULT
2020-07,GATX
2020-07,GDOT
2020-07,GEF
2020-07,GEO
2020-07,GGG
2020-07,GHC
2020-07,GME
2020-07,GMED
2020-07,GNTX
2020-07,GNW
2020-07,GRUB
2020-07,GT
2020-07,GVA
2020-07,GWR
2020-07,HAE
2020-07,HAIN
2020-07,HCSG
2020-07,HE
2020-07,HELE
2020-07,HIW
2020-07,HNI
2020-07,HOMB
2020-07,HQY
2020-07,HR
2020-07,HRC
2020-07,HUBB
2020-07,HWC
2020-07,IART
2020-07,IBKR
2020-07,IBOC
2020-07,ICUI
2020-07,IDA
2020-07,IDCC
2020-07,IIVI
2020-07,INGR
2020-07,INT
2020-07,ITT
2020-07,JACK
2020-07,JBGS
2020-07,JBL
2020-07,JBLU
2020-07,JCOM
2020-07,JEF
2020-07,JHG
2020-07,JLL
2020-07,JW.A
2020-07,KAR
2020-07,KBH
2020-07,KBR
2020-07,KEX
2020-07,KMPR
2020-07,KMT
2020-07,KNX
2020-07,KRC
2020-07,LAMR
2020-07,LANC
2020-07,LECO
2020-07,LFUS
2020-07,LGND
2020-07,LII
2020-07,LITE
2020-07,LIVN
2020-07,LM
2020-07,LOGM
2020-07,LPT
2020-07,LPX
2020-07,LSI
2020-07,LSTR
2020-07,LYV
2020-07,MAN
2020-07,MANH
2020-07,MASI
2020-07,MAT
2020-07,MCY
2020-07,MD
2020-07,MDP
2020-07,MDRX
2020-07,MDSO
2020-07,MDU
2020-07,MKSI
2020-07,MLHR
2020-07,MMS
2020-07,MOH
2020-07,MPW
2020-07,MPWR
2020-07,MRCY
2020-07,MSA
2020-07,MSM
2020-07,MTDR
2020-07,MTX
2020-07,MTZ
2020-07,MUR
2020-07,MUSA
2020-07,NATI
2020-07,NAVI
2020-07,NCR
2020-07,NDSN
2020-07,NEU
2020-07,NFG
2020-07,NGVT
2020-07,NJR
2020-07,NKTR
2020-07,NNN
2020-07,NSP
2020-07,NTCT
2020-07,NUS
2020-07,NUVA
2020-07,NVT
2020-07,NWE
2020-07,NYCB
2020-07,NYT
2020-07,OAS
2020-07,OC
2020-07,ODFL
2020-07,ODP
2020-07,OFC
2020-07,OGE
2020-07,OGS
2020-07,OHI
2020-07,OI
2020-07,OII
2020-07,OLED
2020-07,OLLI
2020-07,OLN
2020-07,ORI
2020-07,OSK
2020-07,OZK
2020-07,PACW
2020-07,PB
2020-07,PBF
2020-07,PBH
2020-07,PCH
2020-07,PDCO
2020-07,PEB
2020-07,PEN
2020-07,PENN
2020-07,PII
2020-07,PK
2020-07,PLT
2020-07,PNFP
2020-07,PNM
2020-07,POL
2020-07,POOL
2020-07,POST
2020-07,PPC
2020-07,PRAH
2020-07,PRI
2020-07,PSB
2020-07,PTC
2020-07,PTEN
2020-07,PZZA
2020-07,R
2020-07,RAMP
2020-07,RBC
2020-07,RGA
2020-07,RGEN
2020-07,RGLD
2020-07,RIG
2020-07,RNR
2020-07,ROL
2020-07,RPM
2020-07,RS
2020-07,RYN
2020-07,SABR
2020-07,SAFM
2020-07,SAIC
2020-07,SAM
2020-07,SBH
2020-07,SBNY
2020-07,SBRA
2020-07,SCI
2020-07,SEDG
2020-07,SEIC
2020-07,SF
2020-07,SFM
2020-07,SGMS
2020-07,SIGI
2020-07,SIX
2020-07,SKT
2020-07,SKX
2020-07,SLAB
2020-07,SLGN
2020-07,SLM
2020-07,SMG
2020-07,SMTC
2020-07,SNH
2020-07,SNV
2020-07,SNX
2020-07,SON
2020-07,SRC
2020-07,SRCL
2020-07,STE
2020-07,STL
2020-07,STLD
2020-07,SVC
2020-07,SWN
2020-07,SWX
2020-07,SXT
2020-07,SYNA
2020-07,SYNH
2020-07,TCBI
2020-07,TCO
2020-07,TDC
2020-07,TDS
2020-07,TDY
2020-07,TECD
2020-07,TECH
2020-07,TER
2020-07,TEX
2020-07,TGNA
2020-07,THC
2020-07,THG
2020-07,THO
2020-07,THS
2020-07,TKR
2020-07,TOL
2020-07,TPH
2020-07,TPX
2020-07,TR
2020-07,TREE
2020-07,TREX
2020-07,TRMB
2020-07,TRMK
2020-07,TRN
2020-07,TTC
2020-07,TTEK
2020-07,TXRH
2020-07,TYL
2020-07,UBSI
2020-07,UE
2020-07,UFS
2020-07,UGI
2020-07,UMBF
2020-07,UMPQ
2020-07,UNFI
2020-07,UNIT
2020-07,URBN
2020-07,UTHR
2020-07,VAC
2020-07,VC
2020-07,VLY
2020-07,VMI
2020-07,VSAT
2020-07,VSH
2020-07,VVV
2020-07,WAFD
2020-07,WBS
2020-07,WEN
2020-07,WERN
2020-07,WEX
2020-07,WOR
2020-07,WPX
2020-07,WRB
2020-07,WRI
2020-07,WSM
2020-07,WSO
2020-07,WST
2020-07,WTFC
2020-07,WTRG
2020-07,WW
2020-07,WWD
2020-07,WWE
2020-07,WYND
2020-07,X
2020-07,XPO
2020-07,Y
2020-07,YELP
2020-07,ZBRA
2020-08,AAN
2020-08,AAXN
2020-08,ACC
2020-08,ACHC
2020-08,ACIW
2020-08,ACM
2020-08,ADNT
2020-08,AEO
2020-08,AFG
2020-08,AGCO
2020-08,ALE
2020-08,ALEX
2020-08,AM
2020-08,AMCX
2020-08,AMED
2020-08,AN
2020-08,APY
2020-08,ARW
2020-08,ASB
2020-08,ASGN
2020-08,ASH
2020-08,ATGE
2020-08,ATI
2020-08,ATO
2020-08,ATR
2020-08,AVNS
2020-08,AVT
2020-08,AYI
2020-08,BBBY
2020-08,BC
2020-08,BCO
2020-08,BDC
2020-08,BHF
2020-08,BIO
2020-08,BKH
2020-08,BLKB
2020-08,BOH
2020-08,BRO
2020-08,BRX
2020-08,BXS
2020-08,BYD
2020-08,CABO
2020-08,CACI
2020-08,CAKE
2020-08,CAR
2020-08,CASY
2020-08,CATY
2020-08,CBRL
2020-08,CBSH
2020-08,CBT
2020-08,CC
2020-08,CDK
2020-08,CFR
2020-08,CFX
2020-08,CGNX
2020-08,CHDN
2020-08,CHE
2020-08,CHK
2020-08,CIEN
2020-08,CLB
2020-08,CLGX
2020-08,CLH
2020-08,CLI
2020-08,CMC
2020-08,CMD
2020-08,CMP
2020-08,CNK
2020-08,CNO
2020-08,CNX
2020-08,COHR
2020-08,CONE
2020-08,COR
2020-08,CPT
2020-08,CR
2020-08,CREE
2020-08,CRI
2020-08,CRL
2020-08,CRS
2020-08,CRUS
2020-08,CSL
2020-08,CTLT
2020-08,CUZ
2020-08,CVET
2020-08,CVLT
2020-08,CW
2020-08,CXW
2020-08,CY
2020-08,CZR
2020-08,DAN
2020-08,DCI
2020-08,DDS
2020-08,DECK
2020-08,DEI
2020-08,DKS
2020-08,DLPH
2020-08,DLX
2020-08,DNKN
2020-08,DNOW
2020-08,DPZ
2020-08,DY
2020-08,EAT
2020-08,EGP
2020-08,EHC
2020-08,EME
2020-08,ENR
2020-08,ENS
2020-08,EPC
2020-08,EPR
2020-08,EQT
2020-08,ERI
2020-08,ETRN
2020-08,ETSY
2020-08,EV
2020-08,EVR
2020-08,EWBC
2020-08,EXEL
2020-08,EXP
2020-08,FAF
2020-08,FCFS
2020-08,FDS
2020-08,FFIN
2020-08,FHI
2020-08,FHN
2020-08,FICO
2020-08,FIVE
2020-08,FL
2020-08,FLO
2020-08,FLR
2020-08,FNB
2020-08,FR
2020-08,FSLR
2020-08,FULT
2020-08,GATX
2020-08,GDOT
2020-08,GEF
2020-08,GEO
2020-08,GGG
2020-08,GHC
2020-08,GME
2020-08,GMED
2020-08,GNTX
2020-08,GNW
2020-08,GRUB
2020-08,GT
2020-08,GVA
2020-08,GWRS
2020-08,HAE
2020-08,HAIN
2020-08,HCSG
2020-08,HE
2020-08,HELE
2020-08,HIW
2020-08,HNI
2020-08,HOMB
2020-08,HQY
2020-08,HR
2020-08,HRC
2020-08,HUBB
2020-08,HWC
2020-08,IART
2020-08,IBKR
2020-08,IBOC
2020-08,ICUI
2020-08,IDA
2020-08,IDCC
2020-08,IIVI
2020-08,INGR
2020-08,INT
2020-08,ITT
2020-08,JACK
2020-08,JBGS
2020-08,JBL
2020-08,JBLU
2020-08,JCOM
2020-08,JEF
2020-08,JHG
2020-08,JLL
2020-08,JW.A
2020-08,KAR
2020-08,KBH
2020-08,KBR
2020-08,KEX
2020-08,KMPR
2020-08,KMT
2020-08,KNX
2020-08,KRC
2020-08,LAMR
2020-08,LANC
2020-08,LECO
2020-08,LFUS
2020-08,LGND
2020-08,LII
2020-08,LITE
2020-08,LIVN
2020-08,LM
2020-08,LOGM
2020-08,LPT
2020-08,LPX
2020-08,LSI
2020-08,LSTR
2020-08,LYV
2020-08,MAN
2020-08,MANH
2020-08,MASI
2020-08,MAT
2020-08,MCY
2020-08,MD
2020-08,MDP
2020-08,MDRX
2020-08,MDSO
2020-08,MDU
2020-08,MKSI
2020-08,MLHR
2020-08,MMS
2020-08,MOH
2020-08,MPW
2020-08,MPWR
2020-08,MRCY
2020-08,MSA
2020-08,MSM
2020-08,MTDR
2020-08,MTX
2020-08,MTZ
2020-08,MUR
2020-08,MUSA
2020-08,NATI
2020-08,NAVI
2020-08,NCR
2020-08,NDSN
2020-08,NEU
2020-08,NFG
2020-08,NGVT
2020-08,NJR
2020-08,NKTR
2020-08,NNN
2020-08,NSP
2020-08,NTCT
2020-08,NUS
2020-08,NUVA
2020-08,NVT
2020-08,NWE
2020-08,NYCB
2020-08,NYT
2020-08,OAS
2020-08,OC
2020-08,ODFL
2020-08,ODP
2020-08,OFC
2020-08,OGE
2020-08,OGS
2020-08,OHI
2020-08,OI
2020-08,OII
2020-08,OLED
2020-08,OLLI
2020-08,OLN
2020-08,ORI
2020-08,OSK
2020-08,OZK
2020-08,PACW
2020-08,PB
2020-08,PBF
2020-08,PBH
2020-08,PCH
2020-08,PDCO
2020-08,PEB
2020-08,PEN
2020-08,PENN
2020-08,PII
2020-08,PK
2020-08,PLT
2020-08,PNFP
2020-08,PNM
2020-08,POL
2020-08,POOL
2020-08,POST
2020-08,PPC
2020-08,PRAH
2020-08,PRI
2020-08,PSB
2020-08,PTC
2020-08,PTEN
2020-08,PZZA
2020-08,R
2020-08,RAMP
2020-08,RBC
2020-08,RGA
2020-08,RGEN
2020-08,RGLD
2020-08,RIG
2020-08,RNR
2020-08,ROL
2020-08,RPM
2020-08,RS
2020-08,RYN
2020-08,SABR
2020-08,SAFM
2020-08,SAIC
2020-08,SAM
2020-08,SBH
2020-08,SBNY
2020-08,SBRA
2020-08,SCI
2020-08,SEDG
2020-08,SEIC
2020-08,SF
2020-08,SFM
2020-08,SGMS
2020-08,SIGI
2020-08,SIX
2020-08,SKT
2020-08,SKX
2020-08,SLAB
2020-08,SLGN
2020-08,SLM
2020-08,SMG
2020-08,SMTC
2020-08,SNH
2020-08,SNV
2020-08,SNX
2020-08,SON
2020-08,SRC
2020-08,SRCL
2020-08,STE
2020-08,STL
2020-08,STLD
2020-08,SVC
2020-08,SWN
2020-08,SWX
2020-08,SXT
2020-08,SYNA
2020-08,SYNH
2020-08,TCBI
2020-08,TCO
2020-08,TDC
2020-08,TDS
2020-08,TDY
2020-08,TECD
2020-08,TECH
2020-08,TER
2020-08,TEX
2020-08,TGNA
2020-08,THC
2020-08,THG
2020-08,THO
2020-08,THS
2020-08,TKR
2020-08,TOL
2020-08,TPH
2020-08,TPX
2020-08,TR
2020-08,TREE
2020-08,TREX
2020-08,TRMB
2020-08,TRMK
2020-08,TRN
2020-08,TTC
2020-08,TTEK
2020-08,TXRH
2020-08,TYL
2020-08,UBSI
2020-08,UE
2020-08,UFS
2020-08,UGI
2020-08,UMBF
2020-08,UMPQ
2020-08,UNFI
2020-08,UNIT
2020-08,URBN
2020-08,UTHR
2020-08,VAC
2020-08,VC
2020-08,VLY
2020-08,VMI
2020-08,VSAT
2020-08,VSH
2020-08,VVV
2020-08,WAFD
2020-08,WBS
2020-08,WEN
2020-08,WERN
2020-08,WEX
2020-08,WOR
2020-08,WPX
2020-08,WRB
2020-08,WRI
2020-08,WSM
2020-08,WSO
2020-08,WST
2020-08,WTFC
2020-08,WTRG
2020-08,WW
2020-08,WWD
2020-08,WWE
2020-08,WYND
2020-08,X
2020-08,XPO
2020-08,Y
2020-08,YELP
2020-08,ZBRA
2020-09,AAN
2020-09,AAXN
2020-09,ACC
2020-09,ACHC
2020-09,ACIW
2020-09,ACM
2020-09,ADNT
2020-09,AEO
2020-09,AFG
2020-09,AGCO
2020-09,ALE
2020-09,ALEX
2020-09,AM
2020-09,AMCX
2020-09,AMED
2020-09,AN
2020-09,APY
2020-09,ARW
2020-09,ASB
2020-09,ASGN
2020-09,ASH
2020-09,ATGE
2020-09,ATI
2020-09,ATO
2020-09,ATR
2020-09,AVNS
2020-09,AVT
2020-09,AYI
2020-09,BBBY
2020-09,BC
2020-09,BCO
2020-09,BDC
2020-09,BHF
2020-09,BIO
2020-09,BKH
2020-09,BLKB
2020-09,BOH
2020-09,BRO
2020-09,BRX
2020-09,BXS
2020-09,BYD
2020-09,CABO
2020-09,CACI
2020-09,CAKE
2020-09,CAR
2020-09,CASY
2020-09,CATY
2020-09,CBRL
2020-09,CBSH
2020-09,CBT
2020-09,CC
2020-09,CDK
2020-09,CFR
2020-09,CFX
2020-09,CGNX
2020-09,CHDN
2020-09,CHE
2020-09,CHK
2020-09,CIEN
2020-09,CLB
2020-09,CLGX
2020-09,CLH
2020-09,CLI
2020-09,CMC
2020-09,CMD
2020-09,CMP
2020-09,CNK
2020-09,CNO
2020-09,CNX
2020-09,COHR
2020-09,CONE
2020-09,COR
2020-09,CPT
2020-09,CR
2020-09,CREE
2020-09,CRI
2020-09,CRL
2020-09,CRS
2020-09,CRUS
2020-09,CSL
2020-09,CTLT
2020-09,CUZ
2020-09,CVET
2020-09,CVLT
2020-09,CW
2020-09,CXW
2020-09,CY
2020-09,CZR
2020-09,DAN
2020-09,DCI
2020-09,DDS
2020-09,DECK
2020-09,DEI
2020-09,DKS
2020-09,DLPH
2020-09,DLX
2020-09,DNKN
2020-09,DNOW
2020-09,DPZ
2020-09,DY
2020-09,EAT
2020-09,EGP
2020-09,EHC
2020-09,EME
2020-09,ENR
2020-09,ENS
2020-09,EPC
2020-09,EPR
2020-09,EQT
2020-09,ERI
2020-09,ETRN
2020-09,ETSY
2020-09,EV
2020-09,EVR
2020-09,EWBC
2020-09,EXEL
2020-09,EXP
2020-09,FAF
2020-09,FCFS
2020-09,FDS
2020-09,FFIN
2020-09,FHI
2020-09,FHN
2020-09,FICO
2020-09,FIVE
2020-09,FL
2020-09,FLO
2020-09,FLR
2020-09,FNB
2020-09,FR
2020-09,FSLR
2020-09,FULT
2020-09,GATX
2020-09,GDOT
2020-09,GEF
2020-09,GEO
2020-09,GGG
2020-09,GHC
2020-09,GME
2020-09,GMED
2020-09,GNTX
2020-09,GNW
2020-09,GRUB
2020-09,GT
2020-09,GVA
2020-09,GWRS
2020-09,HAE
2020-09,HAIN
2020-09,HCSG
2020-09,HE
2020-09,HELE
2020-09,HIW
2020-09,HNI
2020-09,HOMB
2020-09,HQY
2020-09,HR
2020-09,HRC
2020-09,HUBB
2020-09,HWC
2020-09,IART
2020-09,IBKR
2020-09,IBOC
2020-09,ICUI
2020-09,IDA
2020-09,IDCC
2020-09,IIVI
2020-09,INGR
2020-09,INT
2020-09,ITT
2020-09,JACK
2020-09,JBGS
2020-09,JBL
2020-09,JBLU
2020-09,JCOM
2020-09,JEF
2020-09,JHG
2020-09,JLL
2020-09,JW.A
2020-09,KAR
2020-09,KBH
2020-09,KBR
2020-09,KEX
2020-09,KMPR
2020-09,KMT
2020-09,KNX
2020-09,KRC
2020-09,LAMR
2020-09,LANC
2020-09,LECO
2020-09,LFUS
2020-09,LGND
2020-09,LII
2020-09,LITE
2020-09,LIVN
2020-09,LM
2020-09,LOGM
2020-09,LPT
2020-09,LPX
2020-09,LSI
2020-09,LSTR
2020-09,LYV
2020-09,MAN
2020-09,MANH
2020-09,MASI
2020-09,MAT
2020-09,MCY
2020-09,MD
2020-09,MDP
2020-09,MDRX
2020-09,MDSO
2020-09,MDU
2020-09,MKSI
2020-09,MLHR
2020-09,MMS
2020-09,MOH
2020-09,MPW
2020-09,MPWR
2020-09,MRCY
2020-09,MSA
2020-09,MSM
2020-09,MTDR
2020-09,MTX
2020-09,MTZ
2020-09,MUR
2020-09,MUSA
2020-09,NATI
2020-09,NAVI
2020-09,NCR
2020-09,NDSN
2020-09,NEU
2020-09,NFG
2020-09,NGVT
2020-09,NJR
2020-09,NKTR
2020-09,NNN
2020-09,NSP
2020-09,NTCT
2020-09,NUS
2020-09,NUVA
2020-09,NVT
2020-09,NWE
2020-09,NYCB
2020-09,NYT
2020-09,OAS
2020-09,OC
2020-09,ODFL
2020-09,ODP
2020-09,OFC
2020-09,OGE
2020-09,OGS
2020-09,OHI
2020-09,OI
2020-09,OII
2020-09,OLED
2020-09,OLLI
2020-09,OLN
2020-09,ORI
2020-09,OSK
2020-09,OZK
2020-09,PACW
2020-09,PB
2020-09,PBF
2020-09,PBH
2020-09,PCH
2020-09,PDCO
2020-09,PEB
2020-09,PEN
2020-09,PENN
2020-09,PII
2020-09,PK
2020-09,PLT
2020-09,PNFP
2020-09,PNM
2020-09,POL
2020-09,POOL
2020-09,POST
2020-09,PPC
2020-09,PRAH
2020-09,PRI
2020-09,PSB
2020-09,PTC
2020-09,PTEN
2020-09,PZZA
2020-09,R
2020-09,RAMP
2020-09,RBC
2020-09,RGA
2020-09,RGEN
2020-09,RGLD
2020-09,RIG
2020-09,RNR
2020-09,ROL
2020-09,RPM
2020-09,RS
2020-09,RYN
2020-09,SABR
2020-09,SAFM
2020-09,SAIC
2020-09,SAM
2020-09,SBH
2020-09,SBNY
2020-09,SBRA
2020-09,SCI
2020-09,SEDG
2020-09,SEIC
2020-09,SF
2020-09,SFM
2020-09,SGMS
2020-09,SIGI
2020-09,SIX
2020-09,SKT
2020-09,SKX
2020-09,SLAB
2020-09,SLGN
2020-09,SLM
2020-09,SMG
2020-09,SMTC
2020-09,SNH
2020-09,SNV
2020-09,SNX
2020-09,SON
2020-09,SRC
2020-09,SRCL
2020-09,STE
2020-09,STL
2020-09,STLD
2020-09,SVC
2020-09,SWN
2020-09,SWX
2020-09,SXT
2020-09,SYNA
2020-09,SYNH
2020-09,TCBI
2020-09,TCO
2020-09,TDC
2020-09,TDS
2020-09,TDY
2020-09,TECD
2020-09,TECH
2020-09,TER
2020-09,TEX
2020-09,TGNA
2020-09,THC
2020-09,THG
2020-09,THO
2020-09,THS
2020-09,TKR
2020-09,TOL
2020-09,TPH
2020-09,TPX
2020-09,TR
2020-09,TREE
2020-09,TREX
2020-09,TRMB
2020-09,TRMK
2020-09,TRN
2020-09,TTC
2020-09,TTEK
2020-09,TXRH
2020-09,TYL
2020-09,UBSI
2020-09,UE
2020-09,UFS
2020-09,UGI
2020-09,UMBF
2020-09,UMPQ
2020-09,UNFI
2020-09,UNIT
2020-09,URBN
2020-09,UTHR
2020-09,VAC
2020-09,VC
2020-09,VLY
2020-09,VMI
2020-09,VSAT
2020-09,VSH
2020-09,VVV
2020-09,WAFD
2020-09,WBS
2020-09,WEN
2020-09,WERN
2020-09,WEX
2020-09,WOR
2020-09,WPX
2020-09,WRB
2020-09,WRI
2020-09,WSM
2020-09,WSO
2020-09,WST
2020-09,WTFC
2020-09,WTRG
2020-09,WW
2020-09,WWD
2020-09,WWE
2020-09,WYND
2020-09,X
2020-09,XPO
2020-09,Y
2020-09,YELP
2020-09,ZBRA
2020-10,AAN
2020-10,AAXN
2020-10,ACC
2020-10,ACHC
2020-10,ACIW
2020-10,ACM
2020-10,ADNT
2020-10,AEO
2020-10,AFG
2020-10,AGCO
2020-10,AKRX
2020-10,ALE
2020-10,ALEX
2020-10,AM
2020-10,AMCX
2020-10,AMED
2020-10,AMG
2020-10,AN
2020-10,APY
2020-10,ARW
2020-10,ARWR
2020-10,ASB
2020-10,ASGN
2020-10,ASH
2020-10,ATGE
2020-10,ATI
2020-10,ATO
2020-10,ATR
2020-10,AVNS
2020-10,AVT
2020-10,AYI
2020-10,BBBY
2020-10,BC
2020-10,BCO
2020-10,BDC
2020-10,BHF
2020-10,BID
2020-10,BIO
2020-10,BJ
2020-10,BKH
2020-10,BLKB
2020-10,BOH
2020-10,BRO
2020-10,BRX
2020-10,BXS
2020-10,BYD
2020-10,CABO
2020-10,CACI
2020-10,CAKE
2020-10,CAR
2020-10,CASY
2020-10,CATY
2020-10,CBRL
2020-10,CBSH
2020-10,CBT
2020-10,CC
2020-10,CCMP
2020-10,CDAY
2020-10,CDK
2020-10,CFR
2020-10,CFX
2020-10,CGNX
2020-10,CHDN
2020-10,CHE
2020-10,CHH
2020-10,CHK
2020-10,CIEN
2020-10,CLB
2020-10,CLGX
2020-10,CLH
2020-10,CLI
2020-10,CMC
2020-10,CMD
2020-10,CMP
2020-10,CNK
2020-10,CNO
2020-10,CNX
2020-10,COHR
2020-10,CONE
2020-10,COR
2020-10,CPT
2020-10,CR
2020-10,CREE
2020-10,CRI
2020-10,CRL
2020-10,CRS
2020-10,CRUS
2020-10,CSL
2020-10,CTLT
2020-10,CUZ
2020-10,CVLT
2020-10,CW
2020-10,CXW
2020-10,CY
2020-10,CZR
2020-10,DAN
2020-10,DCI
2020-10,DDS
2020-10,DECK
2020-10,DEI
2020-10,DKS
2020-10,DLPH
2020-10,DLX
2020-10,DNKN
2020-10,DNOW
2020-10,DPZ
2020-10,DY
2020-10,EAT
2020-10,EGP
2020-10,EHC
2020-10,EME
2020-10,ENR
2020-10,ENS
2020-10,EPC
2020-10,EPR
2020-10,EQT
2020-10,ERI
2020-10,ETRN
2020-10,ETSY
2020-10,EV
2020-10,EVR
2020-10,EWBC
2020-10,EXEL
2020-10,EXP
2020-10,FAF
2020-10,FCFS
2020-10,FCN
2020-10,FDS
2020-10,FFIN
2020-10,FHN
2020-10,FICO
2020-10,FII
2020-10,FIVE
2020-10,FL
2020-10,FLO
2020-10,FLR
2020-10,FNB
2020-10,FR
2020-10,FSLR
2020-10,FULT
2020-10,GATX
2020-10,GDOT
2020-10,GEF
2020-10,GEO
2020-10,GGG
2020-10,GHC
2020-10,GME
2020-10,GMED
2020-10,GNTX
2020-10,GNW
2020-10,GRUB
2020-10,GT
2020-10,GWR
2020-10,HAE
2020-10,HAIN
2020-10,HCSG
2020-10,HE
2020-10,HELE
2020-10,HIW
2020-10,HNI
2020-10,HOMB
2020-10,HPT
2020-10,HQY
2020-10,HR
2020-10,HRC
2020-10,HUBB
2020-10,HWC
2020-10,IART
2020-10,IBKR
2020-10,IBOC
2020-10,ICUI
2020-10,IDA
2020-10,IDCC
2020-10,IIVI
2020-10,INGR
2020-10,INT
2020-10,ISCA
2020-10,ITT
2020-10,JACK
2020-10,JBGS
2020-10,JBL
2020-10,JBLU
2020-10,JCOM
2020-10,JEF
2020-10,JHG
2020-10,JLL
2020-10,JW.A
2020-10,KAR
2020-10,KBH
2020-10,KBR
2020-10,KEX
2020-10,KMPR
2020-10,KMT
2020-10,KNX
2020-10,KRC
2020-10,LAMR
2020-10,LANC
2020-10,LEA
2020-10,LECO
2020-10,LFUS
2020-10,LGND
2020-10,LII
2020-10,LITE
2020-10,LIVN
2020-10,LM
2020-10,LOGM
2020-10,LOPE
2020-10,LPT
2020-10,LPX
2020-10,LSI
2020-10,LSTR
2020-10,MAC
2020-10,MAN
2020-10,MANH
2020-10,MASI
2020-10,MAT
2020-10,MCY
2020-10,MD
2020-10,MDP
2020-10,MDRX
2020-10,MDU
2020-10,MKSI
2020-10,MLHR
2020-10,MMS
2020-10,MOH
2020-10,MPW
2020-10,MPWR
2020-10,MSA
2020-10,MSM
2020-10,MTDR
2020-10,MTX
2020-10,MTZ
2020-10,MUR
2020-10,MUSA
2020-10,NATI
2020-10,NAVI
2020-10,NCR
2020-10,NDSN
2020-10,NEU
2020-10,NFG
2020-10,NGVT
2020-10,NJR
2020-10,NNN
2020-10,NSP
2020-10,NTCT
2020-10,NUS
2020-10,NUVA
2020-10,NVT
2020-10,NWE
2020-10,NYCB
2020-10,NYT
2020-10,OC
2020-10,ODP
2020-10,OFC
2020-10,OGE
2020-10,OGS
2020-10,OHI
2020-10,OI
2020-10,OLED
2020-10,OLLI
2020-10,OLN
2020-10,ORI
2020-10,OSK
2020-10,OZK
2020-10,PACW
2020-10,PB
2020-10,PBF
2020-10,PBH
2020-10,PCH
2020-10,PDCO
2020-10,PEB
2020-10,PEN
2020-10,PENN
2020-10,PII
2020-10,PK
2020-10,PNFP
2020-10,PNM
2020-10,POL
2020-10,POOL
2020-10,POST
2020-10,PPC
2020-10,PRAH
2020-10,PRI
2020-10,PSB
2020-10,PTC
2020-10,PTEN
2020-10,PZZA
2020-10,R
2020-10,RAMP
2020-10,RBC
2020-10,RGA
2020-10,RGEN
2020-10,RGLD
2020-10,RIG
2020-10,RNR
2020-10,ROL
2020-10,RPM
2020-10,RS
2020-10,RYN
2020-10,SABR
2020-10,SAFM
2020-10,SAIC
2020-10,SAM
2020-10,SBH
2020-10,SBNY
2020-10,SBRA
2020-10,SCI
2020-10,SEIC
2020-10,SF
2020-10,SFM
2020-10,SGMS
2020-10,SIGI
2020-10,SIX
2020-10,SKT
2020-10,SKX
2020-10,SLAB
2020-10,SLGN
2020-10,SLM
2020-10,SMG
2020-10,SMTC
2020-10,SNH
2020-10,SNV
2020-10,SNX
2020-10,SON
2020-10,SRC
2020-10,SRCL
2020-10,STL
2020-10,STLD
2020-10,SWX
2020-10,SXT
2020-10,SYNA
2020-10,SYNH
2020-10,TCBI
2020-10,TCO
2020-10,TDC
2020-10,TDS
2020-10,TDY
2020-10,TECD
2020-10,TECH
2020-10,TER
2020-10,TEX
2020-10,TGNA
2020-10,THC
2020-10,THG
2020-10,THO
2020-10,THS
2020-10,TKR
2020-10,TOL
2020-10,TPH
2020-10,TPX
2020-10,TR
2020-10,TREE
2020-10,TREX
2020-10,TRIP
2020-10,TRMB
2020-10,TRMK
2020-10,TRN
2020-10,TTC
2020-10,TTEK
2020-10,TXRH
2020-10,TYL
2020-10,UBSI
2020-10,UE
2020-10,UFS
2020-10,UGI
2020-10,UMBF
2020-10,UMPQ
2020-10,UNFI
2020-10,UNIT
2020-10,URBN
2020-10,UTHR
2020-10,VAC
2020-10,VC
2020-10,VLY
2020-10,VMI
2020-10,VSAT
2020-10,VSH
2020-10,VSM
2020-10,VVV
2020-10,WAFD
2020-10,WBS
2020-10,WEN
2020-10,WERN
2020-10,WEX
2020-10,WOR
2020-10,WPX
2020-10,WRB
2020-10,WRI
2020-10,WSM
2020-10,WSO
2020-10,WST
2020-10,WTFC
2020-10,WTRG
2020-10,WW
2020-10,WWD
2020-10,WWE
2020-10,WYND
2020-10,X
2020-10,XPO
2020-10,Y
2020-10,YELP
2020-11,AAN
2020-11,AAXN
2020-11,ACC
2020-11,ACHC
2020-11,ACIW
2020-11,ACM
2020-11,ADNT
2020-11,AEO
2020-11,AFG
2020-11,AGCO
2020-11,AKRX
2020-11,ALE
2020-11,AM
2020-11,AMCX
2020-11,AMED
2020-11,AMG
2020-11,AN
2020-11,APY
2020-11,ARW
2020-11,ARWR
2020-11,ASB
2020-11,ASGN
2020-11,ASH
2020-11,ATGE
2020-11,ATI
2020-11,ATO
2020-11,ATR
2020-11,AVNS
2020-11,AVT
2020-11,AYI
2020-11,BBBY
2020-11,BC
2020-11,BCO
2020-11,BDC
2020-11,BHF
2020-11,BID
2020-11,BIO
2020-11,BJ
2020-11,BKH
2020-11,BLKB
2020-11,BOH
2020-11,BRO
2020-11,BRX
2020-11,BXS
2020-11,BYD
2020-11,CABO
2020-11,CACI
2020-11,CAKE
2020-11,CAR
2020-11,CASY
2020-11,CATY
2020-11,CBRL
2020-11,CBSH
2020-11,CBT
2020-11,CC
2020-11,CCMP
2020-11,CDAY
2020-11,CDK
2020-11,CFR
2020-11,CFX
2020-11,CGNX
2020-11,CHDN
2020-11,CHE
2020-11,CHH
2020-11,CIEN
2020-11,CIT
2020-11,CLB
2020-11,CLGX
2020-11,CLH
2020-11,CLI
2020-11,CMC
2020-11,CMD
2020-11,CMP
2020-11,CNK
2020-11,CNO
2020-11,CNX
2020-11,COHR
2020-11,COLM
2020-11,CONE
2020-11,COR
2020-11,CPT
2020-11,CR
2020-11,CREE
2020-11,CRI
2020-11,CRL
2020-11,CRS
2020-11,CRUS
2020-11,CSL
2020-11,CTLT
2020-11,CUZ
2020-11,CVLT
2020-11,CW
2020-11,CXW
2020-11,CZR
2020-11,DAN
2020-11,DAR
2020-11,DCI
2020-11,DDS
2020-11,DECK
2020-11,DEI
2020-11,DKS
2020-11,DLPH
2020-11,DLX
2020-11,DNKN
2020-11,DNOW
2020-11,DPZ
2020-11,DY
2020-11,EAT
2020-11,EGP
2020-11,EHC
2020-11,EME
2020-11,ENR
2020-11,ENS
2020-11,EPC
2020-11,EPR
2020-11,EQT
2020-11,ERI
2020-11,ETRN
2020-11,ETSY
2020-11,EV
2020-11,EVR
2020-11,EWBC
2020-11,EXEL
2020-11,EXP
2020-11,FAF
2020-11,FCFS
2020-11,FCN
2020-11,FDS
2020-11,FFIN
2020-11,FHN
2020-11,FICO
2020-11,FII
2020-11,FIVE
2020-11,FL
2020-11,FLO
2020-11,FLR
2020-11,FNB
2020-11,FR
2020-11,FSLR
2020-11,FULT
2020-11,GATX
2020-11,GEF
2020-11,GEO
2020-11,GGG
2020-11,GHC
2020-11,GME
2020-11,GMED
2020-11,GNRC
2020-11,GNTX
2020-11,GNW
2020-11,GRUB
2020-11,GT
2020-11,HAE
2020-11,HAIN
2020-11,HCSG
2020-11,HE
2020-11,HELE
2020-11,HIW
2020-11,HNI
2020-11,HOMB
2020-11,HPT
2020-11,HQY
2020-11,HR
2020-11,HRC
2020-11,HUBB
2020-11,HWC
2020-11,IART
2020-11,IBKR
2020-11,IBOC
2020-11,ICUI
2020-11,IDA
2020-11,IDCC
2020-11,IIVI
2020-11,INGR
2020-11,INT
2020-11,ISCA
2020-11,ITT
2020-11,JACK
2020-11,JBGS
2020-11,JBL
2020-11,JBLU
2020-11,JCOM
2020-11,JEF
2020-11,JHG
2020-11,JLL
2020-11,JW.A
2020-11,KAR
2020-11,KBH
2020-11,KBR
2020-11,KEX
2020-11,KMPR
2020-11,KMT
2020-11,KNX
2020-11,KRC
2020-11,LAMR
2020-11,LANC
2020-11,LEA
2020-11,LECO
2020-11,LFUS
2020-11,LGND
2020-11,LHCG
2020-11,LII
2020-11,LITE
2020-11,LIVN
2020-11,LM
2020-11,LOPE
2020-11,LPX
2020-11,LSI
2020-11,LSTR
2020-11,MAC
2020-11,MAN
2020-11,MANH
2020-11,MASI
2020-11,MAT
2020-11,MCY
2020-11,MD
2020-11,MDP
2020-11,MDRX
2020-11,MDU
2020-11,MKSI
2020-11,MLHR
2020-11,MMS
2020-11,MOH
2020-11,MPW
2020-11,MPWR
2020-11,MSA
2020-11,MSM
2020-11,MTDR
2020-11,MTX
2020-11,MTZ
2020-11,MUR
2020-11,MUSA
2020-11,NATI
2020-11,NAVI
2020-11,NCR
2020-11,NDSN
2020-11,NEU
2020-11,NFG
2020-11,NGVT
2020-11,NJR
2020-11,NNN
2020-11,NSP
2020-11,NTCT
2020-11,NUS
2020-11,NUVA
2020-11,NVT
2020-11,NWE
2020-11,NYCB
2020-11,NYT
2020-11,OC
2020-11,ODP
2020-11,OFC
2020-11,OGE
2020-11,OGS
2020-11,OHI
2020-11,OI
2020-11,OLED
2020-11,OLLI
2020-11,OLN
2020-11,ORI
2020-11,OSK
2020-11,OZK
2020-11,PACW
2020-11,PB
2020-11,PBF
2020-11,PBH
2020-11,PCH
2020-11,PDCO
2020-11,PEB
2020-11,PEN
2020-11,PENN
2020-11,PII
2020-11,PK
2020-11,PNFP
2020-11,PNM
2020-11,POL
2020-11,POOL
2020-11,POST
2020-11,PPC
2020-11,PRAH
2020-11,PRI
2020-11,PSB
2020-11,PTC
2020-11,PTEN
2020-11,PZZA
2020-11,R
2020-11,RAMP
2020-11,RBC
2020-11,RGA
2020-11,RGEN
2020-11,RGLD
2020-11,RH
2020-11,RIG
2020-11,RNR
2020-11,ROL
2020-11,RPM
2020-11,RS
2020-11,RYN
2020-11,SABR
2020-11,SAFM
2020-11,SAIC
2020-11,SAM
2020-11,SBH
2020-11,SBNY
2020-11,SBRA
2020-11,SCI
2020-11,SEIC
2020-11,SF
2020-11,SFM
2020-11,SGMS
2020-11,SIGI
2020-11,SIX
2020-11,SKX
2020-11,SLAB
2020-11,SLGN
2020-11,SLM
2020-11,SMG
2020-11,SMTC
2020-11,SNH
2020-11,SNV
2020-11,SNX
2020-11,SON
2020-11,SRC
2020-11,SRCL
2020-11,STL
2020-11,STLD
2020-11,SWX
2020-11,SXT
2020-11,SYNA
2020-11,SYNH
2020-11,TCBI
2020-11,TCO
2020-11,TDC
2020-11,TDS
2020-11,TDY
2020-11,TECD
2020-11,TECH
2020-11,TER
2020-11,TEX
2020-11,TGNA
2020-11,THC
2020-11,THG
2020-11,THO
2020-11,THS
2020-11,TKR
2020-11,TMHC
2020-11,TOL
2020-11,TPH
2020-11,TPX
2020-11,TR
2020-11,TREE
2020-11,TREX
2020-11,TRIP
2020-11,TRMB
2020-11,TRMK
2020-11,TRN
2020-11,TTC
2020-11,TTEK
2020-11,TXRH
2020-11,TYL
2020-11,UBSI
2020-11,UE
2020-11,UFS
2020-11,UGI
2020-11,UMBF
2020-11,UMPQ
2020-11,UNFI
2020-11,URBN
2020-11,UTHR
2020-11,VAC
2020-11,VC
2020-11,VLY
2020-11,VMI
2020-11,VSAT
2020-11,VSH
2020-11,VSM
2020-11,VVV
2020-11,WAFD
2020-11,WBS
2020-11,WEN
2020-11,WERN
2020-11,WEX
2020-11,WOR
2020-11,WPX
2020-11,WRB
2020-11,WRI
2020-11,WSM
2020-11,WSO
2020-11,WST
2020-11,WTFC
2020-11,WTRG
2020-11,WW
2020-11,WWD
2020-11,WWE
2020-11,WYND
2020-11,X
2020-11,XEC
2020-11,XPO
2020-11,Y
2020-11,YELP
2020-12,AAXN
2020-12,ACC
2020-12,ACHC
2020-12,ACIW
2020-12,ACM
2020-12,ADNT
2020-12,ADS
2020-12,AEO
2020-12,AFG
2020-12,AGCO
2020-12,AIRC
2020-12,ALE
2020-12,AM
2020-12,AMED
2020-12,AMG
2020-12,AN
2020-12,APY
2020-12,ARW
2020-12,ARWR
2020-12,ASB
2020-12,ASGN
2020-12,ASH
2020-12,ATGE
2020-12,ATR
2020-12,AVNS
2020-12,AVT
2020-12,AYI
2020-12,BC
2020-12,BCO
2020-12,BDC
2020-12,BHF
2020-12,BJ
2020-12,BKH
2020-12,BLKB
2020-12,BOH
2020-12,BRO
2020-12,BRX
2020-12,BXS
2020-12,BYD
2020-12,CABO
2020-12,CACI
2020-12,CAR
2020-12,CASY
2020-12,CATY
2020-12,CBRL
2020-12,CBSH
2020-12,CBT
2020-12,CC
2020-12,CCMP
2020-12,CDAY
2020-12,CDK
2020-12,CFR
2020-12,CFX
2020-12,CGNX
2020-12,CHDN
2020-12,CHE
2020-12,CHH
2020-12,CIEN
2020-12,CIT
2020-12,CLGX
2020-12,CLH
2020-12,CMC
2020-12,CMD
2020-12,CMP
2020-12,CNK
2020-12,CNO
2020-12,CNX
2020-12,COHR
2020-12,COLM
2020-12,CONE
2020-12,COR
2020-12,CPT
2020-12,CR
2020-12,CREE
2020-12,CRI
2020-12,CRL
2020-12,CRUS
2020-12,CSL
2020-12,CUZ
2020-12,CVLT
2020-12,CW
2020-12,CZR
2020-12,DAN
2020-12,DAR
2020-12,DCI
2020-12,DECK
2020-12,DEI
2020-12,DKS
2020-12,DY
2020-12,EGP
2020-12,EHC
2020-12,EME
2020-12,ENR
2020-12,ENS
2020-12,EPC
2020-12,EPR
2020-12,EQT
2020-12,ETRN
2020-12,EV
2020-12,EVR
2020-12,EWBC
2020-12,EXEL
2020-12,EXP
2020-12,FAF
2020-12,FCFS
2020-12,FCN
2020-12,FDS
2020-12,FFIN
2020-12,FHN
2020-12,FICO
2020-12,FII
2020-12,FIVE
2020-12,FL
2020-12,FLO
2020-12,FLR
2020-12,FNB
2020-12,FR
2020-12,FSLR
2020-12,FULT
2020-12,GATX
2020-12,GBCI
2020-12,GEF
2020-12,GGG
2020-12,GHC
2020-12,GMED
2020-12,GNRC
2020-12,GNTX
2020-12,GNW
2020-12,GRUB
2020-12,GT
2020-12,HAE
2020-12,HAIN
2020-12,HCSG
2020-12,HE
2020-12,HELE
2020-12,HIW
2020-12,HNI
2020-12,HOG
2020-12,HOMB
2020-12,HPP
2020-12,HPT
2020-12,HQY
2020-12,HR
2020-12,HRC
2020-12,HUBB
2020-12,HWC
2020-12,HXL
2020-12,IART
2020-12,IBKR
2020-12,IBOC
2020-12,ICUI
2020-12,IDA
2020-12,IDCC
2020-12,IIVI
2020-12,INGR
2020-12,INT
2020-12,ITT
2020-12,JACK
2020-12,JBGS
2020-12,JBL
2020-12,JBLU
2020-12,JCOM
2020-12,JEF
2020-12,JHG
2020-12,JLL
2020-12,JW.A
2020-12,JWN
2020-12,KAR
2020-12,KBH
2020-12,KBR
2020-12,KEX
2020-12,KMPR
2020-12,KMT
2020-12,KNX
2020-12,KRC
2020-12,LAMR
2020-12,LANC
2020-12,LEA
2020-12,LECO
2020-12,LFUS
2020-12,LGND
2020-12,LHCG
2020-12,LII
2020-12,LITE
2020-12,LIVN
2020-12,LOPE
2020-12,LPX
2020-12,LSI
2020-12,LSTR
2020-12,MAC
2020-12,MAN
2020-12,MANH
2020-12,MASI
2020-12,MAT
2020-12,MCY
2020-12,MDU
2020-12,MIDD
2020-12,MKSI
2020-12,MLHR
2020-12,MMS
2020-12,MOH
2020-12,MPW
2020-12,MPWR
2020-12,MSA
2020-12,MSM
2020-12,MTX
2020-12,MTZ
2020-12,MUR
2020-12,MUSA
2020-12,NATI
2020-12,NAVI
2020-12,NCR
2020-12,NDSN
2020-12,NEU
2020-12,NFG
2020-12,NGVT
2020-12,NJR
2020-12,NKTR
2020-12,NNN
2020-12,NSP
2020-12,NTCT
2020-12,NUS
2020-12,NUVA
2020-12,NVT
2020-12,NWE
2020-12,NYCB
2020-12,NYT
2020-12,OC
2020-12,OFC
2020-12,OGE
2020-12,OGS
2020-12,OHI
2020-12,OI
2020-12,OLED
2020-12,OLLI
2020-12,OLN
2020-12,ORI
2020-12,OSK
2020-12,OZK
2020-12,PACW
2020-12,PB
2020-12,PBH
2020-12,PCH
2020-12,PDCO
2020-12,PEB
2020-12,PEN
2020-12,PENN
2020-12,PII
2020-12,PK
2020-12,PNFP
2020-12,PNM
2020-12,POL
2020-12,POST
2020-12,PPC
2020-12,PRAH
2020-12,PRI
2020-12,PSB
2020-12,PTC
2020-12,PZZA
2020-12,QDEL
2020-12,QLYS
2020-12,R
2020-12,RAMP
2020-12,RBC
2020-12,RGA
2020-12,RGEN
2020-12,RGLD
2020-12,RH
2020-12,RNR
2020-12,RPM
2020-12,RS
2020-12,RYN
2020-12,SABR
2020-12,SAFM
2020-12,SAIC
2020-12,SAM
2020-12,SBNY
2020-12,SBRA
2020-12,SCI
2020-12,SEIC
2020-12,SF
2020-12,SFM
2020-12,SGMS
2020-12,SIGI
2020-12,SIX
2020-12,SKX
2020-12,SLAB
2020-12,SLGN
2020-12,SLM
2020-12,SMG
2020-12,SMTC
2020-12,SNV
2020-12,SNX
2020-12,SON
2020-12,SRC
2020-12,SRCL
2020-12,STL
2020-12,STLD
2020-12,STRA
2020-12,SWX
2020-12,SXT
2020-12,SYNA
2020-12,SYNH
2020-12,TCBI
2020-12,TCO
2020-12,TDC
2020-12,TDS
2020-12,TECH
2020-12,TEX
2020-12,TGNA
2020-12,THC
2020-12,THG
2020-12,THO
2020-12,THS
2020-12,TKR
2020-12,TMHC
2020-12,TOL
2020-12,TPH
2020-12,TPX
2020-12,TR
2020-12,TREE
2020-12,TREX
2020-12,TRIP
2020-12,TRMB
2020-12,TRMK
2020-12,TRN
2020-12,TTC
2020-12,TTEK
2020-12,TXRH
2020-12,UBSI
2020-12,UE
2020-12,UFS
2020-12,UGI
2020-12,UMBF
2020-12,UMPQ
2020-12,UNVR
2020-12,URBN
2020-12,UTHR
2020-12,VAC
2020-12,VC
2020-12,VLY
2020-12,VMI
2020-12,VSAT
2020-12,VSH
2020-12,VVV
2020-12,WAFD
2020-12,WBS
2020-12,WEN
2020-12,WERN
2020-12,WEX
2020-12,WH
2020-12,WOR
2020-12,WPX
2020-12,WRI
2020-12,WSM
2020-12,WSO
2020-12,WTFC
2020-12,WTRG
2020-12,WW
2020-12,WWD
2020-12,WWE
2020-12,WYND
2020-12,X
2020-12,XEC
2020-12,XPO
2020-12,Y
2020-12,YELP
2021-01,AAXN
2021-01,ACC
2021-01,ACHC
2021-01,ACIW
2021-01,ACM
2021-01,ADNT
2021-01,ADS
2021-01,AEO
2021-01,AFG
2021-01,AGCO
2021-01,AIRC
2021-01,ALE
2021-01,AM
2021-01,AMED
2021-01,AMG
2021-01,AN
2021-01,ARW
2021-01,ARWR
2021-01,ASB
2021-01,ASGN
2021-01,ASH
2021-01,ATGE
2021-01,ATR
2021-01,AVNS
2021-01,AVNT
2021-01,AVT
2021-01,AYI
2021-01,BC
2021-01,BCO
2021-01,BDC
2021-01,BHF
2021-01,BJ
2021-01,BKH
2021-01,BLKB
2021-01,BOH
2021-01,BRO
2021-01,BRX
2021-01,BXS
2021-01,BYD
2021-01,CABO
2021-01,CACI
2021-01,CAR
2021-01,CASY
2021-01,CATY
2021-01,CBRL
2021-01,CBSH
2021-01,CBT
2021-01,CC
2021-01,CCMP
2021-01,CDAY
2021-01,CDK
2021-01,CFR
2021-01,CFX
2021-01,CGNX
2021-01,CHDN
2021-01,CHE
2021-01,CHH
2021-01,CHX
2021-01,CIEN
2021-01,CIT
2021-01,CLGX
2021-01,CLH
2021-01,CMC
2021-01,CMD
2021-01,CMP
2021-01,CNK
2021-01,CNO
2021-01,CNX
2021-01,COHR
2021-01,COLM
2021-01,CONE
2021-01,COR
2021-01,CPT
2021-01,CR
2021-01,CREE
2021-01,CRI
2021-01,CRL
2021-01,CRUS
2021-01,CSL
2021-01,CUZ
2021-01,CVLT
2021-01,CW
2021-01,CZR
2021-01,DAN
2021-01,DAR
2021-01,DCI
2021-01,DECK
2021-01,DEI
2021-01,DKS
2021-01,DY
2021-01,EGP
2021-01,EHC
2021-01,EME
2021-01,ENR
2021-01,ENS
2021-01,EPC
2021-01,EPR
2021-01,EQT
2021-01,ETRN
2021-01,EV
2021-01,EVR
2021-01,EWBC
2021-01,EXEL
2021-01,EXP
2021-01,FAF
2021-01,FCFS
2021-01,FCN
2021-01,FDS
2021-01,FFIN
2021-01,FHI
2021-01,FHN
2021-01,FICO
2021-01,FIVE
2021-01,FL
2021-01,FLO
2021-01,FLR
2021-01,FNB
2021-01,FR
2021-01,FSLR
2021-01,FULT
2021-01,GATX
2021-01,GBCI
2021-01,GEF
2021-01,GGG
2021-01,GHC
2021-01,GMED
2021-01,GNRC
2021-01,GNTX
2021-01,GNW
2021-01,GRUB
2021-01,GT
2021-01,HAE
2021-01,HAIN
2021-01,HCSG
2021-01,HE
2021-01,HELE
2021-01,HIW
2021-01,HNI
2021-01,HOG
2021-01,HOMB
2021-01,HPP
2021-01,HQY
2021-01,HR
2021-01,HRC
2021-01,HUBB
2021-01,HWC
2021-01,HXL
2021-01,IART
2021-01,IBKR
2021-01,IBOC
2021-01,ICUI
2021-01,IDA
2021-01,IDCC
2021-01,IIVI
2021-01,INGR
2021-01,INT
2021-01,ITT
2021-01,JACK
2021-01,JBGS
2021-01,JBL
2021-01,JBLU
2021-01,JCOM
2021-01,JEF
2021-01,JHG
2021-01,JLL
2021-01,JW.A
2021-01,JWN
2021-01,KAR
2021-01,KBH
2021-01,KBR
2021-01,KEX
2021-01,KMPR
2021-01,KMT
2021-01,KNX
2021-01,KRC
2021-01,LAMR
2021-01,LANC
2021-01,LEA
2021-01,LECO
2021-01,LFUS
2021-01,LGND
2021-01,LHCG
2021-01,LII
2021-01,LITE
2021-01,LIVN
2021-01,LOPE
2021-01,LPX
2021-01,LSI
2021-01,LSTR
2021-01,MAC
2021-01,MAN
2021-01,MANH
2021-01,MASI
2021-01,MAT
2021-01,MCY
2021-01,MDU
2021-01,MIDD
2021-01,MKSI
2021-01,MLHR
2021-01,MMS
2021-01,MOH
2021-01,MPW
2021-01,MPWR
2021-01,MSA
2021-01,MSM
2021-01,MTX
2021-01,MTZ
2021-01,MUR
2021-01,MUSA
2021-01,NATI
2021-01,NAVI
2021-01,NCR
2021-01,NDSN
2021-01,NEU
2021-01,NFG
2021-01,NGVT
2021-01,NJR
2021-01,NKTR
2021-01,NNN
2021-01,NSP
2021-01,NTCT
2021-01,NUS
2021-01,NUVA
2021-01,NVT
2021-01,NWE
2021-01,NYCB
2021-01,NYT
2021-01,OC
2021-01,OFC
2021-01,OGE
2021-01,OGS
2021-01,OHI
2021-01,OI
2021-01,OLED
2021-01,OLLI
2021-01,OLN
2021-01,ORI
2021-01,OSK
2021-01,OZK
2021-01,PACW
2021-01,PB
2021-01,PBH
2021-01,PCH
2021-01,PDCO
2021-01,PEB
2021-01,PEN
2021-01,PENN
2021-01,PII
2021-01,PK
2021-01,PNFP
2021-01,PNM
2021-01,POST
2021-01,PPC
2021-01,PRAH
2021-01,PRI
2021-01,PSB
2021-01,PTC
2021-01,PZZA
2021-01,QDEL
2021-01,QLYS
2021-01,R
2021-01,RAMP
2021-01,RBC
2021-01,RGA
2021-01,RGEN
2021-01,RGLD
2021-01,RH
2021-01,RNR
2021-01,RPM
2021-01,RS
2021-01,RYN
2021-01,SABR
2021-01,SAFM
2021-01,SAIC
2021-01,SAM
2021-01,SBNY
2021-01,SBRA
2021-01,SCI
2021-01,SEIC
2021-01,SF
2021-01,SFM
2021-01,SGMS
2021-01,SIGI
2021-01,SIX
2021-01,SKX
2021-01,SLAB
2021-01,SLGN
2021-01,SLM
2021-01,SMG
2021-01,SMTC
2021-01,SNV
2021-01,SNX
2021-01,SON
2021-01,SRC
2021-01,SRCL
2021-01,STL
2021-01,STLD
2021-01,STRA
2021-01,SVC
2021-01,SWX
2021-01,SXT
2021-01,SYNA
2021-01,SYNH
2021-01,TCBI
2021-01,TDC
2021-01,TDS
2021-01,TECH
2021-01,TEX
2021-01,TGNA
2021-01,THC
2021-01,THG
2021-01,THO
2021-01,THS
2021-01,TKR
2021-01,TMHC
2021-01,TOL
2021-01,TPH
2021-01,TPX
2021-01,TR
2021-01,TREE
2021-01,TREX
2021-01,TRIP
2021-01,TRMK
2021-01,TRN
2021-01,TTC
2021-01,TTEK
2021-01,TXRH
2021-01,UBSI
2021-01,UE
2021-01,UFS
2021-01,UGI
2021-01,UMBF
2021-01,UMPQ
2021-01,UNVR
2021-01,URBN
2021-01,UTHR
2021-01,VAC
2021-01,VC
2021-01,VLY
2021-01,VMI
2021-01,VSAT
2021-01,VSH
2021-01,VVV
2021-01,WAFD
2021-01,WBS
2021-01,WEN
2021-01,WERN
2021-01,WEX
2021-01,WH
2021-01,WOR
2021-01,WRI
2021-01,WSM
2021-01,WSO
2021-01,WTFC
2021-01,WTRG
2021-01,WW
2021-01,WWD
2021-01,WWE
2021-01,WYND
2021-01,X
2021-01,XEC
2021-01,XPO
2021-01,Y
2021-01,YELP
2021-02,AAXN
2021-02,ACC
2021-02,ACHC
2021-02,ACIW
2021-02,ACM
2021-02,ADNT
2021-02,ADS
2021-02,AEO
2021-02,AFG
2021-02,AGCO
2021-02,AIRC
2021-02,ALE
2021-02,AM
2021-02,AMED
2021-02,AMG
2021-02,AN
2021-02,ARW
2021-02,ARWR
2021-02,ASB
2021-02,ASGN
2021-02,ASH
2021-02,ATGE
2021-02,ATR
2021-02,AVNS
2021-02,AVNT
2021-02,AVT
2021-02,AYI
2021-02,BC
2021-02,BCO
2021-02,BDC
2021-02,BHF
2021-02,BJ
2021-02,BKH
2021-02,BLD
2021-02,BLDR
2021-02,BLKB
2021-02,BOH
2021-02,BRKS
2021-02,BRO
2021-02,BRX
2021-02,BXS
2021-02,BYD
2021-02,CABO
2021-02,CACI
2021-02,CAR
2021-02,CASY
2021-02,CATY
2021-02,CBRL
2021-02,CBSH
2021-02,CBT
2021-02,CC
2021-02,CCMP
2021-02,CDAY
2021-02,CDK
2021-02,CFR
2021-02,CFX
2021-02,CGNX
2021-02,CHDN
2021-02,CHE
2021-02,CHH
2021-02,CHX
2021-02,CIEN
2021-02,CIT
2021-02,CLGX
2021-02,CLH
2021-02,CMC
2021-02,CMD
2021-02,CMP
2021-02,CNK
2021-02,CNO
2021-02,CNX
2021-02,CNXC
2021-02,COHR
2021-02,COLM
2021-02,CONE
2021-02,COR
2021-02,COTY
2021-02,CPRI
2021-02,CPT
2021-02,CR
2021-02,CREE
2021-02,CRI
2021-02,CRL
2021-02,CRUS
2021-02,CSL
2021-02,CUZ
2021-02,CVLT
2021-02,CW
2021-02,CZR
2021-02,DAN
2021-02,DAR
2021-02,DCI
2021-02,DECK
2021-02,DEI
2021-02,DKS
2021-02,DOC
2021-02,DY
2021-02,EBS
2021-02,EGP
2021-02,EHC
2021-02,EME
2021-02,ENR
2021-02,ENS
2021-02,EPC
2021-02,EPR
2021-02,EQT
2021-02,ESNT
2021-02,ETRN
2021-02,EV
2021-02,EVR
2021-02,EWBC
2021-02,EXEL
2021-02,EXP
2021-02,FAF
2021-02,FCFS
2021-02,FCN
2021-02,FDS
2021-02,FFIN
2021-02,FHI
2021-02,FHN
2021-02,FICO
2021-02,FIVE
2021-02,FL
2021-02,FLO
2021-02,FLR
2021-02,FNB
2021-02,FOXF
2021-02,FR
2021-02,FSLR
2021-02,FULT
2021-02,GATX
2021-02,GBCI
2021-02,GEF
2021-02,GGG
2021-02,GHC
2021-02,GMED
2021-02,GNRC
2021-02,GNTX
2021-02,GNW
2021-02,GO
2021-02,GRUB
2021-02,GT
2021-02,HAE
2021-02,HAIN
2021-02,HALO
2021-02,HCSG
2021-02,HE
2021-02,HELE
2021-02,HIW
2021-02,HNI
2021-02,HOG
2021-02,HOMB
2021-02,HPP
2021-02,HQY
2021-02,HR
2021-02,HRB
2021-02,HRC
2021-02,HUBB
2021-02,HWC
2021-02,HXL
2021-02,IAA
2021-02,IART
2021-02,IBKR
2021-02,IBOC
2021-02,ICUI
2021-02,IDA
2021-02,IDCC
2021-02,IIVI
2021-02,INGR
2021-02,INT
2021-02,ITT
2021-02,JACK
2021-02,JAZZ
2021-02,JBGS
2021-02,JBL
2021-02,JBLU
2021-02,JCOM
2021-02,JEF
2021-02,JHG
2021-02,JLL
2021-02,JW.A
2021-02,JWN
2021-02,KAR
2021-02,KBH
2021-02,KBR
2021-02,KEX
2021-02,KMPR
2021-02,KMT
2021-02,KNSL
2021-02,KNX
2021-02,KRC
2021-02,KSS
2021-02,LAD
2021-02,LAMR
2021-02,LANC
2021-02,LEA
2021-02,LECO
2021-02,LFUS
2021-02,LGND
2021-02,LHCG
2021-02,LII
2021-02,LITE
2021-02,LIVN
2021-02,LOPE
2021-02,LPX
2021-02,LSI
2021-02,LSTR
2021-02,MAC
2021-02,MAN
2021-02,MANH
2021-02,MASI
2021-02,MAT
2021-02,MCY
2021-02,MDU
2021-02,MEDP
2021-02,MIDD
2021-02,MKSI
2021-02,MLHR
2021-02,MMS
2021-02,MOH
2021-02,MPW
2021-02,MPWR
2021-02,MRCY
2021-02,MSA
2021-02,MSM
2021-02,MTG
2021-02,MTX
2021-02,MTZ
2021-02,MUR
2021-02,MUSA
2021-02,NATI
2021-02,NAVI
2021-02,NCR
2021-02,NDSN
2021-02,NEOG
2021-02,NEU
2021-02,NFG
2021-02,NGVT
2021-02,NJR
2021-02,NKTR
2021-02,NNN
2021-02,NSP
2021-02,NTCT
2021-02,NUS
2021-02,NUVA
2021-02,NVT
2021-02,NWE
2021-02,NYCB
2021-02,NYT
2021-02,OC
2021-02,OFC
2021-02,OGE
2021-02,OGS
2021-02,OHI
2021-02,OI
2021-02,OLED
2021-02,OLLI
2021-02,OLN
2021-02,ORI
2021-02,OSK
2021-02,OZK
2021-02,PACW
2021-02,PB
2021-02,PBH
2021-02,PCH
2021-02,PCTY
2021-02,PDCO
2021-02,PEB
2021-02,PEN
2021-02,PENN
2021-02,PII
2021-02,PK
2021-02,PNFP
2021-02,PNM
2021-02,POST
2021-02,PPC
2021-02,PRAH
2021-02,PRG
2021-02,PRI
2021-02,PRSP
2021-02,PSB
2021-02,PTC
2021-02,PZZA
2021-02,QDEL
2021-02,QLYS
2021-02,R
2021-02,RAMP
2021-02,RBC
2021-02,REXR
2021-02,RGA
2021-02,RGEN
2021-02,RGLD
2021-02,RH
2021-02,RLI
2021-02,RNR
2021-02,RPM
2021-02,RS
2021-02,RUN
2021-02,RYN
2021-02,SABR
2021-02,SAFM
2021-02,SAIC
2021-02,SAIL
2021-02,SAM
2021-02,SBNY
2021-02,SBRA
2021-02,SCI
2021-02,SEDG
2021-02,SEIC
2021-02,SF
2021-02,SFM
2021-02,SGMS
2021-02,SIGI
2021-02,SIX
2021-02,SKX
2021-02,SLAB
2021-02,SLGN
2021-02,SLM
2021-02,SMG
2021-02,SMTC
2021-02,SNV
2021-02,SNX
2021-02,SON
2021-02,SR
2021-02,SRC
2021-02,SRCL
2021-02,SSD
2021-02,STL
2021-02,STLD
2021-02,STOR
2021-02,STRA
2021-02,SVC
2021-02,SWX
2021-02,SXT
2021-02,SYNA
2021-02,SYNH
2021-02,TCBI
2021-02,TCF
2021-02,TDC
2021-02,TDS
2021-02,TECH
2021-02,TEX
2021-02,TGNA
2021-02,THC
2021-02,THG
2021-02,THO
2021-02,THS
2021-02,TKR
2021-02,TMHC
2021-02,TOL
2021-02,TPH
2021-02,TPX
2021-02,TR
2021-02,TREE
2021-02,TREX
2021-02,TRIP
2021-02,TRMK
2021-02,TRN
2021-02,TTC
2021-02,TTEK
2021-02,TXRH
2021-02,UBSI
2021-02,UE
2021-02,UFS
2021-02,UGI
2021-02,UMBF
2021-02,UMPQ
2021-02,UNVR
2021-02,URBN
2021-02,UTHR
2021-02,VAC
2021-02,VC
2021-02,VLY
2021-02,VMI
2021-02,VSAT
2021-02,VSH
2021-02,VVV
2021-02,WAFD
2021-02,WBS
2021-02,WEN
2021-02,WERN
2021-02,WEX
2021-02,WH
2021-02,WING
2021-02,WOR
2021-02,WRI
2021-02,WSM
2021-02,WSO
2021-02,WTFC
2021-02,WTRG
2021-02,WW
2021-02,WWD
2021-02,WWE
2021-02,WYND
2021-02,X
2021-02,XEC
2021-02,XPO
2021-02,Y
2021-02,YELP
2021-03,ACC
2021-03,ACHC
2021-03,ACIW
2021-03,ACM
2021-03,ADNT
2021-03,ADS
2021-03,AEO
2021-03,AFG
2021-03,AGCO
2021-03,AIRC
2021-03,ALE
2021-03,AM
2021-03,AMED
2021-03,AMG
2021-03,AMKR
2021-03,AN
2021-03,ARW
2021-03,ARWR
2021-03,ASB
2021-03,ASGN
2021-03,ASH
2021-03,ATGE
2021-03,ATR
2021-03,AVNS
2021-03,AVNT
2021-03,AVT
2021-03,AXON
2021-03,AYI
2021-03,BC
2021-03,BCO
2021-03,BDC
2021-03,BHF
2021-03,BJ
2021-03,BKH
2021-03,BLD
2021-03,BLDR
2021-03,BLKB
2021-03,BOH
2021-03,BRKS
2021-03,BRO
2021-03,BRX
2021-03,BXS
2021-03,BYD
2021-03,CABO
2021-03,CACI
2021-03,CAR
2021-03,CASY
2021-03,CATY
2021-03,CBRL
2021-03,CBSH
2021-03,CBT
2021-03,CC
2021-03,CCMP
2021-03,CDAY
2021-03,CDK
2021-03,CFR
2021-03,CFX
2021-03,CGNX
2021-03,CHDN
2021-03,CHE
2021-03,CHH
2021-03,CHX
2021-03,CIEN
2021-03,CIT
2021-03,CLF
2021-03,CLGX
2021-03,CLH
2021-03,CMC
2021-03,CMD
2021-03,CMP
2021-03,CNK
2021-03,CNO
2021-03,CNX
2021-03,CNXC
2021-03,COHR
2021-03,COLM
2021-03,CONE
2021-03,COR
2021-03,COTY
2021-03,CPRI
2021-03,CPT
2021-03,CR
2021-03,CREE
2021-03,CRI
2021-03,CRL
2021-03,CRUS
2021-03,CSL
2021-03,CUZ
2021-03,CVLT
2021-03,CW
2021-03,DAN
2021-03,DAR
2021-03,DCI
2021-03,DECK
2021-03,DEI
2021-03,DKS
2021-03,DOC
2021-03,DY
2021-03,EBS
2021-03,EGP
2021-03,EHC
2021-03,EME
2021-03,ENR
2021-03,ENS
2021-03,EPR
2021-03,EQT
2021-03,ESNT
2021-03,ETRN
2021-03,EVR
2021-03,EWBC
2021-03,EXEL
2021-03,EXP
2021-03,FAF
2021-03,FCFS
2021-03,FCN
2021-03,FDS
2021-03,FFIN
2021-03,FHI
2021-03,FHN
2021-03,FICO
2021-03,FIVE
2021-03,FL
2021-03,FLO
2021-03,FLR
2021-03,FLS
2021-03,FNB
2021-03,FOXF
2021-03,FR
2021-03,FSLR
2021-03,FULT
2021-03,GATX
2021-03,GBCI
2021-03,GEF
2021-03,GGG
2021-03,GHC
2021-03,GMED
2021-03,GNTX
2021-03,GNW
2021-03,GO
2021-03,GRUB
2021-03,GT
2021-03,HAE
2021-03,HAIN
2021-03,HALO
2021-03,HCSG
2021-03,HE
2021-03,HELE
2021-03,HIW
2021-03,HOG
2021-03,HOMB
2021-03,HPP
2021-03,HQY
2021-03,HR
2021-03,HRB
2021-03,HRC
2021-03,HUBB
2021-03,HWC
2021-03,HXL
2021-03,IAA
2021-03,IART
2021-03,IBKR
2021-03,IBOC
2021-03,ICUI
2021-03,IDA
2021-03,IDCC
2021-03,IIVI
2021-03,INGR
2021-03,INT
2021-03,ITT
2021-03,JACK
2021-03,JAZZ
2021-03,JBGS
2021-03,JBL
2021-03,JBLU
2021-03,JCOM
2021-03,JEF
2021-03,JHG
2021-03,JLL
2021-03,JW.A
2021-03,JWN
2021-03,KAR
2021-03,KBH
2021-03,KBR
2021-03,KEX
2021-03,KMPR
2021-03,KMT
2021-03,KNSL
2021-03,KNX
2021-03,KRC
2021-03,KSS
2021-03,LAD
2021-03,LAMR
2021-03,LANC
2021-03,LEA
2021-03,LECO
2021-03,LFUS
2021-03,LGND
2021-03,LHCG
2021-03,LII
2021-03,LITE
2021-03,LIVN
2021-03,LOPE
2021-03,LPX
2021-03,LSI
2021-03,LSTR
2021-03,MAC
2021-03,MAN
2021-03,MANH
2021-03,MASI
2021-03,MAT
2021-03,MCY
2021-03,MDU
2021-03,MEDP
2021-03,MIDD
2021-03,MKSI
2021-03,MLHR
2021-03,MMS
2021-03,MOH
2021-03,MPW
2021-03,MRCY
2021-03,MSA
2021-03,MSM
2021-03,MTG
2021-03,MTX
2021-03,MTZ
2021-03,MUR
2021-03,MUSA
2021-03,NATI
2021-03,NAVI
2021-03,NCR
2021-03,NDSN
2021-03,NEOG
2021-03,NEU
2021-03,NFG
2021-03,NGVT
2021-03,NJR
2021-03,NKTR
2021-03,NNN
2021-03,NSP
2021-03,NTCT
2021-03,NUS
2021-03,NUVA
2021-03,NVT
2021-03,NWE
2021-03,NYCB
2021-03,NYT
2021-03,OC
2021-03,OFC
2021-03,OGE
2021-03,OGS
2021-03,OHI
2021-03,OLED
2021-03,OLLI
2021-03,OLN
2021-03,ORI
2021-03,OSK
2021-03,OZK
2021-03,PACW
2021-03,PB
2021-03,PCH
2021-03,PCTY
2021-03,PDCO
2021-03,PEB
2021-03,PEN
2021-03,PII
2021-03,PK
2021-03,PNFP
2021-03,PNM
2021-03,POST
2021-03,PPC
2021-03,PRAH
2021-03,PRG
2021-03,PRI
2021-03,PRSP
2021-03,PSB
2021-03,PTC
2021-03,PZZA
2021-03,QDEL
2021-03,QLYS
2021-03,R
2021-03,RAMP
2021-03,RBC
2021-03,REXR
2021-03,RGA
2021-03,RGEN
2021-03,RGLD
2021-03,RH
2021-03,RLI
2021-03,RNR
2021-03,RPM
2021-03,RS
2021-03,RUN
2021-03,RYN
2021-03,SABR
2021-03,SAFM
2021-03,SAIC
2021-03,SAIL
2021-03,SAM
2021-03,SBNY
2021-03,SBRA
2021-03,SCI
2021-03,SEDG
2021-03,SEIC
2021-03,SF
2021-03,SFM
2021-03,SGMS
2021-03,SIGI
2021-03,SIX
2021-03,SKX
2021-03,SLAB
2021-03,SLG
2021-03,SLGN
2021-03,SLM
2021-03,SMG
2021-03,SMTC
2021-03,SNV
2021-03,SNX
2021-03,SON
2021-03,SR
2021-03,SRC
2021-03,SRCL
2021-03,SSD
2021-03,STL
2021-03,STLD
2021-03,STOR
2021-03,STRA
2021-03,SVC
2021-03,SWX
2021-03,SXT
2021-03,SYNA
2021-03,SYNH
2021-03,TCBI
2021-03,TCF
2021-03,TDC
2021-03,TDS
2021-03,TECH
2021-03,TEX
2021-03,TGNA
2021-03,THC
2021-03,THG
2021-03,THO
2021-03,THS
2021-03,TKR
2021-03,TMHC
2021-03,TNL
2021-03,TOL
2021-03,TPH
2021-03,TPX
2021-03,TR
2021-03,TREE
2021-03,TREX
2021-03,TRIP
2021-03,TRMK
2021-03,TRN
2021-03,TTC
2021-03,TTEK
2021-03,TXRH
2021-03,UBSI
2021-03,UE
2021-03,UFS
2021-03,UGI
2021-03,UMBF
2021-03,UMPQ
2021-03,UNVR
2021-03,URBN
2021-03,UTHR
2021-03,VAC
2021-03,VC
2021-03,VLY
2021-03,VMI
2021-03,VNT
2021-03,VSAT
2021-03,VSH
2021-03,VVV
2021-03,WAFD
2021-03,WBS
2021-03,WEN
2021-03,WERN
2021-03,WEX
2021-03,WH
2021-03,WING
2021-03,WOR
2021-03,WRI
2021-03,WSM
2021-03,WSO
2021-03,WTFC
2021-03,WTRG
2021-03,WW
2021-03,WWD
2021-03,WWE
2021-03,X
2021-03,XEC
2021-03,XPO
2021-03,XRX
2021-03,Y
2021-03,YELP
2021-04,ACC
2021-04,ACHC
2021-04,ACIW
2021-04,ACM
2021-04,ADNT
2021-04,ADS
2021-04,AEO
2021-04,AFG
2021-04,AGCO
2021-04,AIRC
2021-04,ALE
2021-04,AM
2021-04,AMED
2021-04,AMG
2021-04,AMKR
2021-04,AN
2021-04,ARW
2021-04,ARWR
2021-04,ASB
2021-04,ASGN
2021-04,ASH
2021-04,ATGE
2021-04,ATR
2021-04,AVNS
2021-04,AVNT
2021-04,AVT
2021-04,AXON
2021-04,AYI
2021-04,BC
2021-04,BCO
2021-04,BDC
2021-04,BHF
2021-04,BJ
2021-04,BKH
2021-04,BLD
2021-04,BLDR
2021-04,BLKB
2021-04,BOH
2021-04,BRKS
2021-04,BRO
2021-04,BRX
2021-04,BXS
2021-04,BYD
2021-04,CABO
2021-04,CACI
2021-04,CAR
2021-04,CASY
2021-04,CATY
2021-04,CBRL
2021-04,CBSH
2021-04,CBT
2021-04,CC
2021-04,CCMP
2021-04,CDAY
2021-04,CDK
2021-04,CFR
2021-04,CFX
2021-04,CGNX
2021-04,CHDN
2021-04,CHE
2021-04,CHH
2021-04,CHX
2021-04,CIEN
2021-04,CIT
2021-04,CLF
2021-04,CLGX
2021-04,CLH
2021-04,CMC
2021-04,CMD
2021-04,CMP
2021-04,CNK
2021-04,CNO
2021-04,CNX
2021-04,CNXC
2021-04,COHR
2021-04,COLM
2021-04,CONE
2021-04,COR
2021-04,COTY
2021-04,CPRI
2021-04,CPT
2021-04,CR
2021-04,CREE
2021-04,CRI
2021-04,CRL
2021-04,CRUS
2021-04,CSL
2021-04,CUZ
2021-04,CVLT
2021-04,CW
2021-04,DAN
2021-04,DAR
2021-04,DCI
2021-04,DECK
2021-04,DEI
2021-04,DKS
2021-04,DOC
2021-04,DY
2021-04,EBS
2021-04,EGP
2021-04,EHC
2021-04,EME
2021-04,ENR
2021-04,ENS
2021-04,EPR
2021-04,EQT
2021-04,ESNT
2021-04,ETRN
2021-04,EVR
2021-04,EWBC
2021-04,EXEL
2021-04,EXP
2021-04,FAF
2021-04,FCFS
2021-04,FCN
2021-04,FDS
2021-04,FFIN
2021-04,FHI
2021-04,FHN
2021-04,FICO
2021-04,FIVE
2021-04,FL
2021-04,FLO
2021-04,FLR
2021-04,FLS
2021-04,FNB
2021-04,FOXF
2021-04,FR
2021-04,FSLR
2021-04,FULT
2021-04,GATX
2021-04,GBCI
2021-04,GEF
2021-04,GGG
2021-04,GHC
2021-04,GMED
2021-04,GNTX
2021-04,GNW
2021-04,GO
2021-04,GRUB
2021-04,GT
2021-04,HAE
2021-04,HAIN
2021-04,HALO
2021-04,HCSG
2021-04,HE
2021-04,HELE
2021-04,HIW
2021-04,HOG
2021-04,HOMB
2021-04,HPP
2021-04,HQY
2021-04,HR
2021-04,HRB
2021-04,HRC
2021-04,HUBB
2021-04,HWC
2021-04,HXL
2021-04,IAA
2021-04,IART
2021-04,IBKR
2021-04,IBOC
2021-04,ICUI
2021-04,IDA
2021-04,IIVI
2021-04,INGR
2021-04,INT
2021-04,IRDM
2021-04,ITT
2021-04,JACK
2021-04,JAZZ
2021-04,JBGS
2021-04,JBL
2021-04,JBLU
2021-04,JCOM
2021-04,JEF
2021-04,JHG
2021-04,JLL
2021-04,JW.A
2021-04,JWN
2021-04,KAR
2021-04,KBH
2021-04,KBR
2021-04,KEX
2021-04,KMPR
2021-04,KMT
2021-04,KNSL
2021-04,KNX
2021-04,KRC
2021-04,KSS
2021-04,LAD
2021-04,LAMR
2021-04,LANC
2021-04,LEA
2021-04,LECO
2021-04,LFUS
2021-04,LGND
2021-04,LHCG
2021-04,LII
2021-04,LITE
2021-04,LIVN
2021-04,LOPE
2021-04,LPX
2021-04,LSCC
2021-04,LSI
2021-04,LSTR
2021-04,MAC
2021-04,MAN
2021-04,MANH
2021-04,MASI
2021-04,MAT
2021-04,MCY
2021-04,MDU
2021-04,MEDP
2021-04,MIDD
2021-04,MKSI
2021-04,MLHR
2021-04,MMS
2021-04,MOH
2021-04,MPW
2021-04,MRCY
2021-04,MSA
2021-04,MSM
2021-04,MTG
2021-04,MTX
2021-04,MTZ
2021-04,MUR
2021-04,MUSA
2021-04,NATI
2021-04,NAVI
2021-04,NBIX
2021-04,NCR
2021-04,NDSN
2021-04,NEOG
2021-04,NEU
2021-04,NFG
2021-04,NGVT
2021-04,NJR
2021-04,NKTR
2021-04,NNN
2021-04,NSP
2021-04,NTCT
2021-04,NUS
2021-04,NUVA
2021-04,NVST
2021-04,NVT
2021-04,NWE
2021-04,NYCB
2021-04,NYT
2021-04,OC
2021-04,OFC
2021-04,OGE
2021-04,OGS
2021-04,OHI
2021-04,OLED
2021-04,OLLI
2021-04,OLN
2021-04,ORI
2021-04,OSK
2021-04,OZK
2021-04,PACW
2021-04,PB
2021-04,PCH
2021-04,PCTY
2021-04,PDCO
2021-04,PEB
2021-04,PEN
2021-04,PGNY
2021-04,PII
2021-04,PK
2021-04,PNFP
2021-04,PNM
2021-04,POST
2021-04,PPC
2021-04,PRAH
2021-04,PRG
2021-04,PRI
2021-04,PRSP
2021-04,PSB
2021-04,PZZA
2021-04,QDEL
2021-04,QLYS
2021-04,R
2021-04,RAMP
2021-04,RBC
2021-04,REXR
2021-04,RGA
2021-04,RGEN
2021-04,RGLD
2021-04,RH
2021-04,RLI
2021-04,RNR
2021-04,RPM
2021-04,RS
2021-04,RUN
2021-04,RYN
2021-04,SABR
2021-04,SAFM
2021-04,SAIC
2021-04,SAIL
2021-04,SAM
2021-04,SBNY
2021-04,SBRA
2021-04,SCI
2021-04,SEDG
2021-04,SEIC
2021-04,SF
2021-04,SFM
2021-04,SGMS
2021-04,SIGI
2021-04,SIX
2021-04,SKX
2021-04,SLAB
2021-04,SLG
2021-04,SLGN
2021-04,SLM
2021-04,SMG
2021-04,SMTC
2021-04,SNV
2021-04,SNX
2021-04,SON
2021-04,SR
2021-04,SRC
2021-04,SRCL
2021-04,SSD
2021-04,STAA
2021-04,STL
2021-04,STLD
2021-04,STOR
2021-04,STRA
2021-04,SVC
2021-04,SWX
2021-04,SXT
2021-04,SYNA
2021-04,SYNH
2021-04,TCBI
2021-04,TCF
2021-04,TDC
2021-04,TDS
2021-04,TECH
2021-04,TEX
2021-04,TGNA
2021-04,THC
2021-04,THG
2021-04,THO
2021-04,THS
2021-04,TKR
2021-04,TMHC
2021-04,TNL
2021-04,TOL
2021-04,TPH
2021-04,TPX
2021-04,TR
2021-04,TREE
2021-04,TREX
2021-04,TRIP
2021-04,TRMK
2021-04,TRN
2021-04,TTC
2021-04,TTEK
2021-04,TXRH
2021-04,UBSI
2021-04,UE
2021-04,UGI
2021-04,UMBF
2021-04,UMPQ
2021-04,UNVR
2021-04,URBN
2021-04,UTHR
2021-04,VAC
2021-04,VC
2021-04,VLY
2021-04,VMI
2021-04,VNT
2021-04,VSAT
2021-04,VSH
2021-04,VVV
2021-04,WAFD
2021-04,WBS
2021-04,WEN
2021-04,WERN
2021-04,WEX
2021-04,WH
2021-04,WING
2021-04,WOR
2021-04,WRI
2021-04,WSM
2021-04,WSO
2021-04,WTFC
2021-04,WTRG
2021-04,WW
2021-04,WWD
2021-04,WWE
2021-04,X
2021-04,XEC
2021-04,XPO
2021-04,XRX
2021-04,Y
2021-04,YELP
2021-05,ACC
2021-05,ACHC
2021-05,ACIW
2021-05,ACM
2021-05,ADNT
2021-05,ADS
2021-05,AEO
2021-05,AFG
2021-05,AGCO
2021-05,AIRC
2021-05,ALE
2021-05,AM
2021-05,AMED
2021-05,AMG
2021-05,AMKR
2021-05,AN
2021-05,ARW
2021-05,ARWR
2021-05,ASB
2021-05,ASGN
2021-05,ASH
2021-05,ATGE
2021-05,ATR
2021-05,AVNT
2021-05,AVT
2021-05,AXON
2021-05,AYI
2021-05,AZPN
2021-05,BC
2021-05,BCO
2021-05,BDC
2021-05,BHF
2021-05,BJ
2021-05,BKH
2021-05,BLD
2021-05,BLDR
2021-05,BLKB
2021-05,BOH
2021-05,BRKS
2021-05,BRO
2021-05,BRX
2021-05,BXS
2021-05,BYD
2021-05,CABO
2021-05,CACI
2021-05,CAR
2021-05,CASY
2021-05,CATY
2021-05,CBRL
2021-05,CBSH
2021-05,CBT
2021-05,CC
2021-05,CCMP
2021-05,CDAY
2021-05,CDK
2021-05,CFR
2021-05,CFX
2021-05,CGNX
2021-05,CHDN
2021-05,CHE
2021-05,CHH
2021-05,CHX
2021-05,CIEN
2021-05,CIT
2021-05,CLF
2021-05,CLGX
2021-05,CLH
2021-05,CMC
2021-05,CMD
2021-05,CMP
2021-05,CNK
2021-05,CNO
2021-05,CNX
2021-05,CNXC
2021-05,COHR
2021-05,COLM
2021-05,CONE
2021-05,COR
2021-05,COTY
2021-05,CPRI
2021-05,CPT
2021-05,CR
2021-05,CREE
2021-05,CRI
2021-05,CRUS
2021-05,CSL
2021-05,CUZ
2021-05,CVLT
2021-05,CW
2021-05,DAN
2021-05,DAR
2021-05,DCI
2021-05,DECK
2021-05,DEI
2021-05,DKS
2021-05,DOC
2021-05,DY
2021-05,EBS
2021-05,EGP
2021-05,EHC
2021-05,EME
2021-05,ENR
2021-05,ENS
2021-05,EPR
2021-05,EQT
2021-05,ESNT
2021-05,ETRN
2021-05,EVR
2021-05,EWBC
2021-05,EXEL
2021-05,EXP
2021-05,FAF
2021-05,FCFS
2021-05,FCN
2021-05,FDS
2021-05,FFIN
2021-05,FHI
2021-05,FHN
2021-05,FICO
2021-05,FIVE
2021-05,FL
2021-05,FLO
2021-05,FLR
2021-05,FLS
2021-05,FNB
2021-05,FOXF
2021-05,FR
2021-05,FSLR
2021-05,FULT
2021-05,GATX
2021-05,GBCI
2021-05,GEF
2021-05,GGG
2021-05,GHC
2021-05,GMED
2021-05,GNTX
2021-05,GO
2021-05,GRUB
2021-05,GT
2021-05,HAE
2021-05,HAIN
2021-05,HALO
2021-05,HCSG
2021-05,HE
2021-05,HELE
2021-05,HIW
2021-05,HOG
2021-05,HOMB
2021-05,HPP
2021-05,HQY
2021-05,HR
2021-05,HRB
2021-05,HRC
2021-05,HUBB
2021-05,HWC
2021-05,HXL
2021-05,IAA
2021-05,IART
2021-05,IBKR
2021-05,IBOC
2021-05,ICUI
2021-05,IDA
2021-05,IIVI
2021-05,INGR
2021-05,INT
2021-05,IRDM
2021-05,ITT
2021-05,JACK
2021-05,JAZZ
2021-05,JBGS
2021-05,JBL
2021-05,JBLU
2021-05,JCOM
2021-05,JEF
2021-05,JHG
2021-05,JLL
2021-05,JW.A
2021-05,JWN
2021-05,KAR
2021-05,KBH
2021-05,KBR
2021-05,KEX
2021-05,KMPR
2021-05,KMT
2021-05,KNSL
2021-05,KNX
2021-05,KRC
2021-05,KSS
2021-05,LAD
2021-05,LAMR
2021-05,LANC
2021-05,LEA
2021-05,LECO
2021-05,LFUS
2021-05,LGND
2021-05,LHCG
2021-05,LII
2021-05,LITE
2021-05,LIVN
2021-05,LOPE
2021-05,LPX
2021-05,LSCC
2021-05,LSI
2021-05,LSTR
2021-05,MAC
2021-05,MAN
2021-05,MANH
2021-05,MASI
2021-05,MAT
2021-05,MCY
2021-05,MDU
2021-05,MEDP
2021-05,MIDD
2021-05,MKSI
2021-05,MLHR
2021-05,MMS
2021-05,MOH
2021-05,MPW
2021-05,MRCY
2021-05,MSA
2021-05,MSM
2021-05,MTG
2021-05,MTX
2021-05,MTZ
2021-05,MUR
2021-05,MUSA
2021-05,NATI
2021-05,NAVI
2021-05,NBIX
2021-05,NCR
2021-05,NDSN
2021-05,NEOG
2021-05,NEU
2021-05,NFG
2021-05,NGVT
2021-05,NJR
2021-05,NKTR
2021-05,NNN
2021-05,NSA
2021-05,NSP
2021-05,NTCT
2021-05,NUS
2021-05,NUVA
2021-05,NVST
2021-05,NVT
2021-05,NWE
2021-05,NYCB
2021-05,NYT
2021-05,OC
2021-05,OFC
2021-05,OGE
2021-05,OGS
2021-05,OHI
2021-05,OLED
2021-05,OLLI
2021-05,OLN
2021-05,ORI
2021-05,OSK
2021-05,OZK
2021-05,PACW
2021-05,PB
2021-05,PCH
2021-05,PCTY
2021-05,PDCO
2021-05,PEB
2021-05,PEN
2021-05,PGNY
2021-05,PII
2021-05,PK
2021-05,PNFP
2021-05,PNM
2021-05,POST
2021-05,PPC
2021-05,PRAH
2021-05,PRG
2021-05,PRI
2021-05,PSB
2021-05,PZZA
2021-05,QDEL
2021-05,QLYS
2021-05,R
2021-05,RAMP
2021-05,RBC
2021-05,REXR
2021-05,RGA
2021-05,RGEN
2021-05,RGLD
2021-05,RH
2021-05,RLI
2021-05,RNR
2021-05,RPM
2021-05,RS
2021-05,RUN
2021-05,RYN
2021-05,SABR
2021-05,SAFM
2021-05,SAIC
2021-05,SAIL
2021-05,SAM
2021-05,SBNY
2021-05,SBRA
2021-05,SCI
2021-05,SEDG
2021-05,SEIC
2021-05,SF
2021-05,SFM
2021-05,SGMS
2021-05,SIGI
2021-05,SIX
2021-05,SKX
2021-05,SLAB
2021-05,SLG
2021-05,SLGN
2021-05,SLM
2021-05,SMG
2021-05,SMTC
2021-05,SNV
2021-05,SNX
2021-05,SON
2021-05,SR
2021-05,SRC
2021-05,SRCL
2021-05,SSD
2021-05,STAA
2021-05,STL
2021-05,STLD
2021-05,STOR
2021-05,STRA
2021-05,SVC
2021-05,SWX
2021-05,SXT
2021-05,SYNA
2021-05,SYNH
2021-05,TCBI
2021-05,TCF
2021-05,TDC
2021-05,TDS
2021-05,TECH
2021-05,TEX
2021-05,TGNA
2021-05,THC
2021-05,THG
2021-05,THO
2021-05,THS
2021-05,TKR
2021-05,TMHC
2021-05,TNL
2021-05,TOL
2021-05,TPH
2021-05,TPX
2021-05,TR
2021-05,TREE
2021-05,TREX
2021-05,TRIP
2021-05,TRMK
2021-05,TRN
2021-05,TTC
2021-05,TTEK
2021-05,TXRH
2021-05,UBSI
2021-05,UE
2021-05,UGI
2021-05,UMBF
2021-05,UMPQ
2021-05,UNVR
2021-05,URBN
2021-05,UTHR
2021-05,VAC
2021-05,VC
2021-05,VLY
2021-05,VMI
2021-05,VNT
2021-05,VSAT
2021-05,VSH
2021-05,VVV
2021-05,WAFD
2021-05,WBS
2021-05,WEN
2021-05,WERN
2021-05,WEX
2021-05,WH
2021-05,WING
2021-05,WOR
2021-05,WRI
2021-05,WSM
2021-05,WSO
2021-05,WTFC
2021-05,WTRG
2021-05,WW
2021-05,WWD
2021-05,WWE
2021-05,X
2021-05,XEC
2021-05,XPO
2021-05,XRX
2021-05,Y
2021-05,YELP
2021-05,YETI
2021-06,ACC
2021-06,ACHC
2021-06,ACIW
2021-06,ACM
2021-06,ADNT
2021-06,ADS
2021-06,AEO
2021-06,AFG
2021-06,AGCO
2021-06,AIRC
2021-06,ALE
2021-06,AM
2021-06,AMED
2021-06,AMG
2021-06,AMKR
2021-06,AN
2021-06,ARW
2021-06,ARWR
2021-06,ASB
2021-06,ASGN
2021-06,ASH
2021-06,ATGE
2021-06,ATR
2021-06,AVNT
2021-06,AVT
2021-06,AXON
2021-06,AYI
2021-06,AZPN
2021-06,BC
2021-06,BCO
2021-06,BDC
2021-06,BHF
2021-06,BJ
2021-06,BKH
2021-06,BLD
2021-06,BLDR
2021-06,BLKB
2021-06,BOH
2021-06,BRKS
2021-06,BRO
2021-06,BRX
2021-06,BXS
2021-06,BYD
2021-06,CABO
2021-06,CACI
2021-06,CAR
2021-06,CASY
2021-06,CATY
2021-06,CBRL
2021-06,CBSH
2021-06,CBT
2021-06,CC
2021-06,CCMP
2021-06,CDAY
2021-06,CDK
2021-06,CFR
2021-06,CFX
2021-06,CGNX
2021-06,CHDN
2021-06,CHE
2021-06,CHH
2021-06,CHX
2021-06,CIEN
2021-06,CIT
2021-06,CLF
2021-06,CLH
2021-06,CMC
2021-06,CMP
2021-06,CNK
2021-06,CNO
2021-06,CNX
2021-06,CNXC
2021-06,COHR
2021-06,COLM
2021-06,CONE
2021-06,COR
2021-06,COTY
2021-06,CPRI
2021-06,CPT
2021-06,CR
2021-06,CREE
2021-06,CRI
2021-06,CROX
2021-06,CRUS
2021-06,CSL
2021-06,CUZ
2021-06,CVLT
2021-06,CW
2021-06,DAN
2021-06,DAR
2021-06,DCI
2021-06,DECK
2021-06,DEI
2021-06,DKS
2021-06,DOC
2021-06,DY
2021-06,EBS
2021-06,EGP
2021-06,EHC
2021-06,ELY
2021-06,EME
2021-06,ENR
2021-06,ENS
2021-06,ENV
2021-06,EPR
2021-06,EQT
2021-06,ESNT
2021-06,ETRN
2021-06,EVR
2021-06,EWBC
2021-06,EXEL
2021-06,EXP
2021-06,FAF
2021-06,FCFS
2021-06,FCN
2021-06,FDS
2021-06,FFIN
2021-06,FHI
2021-06,FHN
2021-06,FICO
2021-06,FIVE
2021-06,FL
2021-06,FLO
2021-06,FLR
2021-06,FLS
2021-06,FNB
2021-06,FOXF
2021-06,FR
2021-06,FSLR
2021-06,FULT
2021-06,G
2021-06,GATX
2021-06,GBCI
2021-06,GEF
2021-06,GGG
2021-06,GHC
2021-06,GMED
2021-06,GNTX
2021-06,GO
2021-06,GT
2021-06,HAE
2021-06,HAIN
2021-06,HALO
2021-06,HCSG
2021-06,HE
2021-06,HELE
2021-06,HFC
2021-06,HIW
2021-06,HOG
2021-06,HOMB
2021-06,HPP
2021-06,HQY
2021-06,HR
2021-06,HRB
2021-06,HRC
2021-06,HUBB
2021-06,HWC
2021-06,HXL
2021-06,IAA
2021-06,IART
2021-06,IBKR
2021-06,IBOC
2021-06,ICUI
2021-06,IDA
2021-06,IIVI
2021-06,INGR
2021-06,INT
2021-06,IRDM
2021-06,ITT
2021-06,JACK
2021-06,JAZZ
2021-06,JBGS
2021-06,JBL
2021-06,JBLU
2021-06,JCOM
2021-06,JEF
2021-06,JHG
2021-06,JLL
2021-06,JW.A
2021-06,JWN
2021-06,KAR
2021-06,KBH
2021-06,KBR
2021-06,KEX
2021-06,KMPR
2021-06,KMT
2021-06,KNSL
2021-06,KNX
2021-06,KRC
2021-06,KSS
2021-06,LAD
2021-06,LAMR
2021-06,LANC
2021-06,LEA
2021-06,LECO
2021-06,LFUS
2021-06,LGND
2021-06,LHCG
2021-06,LII
2021-06,LITE
2021-06,LIVN
2021-06,LOPE
2021-06,LPX
2021-06,LSCC
2021-06,LSI
2021-06,LSTR
2021-06,MAC
2021-06,MAN
2021-06,MANH
2021-06,MASI
2021-06,MAT
2021-06,MCY
2021-06,MDU
2021-06,MEDP
2021-06,MIDD
2021-06,MKSI
2021-06,MLHR
2021-06,MMS
2021-06,MOH
2021-06,MPW
2021-06,MRCY
2021-06,MSA
2021-06,MSM
2021-06,MTG
2021-06,MTX
2021-06,MTZ
2021-06,MUR
2021-06,MUSA
2021-06,NATI
2021-06,NAVI
2021-06,NBIX
2021-06,NCR
2021-06,NDSN
2021-06,NEOG
2021-06,NEU
2021-06,NFG
2021-06,NGVT
2021-06,NJR
2021-06,NKTR
2021-06,NNN
2021-06,NSA
2021-06,NSP
2021-06,NTCT
2021-06,NUS
2021-06,NUVA
2021-06,NVST
2021-06,NVT
2021-06,NWE
2021-06,NYCB
2021-06,NYT
2021-06,OC
2021-06,OFC
2021-06,OGE
2021-06,OGS
2021-06,OHI
2021-06,OLED
2021-06,OLLI
2021-06,OLN
2021-06,ORI
2021-06,OSK
2021-06,OZK
2021-06,PACW
2021-06,PB
2021-06,PCH
2021-06,PCTY
2021-06,PDCO
2021-06,PEB
2021-06,PEN
2021-06,PGNY
2021-06,PII
2021-06,PK
2021-06,PNFP
2021-06,PNM
2021-06,POST
2021-06,PPC
2021-06,PRAH
2021-06,PRG
2021-06,PRI
2021-06,PSB
2021-06,PZZA
2021-06,QDEL
2021-06,QLYS
2021-06,R
2021-06,RAMP
2021-06,RBC
2021-06,RCM
2021-06,REXR
2021-06,RGA
2021-06,RGEN
2021-06,RGLD
2021-06,RH
2021-06,RLI
2021-06,RNR
2021-06,RPM
2021-06,RS
2021-06,RUN
2021-06,RYN
2021-06,SABR
2021-06,SAFM
2021-06,SAIC
2021-06,SAIL
2021-06,SAM
2021-06,SBNY
2021-06,SBRA
2021-06,SCI
2021-06,SEDG
2021-06,SEIC
2021-06,SF
2021-06,SFM
2021-06,SGMS
2021-06,SIGI
2021-06,SIX
2021-06,SKX
2021-06,SLAB
2021-06,SLG
2021-06,SLGN
2021-06,SLM
2021-06,SMG
2021-06,SMTC
2021-06,SNV
2021-06,SNX
2021-06,SON
2021-06,SR
2021-06,SRC
2021-06,SRCL
2021-06,SSD
2021-06,STAA
2021-06,STL
2021-06,STLD
2021-06,STOR
2021-06,STRA
2021-06,SWX
2021-06,SXT
2021-06,SYNA
2021-06,SYNH
2021-06,TCBI
2021-06,TDC
2021-06,TDS
2021-06,TECH
2021-06,TEX
2021-06,TGNA
2021-06,THC
2021-06,THG
2021-06,THO
2021-06,THS
2021-06,TKR
2021-06,TMHC
2021-06,TNL
2021-06,TOL
2021-06,TPH
2021-06,TPX
2021-06,TR
2021-06,TREE
2021-06,TREX
2021-06,TRGP
2021-06,TRIP
2021-06,TRMK
2021-06,TRN
2021-06,TTC
2021-06,TTEK
2021-06,TXRH
2021-06,UBSI
2021-06,UE
2021-06,UGI
2021-06,UMBF
2021-06,UMPQ
2021-06,UNVR
2021-06,URBN
2021-06,UTHR
2021-06,VAC
2021-06,VC
2021-06,VLY
2021-06,VMI
2021-06,VNT
2021-06,VSAT
2021-06,VSH
2021-06,VVV
2021-06,WAFD
2021-06,WBS
2021-06,WEN
2021-06,WERN
2021-06,WEX
2021-06,WH
2021-06,WING
2021-06,WOR
2021-06,WRI
2021-06,WSM
2021-06,WSO
2021-06,WTFC
2021-06,WTRG
2021-06,WW
2021-06,WWD
2021-06,WWE
2021-06,X
2021-06,XEC
2021-06,XPO
2021-06,XRX
2021-06,Y
2021-06,YELP
2021-06,YETI
2021-07,ACC
2021-07,ACHC
2021-07,ACIW
2021-07,ACM
2021-07,ADNT
2021-07,ADS
2021-07,AEO
2021-07,AFG
2021-07,AGCO
2021-07,AIRC
2021-07,ALE
2021-07,AM
2021-07,AMED
2021-07,AMG
2021-07,AMKR
2021-07,AN
2021-07,ARW
2021-07,ARWR
2021-07,ASB
2021-07,ASGN
2021-07,ASH
2021-07,ATR
2021-07,AVNT
2021-07,AVT
2021-07,AXON
2021-07,AYI
2021-07,AZPN
2021-07,BC
2021-07,BCO
2021-07,BDC
2021-07,BHF
2021-07,BJ
2021-07,BKH
2021-07,BLD
2021-07,BLDR
2021-07,BLKB
2021-07,BOH
2021-07,BRKS
2021-07,BRO
2021-07,BRX
2021-07,BXS
2021-07,BYD
2021-07,CABO
2021-07,CACI
2021-07,CAR
2021-07,CASY
2021-07,CATY
2021-07,CBRL
2021-07,CBSH
2021-07,CBT
2021-07,CC
2021-07,CCMP
2021-07,CDAY
2021-07,CDK
2021-07,CFR
2021-07,CFX
2021-07,CGNX
2021-07,CHDN
2021-07,CHE
2021-07,CHH
2021-07,CHX
2021-07,CIEN
2021-07,CIT
2021-07,CLF
2021-07,CLH
2021-07,CMC
2021-07,CMP
2021-07,CNK
2021-07,CNO
2021-07,CNX
2021-07,CNXC
2021-07,COHR
2021-07,COLM
2021-07,CONE
2021-07,COR
2021-07,COTY
2021-07,CPRI
2021-07,CPT
2021-07,CR
2021-07,CREE
2021-07,CRI
2021-07,CRNC
2021-07,CROX
2021-07,CRUS
2021-07,CSL
2021-07,CUZ
2021-07,CVLT
2021-07,CW
2021-07,DAN
2021-07,DAR
2021-07,DCI
2021-07,DECK
2021-07,DEI
2021-07,DKS
2021-07,DOC
2021-07,DTM
2021-07,DY
2021-07,EBS
2021-07,EGP
2021-07,EHC
2021-07,ELY
2021-07,EME
2021-07,ENR
2021-07,ENS
2021-07,ENV
2021-07,EPR
2021-07,EQT
2021-07,ESNT
2021-07,ETRN
2021-07,EVR
2021-07,EWBC
2021-07,EXEL
2021-07,EXP
2021-07,FAF
2021-07,FCFS
2021-07,FCN
2021-07,FDS
2021-07,FFIN
2021-07,FHI
2021-07,FHN
2021-07,FICO
2021-07,FIVE
2021-07,FL
2021-07,FLO
2021-07,FLR
2021-07,FLS
2021-07,FNB
2021-07,FOXF
2021-07,FR
2021-07,FSLR
2021-07,FULT
2021-07,G
2021-07,GATX
2021-07,GBCI
2021-07,GEF
2021-07,GGG
2021-07,GHC
2021-07,GMED
2021-07,GNTX
2021-07,GO
2021-07,GT
2021-07,HAE
2021-07,HAIN
2021-07,HALO
2021-07,HCSG
2021-07,HE
2021-07,HELE
2021-07,HFC
2021-07,HIW
2021-07,HOG
2021-07,HOMB
2021-07,HPP
2021-07,HQY
2021-07,HR
2021-07,HRB
2021-07,HRC
2021-07,HUBB
2021-07,HWC
2021-07,HXL
2021-07,IAA
2021-07,IART
2021-07,IBKR
2021-07,IBOC
2021-07,ICUI
2021-07,IDA
2021-07,IIVI
2021-07,INGR
2021-07,INT
2021-07,IRDM
2021-07,ITT
2021-07,JACK
2021-07,JAZZ
2021-07,JBGS
2021-07,JBL
2021-07,JBLU
2021-07,JCOM
2021-07,JEF
2021-07,JHG
2021-07,JLL
2021-07,JW.A
2021-07,JWN
2021-07,KAR
2021-07,KBH
2021-07,KBR
2021-07,KEX
2021-07,KMPR
2021-07,KMT
2021-07,KNSL
2021-07,KNX
2021-07,KRC
2021-07,KSS
2021-07,LAD
2021-07,LAMR
2021-07,LANC
2021-07,LEA
2021-07,LECO
2021-07,LFUS
2021-07,LGND
2021-07,LHCG
2021-07,LII
2021-07,LITE
2021-07,LIVN
2021-07,LOPE
2021-07,LPX
2021-07,LSCC
2021-07,LSI
2021-07,LSTR
2021-07,MAC
2021-07,MAN
2021-07,MANH
2021-07,MASI
2021-07,MAT
2021-07,MCY
2021-07,MDU
2021-07,MEDP
2021-07,MIDD
2021-07,MKSI
2021-07,MLHR
2021-07,MMS
2021-07,MOH
2021-07,MPW
2021-07,MRCY
2021-07,MSA
2021-07,MSM
2021-07,MTG
2021-07,MTX
2021-07,MTZ
2021-07,MUR
2021-07,MUSA
2021-07,NATI
2021-07,NAVI
2021-07,NBIX
2021-07,NCR
2021-07,NDSN
2021-07,NEOG
2021-07,NEU
2021-07,NFG
2021-07,NGVT
2021-07,NJR
2021-07,NKTR
2021-07,NNN
2021-07,NSA
2021-07,NSP
2021-07,NTCT
2021-07,NUS
2021-07,NUVA
2021-07,NVST
2021-07,NVT
2021-07,NWE
2021-07,NYCB
2021-07,NYT
2021-07,OC
2021-07,OFC
2021-07,OGE
2021-07,OGS
2021-07,OHI
2021-07,OLED
2021-07,OLLI
2021-07,OLN
2021-07,ORI
2021-07,OSK
2021-07,OZK
2021-07,PACW
2021-07,PB
2021-07,PCH
2021-07,PCTY
2021-07,PDCO
2021-07,PEB
2021-07,PEN
2021-07,PGNY
2021-07,PII
2021-07,PK
2021-07,PNFP
2021-07,PNM
2021-07,POST
2021-07,PPC
2021-07,PRG
2021-07,PRI
2021-07,PSB
2021-07,PZZA
2021-07,QDEL
2021-07,QLYS
2021-07,R
2021-07,RAMP
2021-07,RBC
2021-07,RCM
2021-07,REXR
2021-07,RGA
2021-07,RGEN
2021-07,RGLD
2021-07,RH
2021-07,RLI
2021-07,RNR
2021-07,RPM
2021-07,RS
2021-07,RUN
2021-07,RYN
2021-07,SABR
2021-07,SAFM
2021-07,SAIC
2021-07,SAIL
2021-07,SAM
2021-07,SBNY
2021-07,SBRA
2021-07,SCI
2021-07,SEDG
2021-07,SEIC
2021-07,SF
2021-07,SFM
2021-07,SGMS
2021-07,SIGI
2021-07,SIX
2021-07,SKX
2021-07,SLAB
2021-07,SLG
2021-07,SLGN
2021-07,SLM
2021-07,SMG
2021-07,SMTC
2021-07,SNV
2021-07,SNX
2021-07,SON
2021-07,SR
2021-07,SRC
2021-07,SRCL
2021-07,SSD
2021-07,STAA
2021-07,STL
2021-07,STLD
2021-07,STOR
2021-07,STRA
2021-07,SWX
2021-07,SXT
2021-07,SYNA
2021-07,SYNH
2021-07,TCBI
2021-07,TDC
2021-07,TDS
2021-07,TECH
2021-07,TEX
2021-07,TGNA
2021-07,THC
2021-07,THG
2021-07,THO
2021-07,THS
2021-07,TKR
2021-07,TMHC
2021-07,TNL
2021-07,TOL
2021-07,TPH
2021-07,TPX
2021-07,TR
2021-07,TREE
2021-07,TREX
2021-07,TRGP
2021-07,TRIP
2021-07,TRMK
2021-07,TRN
2021-07,TTC
2021-07,TTEK
2021-07,TXRH
2021-07,UBSI
2021-07,UE
2021-07,UGI
2021-07,UMBF
2021-07,UMPQ
2021-07,UNVR
2021-07,URBN
2021-07,UTHR
2021-07,VAC
2021-07,VC
2021-07,VLY
2021-07,VMI
2021-07,VNT
2021-07,VSAT
2021-07,VSH
2021-07,VVV
2021-07,WAFD
2021-07,WBS
2021-07,WEN
2021-07,WERN
2021-07,WEX
2021-07,WH
2021-07,WING
2021-07,WOR
2021-07,WRI
2021-07,WSM
2021-07,WSO
2021-07,WTFC
2021-07,WTRG
2021-07,WW
2021-07,WWD
2021-07,WWE
2021-07,X
2021-07,XEC
2021-07,XPO
2021-07,XRX
2021-07,Y
2021-07,YELP
2021-07,YETI
2021-08,ACC
2021-08,ACHC
2021-08,ACIW
2021-08,ACM
2021-08,ADNT
2021-08,ADS
2021-08,AEO
2021-08,AFG
2021-08,AGCO
2021-08,AIRC
2021-08,ALE
2021-08,AM
2021-08,AMED
2021-08,AMG
2021-08,AMKR
2021-08,AN
2021-08,ARW
2021-08,ARWR
2021-08,ASB
2021-08,ASGN
2021-08,ASH
2021-08,ATR
2021-08,AVNT
2021-08,AVT
2021-08,AXON
2021-08,AYI
2021-08,AZPN
2021-08,BC
2021-08,BCO
2021-08,BDC
2021-08,BHF
2021-08,BJ
2021-08,BKH
2021-08,BLD
2021-08,BLDR
2021-08,BLKB
2021-08,BOH
2021-08,BRKS
2021-08,BRO
2021-08,BRX
2021-08,BXS
2021-08,BYD
2021-08,CABO
2021-08,CACI
2021-08,CAR
2021-08,CASY
2021-08,CATY
2021-08,CBRL
2021-08,CBSH
2021-08,CBT
2021-08,CC
2021-08,CCMP
2021-08,CDAY
2021-08,CDK
2021-08,CFR
2021-08,CFX
2021-08,CGNX
2021-08,CHDN
2021-08,CHE
2021-08,CHH
2021-08,CHX
2021-08,CIEN
2021-08,CIT
2021-08,CLF
2021-08,CLH
2021-08,CMC
2021-08,CMP
2021-08,CNO
2021-08,CNX
2021-08,CNXC
2021-08,COHR
2021-08,COLM
2021-08,CONE
2021-08,COR
2021-08,COTY
2021-08,CPRI
2021-08,CPT
2021-08,CR
2021-08,CREE
2021-08,CRI
2021-08,CRNC
2021-08,CROX
2021-08,CRUS
2021-08,CSL
2021-08,CUZ
2021-08,CVLT
2021-08,CW
2021-08,DAN
2021-08,DAR
2021-08,DCI
2021-08,DECK
2021-08,DEI
2021-08,DKS
2021-08,DOC
2021-08,DTM
2021-08,DY
2021-08,EBS
2021-08,EGP
2021-08,EHC
2021-08,ELY
2021-08,EME
2021-08,ENR
2021-08,ENS
2021-08,ENV
2021-08,EPR
2021-08,EQT
2021-08,ESNT
2021-08,ETRN
2021-08,EVR
2021-08,EWBC
2021-08,EXEL
2021-08,EXP
2021-08,FAF
2021-08,FCFS
2021-08,FCN
2021-08,FDS
2021-08,FFIN
2021-08,FHI
2021-08,FHN
2021-08,FICO
2021-08,FIVE
2021-08,FL
2021-08,FLO
2021-08,FLR
2021-08,FLS
2021-08,FNB
2021-08,FOXF
2021-08,FR
2021-08,FSLR
2021-08,FULT
2021-08,G
2021-08,GATX
2021-08,GBCI
2021-08,GEF
2021-08,GGG
2021-08,GHC
2021-08,GME
2021-08,GMED
2021-08,GNTX
2021-08,GO
2021-08,GT
2021-08,GXO
2021-08,HAE
2021-08,HAIN
2021-08,HALO
2021-08,HCSG
2021-08,HE
2021-08,HELE
2021-08,HFC
2021-08,HIW
2021-08,HOG
2021-08,HOMB
2021-08,HPP
2021-08,HQY
2021-08,HR
2021-08,HRB
2021-08,HRC
2021-08,HUBB
2021-08,HWC
2021-08,HXL
2021-08,IAA
2021-08,IART
2021-08,IBKR
2021-08,IBOC
2021-08,ICUI
2021-08,IDA
2021-08,IIVI
2021-08,INGR
2021-08,IRDM
2021-08,ITT
2021-08,JACK
2021-08,JAZZ
2021-08,JBGS
2021-08,JBL
2021-08,JBLU
2021-08,JCOM
2021-08,JEF
2021-08,JHG
2021-08,JLL
2021-08,JW.A
2021-08,JWN
2021-08,KAR
2021-08,KBH
2021-08,KBR
2021-08,KEX
2021-08,KMPR
2021-08,KMT
2021-08,KNSL
2021-08,KNX
2021-08,KRC
2021-08,KSS
2021-08,LAD
2021-08,LAMR
2021-08,LANC
2021-08,LEA
2021-08,LECO
2021-08,LFUS
2021-08,LGND
2021-08,LHCG
2021-08,LII
2021-08,LITE
2021-08,LIVN
2021-08,LOPE
2021-08,LPX
2021-08,LSCC
2021-08,LSI
2021-08,LSTR
2021-08,MAC
2021-08,MAN
2021-08,MANH
2021-08,MASI
2021-08,MAT
2021-08,MCY
2021-08,MDU
2021-08,MEDP
2021-08,MIDD
2021-08,MIME
2021-08,MKSI
2021-08,MLHR
2021-08,MMS
2021-08,MOH
2021-08,MPW
2021-08,MRCY
2021-08,MSA
2021-08,MSM
2021-08,MTG
2021-08,MTX
2021-08,MTZ
2021-08,MUR
2021-08,MUSA
2021-08,NATI
2021-08,NAVI
2021-08,NBIX
2021-08,NCR
2021-08,NDSN
2021-08,NEOG
2021-08,NEU
2021-08,NFG
2021-08,NGVT
2021-08,NJR
2021-08,NKTR
2021-08,NNN
2021-08,NSA
2021-08,NSP
2021-08,NTCT
2021-08,NUS
2021-08,NUVA
2021-08,NVST
2021-08,NVT
2021-08,NWE
2021-08,NYCB
2021-08,NYT
2021-08,OC
2021-08,OFC
2021-08,OGE
2021-08,OGS
2021-08,OHI
2021-08,OLED
2021-08,OLLI
2021-08,OLN
2021-08,OPCH
2021-08,ORI
2021-08,OSK
2021-08,OZK
2021-08,PACW
2021-08,PB
2021-08,PCH
2021-08,PCTY
2021-08,PDCO
2021-08,PEB
2021-08,PEN
2021-08,PGNY
2021-08,PII
2021-08,PK
2021-08,PNFP
2021-08,PNM
2021-08,POST
2021-08,PPC
2021-08,PRG
2021-08,PRI
2021-08,PSB
2021-08,PZZA
2021-08,QDEL
2021-08,QLYS
2021-08,R
2021-08,RAMP
2021-08,RBC
2021-08,RCM
2021-08,REXR
2021-08,RGA
2021-08,RGEN
2021-08,RGLD
2021-08,RH
2021-08,RLI
2021-08,RNR
2021-08,RPM
2021-08,RS
2021-08,RUN
2021-08,RYN
2021-08,SABR
2021-08,SAFM
2021-08,SAIA
2021-08,SAIC
2021-08,SAIL
2021-08,SAM
2021-08,SBNY
2021-08,SBRA
2021-08,SCI
2021-08,SEDG
2021-08,SEIC
2021-08,SF
2021-08,SFM
2021-08,SGMS
2021-08,SIGI
2021-08,SIX
2021-08,SKX
2021-08,SLAB
2021-08,SLG
2021-08,SLGN
2021-08,SLM
2021-08,SMG
2021-08,SMTC
2021-08,SNV
2021-08,SNX
2021-08,SON
2021-08,SR
2021-08,SRC
2021-08,SRCL
2021-08,SSD
2021-08,STAA
2021-08,STL
2021-08,STLD
2021-08,STOR
2021-08,SWX
2021-08,SXT
2021-08,SYNA
2021-08,SYNH
2021-08,TCBI
2021-08,TDC
2021-08,TDS
2021-08,TEX
2021-08,TGNA
2021-08,THC
2021-08,THG
2021-08,THO
2021-08,THS
2021-08,TKR
2021-08,TMHC
2021-08,TNL
2021-08,TOL
2021-08,TPH
2021-08,TPX
2021-08,TR
2021-08,TREE
2021-08,TREX
2021-08,TRGP
2021-08,TRIP
2021-08,TRN
2021-08,TTC
2021-08,TTEK
2021-08,TXRH
2021-08,UBSI
2021-08,UE
2021-08,UGI
2021-08,UMBF
2021-08,UMPQ
2021-08,UNVR
2021-08,URBN
2021-08,UTHR
2021-08,VAC
2021-08,VC
2021-08,VLY
2021-08,VMI
2021-08,VNT
2021-08,VSAT
2021-08,VSCO
2021-08,VSH
2021-08,VVV
2021-08,WAFD
2021-08,WBS
2021-08,WEN
2021-08,WERN
2021-08,WEX
2021-08,WH
2021-08,WING
2021-08,WOR
2021-08,WSM
2021-08,WSO
2021-08,WTFC
2021-08,WTRG
2021-08,WW
2021-08,WWD
2021-08,WWE
2021-08,X
2021-08,XEC
2021-08,XPO
2021-08,XRX
2021-08,Y
2021-08,YELP
2021-08,YETI
2021-09,ACC
2021-09,ACHC
2021-09,ACIW
2021-09,ACM
2021-09,ADNT
2021-09,ADS
2021-09,AEO
2021-09,AFG
2021-09,AGCO
2021-09,AIRC
2021-09,ALE
2021-09,AM
2021-09,AMED
2021-09,AMG
2021-09,AMKR
2021-09,AN
2021-09,APPS
2021-09,ARW
2021-09,ARWR
2021-09,ASB
2021-09,ASGN
2021-09,ASH
2021-09,ATR
2021-09,AVNT
2021-09,AVT
2021-09,AXON
2021-09,AYI
2021-09,AZPN
2021-09,BC
2021-09,BCO
2021-09,BDC
2021-09,BHF
2021-09,BJ
2021-09,BKH
2021-09,BLD
2021-09,BLDR
2021-09,BLKB
2021-09,BOH
2021-09,BRKS
2021-09,BRX
2021-09,BXS
2021-09,BYD
2021-09,CABO
2021-09,CACI
2021-09,CAR
2021-09,CASY
2021-09,CATY
2021-09,CBRL
2021-09,CBSH
2021-09,CBT
2021-09,CC
2021-09,CCMP
2021-09,CDK
2021-09,CFR
2021-09,CFX
2021-09,CGNX
2021-09,CHDN
2021-09,CHE
2021-09,CHH
2021-09,CHX
2021-09,CIEN
2021-09,CIT
2021-09,CLF
2021-09,CLH
2021-09,CMC
2021-09,CMP
2021-09,CNO
2021-09,CNX
2021-09,CNXC
2021-09,COHR
2021-09,COLM
2021-09,CONE
2021-09,COR
2021-09,COTY
2021-09,CPRI
2021-09,CPT
2021-09,CR
2021-09,CREE
2021-09,CRI
2021-09,CRNC
2021-09,CROX
2021-09,CRUS
2021-09,CSL
2021-09,CUZ
2021-09,CVLT
2021-09,CW
2021-09,DAN
2021-09,DAR
2021-09,DCI
2021-09,DECK
2021-09,DEI
2021-09,DKS
2021-09,DOC
2021-09,DTM
2021-09,DY
2021-09,EBS
2021-09,EGP
2021-09,EHC
2021-09,ELY
2021-09,EME
2021-09,ENR
2021-09,ENS
2021-09,ENV
2021-09,EPR
2021-09,EQT
2021-09,ESNT
2021-09,ETRN
2021-09,EVR
2021-09,EWBC
2021-09,EXEL
2021-09,EXP
2021-09,FAF
2021-09,FCFS
2021-09,FCN
2021-09,FDS
2021-09,FFIN
2021-09,FHI
2021-09,FHN
2021-09,FICO
2021-09,FIVE
2021-09,FL
2021-09,FLO
2021-09,FLR
2021-09,FLS
2021-09,FNB
2021-09,FOXF
2021-09,FR
2021-09,FSLR
2021-09,FULT
2021-09,G
2021-09,GATX
2021-09,GBCI
2021-09,GEF
2021-09,GGG
2021-09,GHC
2021-09,GME
2021-09,GMED
2021-09,GNTX
2021-09,GO
2021-09,GT
2021-09,GXO
2021-09,HAE
2021-09,HAIN
2021-09,HALO
2021-09,HE
2021-09,HELE
2021-09,HFC
2021-09,HIW
2021-09,HOG
2021-09,HOMB
2021-09,HPP
2021-09,HQY
2021-09,HR
2021-09,HRB
2021-09,HRC
2021-09,HUBB
2021-09,HWC
2021-09,HXL
2021-09,IAA
2021-09,IART
2021-09,IBKR
2021-09,IBOC
2021-09,ICUI
2021-09,IDA
2021-09,IIVI
2021-09,INGR
2021-09,IRDM
2021-09,ITT
2021-09,JACK
2021-09,JAZZ
2021-09,JBGS
2021-09,JBL
2021-09,JBLU
2021-09,JCOM
2021-09,JEF
2021-09,JHG
2021-09,JLL
2021-09,JW.A
2021-09,JWN
2021-09,KAR
2021-09,KBH
2021-09,KBR
2021-09,KEX
2021-09,KMPR
2021-09,KMT
2021-09,KNSL
2021-09,KNX
2021-09,KRC
2021-09,KSS
2021-09,LAD
2021-09,LAMR
2021-09,LANC
2021-09,LEA
2021-09,LECO
2021-09,LFUS
2021-09,LHCG
2021-09,LII
2021-09,LITE
2021-09,LIVN
2021-09,LOPE
2021-09,LPX
2021-09,LSCC
2021-09,LSI
2021-09,LSTR
2021-09,MAC
2021-09,MAN
2021-09,MANH
2021-09,MASI
2021-09,MAT
2021-09,MCY
2021-09,MDU
2021-09,MEDP
2021-09,MIDD
2021-09,MIME
2021-09,MKSI
2021-09,MLHR
2021-09,MMS
2021-09,MOH
2021-09,MPW
2021-09,MRCY
2021-09,MSA
2021-09,MSM
2021-09,MTG
2021-09,MTX
2021-09,MTZ
2021-09,MUR
2021-09,MUSA
2021-09,NATI
2021-09,NAVI
2021-09,NBIX
2021-09,NCR
2021-09,NDSN
2021-09,NEOG
2021-09,NEU
2021-09,NFG
2021-09,NGVT
2021-09,NJR
2021-09,NKTR
2021-09,NNN
2021-09,NOV
2021-09,NSA
2021-09,NSP
2021-09,NTCT
2021-09,NUS
2021-09,NUVA
2021-09,NVST
2021-09,NVT
2021-09,NWE
2021-09,NYCB
2021-09,NYT
2021-09,OC
2021-09,OFC
2021-09,OGE
2021-09,OGS
2021-09,OHI
2021-09,OLED
2021-09,OLLI
2021-09,OLN
2021-09,OPCH
2021-09,ORI
2021-09,OSK
2021-09,OZK
2021-09,PACW
2021-09,PB
2021-09,PCH
2021-09,PCTY
2021-09,PDCO
2021-09,PEB
2021-09,PEN
2021-09,PFGC
2021-09,PGNY
2021-09,PII
2021-09,PK
2021-09,PNFP
2021-09,PNM
2021-09,POST
2021-09,PPC
2021-09,PRG
2021-09,PRGO
2021-09,PRI
2021-09,PSB
2021-09,PZZA
2021-09,QDEL
2021-09,QLYS
2021-09,R
2021-09,RAMP
2021-09,RBC
2021-09,RCM
2021-09,REXR
2021-09,RGA
2021-09,RGEN
2021-09,RGLD
2021-09,RH
2021-09,RLI
2021-09,RNR
2021-09,RPM
2021-09,RS
2021-09,RUN
2021-09,RYN
2021-09,SABR
2021-09,SAFM
2021-09,SAIA
2021-09,SAIC
2021-09,SAIL
2021-09,SAM
2021-09,SBNY
2021-09,SBRA
2021-09,SCI
2021-09,SEDG
2021-09,SEIC
2021-09,SF
2021-09,SFM
2021-09,SGMS
2021-09,SIGI
2021-09,SIX
2021-09,SKX
2021-09,SLAB
2021-09,SLG
2021-09,SLGN
2021-09,SLM
2021-09,SMG
2021-09,SMTC
2021-09,SNV
2021-09,SNX
2021-09,SON
2021-09,SR
2021-09,SRC
2021-09,SRCL
2021-09,SSD
2021-09,STAA
2021-09,STL
2021-09,STLD
2021-09,STOR
2021-09,SWX
2021-09,SXT
2021-09,SYNA
2021-09,SYNH
2021-09,TCBI
2021-09,TDC
2021-09,TDS
2021-09,TEX
2021-09,TGNA
2021-09,THC
2021-09,THG
2021-09,THO
2021-09,TKR
2021-09,TMHC
2021-09,TNDM
2021-09,TNL
2021-09,TOL
2021-09,TPH
2021-09,TPX
2021-09,TR
2021-09,TREE
2021-09,TREX
2021-09,TRGP
2021-09,TRIP
2021-09,TRN
2021-09,TTC
2021-09,TTEK
2021-09,TXRH
2021-09,UBSI
2021-09,UE
2021-09,UGI
2021-09,UMBF
2021-09,UMPQ
2021-09,UNM
2021-09,UNVR
2021-09,URBN
2021-09,UTHR
2021-09,VAC
2021-09,VC
2021-09,VLY
2021-09,VMI
2021-09,VNT
2021-09,VSAT
2021-09,VSCO
2021-09,VSH
2021-09,VVV
2021-09,WAFD
2021-09,WBS
2021-09,WEN
2021-09,WERN
2021-09,WEX
2021-09,WH
2021-09,WING
2021-09,WOR
2021-09,WSM
2021-09,WSO
2021-09,WTFC
2021-09,WTRG
2021-09,WWD
2021-09,WWE
2021-09,X
2021-09,XEC
2021-09,XPO
2021-09,XRX
2021-09,Y
2021-09,YELP
2021-09,YETI
2021-10,ACC
2021-10,ACHC
2021-10,ACIW
2021-10,ACM
2021-10,ADNT
2021-10,ADS
2021-10,AEO
2021-10,AFG
2021-10,AGCO
2021-10,AIRC
2021-10,ALE
2021-10,AM
2021-10,AMED
2021-10,AMG
2021-10,AMKR
2021-10,AN
2021-10,APPS
2021-10,ARW
2021-10,ARWR
2021-10,ASB
2021-10,ASGN
2021-10,ASH
2021-10,ATR
2021-10,AVNT
2021-10,AVT
2021-10,AXON
2021-10,AYI
2021-10,AZPN
2021-10,BC
2021-10,BCO
2021-10,BDC
2021-10,BHF
2021-10,BJ
2021-10,BKH
2021-10,BLD
2021-10,BLDR
2021-10,BLKB
2021-10,BOH
2021-10,BRKS
2021-10,BRX
2021-10,BXS
2021-10,BYD
2021-10,CABO
2021-10,CACI
2021-10,CAR
2021-10,CASY
2021-10,CATY
2021-10,CBRL
2021-10,CBSH
2021-10,CBT
2021-10,CC
2021-10,CCMP
2021-10,CDK
2021-10,CFR
2021-10,CFX
2021-10,CGNX
2021-10,CHDN
2021-10,CHE
2021-10,CHH
2021-10,CHX
2021-10,CIEN
2021-10,CIT
2021-10,CLF
2021-10,CLH
2021-10,CMC
2021-10,CMP
2021-10,CNO
2021-10,CNX
2021-10,CNXC
2021-10,COHR
2021-10,COLM
2021-10,CONE
2021-10,COR
2021-10,COTY
2021-10,CPRI
2021-10,CPT
2021-10,CR
2021-10,CREE
2021-10,CRI
2021-10,CRNC
2021-10,CROX
2021-10,CRUS
2021-10,CSL
2021-10,CUZ
2021-10,CVLT
2021-10,CW
2021-10,DAN
2021-10,DAR
2021-10,DCI
2021-10,DECK
2021-10,DEI
2021-10,DKS
2021-10,DOC
2021-10,DTM
2021-10,DY
2021-10,EBS
2021-10,EGP
2021-10,EHC
2021-10,ELY
2021-10,EME
2021-10,ENR
2021-10,ENS
2021-10,ENV
2021-10,EPR
2021-10,EQT
2021-10,ESNT
2021-10,ETRN
2021-10,EVR
2021-10,EWBC
2021-10,EXEL
2021-10,EXP
2021-10,FAF
2021-10,FCFS
2021-10,FCN
2021-10,FDS
2021-10,FFIN
2021-10,FHI
2021-10,FHN
2021-10,FICO
2021-10,FIVE
2021-10,FL
2021-10,FLO
2021-10,FLR
2021-10,FLS
2021-10,FNB
2021-10,FOXF
2021-10,FR
2021-10,FSLR
2021-10,FULT
2021-10,G
2021-10,GATX
2021-10,GBCI
2021-10,GEF
2021-10,GGG
2021-10,GHC
2021-10,GME
2021-10,GMED
2021-10,GNTX
2021-10,GO
2021-10,GT
2021-10,GXO
2021-10,HAE
2021-10,HAIN
2021-10,HALO
2021-10,HE
2021-10,HELE
2021-10,HFC
2021-10,HIW
2021-10,HOG
2021-10,HOMB
2021-10,HPP
2021-10,HQY
2021-10,HR
2021-10,HRB
2021-10,HRC
2021-10,HUBB
2021-10,HWC
2021-10,HXL
2021-10,IAA
2021-10,IART
2021-10,IBKR
2021-10,IBOC
2021-10,ICUI
2021-10,IDA
2021-10,IIVI
2021-10,INGR
2021-10,IRDM
2021-10,ITT
2021-10,JACK
2021-10,JAZZ
2021-10,JBGS
2021-10,JBL
2021-10,JBLU
2021-10,JEF
2021-10,JHG
2021-10,JLL
2021-10,JW.A
2021-10,JWN
2021-10,KAR
2021-10,KBH
2021-10,KBR
2021-10,KEX
2021-10,KMPR
2021-10,KMT
2021-10,KNSL
2021-10,KNX
2021-10,KRC
2021-10,KRG
2021-10,KSS
2021-10,LAD
2021-10,LAMR
2021-10,LANC
2021-10,LEA
2021-10,LECO
2021-10,LFUS
2021-10,LHCG
2021-10,LII
2021-10,LITE
2021-10,LIVN
2021-10,LOPE
2021-10,LPX
2021-10,LSCC
2021-10,LSI
2021-10,LSTR
2021-10,MAC
2021-10,MAN
2021-10,MANH
2021-10,MASI
2021-10,MAT
2021-10,MCY
2021-10,MDU
2021-10,MEDP
2021-10,MIDD
2021-10,MIME
2021-10,MKSI
2021-10,MLHR
2021-10,MMS
2021-10,MOH
2021-10,MPW
2021-10,MRCY
2021-10,MSA
2021-10,MSM
2021-10,MTG
2021-10,MTX
2021-10,MTZ
2021-10,MUR
2021-10,MUSA
2021-10,NATI
2021-10,NAVI
2021-10,NBIX
2021-10,NCR
2021-10,NDSN
2021-10,NEOG
2021-10,NEU
2021-10,NFG
2021-10,NGVT
2021-10,NJR
2021-10,NKTR
2021-10,NNN
2021-10,NOV
2021-10,NSA
2021-10,NSP
2021-10,NTCT
2021-10,NUS
2021-10,NUVA
2021-10,NVST
2021-10,NVT
2021-10,NWE
2021-10,NYCB
2021-10,NYT
2021-10,OC
2021-10,OFC
2021-10,OGE
2021-10,OGS
2021-10,OHI
2021-10,OLED
2021-10,OLLI
2021-10,OLN
2021-10,OPCH
2021-10,ORI
2021-10,OSK
2021-10,OZK
2021-10,PACW
2021-10,PB
2021-10,PCH
2021-10,PCTY
2021-10,PDCO
2021-10,PEB
2021-10,PEN
2021-10,PFGC
2021-10,PGNY
2021-10,PII
2021-10,PK
2021-10,PNFP
2021-10,PNM
2021-10,POST
2021-10,PPC
2021-10,PRG
2021-10,PRGO
2021-10,PRI
2021-10,PSB
2021-10,PZZA
2021-10,QDEL
2021-10,QLYS
2021-10,R
2021-10,RAMP
2021-10,RBC
2021-10,RCM
2021-10,REXR
2021-10,RGA
2021-10,RGEN
2021-10,RGLD
2021-10,RH
2021-10,RLI
2021-10,RNR
2021-10,RPM
2021-10,RS
2021-10,RUN
2021-10,RYN
2021-10,SABR
2021-10,SAFM
2021-10,SAIA
2021-10,SAIC
2021-10,SAIL
2021-10,SAM
2021-10,SBNY
2021-10,SBRA
2021-10,SCI
2021-10,SEDG
2021-10,SEIC
2021-10,SF
2021-10,SFM
2021-10,SGMS
2021-10,SIGI
2021-10,SIX
2021-10,SKX
2021-10,SLAB
2021-10,SLG
2021-10,SLGN
2021-10,SLM
2021-10,SMG
2021-10,SMTC
2021-10,SNV
2021-10,SNX
2021-10,SON
2021-10,SPWR
2021-10,SR
2021-10,SRC
2021-10,SRCL
2021-10,SSD
2021-10,STAA
2021-10,STL
2021-10,STLD
2021-10,STOR
2021-10,SWX
2021-10,SXT
2021-10,SYNA
2021-10,SYNH
2021-10,TCBI
2021-10,TDC
2021-10,TDS
2021-10,TEX
2021-10,TGNA
2021-10,THC
2021-10,THG
2021-10,THO
2021-10,TKR
2021-10,TMHC
2021-10,TNDM
2021-10,TNL
2021-10,TOL
2021-10,TPH
2021-10,TPX
2021-10,TR
2021-10,TREX
2021-10,TRGP
2021-10,TRIP
2021-10,TRN
2021-10,TTC
2021-10,TTEK
2021-10,TXRH
2021-10,UBSI
2021-10,UE
2021-10,UGI
2021-10,UMBF
2021-10,UMPQ
2021-10,UNM
2021-10,UNVR
2021-10,URBN
2021-10,UTHR
2021-10,VAC
2021-10,VC
2021-10,VLY
2021-10,VMI
2021-10,VNT
2021-10,VSAT
2021-10,VSCO
2021-10,VSH
2021-10,VVV
2021-10,WAFD
2021-10,WBS
2021-10,WEN
2021-10,WERN
2021-10,WEX
2021-10,WH
2021-10,WING
2021-10,WOR
2021-10,WSM
2021-10,WSO
2021-10,WTFC
2021-10,WTRG
2021-10,WWD
2021-10,WWE
2021-10,X
2021-10,XPO
2021-10,XRX
2021-10,Y
2021-10,YELP
2021-10,YETI
2021-10,ZD
2021-11,ACC
2021-11,ACHC
2021-11,ACIW
2021-11,ACM
2021-11,ADNT
2021-11,ADS
2021-11,AEO
2021-11,AFG
2021-11,AGCO
2021-11,AIRC
2021-11,ALE
2021-11,AM
2021-11,AMED
2021-11,AMG
2021-11,AMKR
2021-11,AN
2021-11,APPS
2021-11,ARW
2021-11,ARWR
2021-11,ASB
2021-11,ASGN
2021-11,ASH
2021-11,ATR
2021-11,AVNT
2021-11,AVT
2021-11,AXON
2021-11,AYI
2021-11,AZPN
2021-11,BC
2021-11,BCO
2021-11,BDC
2021-11,BHF
2021-11,BJ
2021-11,BKH
2021-11,BLD
2021-11,BLDR
2021-11,BLKB
2021-11,BOH
2021-11,BRKS
2021-11,BRX
2021-11,BYD
2021-11,CABO
2021-11,CACI
2021-11,CADE
2021-11,CAR
2021-11,CASY
2021-11,CATY
2021-11,CBRL
2021-11,CBSH
2021-11,CBT
2021-11,CC
2021-11,CCMP
2021-11,CDK
2021-11,CFR
2021-11,CFX
2021-11,CGNX
2021-11,CHDN
2021-11,CHE
2021-11,CHH
2021-11,CHX
2021-11,CIEN
2021-11,CIT
2021-11,CLF
2021-11,CLH
2021-11,CMC
2021-11,CMP
2021-11,CNO
2021-11,CNX
2021-11,CNXC
2021-11,COHR
2021-11,COLM
2021-11,CONE
2021-11,COR
2021-11,COTY
2021-11,CPRI
2021-11,CPT
2021-11,CR
2021-11,CRI
2021-11,CRNC
2021-11,CROX
2021-11,CRUS
2021-11,CSL
2021-11,CUZ
2021-11,CVLT
2021-11,CW
2021-11,DAN
2021-11,DAR
2021-11,DCI
2021-11,DECK
2021-11,DEI
2021-11,DKS
2021-11,DOC
2021-11,DTM
2021-11,DY
2021-11,EBS
2021-11,EGP
2021-11,EHC
2021-11,ELY
2021-11,EME
2021-11,ENR
2021-11,ENS
2021-11,ENV
2021-11,EPR
2021-11,EQT
2021-11,ESNT
2021-11,ETRN
2021-11,EVR
2021-11,EWBC
2021-11,EXEL
2021-11,EXP
2021-11,FAF
2021-11,FCFS
2021-11,FCN
2021-11,FDS
2021-11,FFIN
2021-11,FHI
2021-11,FHN
2021-11,FICO
2021-11,FIVE
2021-11,FL
2021-11,FLO
2021-11,FLR
2021-11,FLS
2021-11,FNB
2021-11,FOXF
2021-11,FR
2021-11,FSLR
2021-11,FULT
2021-11,G
2021-11,GATX
2021-11,GBCI
2021-11,GEF
2021-11,GGG
2021-11,GHC
2021-11,GME
2021-11,GMED
2021-11,GNTX
2021-11,GO
2021-11,GT
2021-11,GXO
2021-11,HAE
2021-11,HAIN
2021-11,HALO
2021-11,HE
2021-11,HELE
2021-11,HFC
2021-11,HIW
2021-11,HOG
2021-11,HOMB
2021-11,HPP
2021-11,HQY
2021-11,HR
2021-11,HRB
2021-11,HRC
2021-11,HUBB
2021-11,HWC
2021-11,HXL
2021-11,IAA
2021-11,IART
2021-11,IBKR
2021-11,IBOC
2021-11,ICUI
2021-11,IDA
2021-11,IIVI
2021-11,INGR
2021-11,IRDM
2021-11,ITT
2021-11,JACK
2021-11,JAZZ
2021-11,JBGS
2021-11,JBL
2021-11,JBLU
2021-11,JEF
2021-11,JHG
2021-11,JLL
2021-11,JW.A
2021-11,JWN
2021-11,KAR
2021-11,KBH
2021-11,KBR
2021-11,KD
2021-11,KEX
2021-11,KMPR
2021-11,KMT
2021-11,KNSL
2021-11,KNX
2021-11,KRC
2021-11,KRG
2021-11,KSS
2021-11,LAD
2021-11,LAMR
2021-11,LANC
2021-11,LEA
2021-11,LECO
2021-11,LFUS
2021-11,LHCG
2021-11,LII
2021-11,LITE
2021-11,LIVN
2021-11,LOPE
2021-11,LPX
2021-11,LSCC
2021-11,LSI
2021-11,LSTR
2021-11,MAC
2021-11,MAN
2021-11,MANH
2021-11,MASI
2021-11,MAT
2021-11,MCY
2021-11,MDU
2021-11,MEDP
2021-11,MIDD
2021-11,MIME
2021-11,MKSI
2021-11,MLKN
2021-11,MMS
2021-11,MOH
2021-11,MPW
2021-11,MRCY
2021-11,MSA
2021-11,MSM
2021-11,MTG
2021-11,MTX
2021-11,MTZ
2021-11,MUR
2021-11,MUSA
2021-11,NATI
2021-11,NAVI
2021-11,NBIX
2021-11,NCR
2021-11,NDSN
2021-11,NEOG
2021-11,NEU
2021-11,NFG
2021-11,NGVT
2021-11,NJR
2021-11,NKTR
2021-11,NNN
2021-11,NOV
2021-11,NSA
2021-11,NSP
2021-11,NUS
2021-11,NUVA
2021-11,NVST
2021-11,NVT
2021-11,NWE
2021-11,NYCB
2021-11,NYT
2021-11,OC
2021-11,OFC
2021-11,OGE
2021-11,OGS
2021-11,OHI
2021-11,OLED
2021-11,OLLI
2021-11,OLN
2021-11,OPCH
2021-11,ORI
2021-11,OSK
2021-11,OZK
2021-11,PACW
2021-11,PB
2021-11,PCH
2021-11,PCTY
2021-11,PDCO
2021-11,PEB
2021-11,PEN
2021-11,PFGC
2021-11,PGNY
2021-11,PII
2021-11,PK
2021-11,PNFP
2021-11,PNM
2021-11,POST
2021-11,PPC
2021-11,PRG
2021-11,PRGO
2021-11,PRI
2021-11,PSB
2021-11,PZZA
2021-11,QDEL
2021-11,QLYS
2021-11,R
2021-11,RAMP
2021-11,RBC
2021-11,RCM
2021-11,REXR
2021-11,RGA
2021-11,RGEN
2021-11,RGLD
2021-11,RH
2021-11,RLI
2021-11,RNR
2021-11,RPM
2021-11,RS
2021-11,RUN
2021-11,RYN
2021-11,SABR
2021-11,SAFM
2021-11,SAIA
2021-11,SAIC
2021-11,SAIL
2021-11,SAM
2021-11,SBNY
2021-11,SBRA
2021-11,SCI
2021-11,SEDG
2021-11,SEIC
2021-11,SF
2021-11,SFM
2021-11,SGMS
2021-11,SIGI
2021-11,SIX
2021-11,SKX
2021-11,SLAB
2021-11,SLG
2021-11,SLGN
2021-11,SLM
2021-11,SMG
2021-11,SMTC
2021-11,SNV
2021-11,SNX
2021-11,SON
2021-11,SPWR
2021-11,SR
2021-11,SRC
2021-11,SRCL
2021-11,SSD
2021-11,STAA
2021-11,STL
2021-11,STLD
2021-11,STOR
2021-11,SWX
2021-11,SXT
2021-11,SYNA
2021-11,SYNH
2021-11,TCBI
2021-11,TDC
2021-11,TDS
2021-11,TEX
2021-11,TGNA
2021-11,THC
2021-11,THG
2021-11,THO
2021-11,TKR
2021-11,TMHC
2021-11,TNDM
2021-11,TNL
2021-11,TOL
2021-11,TPH
2021-11,TPX
2021-11,TR
2021-11,TREX
2021-11,TRGP
2021-11,TRIP
2021-11,TRN
2021-11,TTC
2021-11,TTEK
2021-11,TXRH
2021-11,UBSI
2021-11,UE
2021-11,UGI
2021-11,UMBF
2021-11,UMPQ
2021-11,UNM
2021-11,UNVR
2021-11,URBN
2021-11,UTHR
2021-11,VAC
2021-11,VC
2021-11,VLY
2021-11,VMI
2021-11,VNT
2021-11,VSAT
2021-11,VSCO
2021-11,VSH
2021-11,VVV
2021-11,WAFD
2021-11,WBS
2021-11,WEN
2021-11,WERN
2021-11,WEX
2021-11,WH
2021-11,WING
2021-11,WOLF
2021-11,WOR
2021-11,WSM
2021-11,WSO
2021-11,WTFC
2021-11,WTRG
2021-11,WWD
2021-11,WWE
2021-11,X
2021-11,XPO
2021-11,XRX
2021-11,Y
2021-11,YELP
2021-11,YETI
2021-11,ZD
2021-12,AA
2021-12,ACC
2021-12,ACHC
2021-12,ACIW
2021-12,ACM
2021-12,ADNT
2021-12,ADS
2021-12,AEO
2021-12,AFG
2021-12,AGCO
2021-12,AIRC
2021-12,ALE
2021-12,AM
2021-12,AMED
2021-12,AMG
2021-12,AMKR
2021-12,AN
2021-12,APPS
2021-12,ARW
2021-12,ARWR
2021-12,ASB
2021-12,ASGN
2021-12,ASH
2021-12,ATR
2021-12,AVNT
2021-12,AVT
2021-12,AXON
2021-12,AYI
2021-12,AZPN
2021-12,AZTA
2021-12,BC
2021-12,BCO
2021-12,BDC
2021-12,BHF
2021-12,BJ
2021-12,BKH
2021-12,BLD
2021-12,BLDR
2021-12,BLKB
2021-12,BOH
2021-12,BRKR
2021-12,BRX
2021-12,BYD
2021-12,CABO
2021-12,CACI
2021-12,CADE
2021-12,CAR
2021-12,CASY
2021-12,CATY
2021-12,CBRL
2021-12,CBSH
2021-12,CBT
2021-12,CC
2021-12,CCMP
2021-12,CDK
2021-12,CFR
2021-12,CFX
2021-12,CGNX
2021-12,CHDN
2021-12,CHE
2021-12,CHH
2021-12,CHX
2021-12,CIEN
2021-12,CIT
2021-12,CLF
2021-12,CLH
2021-12,CMC
2021-12,CMP
2021-12,CNO
2021-12,CNX
2021-12,CNXC
2021-12,COHR
2021-12,COLM
2021-12,CONE
2021-12,COTY
2021-12,CPRI
2021-12,CPT
2021-12,CR
2021-12,CRI
2021-12,CRNC
2021-12,CROX
2021-12,CRUS
2021-12,CSL
2021-12,CUZ
2021-12,CVLT
2021-12,CW
2021-12,DAN
2021-12,DAR
2021-12,DCI
2021-12,DECK
2021-12,DEI
2021-12,DKS
2021-12,DOC
2021-12,DTM
2021-12,DY
2021-12,EGP
2021-12,EHC
2021-12,ELY
2021-12,EME
2021-12,ENR
2021-12,ENS
2021-12,ENV
2021-12,EPR
2021-12,EQT
2021-12,ESNT
2021-12,ETRN
2021-12,EVR
2021-12,EWBC
2021-12,EXEL
2021-12,EXP
2021-12,FAF
2021-12,FCFS
2021-12,FCN
2021-12,FFIN
2021-12,FHI
2021-12,FHN
2021-12,FICO
2021-12,FIVE
2021-12,FL
2021-12,FLO
2021-12,FLR
2021-12,FLS
2021-12,FNB
2021-12,FOXF
2021-12,FR
2021-12,FSLR
2021-12,FULT
2021-12,G
2021-12,GATX
2021-12,GBCI
2021-12,GEF
2021-12,GGG
2021-12,GHC
2021-12,GME
2021-12,GMED
2021-12,GNTX
2021-12,GO
2021-12,GT
2021-12,GXO
2021-12,HAE
2021-12,HAIN
2021-12,HALO
2021-12,HBI
2021-12,HE
2021-12,HELE
2021-12,HFC
2021-12,HIW
2021-12,HOG
2021-12,HOMB
2021-12,HPP
2021-12,HQY
2021-12,HR
2021-12,HRB
2021-12,HUBB
2021-12,HWC
2021-12,HXL
2021-12,IAA
2021-12,IART
2021-12,IBKR
2021-12,IBOC
2021-12,ICUI
2021-12,IDA
2021-12,IIVI
2021-12,INGR
2021-12,IRDM
2021-12,ITT
2021-12,JACK
2021-12,JAZZ
2021-12,JBGS
2021-12,JBL
2021-12,JBLU
2021-12,JEF
2021-12,JHG
2021-12,JLL
2021-12,JW.A
2021-12,JWN
2021-12,KBH
2021-12,KBR
2021-12,KD
2021-12,KEX
2021-12,KMPR
2021-12,KMT
2021-12,KNSL
2021-12,KNX
2021-12,KRC
2021-12,KRG
2021-12,KSS
2021-12,LAD
2021-12,LAMR
2021-12,LANC
2021-12,LEA
2021-12,LECO
2021-12,LEG
2021-12,LFUS
2021-12,LHCG
2021-12,LII
2021-12,LITE
2021-12,LIVN
2021-12,LOPE
2021-12,LPX
2021-12,LSCC
2021-12,LSI
2021-12,LSTR
2021-12,M
2021-12,MAC
2021-12,MAN
2021-12,MANH
2021-12,MASI
2021-12,MAT
2021-12,MCY
2021-12,MDU
2021-12,MEDP
2021-12,MIDD
2021-12,MIME
2021-12,MKSI
2021-12,MLKN
2021-12,MMS
2021-12,MOH
2021-12,MPW
2021-12,MRCY
2021-12,MSA
2021-12,MSM
2021-12,MTG
2021-12,MTX
2021-12,MTZ
2021-12,MUR
2021-12,MUSA
2021-12,NATI
2021-12,NAVI
2021-12,NBIX
2021-12,NCR
2021-12,NDSN
2021-12,NEOG
2021-12,NEU
2021-12,NFG
2021-12,NGVT
2021-12,NJR
2021-12,NNN
2021-12,NOV
2021-12,NSA
2021-12,NSP
2021-12,NUS
2021-12,NUVA
2021-12,NVST
2021-12,NVT
2021-12,NWE
2021-12,NYCB
2021-12,NYT
2021-12,OC
2021-12,OFC
2021-12,OGE
2021-12,OGS
2021-12,OHI
2021-12,OLED
2021-12,OLLI
2021-12,OLN
2021-12,OPCH
2021-12,ORI
2021-12,OSK
2021-12,OZK
2021-12,PACW
2021-12,PB
2021-12,PCH
2021-12,PCTY
2021-12,PDCO
2021-12,PEB
2021-12,PEN
2021-12,PFGC
2021-12,PGNY
2021-12,PII
2021-12,PK
2021-12,PNFP
2021-12,PNM
2021-12,POST
2021-12,POWI
2021-12,PPC
2021-12,PRG
2021-12,PRGO
2021-12,PRI
2021-12,PSB
2021-12,PZZA
2021-12,QDEL
2021-12,QLYS
2021-12,R
2021-12,RAMP
2021-12,RCM
2021-12,REXR
2021-12,RGA
2021-12,RGEN
2021-12,RGLD
2021-12,RH
2021-12,RLI
2021-12,RNR
2021-12,RPM
2021-12,RRX
2021-12,RS
2021-12,RUN
2021-12,RYN
2021-12,SABR
2021-12,SAFM
2021-12,SAIA
2021-12,SAIC
2021-12,SAIL
2021-12,SAM
2021-12,SBRA
2021-12,SCI
2021-12,SEIC
2021-12,SF
2021-12,SFM
2021-12,SGMS
2021-12,SIGI
2021-12,SITM
2021-12,SIX
2021-12,SKX
2021-12,SLAB
2021-12,SLG
2021-12,SLGN
2021-12,SLM
2021-12,SMG
2021-12,SMTC
2021-12,SNV
2021-12,SNX
2021-12,SON
2021-12,SPWR
2021-12,SR
2021-12,SRC
2021-12,SRCL
2021-12,SSD
2021-12,STAA
2021-12,STL
2021-12,STLD
2021-12,STOR
2021-12,SWX
2021-12,SXT
2021-12,SYNA
2021-12,SYNH
2021-12,TCBI
2021-12,TDC
2021-12,TEX
2021-12,TGNA
2021-12,THC
2021-12,THG
2021-12,THO
2021-12,TKR
2021-12,TMHC
2021-12,TNDM
2021-12,TNL
2021-12,TOL
2021-12,TPH
2021-12,TPX
2021-12,TREX
2021-12,TRGP
2021-12,TRIP
2021-12,TRN
2021-12,TTC
2021-12,TTEK
2021-12,TXRH
2021-12,UBSI
2021-12,UE
2021-12,UGI
2021-12,UMBF
2021-12,UMPQ
2021-12,UNM
2021-12,UNVR
2021-12,URBN
2021-12,UTHR
2021-12,VAC
2021-12,VC
2021-12,VICR
2021-12,VLY
2021-12,VMI
2021-12,VNT
2021-12,VOYA
2021-12,VSAT
2021-12,VSCO
2021-12,VSH
2021-12,VVV
2021-12,WAFD
2021-12,WBS
2021-12,WEN
2021-12,WERN
2021-12,WEX
2021-12,WH
2021-12,WING
2021-12,WOLF
2021-12,WOR
2021-12,WSM
2021-12,WSO
2021-12,WTFC
2021-12,WTRG
2021-12,WU
2021-12,WWD
2021-12,WWE
2021-12,X
2021-12,XPO
2021-12,XRX
2021-12,Y
2021-12,YELP
2021-12,YETI
2021-12,ZD
2022-01,AA
2022-01,ACC
2022-01,ACHC
2022-01,ACIW
2022-01,ACM
2022-01,ADNT
2022-01,ADS
2022-01,AEO
2022-01,AFG
2022-01,AGCO
2022-01,AIRC
2022-01,ALE
2022-01,AM
2022-01,AMED
2022-01,AMG
2022-01,AMKR
2022-01,AN
2022-01,APPS
2022-01,ARW
2022-01,ARWR
2022-01,ASB
2022-01,ASGN
2022-01,ASH
2022-01,ATR
2022-01,AVNT
2022-01,AVT
2022-01,AXON
2022-01,AYI
2022-01,AZPN
2022-01,AZTA
2022-01,BC
2022-01,BCO
2022-01,BDC
2022-01,BHF
2022-01,BJ
2022-01,BKH
2022-01,BLD
2022-01,BLDR
2022-01,BLKB
2022-01,BOH
2022-01,BRKR
2022-01,BRX
2022-01,BYD
2022-01,CABO
2022-01,CACI
2022-01,CADE
2022-01,CALX
2022-01,CAR
2022-01,CASY
2022-01,CATY
2022-01,CBRL
2022-01,CBSH
2022-01,CBT
2022-01,CC
2022-01,CCMP
2022-01,CDK
2022-01,CFR
2022-01,CFX
2022-01,CGNX
2022-01,CHDN
2022-01,CHE
2022-01,CHH
2022-01,CHX
2022-01,CIEN
2022-01,CLF
2022-01,CLH
2022-01,CMC
2022-01,CMP
2022-01,CNO
2022-01,CNX
2022-01,CNXC
2022-01,COHR
2022-01,COLM
2022-01,CONE
2022-01,COTY
2022-01,CPRI
2022-01,CPT
2022-01,CR
2022-01,CRI
2022-01,CRNC
2022-01,CROX
2022-01,CRUS
2022-01,CSL
2022-01,CUZ
2022-01,CVLT
2022-01,CW
2022-01,DAN
2022-01,DAR
2022-01,DCI
2022-01,DECK
2022-01,DEI
2022-01,DKS
2022-01,DOC
2022-01,DTM
2022-01,DY
2022-01,EGP
2022-01,EHC
2022-01,ELY
2022-01,EME
2022-01,ENR
2022-01,ENS
2022-01,ENV
2022-01,EPR
2022-01,EQT
2022-01,ESNT
2022-01,ETRN
2022-01,EVR
2022-01,EWBC
2022-01,EXEL
2022-01,EXP
2022-01,FAF
2022-01,FCFS
2022-01,FCN
2022-01,FFIN
2022-01,FHI
2022-01,FHN
2022-01,FICO
2022-01,FIVE
2022-01,FL
2022-01,FLO
2022-01,FLR
2022-01,FLS
2022-01,FNB
2022-01,FOXF
2022-01,FR
2022-01,FSLR
2022-01,FULT
2022-01,G
2022-01,GATX
2022-01,GBCI
2022-01,GEF
2022-01,GGG
2022-01,GHC
2022-01,GME
2022-01,GMED
2022-01,GNTX
2022-01,GO
2022-01,GT
2022-01,GXO
2022-01,HAE
2022-01,HAIN
2022-01,HALO
2022-01,HBI
2022-01,HE
2022-01,HELE
2022-01,HFC
2022-01,HIW
2022-01,HOG
2022-01,HOMB
2022-01,HPP
2022-01,HQY
2022-01,HR
2022-01,HRB
2022-01,HUBB
2022-01,HWC
2022-01,HXL
2022-01,IAA
2022-01,IART
2022-01,IBKR
2022-01,IBOC
2022-01,ICUI
2022-01,IDA
2022-01,IIVI
2022-01,INGR
2022-01,IRDM
2022-01,ITT
2022-01,JACK
2022-01,JAZZ
2022-01,JBGS
2022-01,JBL
2022-01,JBLU
2022-01,JEF
2022-01,JHG
2022-01,JLL
2022-01,JW.A
2022-01,JWN
2022-01,KBH
2022-01,KBR
2022-01,KD
2022-01,KEX
2022-01,KMPR
2022-01,KMT
2022-01,KNSL
2022-01,KNX
2022-01,KRC
2022-01,KRG
2022-01,KSS
2022-01,LAD
2022-01,LAMR
2022-01,LANC
2022-01,LEA
2022-01,LECO
2022-01,LEG
2022-01,LFUS
2022-01,LHCG
2022-01,LII
2022-01,LITE
2022-01,LIVN
2022-01,LOPE
2022-01,LPX
2022-01,LSCC
2022-01,LSI
2022-01,LSTR
2022-01,M
2022-01,MAC
2022-01,MAN
2022-01,MANH
2022-01,MASI
2022-01,MAT
2022-01,MCY
2022-01,MDU
2022-01,MEDP
2022-01,MIDD
2022-01,MIME
2022-01,MKSI
2022-01,MLKN
2022-01,MMS
2022-01,MOH
2022-01,MPW
2022-01,MRCY
2022-01,MSA
2022-01,MSM
2022-01,MTG
2022-01,MTX
2022-01,MTZ
2022-01,MUR
2022-01,MUSA
2022-01,NATI
2022-01,NAVI
2022-01,NBIX
2022-01,NCR
2022-01,NDSN
2022-01,NEOG
2022-01,NEU
2022-01,NFG
2022-01,NGVT
2022-01,NJR
2022-01,NNN
2022-01,NOV
2022-01,NSA
2022-01,NSP
2022-01,NUS
2022-01,NUVA
2022-01,NVST
2022-01,NVT
2022-01,NWE
2022-01,NYCB
2022-01,NYT
2022-01,OC
2022-01,OFC
2022-01,OGE
2022-01,OGS
2022-01,OHI
2022-01,OLED
2022-01,OLLI
2022-01,OLN
2022-01,OPCH
2022-01,ORI
2022-01,OSK
2022-01,OZK
2022-01,PACW
2022-01,PB
2022-01,PCH
2022-01,PCTY
2022-01,PDCO
2022-01,PEB
2022-01,PEN
2022-01,PFGC
2022-01,PGNY
2022-01,PII
2022-01,PK
2022-01,PNFP
2022-01,PNM
2022-01,POST
2022-01,POWI
2022-01,PPC
2022-01,PRG
2022-01,PRGO
2022-01,PRI
2022-01,PSB
2022-01,PZZA
2022-01,QDEL
2022-01,QLYS
2022-01,R
2022-01,RAMP
2022-01,RCM
2022-01,REXR
2022-01,RGA
2022-01,RGEN
2022-01,RGLD
2022-01,RH
2022-01,RLI
2022-01,RNR
2022-01,RPM
2022-01,RRX
2022-01,RS
2022-01,RUN
2022-01,RYN
2022-01,SABR
2022-01,SAFM
2022-01,SAIA
2022-01,SAIC
2022-01,SAIL
2022-01,SAM
2022-01,SBRA
2022-01,SCI
2022-01,SEIC
2022-01,SF
2022-01,SFM
2022-01,SGMS
2022-01,SIGI
2022-01,SITM
2022-01,SIX
2022-01,SKX
2022-01,SLAB
2022-01,SLG
2022-01,SLGN
2022-01,SLM
2022-01,SMG
2022-01,SMTC
2022-01,SNV
2022-01,SNX
2022-01,SON
2022-01,SPWR
2022-01,SR
2022-01,SRC
2022-01,SRCL
2022-01,SSD
2022-01,STAA
2022-01,STL
2022-01,STLD
2022-01,STOR
2022-01,SWX
2022-01,SXT
2022-01,SYNA
2022-01,SYNH
2022-01,TCBI
2022-01,TDC
2022-01,TEX
2022-01,TGNA
2022-01,THC
2022-01,THG
2022-01,THO
2022-01,TKR
2022-01,TMHC
2022-01,TNDM
2022-01,TNL
2022-01,TOL
2022-01,TPH
2022-01,TPX
2022-01,TREX
2022-01,TRGP
2022-01,TRIP
2022-01,TRN
2022-01,TTC
2022-01,TTEK
2022-01,TXRH
2022-01,UBSI
2022-01,UE
2022-01,UGI
2022-01,UMBF
2022-01,UMPQ
2022-01,UNM
2022-01,UNVR
2022-01,URBN
2022-01,UTHR
2022-01,VAC
2022-01,VC
2022-01,VICR
2022-01,VLY
2022-01,VMI
2022-01,VNT
2022-01,VOYA
2022-01,VSAT
2022-01,VSCO
2022-01,VSH
2022-01,VVV
2022-01,WAFD
2022-01,WBS
2022-01,WEN
2022-01,WERN
2022-01,WEX
2022-01,WH
2022-01,WING
2022-01,WOLF
2022-01,WOR
2022-01,WSM
2022-01,WSO
2022-01,WTFC
2022-01,WTRG
2022-01,WU
2022-01,WWD
2022-01,WWE
2022-01,X
2022-01,XPO
2022-01,XRX
2022-01,Y
2022-01,YELP
2022-01,YETI
2022-01,ZD
2022-02,AA
2022-02,ACC
2022-02,ACHC
2022-02,ACIW
2022-02,ACM
2022-02,ADNT
2022-02,ADS
2022-02,AEO
2022-02,AFG
2022-02,AGCO
2022-02,AIRC
2022-02,ALE
2022-02,AM
2022-02,AMED
2022-02,AMG
2022-02,AMKR
2022-02,AN
2022-02,APPS
2022-02,ARW
2022-02,ARWR
2022-02,ASB
2022-02,ASGN
2022-02,ASH
2022-02,ATR
2022-02,AVNT
2022-02,AVT
2022-02,AXON
2022-02,AYI
2022-02,AZPN
2022-02,AZTA
2022-02,BC
2022-02,BCO
2022-02,BDC
2022-02,BHF
2022-02,BJ
2022-02,BKH
2022-02,BLD
2022-02,BLDR
2022-02,BLKB
2022-02,BOH
2022-02,BRKR
2022-02,BRX
2022-02,BYD
2022-02,CABO
2022-02,CACI
2022-02,CADE
2022-02,CALX
2022-02,CAR
2022-02,CASY
2022-02,CATY
2022-02,CBRL
2022-02,CBSH
2022-02,CBT
2022-02,CC
2022-02,CCMP
2022-02,CDK
2022-02,CFR
2022-02,CFX
2022-02,CGNX
2022-02,CHDN
2022-02,CHE
2022-02,CHH
2022-02,CHX
2022-02,CIEN
2022-02,CLF
2022-02,CLH
2022-02,CMC
2022-02,CNO
2022-02,CNX
2022-02,CNXC
2022-02,COHR
2022-02,COLM
2022-02,CONE
2022-02,COTY
2022-02,CPRI
2022-02,CPT
2022-02,CR
2022-02,CRI
2022-02,CRNC
2022-02,CROX
2022-02,CRUS
2022-02,CSL
2022-02,CUZ
2022-02,CVLT
2022-02,CW
2022-02,DAN
2022-02,DAR
2022-02,DCI
2022-02,DECK
2022-02,DEI
2022-02,DKS
2022-02,DOC
2022-02,DTM
2022-02,DY
2022-02,EEFT
2022-02,EGP
2022-02,EHC
2022-02,ELY
2022-02,EME
2022-02,ENR
2022-02,ENS
2022-02,ENV
2022-02,EPR
2022-02,EQT
2022-02,ESNT
2022-02,ETRN
2022-02,EVR
2022-02,EWBC
2022-02,EXEL
2022-02,EXP
2022-02,FAF
2022-02,FCFS
2022-02,FCN
2022-02,FFIN
2022-02,FHI
2022-02,FHN
2022-02,FICO
2022-02,FIVE
2022-02,FL
2022-02,FLO
2022-02,FLR
2022-02,FLS
2022-02,FNB
2022-02,FOXF
2022-02,FR
2022-02,FSLR
2022-02,FULT
2022-02,G
2022-02,GATX
2022-02,GBCI
2022-02,GEF
2022-02,GGG
2022-02,GHC
2022-02,GME
2022-02,GMED
2022-02,GNTX
2022-02,GO
2022-02,GPS
2022-02,GT
2022-02,GXO
2022-02,HAE
2022-02,HAIN
2022-02,HALO
2022-02,HBI
2022-02,HE
2022-02,HELE
2022-02,HFC
2022-02,HIW
2022-02,HOG
2022-02,HOMB
2022-02,HPP
2022-02,HQY
2022-02,HR
2022-02,HRB
2022-02,HUBB
2022-02,HWC
2022-02,HXL
2022-02,IAA
2022-02,IART
2022-02,IBKR
2022-02,IBOC
2022-02,ICUI
2022-02,IDA
2022-02,IIVI
2022-02,INGR
2022-02,IRDM
2022-02,ITT
2022-02,JAZZ
2022-02,JBGS
2022-02,JBL
2022-02,JBLU
2022-02,JEF
2022-02,JHG
2022-02,JLL
2022-02,JW.A
2022-02,JWN
2022-02,KBH
2022-02,KBR
2022-02,KD
2022-02,KEX
2022-02,KMPR
2022-02,KMT
2022-02,KNSL
2022-02,KNX
2022-02,KRC
2022-02,KRG
2022-02,KSS
2022-02,LAD
2022-02,LAMR
2022-02,LANC
2022-02,LEA
2022-02,LECO
2022-02,LEG
2022-02,LFUS
2022-02,LHCG
2022-02,LII
2022-02,LITE
2022-02,LIVN
2022-02,LOPE
2022-02,LPX
2022-02,LSCC
2022-02,LSI
2022-02,LSTR
2022-02,M
2022-02,MAC
2022-02,MAN
2022-02,MANH
2022-02,MASI
2022-02,MAT
2022-02,MCY
2022-02,MDU
2022-02,MEDP
2022-02,MIDD
2022-02,MIME
2022-02,MKSI
2022-02,MLKN
2022-02,MMS
2022-02,MOH
2022-02,MPW
2022-02,MRCY
2022-02,MSA
2022-02,MSM
2022-02,MTG
2022-02,MTX
2022-02,MTZ
2022-02,MUR
2022-02,MUSA
2022-02,NATI
2022-02,NAVI
2022-02,NBIX
2022-02,NCR
2022-02,NEOG
2022-02,NEU
2022-02,NFG
2022-02,NGVT
2022-02,NJR
2022-02,NNN
2022-02,NOV
2022-02,NSA
2022-02,NSP
2022-02,NUS
2022-02,NUVA
2022-02,NVST
2022-02,NVT
2022-02,NWE
2022-02,NYCB
2022-02,NYT
2022-02,OC
2022-02,OFC
2022-02,OGE
2022-02,OGS
2022-02,OHI
2022-02,OLED
2022-02,OLLI
2022-02,OLN
2022-02,ONB
2022-02,OPCH
2022-02,ORI
2022-02,OSK
2022-02,OZK
2022-02,PACW
2022-02,PB
2022-02,PCH
2022-02,PCTY
2022-02,PDCE
2022-02,PDCO
2022-02,PEB
2022-02,PEN
2022-02,PFGC
2022-02,PGNY
2022-02,PII
2022-02,PK
2022-02,PNFP
2022-02,PNM
2022-02,POST
2022-02,POWI
2022-02,PPC
2022-02,PRG
2022-02,PRGO
2022-02,PRI
2022-02,PSB
2022-02,PZZA
2022-02,QDEL
2022-02,QLYS
2022-02,R
2022-02,RAMP
2022-02,RCM
2022-02,REXR
2022-02,RGA
2022-02,RGEN
2022-02,RGLD
2022-02,RH
2022-02,RLI
2022-02,RNR
2022-02,RPM
2022-02,RRX
2022-02,RS
2022-02,RUN
2022-02,RYN
2022-02,SABR
2022-02,SAFM
2022-02,SAIA
2022-02,SAIC
2022-02,SAIL
2022-02,SAM
2022-02,SBRA
2022-02,SCI
2022-02,SEIC
2022-02,SF
2022-02,SFM
2022-02,SGMS
2022-02,SIGI
2022-02,SITM
2022-02,SIX
2022-02,SKX
2022-02,SLAB
2022-02,SLG
2022-02,SLGN
2022-02,SLM
2022-02,SMG
2022-02,SMTC
2022-02,SNV
2022-02,SNX
2022-02,SON
2022-02,SPWR
2022-02,SR
2022-02,SRC
2022-02,SRCL
2022-02,SSD
2022-02,STAA
2022-02,STLD
2022-02,STOR
2022-02,SWX
2022-02,SXT
2022-02,SYNA
2022-02,SYNH
2022-02,TCBI
2022-02,TDC
2022-02,TEX
2022-02,TGNA
2022-02,THC
2022-02,THG
2022-02,THO
2022-02,TKR
2022-02,TMHC
2022-02,TNDM
2022-02,TNL
2022-02,TOL
2022-02,TPH
2022-02,TPX
2022-02,TREX
2022-02,TRGP
2022-02,TRIP
2022-02,TRN
2022-02,TTC
2022-02,TTEK
2022-02,TXRH
2022-02,UBSI
2022-02,UGI
2022-02,UMBF
2022-02,UMPQ
2022-02,UNM
2022-02,UNVR
2022-02,URBN
2022-02,UTHR
2022-02,VAC
2022-02,VC
2022-02,VICR
2022-02,VLY
2022-02,VMI
2022-02,VNT
2022-02,VOYA
2022-02,VSAT
2022-02,VSCO
2022-02,VSH
2022-02,VVV
2022-02,WAFD
2022-02,WBS
2022-02,WEN
2022-02,WERN
2022-02,WEX
2022-02,WH
2022-02,WING
2022-02,WOLF
2022-02,WOR
2022-02,WSM
2022-02,WSO
2022-02,WTFC
2022-02,WTRG
2022-02,WTS
2022-02,WU
2022-02,WWD
2022-02,WWE
2022-02,X
2022-02,XPO
2022-02,XRX
2022-02,Y
2022-02,YELP
2022-02,YETI
2022-02,ZD
2022-03,AA
2022-03,ACC
2022-03,ACHC
2022-03,ACIW
2022-03,ACM
2022-03,ADNT
2022-03,ADS
2022-03,AEO
2022-03,AFG
2022-03,AGCO
2022-03,AIRC
2022-03,ALE
2022-03,AM
2022-03,AMED
2022-03,AMG
2022-03,AMKR
2022-03,AN
2022-03,APPS
2022-03,ARW
2022-03,ARWR
2022-03,ASB
2022-03,ASGN
2022-03,ASH
2022-03,ATR
2022-03,AVNT
2022-03,AVT
2022-03,AXON
2022-03,AYI
2022-03,AZPN
2022-03,AZTA
2022-03,BC
2022-03,BCO
2022-03,BDC
2022-03,BHF
2022-03,BJ
2022-03,BKH
2022-03,BLD
2022-03,BLDR
2022-03,BLKB
2022-03,BOH
2022-03,BRBR
2022-03,BRKR
2022-03,BRX
2022-03,BYD
2022-03,CABO
2022-03,CACI
2022-03,CADE
2022-03,CALX
2022-03,CAR
2022-03,CASY
2022-03,CATY
2022-03,CBRL
2022-03,CBSH
2022-03,CBT
2022-03,CC
2022-03,CCMP
2022-03,CDK
2022-03,CFR
2022-03,CFX
2022-03,CGNX
2022-03,CHDN
2022-03,CHE
2022-03,CHH
2022-03,CHX
2022-03,CIEN
2022-03,CLF
2022-03,CLH
2022-03,CMC
2022-03,CNO
2022-03,CNX
2022-03,CNXC
2022-03,COHR
2022-03,COLM
2022-03,COTY
2022-03,CPRI
2022-03,CPT
2022-03,CR
2022-03,CRI
2022-03,CROX
2022-03,CRUS
2022-03,CSL
2022-03,CUZ
2022-03,CVLT
2022-03,CW
2022-03,DAN
2022-03,DAR
2022-03,DCI
2022-03,DECK
2022-03,DEI
2022-03,DINO
2022-03,DKS
2022-03,DOC
2022-03,DTM
2022-03,DY
2022-03,EEFT
2022-03,EGP
2022-03,EHC
2022-03,ELY
2022-03,EME
2022-03,ENR
2022-03,ENS
2022-03,ENV
2022-03,EPR
2022-03,EQT
2022-03,ESNT
2022-03,ETRN
2022-03,EVR
2022-03,EWBC
2022-03,EXEL
2022-03,EXP
2022-03,FAF
2022-03,FCFS
2022-03,FCN
2022-03,FFIN
2022-03,FHI
2022-03,FHN
2022-03,FICO
2022-03,FIVE
2022-03,FL
2022-03,FLO
2022-03,FLR
2022-03,FLS
2022-03,FNB
2022-03,FOXF
2022-03,FR
2022-03,FSLR
2022-03,FULT
2022-03,G
2022-03,GATX
2022-03,GBCI
2022-03,GEF
2022-03,GGG
2022-03,GHC
2022-03,GME
2022-03,GMED
2022-03,GNTX
2022-03,GO
2022-03,GPS
2022-03,GT
2022-03,GTLS
2022-03,GXO
2022-03,HAE
2022-03,HAIN
2022-03,HALO
2022-03,HBI
2022-03,HE
2022-03,HELE
2022-03,HIW
2022-03,HOG
2022-03,HOMB
2022-03,HPP
2022-03,HQY
2022-03,HR
2022-03,HRB
2022-03,HUBB
2022-03,HWC
2022-03,HXL
2022-03,IAA
2022-03,IART
2022-03,IBKR
2022-03,IBOC
2022-03,ICUI
2022-03,IDA
2022-03,IIVI
2022-03,INGR
2022-03,IRDM
2022-03,ITT
2022-03,JAZZ
2022-03,JBGS
2022-03,JBL
2022-03,JBLU
2022-03,JEF
2022-03,JHG
2022-03,JLL
2022-03,JW.A
2022-03,JWN
2022-03,KBH
2022-03,KBR
2022-03,KD
2022-03,KEX
2022-03,KMPR
2022-03,KMT
2022-03,KNSL
2022-03,KNX
2022-03,KRC
2022-03,KRG
2022-03,KSS
2022-03,LAD
2022-03,LAMR
2022-03,LANC
2022-03,LEA
2022-03,LECO
2022-03,LEG
2022-03,LFUS
2022-03,LHCG
2022-03,LII
2022-03,LITE
2022-03,LIVN
2022-03,LOPE
2022-03,LPX
2022-03,LSCC
2022-03,LSI
2022-03,LSTR
2022-03,M
2022-03,MAC
2022-03,MAN
2022-03,MANH
2022-03,MASI
2022-03,MAT
2022-03,MCY
2022-03,MDU
2022-03,MEDP
2022-03,MIDD
2022-03,MIME
2022-03,MKSI
2022-03,MLKN
2022-03,MMS
2022-03,MPW
2022-03,MRCY
2022-03,MSA
2022-03,MSM
2022-03,MTG
2022-03,MTX
2022-03,MTZ
2022-03,MUR
2022-03,MUSA
2022-03,NATI
2022-03,NAVI
2022-03,NBIX
2022-03,NCR
2022-03,NEOG
2022-03,NEU
2022-03,NFG
2022-03,NGVT
2022-03,NJR
2022-03,NNN
2022-03,NOV
2022-03,NSA
2022-03,NSP
2022-03,NUS
2022-03,NUVA
2022-03,NVST
2022-03,NVT
2022-03,NWE
2022-03,NYCB
2022-03,NYT
2022-03,OC
2022-03,OFC
2022-03,OGE
2022-03,OGS
2022-03,OHI
2022-03,OLED
2022-03,OLLI
2022-03,OLN
2022-03,ONB
2022-03,OPCH
2022-03,ORI
2022-03,OSK
2022-03,OZK
2022-03,PACW
2022-03,PB
2022-03,PCH
2022-03,PCTY
2022-03,PDCE
2022-03,PDCO
2022-03,PEB
2022-03,PEN
2022-03,PFGC
2022-03,PGNY
2022-03,PII
2022-03,PK
2022-03,PNFP
2022-03,PNM
2022-03,POST
2022-03,POWI
2022-03,PPC
2022-03,PRG
2022-03,PRGO
2022-03,PRI
2022-03,PSB
2022-03,PZZA
2022-03,QDEL
2022-03,QLYS
2022-03,R
2022-03,RAMP
2022-03,RCM
2022-03,REXR
2022-03,RGA
2022-03,RGEN
2022-03,RGLD
2022-03,RH
2022-03,RLI
2022-03,RNR
2022-03,RPM
2022-03,RRC
2022-03,RRX
2022-03,RS
2022-03,RUN
2022-03,RYN
2022-03,SABR
2022-03,SAFM
2022-03,SAIA
2022-03,SAIC
2022-03,SAIL
2022-03,SAM
2022-03,SBRA
2022-03,SCI
2022-03,SEIC
2022-03,SF
2022-03,SFM
2022-03,SGMS
2022-03,SIGI
2022-03,SITM
2022-03,SIX
2022-03,SKX
2022-03,SLAB
2022-03,SLG
2022-03,SLGN
2022-03,SLM
2022-03,SMG
2022-03,SMTC
2022-03,SNV
2022-03,SNX
2022-03,SON
2022-03,SPWR
2022-03,SR
2022-03,SRC
2022-03,SRCL
2022-03,SSD
2022-03,STAA
2022-03,STLD
2022-03,STOR
2022-03,SWX
2022-03,SXT
2022-03,SYNA
2022-03,SYNH
2022-03,TCBI
2022-03,TDC
2022-03,TEX
2022-03,TGNA
2022-03,THC
2022-03,THG
2022-03,THO
2022-03,TKR
2022-03,TMHC
2022-03,TNDM
2022-03,TNL
2022-03,TOL
2022-03,TPH
2022-03,TPX
2022-03,TREX
2022-03,TRGP
2022-03,TRIP
2022-03,TRN
2022-03,TTC
2022-03,TTEK
2022-03,TXRH
2022-03,UBSI
2022-03,UGI
2022-03,UMBF
2022-03,UMPQ
2022-03,UNM
2022-03,UNVR
2022-03,URBN
2022-03,UTHR
2022-03,VAC
2022-03,VC
2022-03,VICR
2022-03,VLY
2022-03,VMI
2022-03,VNT
2022-03,VOYA
2022-03,VSAT
2022-03,VSCO
2022-03,VSH
2022-03,VVV
2022-03,WAFD
2022-03,WBS
2022-03,WEN
2022-03,WERN
2022-03,WEX
2022-03,WH
2022-03,WING
2022-03,WOLF
2022-03,WOR
2022-03,WSM
2022-03,WSO
2022-03,WTFC
2022-03,WTRG
2022-03,WTS
2022-03,WU
2022-03,WWD
2022-03,WWE
2022-03,X
2022-03,XPO
2022-03,XRX
2022-03,Y
2022-03,YELP
2022-03,YETI
2022-03,ZD
2022-04,AA
2022-04,ACC
2022-04,ACHC
2022-04,ACIW
2022-04,ACM
2022-04,ADNT
2022-04,AEO
2022-04,AFG
2022-04,AGCO
2022-04,AIRC
2022-04,ALE
2022-04,AM
2022-04,AMED
2022-04,AMG
2022-04,AMKR
2022-04,AN
2022-04,APPS
2022-04,ARW
2022-04,ARWR
2022-04,ASB
2022-04,ASGN
2022-04,ASH
2022-04,ATR
2022-04,AVNT
2022-04,AVT
2022-04,AXON
2022-04,AYI
2022-04,AZPN
2022-04,AZTA
2022-04,BC
2022-04,BCO
2022-04,BDC
2022-04,BFH
2022-04,BHF
2022-04,BJ
2022-04,BKH
2022-04,BLD
2022-04,BLDR
2022-04,BLKB
2022-04,BOH
2022-04,BRBR
2022-04,BRKR
2022-04,BRX
2022-04,BYD
2022-04,CABO
2022-04,CACI
2022-04,CADE
2022-04,CALX
2022-04,CAR
2022-04,CASY
2022-04,CATY
2022-04,CBRL
2022-04,CBSH
2022-04,CBT
2022-04,CC
2022-04,CCMP
2022-04,CDK
2022-04,CFR
2022-04,CGNX
2022-04,CHDN
2022-04,CHE
2022-04,CHH
2022-04,CHX
2022-04,CIEN
2022-04,CLF
2022-04,CLH
2022-04,CMC
2022-04,CNO
2022-04,CNX
2022-04,CNXC
2022-04,COHR
2022-04,COLM
2022-04,COTY
2022-04,CPRI
2022-04,CR
2022-04,CRI
2022-04,CROX
2022-04,CRUS
2022-04,CSL
2022-04,CUZ
2022-04,CVLT
2022-04,CW
2022-04,DAN
2022-04,DAR
2022-04,DCI
2022-04,DECK
2022-04,DEI
2022-04,DINO
2022-04,DKS
2022-04,DOC
2022-04,DTM
2022-04,DY
2022-04,EEFT
2022-04,EGP
2022-04,EHC
2022-04,ELY
2022-04,EME
2022-04,ENOV
2022-04,ENR
2022-04,ENS
2022-04,ENV
2022-04,EPR
2022-04,EQT
2022-04,ESAB
2022-04,ESNT
2022-04,ETRN
2022-04,EVR
2022-04,EWBC
2022-04,EXEL
2022-04,EXP
2022-04,FAF
2022-04,FCFS
2022-04,FCN
2022-04,FFIN
2022-04,FHI
2022-04,FHN
2022-04,FICO
2022-04,FIVE
2022-04,FL
2022-04,FLO
2022-04,FLR
2022-04,FLS
2022-04,FNB
2022-04,FOXF
2022-04,FR
2022-04,FSLR
2022-04,FULT
2022-04,G
2022-04,GATX
2022-04,GBCI
2022-04,GEF
2022-04,GGG
2022-04,GHC
2022-04,GME
2022-04,GMED
2022-04,GNTX
2022-04,GO
2022-04,GPS
2022-04,GT
2022-04,GTLS
2022-04,GXO
2022-04,HAE
2022-04,HAIN
2022-04,HALO
2022-04,HBI
2022-04,HE
2022-04,HELE
2022-04,HIW
2022-04,HOG
2022-04,HOMB
2022-04,HPP
2022-04,HQY
2022-04,HR
2022-04,HRB
2022-04,HUBB
2022-04,HWC
2022-04,HXL
2022-04,IAA
2022-04,IART
2022-04,IBKR
2022-04,IBOC
2022-04,ICUI
2022-04,IDA
2022-04,IIVI
2022-04,INGR
2022-04,IRDM
2022-04,ITT
2022-04,JAZZ
2022-04,JBGS
2022-04,JBL
2022-04,JBLU
2022-04,JEF
2022-04,JHG
2022-04,JLL
2022-04,JW.A
2022-04,JWN
2022-04,KBH
2022-04,KBR
2022-04,KD
2022-04,KEX
2022-04,KMPR
2022-04,KMT
2022-04,KNSL
2022-04,KNX
2022-04,KRC
2022-04,KRG
2022-04,KSS
2022-04,LAD
2022-04,LAMR
2022-04,LANC
2022-04,LEA
2022-04,LECO
2022-04,LEG
2022-04,LFUS
2022-04,LHCG
2022-04,LII
2022-04,LITE
2022-04,LIVN
2022-04,LNW
2022-04,LOPE
2022-04,LPX
2022-04,LSCC
2022-04,LSI
2022-04,LSTR
2022-04,M
2022-04,MAC
2022-04,MAN
2022-04,MANH
2022-04,MASI
2022-04,MAT
2022-04,MCY
2022-04,MDU
2022-04,MEDP
2022-04,MIDD
2022-04,MIME
2022-04,MKSI
2022-04,MLKN
2022-04,MMS
2022-04,MPW
2022-04,MRCY
2022-04,MSA
2022-04,MSM
2022-04,MTDR
2022-04,MTG
2022-04,MTX
2022-04,MTZ
2022-04,MUR
2022-04,MUSA
2022-04,NATI
2022-04,NAVI
2022-04,NBIX
2022-04,NCR
2022-04,NEOG
2022-04,NEU
2022-04,NFG
2022-04,NGVT
2022-04,NJR
2022-04,NNN
2022-04,NOV
2022-04,NSA
2022-04,NSP
2022-04,NUS
2022-04,NUVA
2022-04,NVST
2022-04,NVT
2022-04,NWE
2022-04,NYCB
2022-04,NYT
2022-04,OC
2022-04,OFC
2022-04,OGE
2022-04,OGS
2022-04,OHI
2022-04,OLED
2022-04,OLLI
2022-04,OLN
2022-04,ONB
2022-04,OPCH
2022-04,ORI
2022-04,OSK
2022-04,OZK
2022-04,PACW
2022-04,PB
2022-04,PCH
2022-04,PCTY
2022-04,PDCE
2022-04,PDCO
2022-04,PEB
2022-04,PEN
2022-04,PFGC
2022-04,PGNY
2022-04,PII
2022-04,PK
2022-04,PNFP
2022-04,PNM
2022-04,POST
2022-04,POWI
2022-04,PPC
2022-04,PRGO
2022-04,PRI
2022-04,PSB
2022-04,PZZA
2022-04,QDEL
2022-04,QLYS
2022-04,R
2022-04,RAMP
2022-04,RCM
2022-04,REXR
2022-04,RGA
2022-04,RGEN
2022-04,RGLD
2022-04,RH
2022-04,RLI
2022-04,RNR
2022-04,RPM
2022-04,RRC
2022-04,RRX
2022-04,RS
2022-04,RUN
2022-04,RYN
2022-04,SABR
2022-04,SAFM
2022-04,SAIA
2022-04,SAIC
2022-04,SAIL
2022-04,SAM
2022-04,SBRA
2022-04,SCI
2022-04,SEIC
2022-04,SF
2022-04,SFM
2022-04,SIGI
2022-04,SITM
2022-04,SIX
2022-04,SKX
2022-04,SLAB
2022-04,SLG
2022-04,SLGN
2022-04,SLM
2022-04,SMG
2022-04,SMTC
2022-04,SNV
2022-04,SNX
2022-04,SON
2022-04,SPWR
2022-04,SR
2022-04,SRC
2022-04,SRCL
2022-04,SSD
2022-04,STAA
2022-04,STLD
2022-04,STOR
2022-04,SWX
2022-04,SXT
2022-04,SYNA
2022-04,SYNH
2022-04,TCBI
2022-04,TDC
2022-04,TEX
2022-04,TGNA
2022-04,THC
2022-04,THG
2022-04,THO
2022-04,TKR
2022-04,TMHC
2022-04,TNDM
2022-04,TNL
2022-04,TOL
2022-04,TPH
2022-04,TPX
2022-04,TREX
2022-04,TRGP
2022-04,TRIP
2022-04,TRN
2022-04,TTC
2022-04,TTEK
2022-04,TXRH
2022-04,UBSI
2022-04,UGI
2022-04,UMBF
2022-04,UMPQ
2022-04,UNM
2022-04,UNVR
2022-04,URBN
2022-04,UTHR
2022-04,VAC
2022-04,VC
2022-04,VICR
2022-04,VLY
2022-04,VMI
2022-04,VNT
2022-04,VOYA
2022-04,VSAT
2022-04,VSCO
2022-04,VSH
2022-04,VVV
2022-04,WAFD
2022-04,WBS
2022-04,WEN
2022-04,WERN
2022-04,WEX
2022-04,WH
2022-04,WING
2022-04,WOLF
2022-04,WOR
2022-04,WSM
2022-04,WSO
2022-04,WTFC
2022-04,WTRG
2022-04,WTS
2022-04,WU
2022-04,WWD
2022-04,WWE
2022-04,X
2022-04,XPO
2022-04,XRX
2022-04,Y
2022-04,YELP
2022-04,YETI
2022-04,ZD
2022-05,AA
2022-05,ACC
2022-05,ACHC
2022-05,ACIW
2022-05,ACM
2022-05,ADNT
2022-05,AEO
2022-05,AFG
2022-05,AGCO
2022-05,AIRC
2022-05,ALE
2022-05,AM
2022-05,AMED
2022-05,AMG
2022-05,AMKR
2022-05,AN
2022-05,APPS
2022-05,ARW
2022-05,ARWR
2022-05,ASB
2022-05,ASGN
2022-05,ASH
2022-05,ATR
2022-05,AVNT
2022-05,AVT
2022-05,AXON
2022-05,AYI
2022-05,AZPN
2022-05,AZTA
2022-05,BC
2022-05,BCO
2022-05,BDC
2022-05,BFH
2022-05,BHF
2022-05,BJ
2022-05,BKH
2022-05,BLD
2022-05,BLDR
2022-05,BLKB
2022-05,BOH
2022-05,BRBR
2022-05,BRKR
2022-05,BRX
2022-05,BYD
2022-05,CABO
2022-05,CACI
2022-05,CADE
2022-05,CALX
2022-05,CAR
2022-05,CASY
2022-05,CATY
2022-05,CBRL
2022-05,CBSH
2022-05,CBT
2022-05,CC
2022-05,CCMP
2022-05,CDK
2022-05,CFR
2022-05,CGNX
2022-05,CHDN
2022-05,CHE
2022-05,CHH
2022-05,CHX
2022-05,CIEN
2022-05,CLF
2022-05,CLH
2022-05,CMC
2022-05,CNO
2022-05,CNX
2022-05,CNXC
2022-05,COHR
2022-05,COLM
2022-05,COTY
2022-05,CPRI
2022-05,CR
2022-05,CRI
2022-05,CROX
2022-05,CRUS
2022-05,CSL
2022-05,CUZ
2022-05,CVLT
2022-05,CW
2022-05,DAN
2022-05,DAR
2022-05,DCI
2022-05,DECK
2022-05,DEI
2022-05,DINO
2022-05,DKS
2022-05,DOC
2022-05,DTM
2022-05,DY
2022-05,EEFT
2022-05,EGP
2022-05,EHC
2022-05,ELY
2022-05,EME
2022-05,ENOV
2022-05,ENR
2022-05,ENS
2022-05,ENV
2022-05,EPR
2022-05,EQT
2022-05,ESAB
2022-05,ESNT
2022-05,ETRN
2022-05,EVR
2022-05,EWBC
2022-05,EXEL
2022-05,EXP
2022-05,FAF
2022-05,FCFS
2022-05,FCN
2022-05,FFIN
2022-05,FHI
2022-05,FHN
2022-05,FICO
2022-05,FIVE
2022-05,FL
2022-05,FLO
2022-05,FLR
2022-05,FLS
2022-05,FNB
2022-05,FOXF
2022-05,FR
2022-05,FSLR
2022-05,FULT
2022-05,G
2022-05,GATX
2022-05,GBCI
2022-05,GEF
2022-05,GGG
2022-05,GHC
2022-05,GME
2022-05,GMED
2022-05,GNTX
2022-05,GO
2022-05,GPS
2022-05,GT
2022-05,GTLS
2022-05,GXO
2022-05,HAE
2022-05,HAIN
2022-05,HALO
2022-05,HBI
2022-05,HE
2022-05,HELE
2022-05,HIW
2022-05,HOG
2022-05,HOMB
2022-05,HPP
2022-05,HQY
2022-05,HR
2022-05,HRB
2022-05,HUBB
2022-05,HWC
2022-05,HXL
2022-05,IAA
2022-05,IART
2022-05,IBKR
2022-05,IBOC
2022-05,ICUI
2022-05,IDA
2022-05,IIVI
2022-05,INGR
2022-05,IRDM
2022-05,IRT
2022-05,ITT
2022-05,JAZZ
2022-05,JBGS
2022-05,JBL
2022-05,JBLU
2022-05,JEF
2022-05,JHG
2022-05,JLL
2022-05,JW.A
2022-05,JWN
2022-05,KBH
2022-05,KBR
2022-05,KD
2022-05,KEX
2022-05,KMPR
2022-05,KMT
2022-05,KNSL
2022-05,KNX
2022-05,KRC
2022-05,KRG
2022-05,KSS
2022-05,LAD
2022-05,LAMR
2022-05,LANC
2022-05,LEA
2022-05,LECO
2022-05,LEG
2022-05,LFUS
2022-05,LHCG
2022-05,LII
2022-05,LITE
2022-05,LIVN
2022-05,LNW
2022-05,LOPE
2022-05,LPX
2022-05,LSCC
2022-05,LSI
2022-05,LSTR
2022-05,M
2022-05,MAC
2022-05,MAN
2022-05,MANH
2022-05,MASI
2022-05,MAT
2022-05,MCY
2022-05,MDU
2022-05,MEDP
2022-05,MIDD
2022-05,MKSI
2022-05,MLKN
2022-05,MMS
2022-05,MPW
2022-05,MRCY
2022-05,MSA
2022-05,MSM
2022-05,MTDR
2022-05,MTG
2022-05,MTX
2022-05,MTZ
2022-05,MUR
2022-05,MUSA
2022-05,NARI
2022-05,NATI
2022-05,NAVI
2022-05,NBIX
2022-05,NCR
2022-05,NEOG
2022-05,NEU
2022-05,NFG
2022-05,NGVT
2022-05,NJR
2022-05,NNN
2022-05,NOV
2022-05,NSA
2022-05,NSP
2022-05,NUS
2022-05,NUVA
2022-05,NVST
2022-05,NVT
2022-05,NWE
2022-05,NYCB
2022-05,NYT
2022-05,OC
2022-05,OFC
2022-05,OGE
2022-05,OGS
2022-05,OHI
2022-05,OLED
2022-05,OLLI
2022-05,OLN
2022-05,ONB
2022-05,OPCH
2022-05,ORI
2022-05,OSK
2022-05,OZK
2022-05,PACW
2022-05,PB
2022-05,PCH
2022-05,PCTY
2022-05,PDCE
2022-05,PDCO
2022-05,PEB
2022-05,PEN
2022-05,PFGC
2022-05,PGNY
2022-05,PII
2022-05,PK
2022-05,PNFP
2022-05,PNM
2022-05,POST
2022-05,POWI
2022-05,PPC
2022-05,PRGO
2022-05,PRI
2022-05,PSB
2022-05,PZZA
2022-05,QDEL
2022-05,QLYS
2022-05,R
2022-05,RAMP
2022-05,RCM
2022-05,REXR
2022-05,RGA
2022-05,RGEN
2022-05,RGLD
2022-05,RH
2022-05,RLI
2022-05,RNR
2022-05,RPM
2022-05,RRC
2022-05,RRX
2022-05,RS
2022-05,RUN
2022-05,RYN
2022-05,SABR
2022-05,SAFM
2022-05,SAIA
2022-05,SAIC
2022-05,SAIL
2022-05,SAM
2022-05,SBRA
2022-05,SCI
2022-05,SEIC
2022-05,SF
2022-05,SFM
2022-05,SIGI
2022-05,SITM
2022-05,SIX
2022-05,SKX
2022-05,SLAB
2022-05,SLG
2022-05,SLGN
2022-05,SLM
2022-05,SMG
2022-05,SMTC
2022-05,SNV
2022-05,SNX
2022-05,SON
2022-05,SPWR
2022-05,SR
2022-05,SRC
2022-05,SRCL
2022-05,SSD
2022-05,STAA
2022-05,STLD
2022-05,STOR
2022-05,SWX
2022-05,SXT
2022-05,SYNA
2022-05,SYNH
2022-05,TCBI
2022-05,TDC
2022-05,TEX
2022-05,TGNA
2022-05,THC
2022-05,THG
2022-05,THO
2022-05,TKR
2022-05,TMHC
2022-05,TNDM
2022-05,TNL
2022-05,TOL
2022-05,TPX
2022-05,TREX
2022-05,TRGP
2022-05,TRIP
2022-05,TRN
2022-05,TTC
2022-05,TTEK
2022-05,TXRH
2022-05,UBSI
2022-05,UGI
2022-05,UMBF
2022-05,UMPQ
2022-05,UNM
2022-05,UNVR
2022-05,URBN
2022-05,UTHR
2022-05,VAC
2022-05,VC
2022-05,VICR
2022-05,VLY
2022-05,VMI
2022-05,VNT
2022-05,VOYA
2022-05,VSAT
2022-05,VSCO
2022-05,VSH
2022-05,VVV
2022-05,WAFD
2022-05,WBS
2022-05,WEN
2022-05,WERN
2022-05,WEX
2022-05,WH
2022-05,WING
2022-05,WOLF
2022-05,WOR
2022-05,WSM
2022-05,WSO
2022-05,WTFC
2022-05,WTRG
2022-05,WTS
2022-05,WU
2022-05,WWD
2022-05,WWE
2022-05,X
2022-05,XPO
2022-05,XRX
2022-05,Y
2022-05,YELP
2022-05,YETI
2022-05,ZD
2022-06,AA
2022-06,ACC
2022-06,ACHC
2022-06,ACIW
2022-06,ACM
2022-06,ADNT
2022-06,AEO
2022-06,AFG
2022-06,AGCO
2022-06,AIRC
2022-06,ALE
2022-06,AM
2022-06,AMED
2022-06,AMG
2022-06,AMKR
2022-06,AN
2022-06,ARW
2022-06,ARWR
2022-06,ASB
2022-06,ASGN
2022-06,ASH
2022-06,ATR
2022-06,AVNT
2022-06,AVT
2022-06,AXON
2022-06,AYI
2022-06,AZPN
2022-06,AZTA
2022-06,BC
2022-06,BCO
2022-06,BDC
2022-06,BFH
2022-06,BHF
2022-06,BJ
2022-06,BKH
2022-06,BLD
2022-06,BLDR
2022-06,BLKB
2022-06,BOH
2022-06,BRBR
2022-06,BRKR
2022-06,BRX
2022-06,BYD
2022-06,CABO
2022-06,CACI
2022-06,CADE
2022-06,CALX
2022-06,CAR
2022-06,CASY
2022-06,CATY
2022-06,CBRL
2022-06,CBSH
2022-06,CBT
2022-06,CC
2022-06,CCMP
2022-06,CDK
2022-06,CFR
2022-06,CGNX
2022-06,CHDN
2022-06,CHE
2022-06,CHH
2022-06,CHX
2022-06,CIEN
2022-06,CLF
2022-06,CLH
2022-06,CMC
2022-06,CNO
2022-06,CNX
2022-06,CNXC
2022-06,COHR
2022-06,COLM
2022-06,COTY
2022-06,CPRI
2022-06,CR
2022-06,CRI
2022-06,CROX
2022-06,CRUS
2022-06,CSL
2022-06,CUZ
2022-06,CVLT
2022-06,CW
2022-06,DAN
2022-06,DAR
2022-06,DCI
2022-06,DECK
2022-06,DEI
2022-06,DINO
2022-06,DKS
2022-06,DOC
2022-06,DTM
2022-06,DY
2022-06,EEFT
2022-06,EGP
2022-06,EHC
2022-06,ELY
2022-06,EME
2022-06,ENOV
2022-06,ENR
2022-06,ENS
2022-06,ENV
2022-06,EPR
2022-06,EQT
2022-06,ESAB
2022-06,ESNT
2022-06,ETRN
2022-06,EVR
2022-06,EWBC
2022-06,EXEL
2022-06,EXP
2022-06,FAF
2022-06,FCFS
2022-06,FCN
2022-06,FFIN
2022-06,FHI
2022-06,FHN
2022-06,FICO
2022-06,FIVE
2022-06,FL
2022-06,FLO
2022-06,FLR
2022-06,FLS
2022-06,FNB
2022-06,FOXF
2022-06,FR
2022-06,FSLR
2022-06,FULT
2022-06,G
2022-06,GATX
2022-06,GBCI
2022-06,GEF
2022-06,GGG
2022-06,GHC
2022-06,GME
2022-06,GMED
2022-06,GNTX
2022-06,GO
2022-06,GPS
2022-06,GT
2022-06,GTLS
2022-06,GXO
2022-06,HAE
2022-06,HAIN
2022-06,HALO
2022-06,HBI
2022-06,HE
2022-06,HELE
2022-06,HIW
2022-06,HOG
2022-06,HOMB
2022-06,HPP
2022-06,HQY
2022-06,HR
2022-06,HRB
2022-06,HUBB
2022-06,HWC
2022-06,HXL
2022-06,IAA
2022-06,IART
2022-06,IBKR
2022-06,IBOC
2022-06,ICUI
2022-06,IDA
2022-06,IIVI
2022-06,INGR
2022-06,IPGP
2022-06,IRDM
2022-06,IRT
2022-06,ITT
2022-06,JAZZ
2022-06,JBGS
2022-06,JBL
2022-06,JBLU
2022-06,JEF
2022-06,JHG
2022-06,JLL
2022-06,JW.A
2022-06,JWN
2022-06,KBH
2022-06,KBR
2022-06,KD
2022-06,KEX
2022-06,KMPR
2022-06,KMT
2022-06,KNSL
2022-06,KNX
2022-06,KRC
2022-06,KRG
2022-06,KSS
2022-06,LAD
2022-06,LAMR
2022-06,LANC
2022-06,LEA
2022-06,LECO
2022-06,LEG
2022-06,LFUS
2022-06,LHCG
2022-06,LII
2022-06,LITE
2022-06,LIVN
2022-06,LNW
2022-06,LOPE
2022-06,LPX
2022-06,LSCC
2022-06,LSI
2022-06,LSTR
2022-06,M
2022-06,MAC
2022-06,MAN
2022-06,MANH
2022-06,MASI
2022-06,MAT
2022-06,MCY
2022-06,MDU
2022-06,MEDP
2022-06,MIDD
2022-06,MKSI
2022-06,MLKN
2022-06,MMS
2022-06,MPW
2022-06,MRCY
2022-06,MSA
2022-06,MSM
2022-06,MTDR
2022-06,MTG
2022-06,MTX
2022-06,MTZ
2022-06,MUR
2022-06,MUSA
2022-06,NARI
2022-06,NATI
2022-06,NAVI
2022-06,NBIX
2022-06,NCR
2022-06,NEOG
2022-06,NEU
2022-06,NFG
2022-06,NGVT
2022-06,NJR
2022-06,NNN
2022-06,NOV
2022-06,NSA
2022-06,NSP
2022-06,NUS
2022-06,NUVA
2022-06,NVST
2022-06,NVT
2022-06,NWE
2022-06,NYCB
2022-06,NYT
2022-06,OC
2022-06,OFC
2022-06,OGE
2022-06,OGS
2022-06,OHI
2022-06,OLED
2022-06,OLLI
2022-06,OLN
2022-06,ONB
2022-06,OPCH
2022-06,ORI
2022-06,OSK
2022-06,OZK
2022-06,PACW
2022-06,PB
2022-06,PCH
2022-06,PCTY
2022-06,PDCE
2022-06,PDCO
2022-06,PEB
2022-06,PEN
2022-06,PFGC
2022-06,PGNY
2022-06,PII
2022-06,PK
2022-06,PNFP
2022-06,PNM
2022-06,POR
2022-06,POST
2022-06,POWI
2022-06,PPC
2022-06,PRGO
2022-06,PRI
2022-06,PSB
2022-06,PZZA
2022-06,QDEL
2022-06,QLYS
2022-06,R
2022-06,RCM
2022-06,REXR
2022-06,RGA
2022-06,RGEN
2022-06,RGLD
2022-06,RH
2022-06,RLI
2022-06,RNR
2022-06,RPM
2022-06,RRC
2022-06,RRX
2022-06,RS
2022-06,RUN
2022-06,RYN
2022-06,SABR
2022-06,SAFM
2022-06,SAIA
2022-06,SAIC
2022-06,SAIL
2022-06,SAM
2022-06,SBRA
2022-06,SCI
2022-06,SEIC
2022-06,SF
2022-06,SFM
2022-06,SHC
2022-06,SIGI
2022-06,SITM
2022-06,SIX
2022-06,SKX
2022-06,SLAB
2022-06,SLG
2022-06,SLGN
2022-06,SLM
2022-06,SMG
2022-06,SMTC
2022-06,SNV
2022-06,SNX
2022-06,SON
2022-06,SPWR
2022-06,SR
2022-06,SRC
2022-06,SRCL
2022-06,SSD
2022-06,STAA
2022-06,STLD
2022-06,STOR
2022-06,SWAV
2022-06,SWX
2022-06,SXT
2022-06,SYNA
2022-06,SYNH
2022-06,TCBI
2022-06,TDC
2022-06,TEX
2022-06,TGNA
2022-06,THC
2022-06,THG
2022-06,THO
2022-06,TKR
2022-06,TMHC
2022-06,TNDM
2022-06,TNL
2022-06,TOL
2022-06,TPX
2022-06,TREX
2022-06,TRGP
2022-06,TRIP
2022-06,TTC
2022-06,TTEK
2022-06,TXRH
2022-06,UA
2022-06,UAA
2022-06,UBSI
2022-06,UGI
2022-06,UMBF
2022-06,UMPQ
2022-06,UNM
2022-06,UNVR
2022-06,UTHR
2022-06,VAC
2022-06,VC
2022-06,VICR
2022-06,VLY
2022-06,VMI
2022-06,VNT
2022-06,VOYA
2022-06,VSAT
2022-06,VSCO
2022-06,VSH
2022-06,VVV
2022-06,WAFD
2022-06,WBS
2022-06,WEN
2022-06,WERN
2022-06,WEX
2022-06,WH
2022-06,WING
2022-06,WOLF
2022-06,WOR
2022-06,WSM
2022-06,WSO
2022-06,WTFC
2022-06,WTRG
2022-06,WTS
2022-06,WU
2022-06,WWD
2022-06,WWE
2022-06,X
2022-06,XPO
2022-06,XRX
2022-06,Y
2022-06,YETI
2022-06,ZD
2022-07,AA
2022-07,ACC
2022-07,ACHC
2022-07,ACIW
2022-07,ACM
2022-07,ADNT
2022-07,AEO
2022-07,AFG
2022-07,AGCO
2022-07,AIRC
2022-07,ALE
2022-07,AM
2022-07,AMED
2022-07,AMG
2022-07,AMKR
2022-07,AN
2022-07,ARW
2022-07,ARWR
2022-07,ASB
2022-07,ASGN
2022-07,ASH
2022-07,ATR
2022-07,AVNT
2022-07,AVT
2022-07,AXON
2022-07,AYI
2022-07,AZPN
2022-07,AZTA
2022-07,BC
2022-07,BCO
2022-07,BDC
2022-07,BFH
2022-07,BHF
2022-07,BJ
2022-07,BKH
2022-07,BLD
2022-07,BLDR
2022-07,BLKB
2022-07,BOH
2022-07,BRBR
2022-07,BRKR
2022-07,BRX
2022-07,BYD
2022-07,CABO
2022-07,CACI
2022-07,CADE
2022-07,CALX
2022-07,CAR
2022-07,CASY
2022-07,CATY
2022-07,CBRL
2022-07,CBSH
2022-07,CBT
2022-07,CC
2022-07,CFR
2022-07,CGNX
2022-07,CHDN
2022-07,CHE
2022-07,CHH
2022-07,CHX
2022-07,CIEN
2022-07,CLF
2022-07,CLH
2022-07,CMC
2022-07,CNO
2022-07,CNX
2022-07,CNXC
2022-07,COKE
2022-07,COLM
2022-07,COTY
2022-07,CPRI
2022-07,CR
2022-07,CRI
2022-07,CROX
2022-07,CRUS
2022-07,CSL
2022-07,CUZ
2022-07,CVLT
2022-07,CW
2022-07,DAN
2022-07,DAR
2022-07,DCI
2022-07,DECK
2022-07,DEI
2022-07,DINO
2022-07,DKS
2022-07,DOC
2022-07,DTM
2022-07,DY
2022-07,EEFT
2022-07,EGP
2022-07,EHC
2022-07,ELY
2022-07,EME
2022-07,ENOV
2022-07,ENR
2022-07,ENS
2022-07,ENV
2022-07,EPR
2022-07,EQT
2022-07,ESAB
2022-07,ESNT
2022-07,ETRN
2022-07,EVR
2022-07,EWBC
2022-07,EXEL
2022-07,EXP
2022-07,FAF
2022-07,FCFS
2022-07,FCN
2022-07,FFIN
2022-07,FHI
2022-07,FHN
2022-07,FICO
2022-07,FIVE
2022-07,FL
2022-07,FLO
2022-07,FLR
2022-07,FLS
2022-07,FNB
2022-07,FOXF
2022-07,FR
2022-07,FSLR
2022-07,FULT
2022-07,G
2022-07,GATX
2022-07,GBCI
2022-07,GEF
2022-07,GGG
2022-07,GHC
2022-07,GME
2022-07,GMED
2022-07,GNTX
2022-07,GO
2022-07,GPS
2022-07,GT
2022-07,GTLS
2022-07,GXO
2022-07,HAE
2022-07,HAIN
2022-07,HALO
2022-07,HBI
2022-07,HE
2022-07,HELE
2022-07,HIW
2022-07,HOG
2022-07,HOMB
2022-07,HPP
2022-07,HQY
2022-07,HR
2022-07,HRB
2022-07,HUBB
2022-07,HWC
2022-07,HXL
2022-07,IAA
2022-07,IART
2022-07,IBKR
2022-07,IBOC
2022-07,ICUI
2022-07,IDA
2022-07,IIVI
2022-07,INGR
2022-07,IPGP
2022-07,IRDM
2022-07,IRT
2022-07,ITT
2022-07,JAZZ
2022-07,JBGS
2022-07,JBL
2022-07,JBLU
2022-07,JEF
2022-07,JHG
2022-07,JLL
2022-07,JW.A
2022-07,JWN
2022-07,KBH
2022-07,KBR
2022-07,KD
2022-07,KEX
2022-07,KMPR
2022-07,KMT
2022-07,KNSL
2022-07,KNX
2022-07,KRC
2022-07,KRG
2022-07,KSS
2022-07,LAD
2022-07,LAMR
2022-07,LANC
2022-07,LEA
2022-07,LECO
2022-07,LEG
2022-07,LFUS
2022-07,LHCG
2022-07,LII
2022-07,LITE
2022-07,LIVN
2022-07,LNW
2022-07,LOPE
2022-07,LPX
2022-07,LSCC
2022-07,LSI
2022-07,LSTR
2022-07,M
2022-07,MAC
2022-07,MAN
2022-07,MANH
2022-07,MASI
2022-07,MAT
2022-07,MCY
2022-07,MDU
2022-07,MEDP
2022-07,MIDD
2022-07,MKSI
2022-07,MLKN
2022-07,MMS
2022-07,MP
2022-07,MPW
2022-07,MRCY
2022-07,MSA
2022-07,MSM
2022-07,MTDR
2022-07,MTG
2022-07,MTX
2022-07,MTZ
2022-07,MUR
2022-07,MUSA
2022-07,NARI
2022-07,NATI
2022-07,NAVI
2022-07,NBIX
2022-07,NCR
2022-07,NEOG
2022-07,NEU
2022-07,NFG
2022-07,NGVT
2022-07,NJR
2022-07,NNN
2022-07,NOV
2022-07,NOVT
2022-07,NSA
2022-07,NSP
2022-07,NUS
2022-07,NUVA
2022-07,NVST
2022-07,NVT
2022-07,NWE
2022-07,NYCB
2022-07,NYT
2022-07,OC
2022-07,OFC
2022-07,OGE
2022-07,OGS
2022-07,OHI
2022-07,OLED
2022-07,OLLI
2022-07,OLN
2022-07,OMCL
2022-07,ONB
2022-07,OPCH
2022-07,ORA
2022-07,ORI
2022-07,OSK
2022-07,OZK
2022-07,PACW
2022-07,PB
2022-07,PCH
2022-07,PCTY
2022-07,PDCE
2022-07,PDCO
2022-07,PEB
2022-07,PEN
2022-07,PFGC
2022-07,PGNY
2022-07,PII
2022-07,PK
2022-07,PNFP
2022-07,PNM
2022-07,POR
2022-07,POST
2022-07,POWI
2022-07,PPC
2022-07,PRGO
2022-07,PRI
2022-07,PZZA
2022-07,QDEL
2022-07,QLYS
2022-07,R
2022-07,RCM
2022-07,REXR
2022-07,RGA
2022-07,RGEN
2022-07,RGLD
2022-07,RH
2022-07,RLI
2022-07,RNR
2022-07,RPM
2022-07,RRC
2022-07,RRX
2022-07,RS
2022-07,RUN
2022-07,RYN
2022-07,SABR
2022-07,SAIA
2022-07,SAIC
2022-07,SAIL
2022-07,SAM
2022-07,SBRA
2022-07,SCI
2022-07,SEIC
2022-07,SF
2022-07,SFM
2022-07,SHC
2022-07,SIGI
2022-07,SITM
2022-07,SKX
2022-07,SLAB
2022-07,SLG
2022-07,SLGN
2022-07,SLM
2022-07,SMG
2022-07,SMTC
2022-07,SNV
2022-07,SNX
2022-07,SON
2022-07,SPWR
2022-07,SR
2022-07,SRC
2022-07,SRCL
2022-07,SSD
2022-07,STAA
2022-07,STLD
2022-07,STOR
2022-07,SWAV
2022-07,SWN
2022-07,SWX
2022-07,SXT
2022-07,SYNA
2022-07,SYNH
2022-07,TCBI
2022-07,TDC
2022-07,TEX
2022-07,TGNA
2022-07,THC
2022-07,THG
2022-07,THO
2022-07,TKR
2022-07,TMHC
2022-07,TNDM
2022-07,TNL
2022-07,TOL
2022-07,TPX
2022-07,TREX
2022-07,TRGP
2022-07,TRIP
2022-07,TTC
2022-07,TTEK
2022-07,TXRH
2022-07,UA
2022-07,UAA
2022-07,UBSI
2022-07,UGI
2022-07,UMBF
2022-07,UMPQ
2022-07,UNM
2022-07,UNVR
2022-07,UTHR
2022-07,VAC
2022-07,VC
2022-07,VICR
2022-07,VLY
2022-07,VMI
2022-07,VNT
2022-07,VOYA
2022-07,VSAT
2022-07,VSCO
2022-07,VSH
2022-07,VVV
2022-07,WAFD
2022-07,WBS
2022-07,WEN
2022-07,WERN
2022-07,WEX
2022-07,WH
2022-07,WING
2022-07,WOLF
2022-07,WOR
2022-07,WSM
2022-07,WSO
2022-07,WTFC
2022-07,WTRG
2022-07,WTS
2022-07,WU
2022-07,WWD
2022-07,WWE
2022-07,X
2022-07,XPO
2022-07,XRX
2022-07,Y
2022-07,YETI
2022-07,ZD
2022-08,AA
2022-08,ACHC
2022-08,ACIW
2022-08,ACM
2022-08,ADNT
2022-08,AEO
2022-08,AFG
2022-08,AGCO
2022-08,AIRC
2022-08,ALE
2022-08,AM
2022-08,AMED
2022-08,AMG
2022-08,AMKR
2022-08,AN
2022-08,ARW
2022-08,ARWR
2022-08,ASB
2022-08,ASGN
2022-08,ASH
2022-08,ATR
2022-08,AVNT
2022-08,AVT
2022-08,AXON
2022-08,AYI
2022-08,AZPN
2022-08,AZTA
2022-08,BC
2022-08,BCO
2022-08,BDC
2022-08,BFH
2022-08,BHF
2022-08,BJ
2022-08,BKH
2022-08,BLD
2022-08,BLDR
2022-08,BLKB
2022-08,BOH
2022-08,BRBR
2022-08,BRKR
2022-08,BRX
2022-08,BYD
2022-08,CABO
2022-08,CACI
2022-08,CADE
2022-08,CALX
2022-08,CAR
2022-08,CASY
2022-08,CATY
2022-08,CBRL
2022-08,CBSH
2022-08,CBT
2022-08,CC
2022-08,CELH
2022-08,CFR
2022-08,CGNX
2022-08,CHDN
2022-08,CHE
2022-08,CHH
2022-08,CHX
2022-08,CIEN
2022-08,CLF
2022-08,CLH
2022-08,CMC
2022-08,CNO
2022-08,CNX
2022-08,CNXC
2022-08,COKE
2022-08,COLM
2022-08,COTY
2022-08,CPRI
2022-08,CR
2022-08,CRI
2022-08,CROX
2022-08,CRUS
2022-08,CSL
2022-08,CUZ
2022-08,CVLT
2022-08,CW
2022-08,DAN
2022-08,DAR
2022-08,DCI
2022-08,DECK
2022-08,DEI
2022-08,DINO
2022-08,DKS
2022-08,DOC
2022-08,DTM
2022-08,DY
2022-08,EEFT
2022-08,EGP
2022-08,EHC
2022-08,ELY
2022-08,EME
2022-08,ENOV
2022-08,ENR
2022-08,ENS
2022-08,ENV
2022-08,EPR
2022-08,EQT
2022-08,ESAB
2022-08,ESNT
2022-08,ETRN
2022-08,EVR
2022-08,EWBC
2022-08,EXEL
2022-08,EXP
2022-08,FAF
2022-08,FCFS
2022-08,FCN
2022-08,FFIN
2022-08,FHI
2022-08,FHN
2022-08,FICO
2022-08,FIVE
2022-08,FL
2022-08,FLO
2022-08,FLR
2022-08,FLS
2022-08,FNB
2022-08,FOXF
2022-08,FR
2022-08,FSLR
2022-08,FULT
2022-08,G
2022-08,GATX
2022-08,GBCI
2022-08,GEF
2022-08,GGG
2022-08,GHC
2022-08,GME
2022-08,GMED
2022-08,GNTX
2022-08,GO
2022-08,GPS
2022-08,GT
2022-08,GTLS
2022-08,GXO
2022-08,HAE
2022-08,HAIN
2022-08,HALO
2022-08,HBI
2022-08,HE
2022-08,HELE
2022-08,HIW
2022-08,HOG
2022-08,HOMB
2022-08,HPP
2022-08,HQY
2022-08,HR
2022-08,HRB
2022-08,HUBB
2022-08,HWC
2022-08,HXL
2022-08,IAA
2022-08,IART
2022-08,IBKR
2022-08,IBOC
2022-08,ICUI
2022-08,IDA
2022-08,IIVI
2022-08,INGR
2022-08,IPGP
2022-08,IRDM
2022-08,IRT
2022-08,ITT
2022-08,JAZZ
2022-08,JBGS
2022-08,JBL
2022-08,JBLU
2022-08,JEF
2022-08,JHG
2022-08,JLL
2022-08,JW.A
2022-08,JWN
2022-08,KBH
2022-08,KBR
2022-08,KD
2022-08,KEX
2022-08,KMPR
2022-08,KMT
2022-08,KNSL
2022-08,KNX
2022-08,KRC
2022-08,KRG
2022-08,KSS
2022-08,LAD
2022-08,LAMR
2022-08,LANC
2022-08,LEA
2022-08,LECO
2022-08,LEG
2022-08,LFUS
2022-08,LHCG
2022-08,LII
2022-08,LITE
2022-08,LIVN
2022-08,LNW
2022-08,LOPE
2022-08,LPX
2022-08,LSCC
2022-08,LSI
2022-08,LSTR
2022-08,M
2022-08,MAC
2022-08,MAN
2022-08,MANH
2022-08,MASI
2022-08,MAT
2022-08,MCY
2022-08,MDU
2022-08,MEDP
2022-08,MIDD
2022-08,MKSI
2022-08,MLKN
2022-08,MMS
2022-08,MP
2022-08,MPW
2022-08,MRCY
2022-08,MSA
2022-08,MSM
2022-08,MTDR
2022-08,MTG
2022-08,MTSI
2022-08,MTX
2022-08,MTZ
2022-08,MUR
2022-08,MUSA
2022-08,NARI
2022-08,NATI
2022-08,NAVI
2022-08,NBIX
2022-08,NCR
2022-08,NEOG
2022-08,NEU
2022-08,NFG
2022-08,NGVT
2022-08,NJR
2022-08,NNN
2022-08,NOV
2022-08,NOVT
2022-08,NSA
2022-08,NSP
2022-08,NUS
2022-08,NUVA
2022-08,NVST
2022-08,NVT
2022-08,NWE
2022-08,NYCB
2022-08,NYT
2022-08,OC
2022-08,OFC
2022-08,OGE
2022-08,OGS
2022-08,OHI
2022-08,OLED
2022-08,OLLI
2022-08,OLN
2022-08,OMCL
2022-08,ONB
2022-08,OPCH
2022-08,ORA
2022-08,ORI
2022-08,OSK
2022-08,OZK
2022-08,PACW
2022-08,PB
2022-08,PCH
2022-08,PCTY
2022-08,PDCE
2022-08,PDCO
2022-08,PEB
2022-08,PEN
2022-08,PFGC
2022-08,PGNY
2022-08,PII
2022-08,PK
2022-08,PNFP
2022-08,PNM
2022-08,POR
2022-08,POST
2022-08,POWI
2022-08,PPC
2022-08,PRGO
2022-08,PRI
2022-08,PZZA
2022-08,QDEL
2022-08,QLYS
2022-08,R
2022-08,RCM
2022-08,REXR
2022-08,RGA
2022-08,RGEN
2022-08,RGLD
2022-08,RH
2022-08,RLI
2022-08,RNR
2022-08,RPM
2022-08,RRC
2022-08,RRX
2022-08,RS
2022-08,RUN
2022-08,RYN
2022-08,SABR
2022-08,SAIA
2022-08,SAIC
2022-08,SAM
2022-08,SBRA
2022-08,SCI
2022-08,SEIC
2022-08,SF
2022-08,SFM
2022-08,SHC
2022-08,SIGI
2022-08,SITM
2022-08,SKX
2022-08,SLAB
2022-08,SLG
2022-08,SLGN
2022-08,SLM
2022-08,SMG
2022-08,SMTC
2022-08,SNV
2022-08,SNX
2022-08,SON
2022-08,SPWR
2022-08,SR
2022-08,SRC
2022-08,SRCL
2022-08,SSD
2022-08,STAA
2022-08,STLD
2022-08,STOR
2022-08,SWAV
2022-08,SWN
2022-08,SWX
2022-08,SXT
2022-08,SYNA
2022-08,SYNH
2022-08,TCBI
2022-08,TDC
2022-08,TEX
2022-08,TGNA
2022-08,THC
2022-08,THG
2022-08,THO
2022-08,TKR
2022-08,TMHC
2022-08,TNDM
2022-08,TNL
2022-08,TOL
2022-08,TPX
2022-08,TREX
2022-08,TRGP
2022-08,TRIP
2022-08,TTC
2022-08,TTEK
2022-08,TXRH
2022-08,UA
2022-08,UAA
2022-08,UBSI
2022-08,UGI
2022-08,UMBF
2022-08,UMPQ
2022-08,UNM
2022-08,UNVR
2022-08,UTHR
2022-08,VAC
2022-08,VC
2022-08,VICR
2022-08,VLY
2022-08,VMI
2022-08,VNT
2022-08,VOYA
2022-08,VSAT
2022-08,VSCO
2022-08,VSH
2022-08,VVV
2022-08,WAFD
2022-08,WBS
2022-08,WEN
2022-08,WERN
2022-08,WEX
2022-08,WH
2022-08,WING
2022-08,WOLF
2022-08,WOR
2022-08,WSM
2022-08,WSO
2022-08,WTFC
2022-08,WTRG
2022-08,WTS
2022-08,WU
2022-08,WWD
2022-08,WWE
2022-08,X
2022-08,XPO
2022-08,XRX
2022-08,Y
2022-08,YETI
2022-08,ZD
2022-09,AA
2022-09,ACHC
2022-09,ACIW
2022-09,ACM
2022-09,ADNT
2022-09,AFG
2022-09,AGCO
2022-09,AIRC
2022-09,ALE
2022-09,AM
2022-09,AMED
2022-09,AMG
2022-09,AMKR
2022-09,AN
2022-09,ARW
2022-09,ARWR
2022-09,ASB
2022-09,ASGN
2022-09,ASH
2022-09,ATR
2022-09,AVNT
2022-09,AVT
2022-09,AXON
2022-09,AYI
2022-09,AZPN
2022-09,AZTA
2022-09,BC
2022-09,BCO
2022-09,BDC
2022-09,BFH
2022-09,BHF
2022-09,BJ
2022-09,BKH
2022-09,BLD
2022-09,BLDR
2022-09,BLKB
2022-09,BOH
2022-09,BRBR
2022-09,BRKR
2022-09,BRX
2022-09,BYD
2022-09,CABO
2022-09,CACI
2022-09,CADE
2022-09,CALX
2022-09,CAR
2022-09,CASY
2022-09,CATY
2022-09,CBRL
2022-09,CBSH
2022-09,CBT
2022-09,CC
2022-09,CELH
2022-09,CFR
2022-09,CGNX
2022-09,CHDN
2022-09,CHE
2022-09,CHH
2022-09,CHX
2022-09,CIEN
2022-09,CLF
2022-09,CLH
2022-09,CMC
2022-09,CNO
2022-09,CNX
2022-09,CNXC
2022-09,COHR
2022-09,COKE
2022-09,COLM
2022-09,COTY
2022-09,CPRI
2022-09,CR
2022-09,CRI
2022-09,CROX
2022-09,CRUS
2022-09,CSL
2022-09,CUZ
2022-09,CVLT
2022-09,CW
2022-09,DAN
2022-09,DAR
2022-09,DCI
2022-09,DECK
2022-09,DEI
2022-09,DINO
2022-09,DKS
2022-09,DOC
2022-09,DT
2022-09,DTM
2022-09,DY
2022-09,EEFT
2022-09,EGP
2022-09,EHC
2022-09,EME
2022-09,ENOV
2022-09,ENR
2022-09,ENS
2022-09,ENV
2022-09,EPR
2022-09,EQT
2022-09,ESAB
2022-09,ESNT
2022-09,ETRN
2022-09,EVR
2022-09,EWBC
2022-09,EXEL
2022-09,EXP
2022-09,FAF
2022-09,FCFS
2022-09,FCN
2022-09,FFIN
2022-09,FHI
2022-09,FHN
2022-09,FICO
2022-09,FIVE
2022-09,FL
2022-09,FLO
2022-09,FLR
2022-09,FLS
2022-09,FNB
2022-09,FOXF
2022-09,FR
2022-09,FSLR
2022-09,FULT
2022-09,G
2022-09,GATX
2022-09,GBCI
2022-09,GEF
2022-09,GGG
2022-09,GHC
2022-09,GME
2022-09,GMED
2022-09,GNTX
2022-09,GO
2022-09,GPS
2022-09,GT
2022-09,GTLS
2022-09,GXO
2022-09,HAE
2022-09,HAIN
2022-09,HALO
2022-09,HBI
2022-09,HE
2022-09,HELE
2022-09,HIW
2022-09,HOG
2022-09,HOMB
2022-09,HQY
2022-09,HR
2022-09,HRB
2022-09,HUBB
2022-09,HWC
2022-09,HXL
2022-09,IAA
2022-09,IART
2022-09,IBKR
2022-09,IBOC
2022-09,ICUI
2022-09,IDA
2022-09,INGR
2022-09,IPGP
2022-09,IRDM
2022-09,IRT
2022-09,ITT
2022-09,JAZZ
2022-09,JBGS
2022-09,JBL
2022-09,JBLU
2022-09,JEF
2022-09,JHG
2022-09,JLL
2022-09,JW.A
2022-09,JWN
2022-09,KBH
2022-09,KBR
2022-09,KD
2022-09,KEX
2022-09,KMPR
2022-09,KMT
2022-09,KNSL
2022-09,KNX
2022-09,KRC
2022-09,KRG
2022-09,KSS
2022-09,LAD
2022-09,LAMR
2022-09,LANC
2022-09,LEA
2022-09,LECO
2022-09,LEG
2022-09,LFUS
2022-09,LHCG
2022-09,LII
2022-09,LITE
2022-09,LIVN
2022-09,LNW
2022-09,LOPE
2022-09,LPX
2022-09,LSCC
2022-09,LSI
2022-09,LSTR
2022-09,M
2022-09,MAC
2022-09,MAN
2022-09,MANH
2022-09,MASI
2022-09,MAT
2022-09,MDU
2022-09,MEDP
2022-09,MIDD
2022-09,MKSI
2022-09,MLKN
2022-09,MMS
2022-09,MODG
2022-09,MP
2022-09,MPW
2022-09,MRCY
2022-09,MSA
2022-09,MSM
2022-09,MTDR
2022-09,MTG
2022-09,MTSI
2022-09,MTZ
2022-09,MUR
2022-09,MUSA
2022-09,NARI
2022-09,NATI
2022-09,NAVI
2022-09,NBIX
2022-09,NCR
2022-09,NEOG
2022-09,NEU
2022-09,NFG
2022-09,NGVT
2022-09,NJR
2022-09,NLY
2022-09,NNN
2022-09,NOV
2022-09,NOVT
2022-09,NSA
2022-09,NSP
2022-09,NUS
2022-09,NUVA
2022-09,NVST
2022-09,NVT
2022-09,NWE
2022-09,NYCB
2022-09,NYT
2022-09,OC
2022-09,OFC
2022-09,OGE
2022-09,OGS
2022-09,OHI
2022-09,OLED
2022-09,OLLI
2022-09,OLN
2022-09,OMCL
2022-09,ONB
2022-09,OPCH
2022-09,ORA
2022-09,ORI
2022-09,OSK
2022-09,OZK
2022-09,PACW
2022-09,PB
2022-09,PCH
2022-09,PCTY
2022-09,PDCE
2022-09,PDCO
2022-09,PEB
2022-09,PEN
2022-09,PENN
2022-09,PFGC
2022-09,PGNY
2022-09,PII
2022-09,PK
2022-09,PNFP
2022-09,PNM
2022-09,POR
2022-09,POST
2022-09,POWI
2022-09,PPC
2022-09,PRGO
2022-09,PRI
2022-09,PVH
2022-09,PZZA
2022-09,QDEL
2022-09,QLYS
2022-09,R
2022-09,RCM
2022-09,REXR
2022-09,RGA
2022-09,RGEN
2022-09,RGLD
2022-09,RH
2022-09,RLI
2022-09,RNR
2022-09,RPM
2022-09,RRC
2022-09,RRX
2022-09,RS
2022-09,RUN
2022-09,RYN
2022-09,SABR
2022-09,SAIA
2022-09,SAIC
2022-09,SAM
2022-09,SBRA
2022-09,SCI
2022-09,SEIC
2022-09,SF
2022-09,SFM
2022-09,SHC
2022-09,SIGI
2022-09,SITM
2022-09,SKX
2022-09,SLAB
2022-09,SLG
2022-09,SLGN
2022-09,SLM
2022-09,SMG
2022-09,SMTC
2022-09,SNV
2022-09,SNX
2022-09,SON
2022-09,SPWR
2022-09,SR
2022-09,SRC
2022-09,SRCL
2022-09,SSD
2022-09,STAA
2022-09,STLD
2022-09,STOR
2022-09,SWAV
2022-09,SWN
2022-09,SWX
2022-09,SXT
2022-09,SYNA
2022-09,SYNH
2022-09,TCBI
2022-09,TDC
2022-09,TEX
2022-09,TGNA
2022-09,THC
2022-09,THG
2022-09,THO
2022-09,TKR
2022-09,TMHC
2022-09,TNDM
2022-09,TNL
2022-09,TOL
2022-09,TPX
2022-09,TREX
2022-09,TRGP
2022-09,TRIP
2022-09,TTC
2022-09,TTEK
2022-09,TXRH
2022-09,UA
2022-09,UAA
2022-09,UBSI
2022-09,UGI
2022-09,UMBF
2022-09,UMPQ
2022-09,UNM
2022-09,UNVR
2022-09,UTHR
2022-09,VAC
2022-09,VC
2022-09,VICR
2022-09,VLY
2022-09,VMI
2022-09,VNT
2022-09,VOYA
2022-09,VSAT
2022-09,VSCO
2022-09,VSH
2022-09,VVV
2022-09,WAFD
2022-09,WBS
2022-09,WEN
2022-09,WERN
2022-09,WEX
2022-09,WH
2022-09,WING
2022-09,WOLF
2022-09,WOR
2022-09,WSM
2022-09,WSO
2022-09,WTFC
2022-09,WTRG
2022-09,WTS
2022-09,WU
2022-09,WWD
2022-09,WWE
2022-09,X
2022-09,XPO
2022-09,XRX
2022-09,Y
2022-09,YETI
2022-09,ZD
2022-10,AA
2022-10,ACHC
2022-10,ACIW
2022-10,ACM
2022-10,ADNT
2022-10,AFG
2022-10,AGCO
2022-10,AIRC
2022-10,ALE
2022-10,AM
2022-10,AMED
2022-10,AMG
2022-10,AMKR
2022-10,AN
2022-10,AR
2022-10,ARW
2022-10,ARWR
2022-10,ASB
2022-10,ASGN
2022-10,ASH
2022-10,ATR
2022-10,AVNT
2022-10,AVT
2022-10,AXON
2022-10,AYI
2022-10,AZPN
2022-10,AZTA
2022-10,BC
2022-10,BCO
2022-10,BDC
2022-10,BFH
2022-10,BHF
2022-10,BJ
2022-10,BKH
2022-10,BLD
2022-10,BLDR
2022-10,BLKB
2022-10,BOH
2022-10,BRBR
2022-10,BRKR
2022-10,BRX
2022-10,BYD
2022-10,CABO
2022-10,CACI
2022-10,CADE
2022-10,CALX
2022-10,CAR
2022-10,CASY
2022-10,CATY
2022-10,CBRL
2022-10,CBSH
2022-10,CBT
2022-10,CC
2022-10,CELH
2022-10,CFR
2022-10,CGNX
2022-10,CHDN
2022-10,CHE
2022-10,CHH
2022-10,CHX
2022-10,CIEN
2022-10,CLF
2022-10,CLH
2022-10,CMC
2022-10,CNO
2022-10,CNX
2022-10,CNXC
2022-10,COHR
2022-10,COKE
2022-10,COLM
2022-10,COTY
2022-10,CPRI
2022-10,CR
2022-10,CRI
2022-10,CROX
2022-10,CRUS
2022-10,CSL
2022-10,CUZ
2022-10,CVLT
2022-10,CW
2022-10,DAN
2022-10,DAR
2022-10,DCI
2022-10,DECK
2022-10,DEI
2022-10,DINO
2022-10,DKS
2022-10,DOC
2022-10,DT
2022-10,DTM
2022-10,DY
2022-10,EEFT
2022-10,EGP
2022-10,EHC
2022-10,EME
2022-10,ENOV
2022-10,ENR
2022-10,ENS
2022-10,ENV
2022-10,EPR
2022-10,ESAB
2022-10,ESNT
2022-10,ETRN
2022-10,EVR
2022-10,EWBC
2022-10,EXEL
2022-10,EXLS
2022-10,EXP
2022-10,FAF
2022-10,FCFS
2022-10,FCN
2022-10,FFIN
2022-10,FHI
2022-10,FHN
2022-10,FICO
2022-10,FIVE
2022-10,FL
2022-10,FLO
2022-10,FLR
2022-10,FLS
2022-10,FNB
2022-10,FOXF
2022-10,FR
2022-10,FSLR
2022-10,FULT
2022-10,FYBR
2022-10,G
2022-10,GATX
2022-10,GBCI
2022-10,GEF
2022-10,GGG
2022-10,GHC
2022-10,GME
2022-10,GMED
2022-10,GNTX
2022-10,GO
2022-10,GPS
2022-10,GT
2022-10,GTLS
2022-10,GXO
2022-10,HAE
2022-10,HALO
2022-10,HBI
2022-10,HE
2022-10,HELE
2022-10,HIW
2022-10,HOG
2022-10,HOMB
2022-10,HQY
2022-10,HR
2022-10,HRB
2022-10,HUBB
2022-10,HWC
2022-10,HXL
2022-10,IAA
2022-10,IART
2022-10,IBKR
2022-10,IBOC
2022-10,ICUI
2022-10,IDA
2022-10,INGR
2022-10,IPGP
2022-10,IRDM
2022-10,IRT
2022-10,ITT
2022-10,JAZZ
2022-10,JBGS
2022-10,JBL
2022-10,JBLU
2022-10,JEF
2022-10,JHG
2022-10,JLL
2022-10,JW.A
2022-10,JWN
2022-10,KBH
2022-10,KBR
2022-10,KD
2022-10,KEX
2022-10,KMPR
2022-10,KMT
2022-10,KNSL
2022-10,KNX
2022-10,KRC
2022-10,KRG
2022-10,KSS
2022-10,LAD
2022-10,LAMR
2022-10,LANC
2022-10,LEA
2022-10,LECO
2022-10,LEG
2022-10,LFUS
2022-10,LHCG
2022-10,LII
2022-10,LITE
2022-10,LIVN
2022-10,LNTH
2022-10,LNW
2022-10,LOPE
2022-10,LPX
2022-10,LSCC
2022-10,LSI
2022-10,LSTR
2022-10,M
2022-10,MAC
2022-10,MAN
2022-10,MANH
2022-10,MASI
2022-10,MAT
2022-10,MDU
2022-10,MEDP
2022-10,MIDD
2022-10,MKSI
2022-10,MMS
2022-10,MODG
2022-10,MP
2022-10,MPW
2022-10,MRCY
2022-10,MSA
2022-10,MSM
2022-10,MTDR
2022-10,MTG
2022-10,MTSI
2022-10,MTZ
2022-10,MUR
2022-10,MUSA
2022-10,NARI
2022-10,NATI
2022-10,NAVI
2022-10,NBIX
2022-10,NCR
2022-10,NEOG
2022-10,NEU
2022-10,NFG
2022-10,NGVT
2022-10,NJR
2022-10,NLY
2022-10,NNN
2022-10,NOV
2022-10,NOVT
2022-10,NSA
2022-10,NSP
2022-10,NUS
2022-10,NUVA
2022-10,NVST
2022-10,NVT
2022-10,NWE
2022-10,NYCB
2022-10,NYT
2022-10,OC
2022-10,OFC
2022-10,OGE
2022-10,OGS
2022-10,OHI
2022-10,OLED
2022-10,OLLI
2022-10,OLN
2022-10,OMCL
2022-10,ONB
2022-10,OPCH
2022-10,ORA
2022-10,ORI
2022-10,OSK
2022-10,OZK
2022-10,PACW
2022-10,PB
2022-10,PCH
2022-10,PCTY
2022-10,PDCE
2022-10,PDCO
2022-10,PEB
2022-10,PEN
2022-10,PENN
2022-10,PFGC
2022-10,PGNY
2022-10,PII
2022-10,PK
2022-10,PNFP
2022-10,PNM
2022-10,POR
2022-10,POST
2022-10,POWI
2022-10,PPC
2022-10,PRGO
2022-10,PRI
2022-10,PVH
2022-10,PZZA
2022-10,QDEL
2022-10,QLYS
2022-10,R
2022-10,RCM
2022-10,REXR
2022-10,RGA
2022-10,RGEN
2022-10,RGLD
2022-10,RH
2022-10,RLI
2022-10,RNR
2022-10,RPM
2022-10,RRC
2022-10,RRX
2022-10,RS
2022-10,RUN
2022-10,RYN
2022-10,SABR
2022-10,SAIA
2022-10,SAIC
2022-10,SAM
2022-10,SBRA
2022-10,SCI
2022-10,SEIC
2022-10,SF
2022-10,SFM
2022-10,SHC
2022-10,SIGI
2022-10,SITM
2022-10,SKX
2022-10,SLAB
2022-10,SLG
2022-10,SLGN
2022-10,SLM
2022-10,SMG
2022-10,SMTC
2022-10,SNV
2022-10,SNX
2022-10,SON
2022-10,SPWR
2022-10,SR
2022-10,SRC
2022-10,SRCL
2022-10,SSD
2022-10,STAA
2022-10,STLD
2022-10,STOR
2022-10,SWAV
2022-10,SWN
2022-10,SWX
2022-10,SXT
2022-10,SYNA
2022-10,SYNH
2022-10,TCBI
2022-10,TDC
2022-10,TEX
2022-10,TGNA
2022-10,THC
2022-10,THG
2022-10,THO
2022-10,TKR
2022-10,TMHC
2022-10,TNDM
2022-10,TNL
2022-10,TOL
2022-10,TPX
2022-10,TREX
2022-10,TRIP
2022-10,TTC
2022-10,TTEK
2022-10,TXRH
2022-10,UA
2022-10,UAA
2022-10,UBSI
2022-10,UGI
2022-10,UMBF
2022-10,UMPQ
2022-10,UNM
2022-10,UNVR
2022-10,UTHR
2022-10,VAC
2022-10,VC
2022-10,VICR
2022-10,VLY
2022-10,VMI
2022-10,VNT
2022-10,VOYA
2022-10,VSAT
2022-10,VSCO
2022-10,VSH
2022-10,VVV
2022-10,WAFD
2022-10,WBS
2022-10,WEN
2022-10,WERN
2022-10,WEX
2022-10,WH
2022-10,WING
2022-10,WLK
2022-10,WOLF
2022-10,WOR
2022-10,WSM
2022-10,WSO
2022-10,WTFC
2022-10,WTRG
2022-10,WTS
2022-10,WU
2022-10,WWD
2022-10,WWE
2022-10,X
2022-10,XPO
2022-10,XRX
2022-10,YETI
2022-10,ZD
2022-11,AA
2022-11,ACHC
2022-11,ACIW
2022-11,ACM
2022-11,ADNT
2022-11,AFG
2022-11,AGCO
2022-11,AIRC
2022-11,ALE
2022-11,AM
2022-11,AMED
2022-11,AMG
2022-11,AMKR
2022-11,AN
2022-11,AR
2022-11,ARW
2022-11,ARWR
2022-11,ASB
2022-11,ASGN
2022-11,ASH
2022-11,ATR
2022-11,AVNT
2022-11,AVT
2022-11,AXON
2022-11,AYI
2022-11,AZPN
2022-11,AZTA
2022-11,BC
2022-11,BCO
2022-11,BDC
2022-11,BHF
2022-11,BJ
2022-11,BKH
2022-11,BLD
2022-11,BLDR
2022-11,BLKB
2022-11,BOH
2022-11,BRBR
2022-11,BRKR
2022-11,BRX
2022-11,BYD
2022-11,CABO
2022-11,CACI
2022-11,CADE
2022-11,CALX
2022-11,CAR
2022-11,CASY
2022-11,CATY
2022-11,CBRL
2022-11,CBSH
2022-11,CBT
2022-11,CC
2022-11,CELH
2022-11,CFR
2022-11,CGNX
2022-11,CHDN
2022-11,CHE
2022-11,CHH
2022-11,CHX
2022-11,CIEN
2022-11,CLF
2022-11,CLH
2022-11,CMC
2022-11,CNO
2022-11,CNX
2022-11,CNXC
2022-11,COHR
2022-11,COKE
2022-11,COLM
2022-11,COTY
2022-11,CPRI
2022-11,CR
2022-11,CRI
2022-11,CROX
2022-11,CRUS
2022-11,CSL
2022-11,CUZ
2022-11,CVLT
2022-11,CW
2022-11,DAN
2022-11,DAR
2022-11,DCI
2022-11,DECK
2022-11,DEI
2022-11,DINO
2022-11,DKS
2022-11,DOC
2022-11,DT
2022-11,DTM
2022-11,DY
2022-11,EEFT
2022-11,EGP
2022-11,EHC
2022-11,EME
2022-11,ENOV
2022-11,ENR
2022-11,ENS
2022-11,ENV
2022-11,EPR
2022-11,ESAB
2022-11,ESNT
2022-11,ETRN
2022-11,EVR
2022-11,EWBC
2022-11,EXEL
2022-11,EXLS
2022-11,EXP
2022-11,FAF
2022-11,FCFS
2022-11,FCN
2022-11,FFIN
2022-11,FHI
2022-11,FHN
2022-11,FICO
2022-11,FIVE
2022-11,FL
2022-11,FLO
2022-11,FLR
2022-11,FLS
2022-11,FNB
2022-11,FOXF
2022-11,FR
2022-11,FSLR
2022-11,FULT
2022-11,FYBR
2022-11,G
2022-11,GATX
2022-11,GBCI
2022-11,GEF
2022-11,GGG
2022-11,GHC
2022-11,GME
2022-11,GMED
2022-11,GNTX
2022-11,GO
2022-11,GPS
2022-11,GT
2022-11,GTLS
2022-11,GXO
2022-11,HAE
2022-11,HALO
2022-11,HBI
2022-11,HE
2022-11,HELE
2022-11,HIW
2022-11,HOG
2022-11,HOMB
2022-11,HQY
2022-11,HR
2022-11,HRB
2022-11,HUBB
2022-11,HWC
2022-11,HXL
2022-11,IAA
2022-11,IART
2022-11,IBKR
2022-11,IBOC
2022-11,ICUI
2022-11,IDA
2022-11,INGR
2022-11,IPGP
2022-11,IRDM
2022-11,IRT
2022-11,ITT
2022-11,JAZZ
2022-11,JBGS
2022-11,JBL
2022-11,JBLU
2022-11,JEF
2022-11,JHG
2022-11,JLL
2022-11,JW.A
2022-11,JWN
2022-11,KBH
2022-11,KBR
2022-11,KD
2022-11,KEX
2022-11,KMPR
2022-11,KMT
2022-11,KNSL
2022-11,KNX
2022-11,KRC
2022-11,KRG
2022-11,KSS
2022-11,LAD
2022-11,LAMR
2022-11,LANC
2022-11,LEA
2022-11,LECO
2022-11,LEG
2022-11,LFUS
2022-11,LHCG
2022-11,LII
2022-11,LITE
2022-11,LIVN
2022-11,LNTH
2022-11,LNW
2022-11,LOPE
2022-11,LPX
2022-11,LSCC
2022-11,LSI
2022-11,LSTR
2022-11,M
2022-11,MAC
2022-11,MAN
2022-11,MANH
2022-11,MASI
2022-11,MAT
2022-11,MDU
2022-11,MEDP
2022-11,MIDD
2022-11,MKSI
2022-11,MMS
2022-11,MODG
2022-11,MP
2022-11,MPW
2022-11,MRCY
2022-11,MSA
2022-11,MSM
2022-11,MTDR
2022-11,MTG
2022-11,MTSI
2022-11,MTZ
2022-11,MUR
2022-11,MUSA
2022-11,NARI
2022-11,NATI
2022-11,NAVI
2022-11,NBIX
2022-11,NCR
2022-11,NEOG
2022-11,NEU
2022-11,NFG
2022-11,NGVT
2022-11,NJR
2022-11,NLY
2022-11,NNN
2022-11,NOV
2022-11,NOVT
2022-11,NSA
2022-11,NSP
2022-11,NUS
2022-11,NUVA
2022-11,NVST
2022-11,NVT
2022-11,NWE
2022-11,NYCB
2022-11,NYT
2022-11,OC
2022-11,OFC
2022-11,OGE
2022-11,OGS
2022-11,OHI
2022-11,OLED
2022-11,OLLI
2022-11,OLN
2022-11,OMCL
2022-11,ONB
2022-11,OPCH
2022-11,ORA
2022-11,ORI
2022-11,OSK
2022-11,OZK
2022-11,PACW
2022-11,PB
2022-11,PCH
2022-11,PCTY
2022-11,PDCE
2022-11,PDCO
2022-11,PEB
2022-11,PEN
2022-11,PENN
2022-11,PFGC
2022-11,PGNY
2022-11,PII
2022-11,PK
2022-11,PNFP
2022-11,PNM
2022-11,POR
2022-11,POST
2022-11,POWI
2022-11,PPC
2022-11,PRGO
2022-11,PRI
2022-11,PVH
2022-11,PZZA
2022-11,QDEL
2022-11,QLYS
2022-11,R
2022-11,RCM
2022-11,REXR
2022-11,RGA
2022-11,RGEN
2022-11,RGLD
2022-11,RH
2022-11,RLI
2022-11,RNR
2022-11,RPM
2022-11,RRC
2022-11,RRX
2022-11,RS
2022-11,RUN
2022-11,RXO
2022-11,RYN
2022-11,SABR
2022-11,SAIA
2022-11,SAIC
2022-11,SAM
2022-11,SBRA
2022-11,SCI
2022-11,SEIC
2022-11,SF
2022-11,SFM
2022-11,SHC
2022-11,SIGI
2022-11,SITM
2022-11,SKX
2022-11,SLAB
2022-11,SLG
2022-11,SLGN
2022-11,SLM
2022-11,SMG
2022-11,SMTC
2022-11,SNV
2022-11,SNX
2022-11,SON
2022-11,SPWR
2022-11,SR
2022-11,SRC
2022-11,SRCL
2022-11,SSD
2022-11,STAA
2022-11,STLD
2022-11,STOR
2022-11,SWAV
2022-11,SWN
2022-11,SWX
2022-11,SXT
2022-11,SYNA
2022-11,SYNH
2022-11,TCBI
2022-11,TDC
2022-11,TEX
2022-11,TGNA
2022-11,THC
2022-11,THG
2022-11,THO
2022-11,TKR
2022-11,TMHC
2022-11,TNDM
2022-11,TNL
2022-11,TOL
2022-11,TPX
2022-11,TREX
2022-11,TRIP
2022-11,TTC
2022-11,TTEK
2022-11,TXRH
2022-11,UA
2022-11,UAA
2022-11,UBSI
2022-11,UGI
2022-11,UMBF
2022-11,UMPQ
2022-11,UNM
2022-11,UNVR
2022-11,UTHR
2022-11,VAC
2022-11,VC
2022-11,VICR
2022-11,VLY
2022-11,VMI
2022-11,VNT
2022-11,VOYA
2022-11,VSAT
2022-11,VSCO
2022-11,VSH
2022-11,VVV
2022-11,WAFD
2022-11,WBS
2022-11,WEN
2022-11,WERN
2022-11,WEX
2022-11,WH
2022-11,WING
2022-11,WLK
2022-11,WOLF
2022-11,WOR
2022-11,WSM
2022-11,WSO
2022-11,WTFC
2022-11,WTRG
2022-11,WTS
2022-11,WU
2022-11,WWD
2022-11,WWE
2022-11,X
2022-11,XPO
2022-11,XRX
2022-11,YETI
2022-11,ZD
2022-12,AA
2022-12,ACHC
2022-12,ACIW
2022-12,ACM
2022-12,ADNT
2022-12,AFG
2022-12,AGCO
2022-12,AIRC
2022-12,ALE
2022-12,ALGM
2022-12,AM
2022-12,AMED
2022-12,AMG
2022-12,AMKR
2022-12,AN
2022-12,AR
2022-12,ARW
2022-12,ARWR
2022-12,ASB
2022-12,ASGN
2022-12,ASH
2022-12,ATR
2022-12,AVNT
2022-12,AVT
2022-12,AXON
2022-12,AYI
2022-12,AZPN
2022-12,AZTA
2022-12,BC
2022-12,BCO
2022-12,BDC
2022-12,BHF
2022-12,BJ
2022-12,BKH
2022-12,BLD
2022-12,BLDR
2022-12,BLKB
2022-12,BOH
2022-12,BRBR
2022-12,BRKR
2022-12,BRX
2022-12,BYD
2022-12,CABO
2022-12,CACI
2022-12,CADE
2022-12,CALX
2022-12,CAR
2022-12,CASY
2022-12,CATY
2022-12,CBRL
2022-12,CBSH
2022-12,CBT
2022-12,CC
2022-12,CELH
2022-12,CFR
2022-12,CGNX
2022-12,CHDN
2022-12,CHE
2022-12,CHH
2022-12,CHX
2022-12,CIEN
2022-12,CLF
2022-12,CLH
2022-12,CMC
2022-12,CNO
2022-12,CNX
2022-12,CNXC
2022-12,COHR
2022-12,COKE
2022-12,COLM
2022-12,COTY
2022-12,CPRI
2022-12,CR
2022-12,CRI
2022-12,CROX
2022-12,CRUS
2022-12,CSL
2022-12,CUBE
2022-12,CUZ
2022-12,CVLT
2022-12,CW
2022-12,DAN
2022-12,DAR
2022-12,DCI
2022-12,DECK
2022-12,DEI
2022-12,DINO
2022-12,DKS
2022-12,DOC
2022-12,DT
2022-12,DTM
2022-12,DY
2022-12,EEFT
2022-12,EGP
2022-12,EHC
2022-12,EME
2022-12,ENOV
2022-12,ENR
2022-12,ENS
2022-12,ENV
2022-12,EPR
2022-12,ESAB
2022-12,ESNT
2022-12,ETRN
2022-12,EVR
2022-12,EWBC
2022-12,EXEL
2022-12,EXLS
2022-12,EXP
2022-12,FAF
2022-12,FBIN
2022-12,FCFS
2022-12,FCN
2022-12,FFIN
2022-12,FHI
2022-12,FHN
2022-12,FICO
2022-12,FIVE
2022-12,FL
2022-12,FLO
2022-12,FLR
2022-12,FLS
2022-12,FNB
2022-12,FOXF
2022-12,FR
2022-12,FULT
2022-12,FYBR
2022-12,G
2022-12,GATX
2022-12,GBCI
2022-12,GEF
2022-12,GGG
2022-12,GHC
2022-12,GME
2022-12,GMED
2022-12,GNTX
2022-12,GO
2022-12,GPS
2022-12,GT
2022-12,GTLS
2022-12,GXO
2022-12,HAE
2022-12,HALO
2022-12,HBI
2022-12,HE
2022-12,HELE
2022-12,HIW
2022-12,HOG
2022-12,HOMB
2022-12,HQY
2022-12,HR
2022-12,HRB
2022-12,HUBB
2022-12,HWC
2022-12,HXL
2022-12,IAA
2022-12,IART
2022-12,IBKR
2022-12,IBOC
2022-12,ICUI
2022-12,IDA
2022-12,INGR
2022-12,IPGP
2022-12,IRDM
2022-12,IRT
2022-12,ITT
2022-12,JAZZ
2022-12,JBGS
2022-12,JBL
2022-12,JBLU
2022-12,JEF
2022-12,JHG
2022-12,JLL
2022-12,JWN
2022-12,KBH
2022-12,KBR
2022-12,KD
2022-12,KEX
2022-12,KMPR
2022-12,KMT
2022-12,KNSL
2022-12,KNX
2022-12,KRC
2022-12,KRG
2022-12,KSS
2022-12,LAD
2022-12,LAMR
2022-12,LANC
2022-12,LEA
2022-12,LECO
2022-12,LEG
2022-12,LFUS
2022-12,LHCG
2022-12,LII
2022-12,LITE
2022-12,LIVN
2022-12,LNTH
2022-12,LNW
2022-12,LOPE
2022-12,LPX
2022-12,LSCC
2022-12,LSI
2022-12,LSTR
2022-12,M
2022-12,MAC
2022-12,MAN
2022-12,MANH
2022-12,MASI
2022-12,MAT
2022-12,MDU
2022-12,MEDP
2022-12,MIDD
2022-12,MKSI
2022-12,MMS
2022-12,MODG
2022-12,MP
2022-12,MPW
2022-12,MRCY
2022-12,MSA
2022-12,MSM
2022-12,MTDR
2022-12,MTG
2022-12,MTSI
2022-12,MTZ
2022-12,MUR
2022-12,MUSA
2022-12,NARI
2022-12,NATI
2022-12,NAVI
2022-12,NBIX
2022-12,NCR
2022-12,NEOG
2022-12,NEU
2022-12,NFG
2022-12,NGVT
2022-12,NJR
2022-12,NLY
2022-12,NNN
2022-12,NOV
2022-12,NOVT
2022-12,NSA
2022-12,NSP
2022-12,NVST
2022-12,NVT
2022-12,NWE
2022-12,NXST
2022-12,NYCB
2022-12,NYT
2022-12,OC
2022-12,OFC
2022-12,OGE
2022-12,OGS
2022-12,OHI
2022-12,OLED
2022-12,OLLI
2022-12,OLN
2022-12,OMCL
2022-12,ONB
2022-12,OPCH
2022-12,ORA
2022-12,ORI
2022-12,OSK
2022-12,OZK
2022-12,PACW
2022-12,PB
2022-12,PBF
2022-12,PCH
2022-12,PCTY
2022-12,PDCE
2022-12,PDCO
2022-12,PEB
2022-12,PEN
2022-12,PENN
2022-12,PFGC
2022-12,PGNY
2022-12,PII
2022-12,PK
2022-12,PNFP
2022-12,PNM
2022-12,POR
2022-12,POST
2022-12,POWI
2022-12,PPC
2022-12,PRGO
2022-12,PRI
2022-12,PVH
2022-12,PZZA
2022-12,QDEL
2022-12,QLYS
2022-12,R
2022-12,RCM
2022-12,REXR
2022-12,RGA
2022-12,RGEN
2022-12,RGLD
2022-12,RH
2022-12,RLI
2022-12,RNR
2022-12,RPM
2022-12,RRC
2022-12,RRX
2022-12,RS
2022-12,RUN
2022-12,RXO
2022-12,RYN
2022-12,SAIA
2022-12,SAIC
2022-12,SAM
2022-12,SBRA
2022-12,SCI
2022-12,SEIC
2022-12,SF
2022-12,SFM
2022-12,SHC
2022-12,SIGI
2022-12,SITM
2022-12,SKX
2022-12,SLAB
2022-12,SLG
2022-12,SLGN
2022-12,SLM
2022-12,SMCI
2022-12,SMG
2022-12,SNV
2022-12,SNX
2022-12,SON
2022-12,SPWR
2022-12,SR
2022-12,SRC
2022-12,SRCL
2022-12,SSD
2022-12,STAA
2022-12,STOR
2022-12,SWAV
2022-12,SWN
2022-12,SWX
2022-12,SXT
2022-12,SYNA
2022-12,SYNH
2022-12,TCBI
2022-12,TDC
2022-12,TEX
2022-12,TGNA
2022-12,THC
2022-12,THG
2022-12,THO
2022-12,TKR
2022-12,TMHC
2022-12,TNDM
2022-12,TNL
2022-12,TOL
2022-12,TPX
2022-12,TREX
2022-12,TRIP
2022-12,TTC
2022-12,TTEK
2022-12,TXRH
2022-12,UA
2022-12,UAA
2022-12,UBSI
2022-12,UGI
2022-12,UMBF
2022-12,UMPQ
2022-12,UNM
2022-12,UNVR
2022-12,UTHR
2022-12,VAC
2022-12,VC
2022-12,VICR
2022-12,VLY
2022-12,VMI
2022-12,VNT
2022-12,VOYA
2022-12,VSAT
2022-12,VSCO
2022-12,VSH
2022-12,VVV
2022-12,WAFD
2022-12,WBS
2022-12,WEN
2022-12,WERN
2022-12,WEX
2022-12,WH
2022-12,WING
2022-12,WLK
2022-12,WLY
2022-12,WOLF
2022-12,WOR
2022-12,WSM
2022-12,WSO
2022-12,WTFC
2022-12,WTRG
2022-12,WTS
2022-12,WU
2022-12,WWD
2022-12,WWE
2022-12,X
2022-12,XPO
2022-12,XRX
2022-12,YETI
2022-12,ZD
2023-01,AA
2023-01,ACHC
2023-01,ACIW
2023-01,ACM
2023-01,ADNT
2023-01,AFG
2023-01,AGCO
2023-01,AIRC
2023-01,ALE
2023-01,ALGM
2023-01,AM
2023-01,AMED
2023-01,AMG
2023-01,AMKR
2023-01,AN
2023-01,AR
2023-01,ARW
2023-01,ARWR
2023-01,ASB
2023-01,ASGN
2023-01,ASH
2023-01,ATR
2023-01,AVNT
2023-01,AVT
2023-01,AXON
2023-01,AYI
2023-01,AZPN
2023-01,AZTA
2023-01,BC
2023-01,BCO
2023-01,BDC
2023-01,BHF
2023-01,BJ
2023-01,BKH
2023-01,BLD
2023-01,BLDR
2023-01,BLKB
2023-01,BOH
2023-01,BRBR
2023-01,BRKR
2023-01,BRX
2023-01,BYD
2023-01,CABO
2023-01,CACI
2023-01,CADE
2023-01,CALX
2023-01,CAR
2023-01,CASY
2023-01,CATY
2023-01,CBRL
2023-01,CBSH
2023-01,CBT
2023-01,CC
2023-01,CELH
2023-01,CFR
2023-01,CGNX
2023-01,CHDN
2023-01,CHE
2023-01,CHH
2023-01,CHX
2023-01,CIEN
2023-01,CLF
2023-01,CLH
2023-01,CMC
2023-01,CNO
2023-01,CNX
2023-01,CNXC
2023-01,COHR
2023-01,COKE
2023-01,COLM
2023-01,COTY
2023-01,CPRI
2023-01,CR
2023-01,CRI
2023-01,CROX
2023-01,CRUS
2023-01,CSL
2023-01,CUBE
2023-01,CUZ
2023-01,CVLT
2023-01,CW
2023-01,DAN
2023-01,DAR
2023-01,DCI
2023-01,DECK
2023-01,DEI
2023-01,DINO
2023-01,DKS
2023-01,DOC
2023-01,DT
2023-01,DTM
2023-01,DY
2023-01,EEFT
2023-01,EGP
2023-01,EHC
2023-01,EME
2023-01,ENOV
2023-01,ENR
2023-01,ENS
2023-01,ENV
2023-01,EPR
2023-01,ESAB
2023-01,ESNT
2023-01,ETRN
2023-01,EVR
2023-01,EWBC
2023-01,EXEL
2023-01,EXLS
2023-01,EXP
2023-01,FAF
2023-01,FBIN
2023-01,FCFS
2023-01,FCN
2023-01,FFIN
2023-01,FHI
2023-01,FHN
2023-01,FICO
2023-01,FIVE
2023-01,FL
2023-01,FLO
2023-01,FLR
2023-01,FLS
2023-01,FNB
2023-01,FOXF
2023-01,FR
2023-01,FULT
2023-01,FYBR
2023-01,G
2023-01,GATX
2023-01,GBCI
2023-01,GEF
2023-01,GGG
2023-01,GHC
2023-01,GME
2023-01,GMED
2023-01,GNTX
2023-01,GO
2023-01,GPS
2023-01,GT
2023-01,GTLS
2023-01,GXO
2023-01,HAE
2023-01,HALO
2023-01,HBI
2023-01,HE
2023-01,HELE
2023-01,HIW
2023-01,HOG
2023-01,HOMB
2023-01,HQY
2023-01,HR
2023-01,HRB
2023-01,HUBB
2023-01,HWC
2023-01,HXL
2023-01,IAA
2023-01,IART
2023-01,IBKR
2023-01,IBOC
2023-01,ICUI
2023-01,IDA
2023-01,INGR
2023-01,IPGP
2023-01,IRDM
2023-01,IRT
2023-01,ITT
2023-01,JAZZ
2023-01,JBGS
2023-01,JBL
2023-01,JBLU
2023-01,JEF
2023-01,JHG
2023-01,JLL
2023-01,JWN
2023-01,KBH
2023-01,KBR
2023-01,KD
2023-01,KEX
2023-01,KMPR
2023-01,KMT
2023-01,KNSL
2023-01,KNX
2023-01,KRC
2023-01,KRG
2023-01,KSS
2023-01,LAD
2023-01,LAMR
2023-01,LANC
2023-01,LEA
2023-01,LECO
2023-01,LEG
2023-01,LFUS
2023-01,LHCG
2023-01,LII
2023-01,LITE
2023-01,LIVN
2023-01,LNTH
2023-01,LNW
2023-01,LOPE
2023-01,LPX
2023-01,LSCC
2023-01,LSI
2023-01,LSTR
2023-01,M
2023-01,MAC
2023-01,MAN
2023-01,MANH
2023-01,MASI
2023-01,MAT
2023-01,MDU
2023-01,MEDP
2023-01,MIDD
2023-01,MKSI
2023-01,MMS
2023-01,MODG
2023-01,MP
2023-01,MPW
2023-01,MRCY
2023-01,MSA
2023-01,MSM
2023-01,MTDR
2023-01,MTG
2023-01,MTSI
2023-01,MTZ
2023-01,MUR
2023-01,MUSA
2023-01,NARI
2023-01,NATI
2023-01,NAVI
2023-01,NBIX
2023-01,NCR
2023-01,NEOG
2023-01,NEU
2023-01,NFG
2023-01,NGVT
2023-01,NJR
2023-01,NLY
2023-01,NNN
2023-01,NOV
2023-01,NOVT
2023-01,NSA
2023-01,NSP
2023-01,NVST
2023-01,NVT
2023-01,NWE
2023-01,NXST
2023-01,NYCB
2023-01,NYT
2023-01,OC
2023-01,OFC
2023-01,OGE
2023-01,OGS
2023-01,OHI
2023-01,OLED
2023-01,OLLI
2023-01,OLN
2023-01,OMCL
2023-01,ONB
2023-01,OPCH
2023-01,ORA
2023-01,ORI
2023-01,OSK
2023-01,OZK
2023-01,PACW
2023-01,PB
2023-01,PBF
2023-01,PCH
2023-01,PCTY
2023-01,PDCE
2023-01,PDCO
2023-01,PEB
2023-01,PEN
2023-01,PENN
2023-01,PFGC
2023-01,PGNY
2023-01,PII
2023-01,PK
2023-01,PNFP
2023-01,PNM
2023-01,POR
2023-01,POST
2023-01,POWI
2023-01,PPC
2023-01,PRGO
2023-01,PRI
2023-01,PVH
2023-01,PZZA
2023-01,QDEL
2023-01,QLYS
2023-01,R
2023-01,RCM
2023-01,REXR
2023-01,RGA
2023-01,RGEN
2023-01,RGLD
2023-01,RH
2023-01,RLI
2023-01,RNR
2023-01,RPM
2023-01,RRC
2023-01,RRX
2023-01,RS
2023-01,RUN
2023-01,RYN
2023-01,SAIA
2023-01,SAIC
2023-01,SAM
2023-01,SBRA
2023-01,SCI
2023-01,SEIC
2023-01,SF
2023-01,SFM
2023-01,SHC
2023-01,SIGI
2023-01,SITM
2023-01,SKX
2023-01,SLAB
2023-01,SLG
2023-01,SLGN
2023-01,SLM
2023-01,SMCI
2023-01,SMG
2023-01,SNV
2023-01,SNX
2023-01,SON
2023-01,SPWR
2023-01,SR
2023-01,SRC
2023-01,SRCL
2023-01,SSD
2023-01,STAA
2023-01,STOR
2023-01,SWAV
2023-01,SWN
2023-01,SWX
2023-01,SXT
2023-01,SYNA
2023-01,SYNH
2023-01,TCBI
2023-01,TDC
2023-01,TEX
2023-01,TGNA
2023-01,THC
2023-01,THG
2023-01,THO
2023-01,TKR
2023-01,TMHC
2023-01,TNDM
2023-01,TNL
2023-01,TOL
2023-01,TPX
2023-01,TREX
2023-01,TRIP
2023-01,TTC
2023-01,TTEK
2023-01,TXRH
2023-01,UA
2023-01,UAA
2023-01,UBSI
2023-01,UGI
2023-01,UMBF
2023-01,UMPQ
2023-01,UNM
2023-01,UNVR
2023-01,UTHR
2023-01,VAC
2023-01,VC
2023-01,VICR
2023-01,VLY
2023-01,VMI
2023-01,VNO
2023-01,VNT
2023-01,VOYA
2023-01,VSAT
2023-01,VSCO
2023-01,VSH
2023-01,VVV
2023-01,WAFD
2023-01,WBS
2023-01,WEN
2023-01,WERN
2023-01,WEX
2023-01,WH
2023-01,WING
2023-01,WLK
2023-01,WLY
2023-01,WOLF
2023-01,WOR
2023-01,WSM
2023-01,WSO
2023-01,WTFC
2023-01,WTRG
2023-01,WTS
2023-01,WU
2023-01,WWD
2023-01,WWE
2023-01,X
2023-01,XPO
2023-01,XRX
2023-01,YETI
2023-01,ZD
2023-02,AA
2023-02,ACHC
2023-02,ACIW
2023-02,ACM
2023-02,ADC
2023-02,ADNT
2023-02,AFG
2023-02,AGCO
2023-02,AIRC
2023-02,ALE
2023-02,ALGM
2023-02,AM
2023-02,AMED
2023-02,AMG
2023-02,AMKR
2023-02,AN
2023-02,AR
2023-02,ARW
2023-02,ARWR
2023-02,ASB
2023-02,ASGN
2023-02,ASH
2023-02,ATR
2023-02,AVNT
2023-02,AVT
2023-02,AXON
2023-02,AYI
2023-02,AZPN
2023-02,AZTA
2023-02,BC
2023-02,BCO
2023-02,BDC
2023-02,BHF
2023-02,BJ
2023-02,BKH
2023-02,BLD
2023-02,BLDR
2023-02,BLKB
2023-02,BOH
2023-02,BRBR
2023-02,BRKR
2023-02,BRX
2023-02,BYD
2023-02,CABO
2023-02,CACI
2023-02,CADE
2023-02,CALX
2023-02,CAR
2023-02,CASY
2023-02,CATY
2023-02,CBRL
2023-02,CBSH
2023-02,CBT
2023-02,CC
2023-02,CELH
2023-02,CFR
2023-02,CGNX
2023-02,CHDN
2023-02,CHE
2023-02,CHH
2023-02,CHX
2023-02,CIEN
2023-02,CLF
2023-02,CLH
2023-02,CMC
2023-02,CNO
2023-02,CNX
2023-02,CNXC
2023-02,COHR
2023-02,COKE
2023-02,COLM
2023-02,COTY
2023-02,CPRI
2023-02,CR
2023-02,CRI
2023-02,CROX
2023-02,CRUS
2023-02,CSL
2023-02,CUBE
2023-02,CUZ
2023-02,CVLT
2023-02,CW
2023-02,DAN
2023-02,DAR
2023-02,DCI
2023-02,DECK
2023-02,DEI
2023-02,DINO
2023-02,DKS
2023-02,DOC
2023-02,DT
2023-02,DTM
2023-02,DY
2023-02,EEFT
2023-02,EGP
2023-02,EHC
2023-02,EME
2023-02,ENOV
2023-02,ENR
2023-02,ENS
2023-02,ENV
2023-02,EPR
2023-02,ESAB
2023-02,ESNT
2023-02,ETRN
2023-02,EVR
2023-02,EWBC
2023-02,EXEL
2023-02,EXLS
2023-02,EXP
2023-02,FAF
2023-02,FBIN
2023-02,FCFS
2023-02,FCN
2023-02,FFIN
2023-02,FHI
2023-02,FHN
2023-02,FICO
2023-02,FIVE
2023-02,FL
2023-02,FLO
2023-02,FLR
2023-02,FLS
2023-02,FNB
2023-02,FOXF
2023-02,FR
2023-02,FULT
2023-02,FYBR
2023-02,G
2023-02,GATX
2023-02,GBCI
2023-02,GEF
2023-02,GGG
2023-02,GHC
2023-02,GME
2023-02,GMED
2023-02,GNTX
2023-02,GO
2023-02,GPS
2023-02,GT
2023-02,GTLS
2023-02,GXO
2023-02,HAE
2023-02,HALO
2023-02,HBI
2023-02,HE
2023-02,HELE
2023-02,HIW
2023-02,HOG
2023-02,HOMB
2023-02,HQY
2023-02,HR
2023-02,HRB
2023-02,HUBB
2023-02,HWC
2023-02,HXL
2023-02,IAA
2023-02,IART
2023-02,IBKR
2023-02,IBOC
2023-02,ICUI
2023-02,IDA
2023-02,INGR
2023-02,IPGP
2023-02,IRDM
2023-02,IRT
2023-02,ITT
2023-02,JAZZ
2023-02,JBGS
2023-02,JBL
2023-02,JBLU
2023-02,JEF
2023-02,JHG
2023-02,JLL
2023-02,JWN
2023-02,KBH
2023-02,KBR
2023-02,KD
2023-02,KEX
2023-02,KMPR
2023-02,KMT
2023-02,KNSL
2023-02,KNX
2023-02,KRC
2023-02,KRG
2023-02,KSS
2023-02,LAD
2023-02,LAMR
2023-02,LANC
2023-02,LEA
2023-02,LECO
2023-02,LEG
2023-02,LFUS
2023-02,LII
2023-02,LITE
2023-02,LIVN
2023-02,LNTH
2023-02,LNW
2023-02,LOPE
2023-02,LPX
2023-02,LSCC
2023-02,LSI
2023-02,LSTR
2023-02,M
2023-02,MAC
2023-02,MAN
2023-02,MANH
2023-02,MASI
2023-02,MAT
2023-02,MDU
2023-02,MEDP
2023-02,MIDD
2023-02,MKSI
2023-02,MMS
2023-02,MODG
2023-02,MP
2023-02,MPW
2023-02,MRCY
2023-02,MSA
2023-02,MSM
2023-02,MTDR
2023-02,MTG
2023-02,MTSI
2023-02,MTZ
2023-02,MUR
2023-02,MUSA
2023-02,NARI
2023-02,NATI
2023-02,NAVI
2023-02,NBIX
2023-02,NCR
2023-02,NEOG
2023-02,NEU
2023-02,NFG
2023-02,NGVT
2023-02,NJR
2023-02,NLY
2023-02,NNN
2023-02,NOV
2023-02,NOVT
2023-02,NSA
2023-02,NSP
2023-02,NVST
2023-02,NVT
2023-02,NWE
2023-02,NXST
2023-02,NYCB
2023-02,NYT
2023-02,OC
2023-02,OFC
2023-02,OGE
2023-02,OGS
2023-02,OHI
2023-02,OLED
2023-02,OLLI
2023-02,OLN
2023-02,OMCL
2023-02,ONB
2023-02,OPCH
2023-02,ORA
2023-02,ORI
2023-02,OSK
2023-02,OZK
2023-02,PACW
2023-02,PB
2023-02,PBF
2023-02,PCH
2023-02,PCTY
2023-02,PDCE
2023-02,PDCO
2023-02,PEB
2023-02,PEN
2023-02,PENN
2023-02,PFGC
2023-02,PGNY
2023-02,PII
2023-02,PK
2023-02,PNFP
2023-02,PNM
2023-02,POR
2023-02,POST
2023-02,POWI
2023-02,PPC
2023-02,PRGO
2023-02,PRI
2023-02,PVH
2023-02,PZZA
2023-02,QDEL
2023-02,QLYS
2023-02,R
2023-02,RCM
2023-02,REXR
2023-02,RGA
2023-02,RGEN
2023-02,RGLD
2023-02,RH
2023-02,RLI
2023-02,RNR
2023-02,RPM
2023-02,RRC
2023-02,RRX
2023-02,RS
2023-02,RUN
2023-02,RYN
2023-02,SAIA
2023-02,SAIC
2023-02,SAM
2023-02,SBRA
2023-02,SCI
2023-02,SEIC
2023-02,SF
2023-02,SFM
2023-02,SHC
2023-02,SIGI
2023-02,SITM
2023-02,SKX
2023-02,SLAB
2023-02,SLG
2023-02,SLGN
2023-02,SLM
2023-02,SMCI
2023-02,SMG
2023-02,SNV
2023-02,SNX
2023-02,SON
2023-02,SPWR
2023-02,SR
2023-02,SRC
2023-02,SRCL
2023-02,SSD
2023-02,STAA
2023-02,SWAV
2023-02,SWN
2023-02,SWX
2023-02,SXT
2023-02,SYNA
2023-02,SYNH
2023-02,TCBI
2023-02,TDC
2023-02,TEX
2023-02,TGNA
2023-02,THC
2023-02,THG
2023-02,THO
2023-02,TKR
2023-02,TMHC
2023-02,TNDM
2023-02,TNL
2023-02,TOL
2023-02,TPX
2023-02,TREX
2023-02,TRIP
2023-02,TTC
2023-02,TTEK
2023-02,TXRH
2023-02,UA
2023-02,UAA
2023-02,UBSI
2023-02,UFPI
2023-02,UGI
2023-02,UMBF
2023-02,UMPQ
2023-02,UNM
2023-02,UNVR
2023-02,UTHR
2023-02,VAC
2023-02,VC
2023-02,VICR
2023-02,VLY
2023-02,VMI
2023-02,VNO
2023-02,VNT
2023-02,VOYA
2023-02,VSAT
2023-02,VSCO
2023-02,VSH
2023-02,VVV
2023-02,WAFD
2023-02,WBS
2023-02,WEN
2023-02,WERN
2023-02,WEX
2023-02,WH
2023-02,WING
2023-02,WLK
2023-02,WLY
2023-02,WOLF
2023-02,WOR
2023-02,WSM
2023-02,WSO
2023-02,WTFC
2023-02,WTRG
2023-02,WTS
2023-02,WU
2023-02,WWD
2023-02,WWE
2023-02,X
2023-02,XPO
2023-02,XRX
2023-02,YETI
2023-02,ZD
2023-03,AA
2023-03,ACHC
2023-03,ACIW
2023-03,ACM
2023-03,ADC
2023-03,ADNT
2023-03,AFG
2023-03,AGCO
2023-03,AIRC
2023-03,ALE
2023-03,ALGM
2023-03,ALV
2023-03,AM
2023-03,AMED
2023-03,AMG
2023-03,AMKR
2023-03,AN
2023-03,AR
2023-03,ARMK
2023-03,ARW
2023-03,ARWR
2023-03,ASB
2023-03,ASGN
2023-03,ASH
2023-03,ATR
2023-03,AVNT
2023-03,AVT
2023-03,AXON
2023-03,AXTA
2023-03,AYI
2023-03,AZPN
2023-03,AZTA
2023-03,BC
2023-03,BCO
2023-03,BDC
2023-03,BHF
2023-03,BJ
2023-03,BKH
2023-03,BLD
2023-03,BLDR
2023-03,BLKB
2023-03,BOH
2023-03,BRBR
2023-03,BRKR
2023-03,BRX
2023-03,BYD
2023-03,CABO
2023-03,CACI
2023-03,CADE
2023-03,CALX
2023-03,CAR
2023-03,CASY
2023-03,CATY
2023-03,CBSH
2023-03,CBT
2023-03,CC
2023-03,CELH
2023-03,CFR
2023-03,CGNX
2023-03,CHDN
2023-03,CHE
2023-03,CHH
2023-03,CHRD
2023-03,CHX
2023-03,CIEN
2023-03,CLF
2023-03,CLH
2023-03,CMC
2023-03,CNO
2023-03,CNX
2023-03,CNXC
2023-03,COHR
2023-03,COKE
2023-03,COLB
2023-03,COLM
2023-03,COTY
2023-03,CPRI
2023-03,CR
2023-03,CRI
2023-03,CROX
2023-03,CRUS
2023-03,CSL
2023-03,CUBE
2023-03,CUZ
2023-03,CVLT
2023-03,CW
2023-03,DAN
2023-03,DAR
2023-03,DCI
2023-03,DECK
2023-03,DEI
2023-03,DINO
2023-03,DKS
2023-03,DOC
2023-03,DT
2023-03,DTM
2023-03,EEFT
2023-03,EGP
2023-03,EHC
2023-03,EME
2023-03,ENOV
2023-03,ENR
2023-03,ENS
2023-03,ENV
2023-03,EPR
2023-03,ESAB
2023-03,ESNT
2023-03,ETRN
2023-03,EVR
2023-03,EWBC
2023-03,EXEL
2023-03,EXLS
2023-03,EXP
2023-03,EXPO
2023-03,FAF
2023-03,FBIN
2023-03,FCFS
2023-03,FCN
2023-03,FFIN
2023-03,FHI
2023-03,FHN
2023-03,FIVE
2023-03,FL
2023-03,FLO
2023-03,FLR
2023-03,FLS
2023-03,FNB
2023-03,FOXF
2023-03,FR
2023-03,FULT
2023-03,FYBR
2023-03,G
2023-03,GATX
2023-03,GBCI
2023-03,GEF
2023-03,GGG
2023-03,GHC
2023-03,GME
2023-03,GMED
2023-03,GNTX
2023-03,GO
2023-03,GPS
2023-03,GT
2023-03,GTLS
2023-03,GXO
2023-03,HAE
2023-03,HALO
2023-03,HE
2023-03,HELE
2023-03,HGV
2023-03,HIW
2023-03,HOG
2023-03,HOMB
2023-03,HQY
2023-03,HR
2023-03,HRB
2023-03,HTZ
2023-03,HUBB
2023-03,HWC
2023-03,HXL
2023-03,IART
2023-03,IBKR
2023-03,IBOC
2023-03,ICUI
2023-03,IDA
2023-03,INGR
2023-03,IPGP
2023-03,IRDM
2023-03,IRT
2023-03,ITT
2023-03,JAZZ
2023-03,JBL
2023-03,JBLU
2023-03,JEF
2023-03,JHG
2023-03,JLL
2023-03,JWN
2023-03,KBH
2023-03,KBR
2023-03,KD
2023-03,KEX
2023-03,KMPR
2023-03,KNSL
2023-03,KNX
2023-03,KRC
2023-03,KRG
2023-03,KSS
2023-03,LAD
2023-03,LAMR
2023-03,LANC
2023-03,LEA
2023-03,LECO
2023-03,LEG
2023-03,LFUS
2023-03,LII
2023-03,LITE
2023-03,LIVN
2023-03,LNTH
2023-03,LNW
2023-03,LOPE
2023-03,LPX
2023-03,LSCC
2023-03,LSI
2023-03,LSTR
2023-03,M
2023-03,MAC
2023-03,MAN
2023-03,MANH
2023-03,MASI
2023-03,MAT
2023-03,MDU
2023-03,MEDP
2023-03,MIDD
2023-03,MKSI
2023-03,MMS
2023-03,MODG
2023-03,MP
2023-03,MPW
2023-03,MRCY
2023-03,MSA
2023-03,MSM
2023-03,MTDR
2023-03,MTG
2023-03,MTSI
2023-03,MTZ
2023-03,MUR
2023-03,MUSA
2023-03,NARI
2023-03,NATI
2023-03,NAVI
2023-03,NBIX
2023-03,NCR
2023-03,NEOG
2023-03,NEU
2023-03,NFG
2023-03,NGVT
2023-03,NJR
2023-03,NLY
2023-03,NNN
2023-03,NOV
2023-03,NOVT
2023-03,NSA
2023-03,NSP
2023-03,NVST
2023-03,NVT
2023-03,NWE
2023-03,NXST
2023-03,NYCB
2023-03,NYT
2023-03,OC
2023-03,OFC
2023-03,OGE
2023-03,OGS
2023-03,OHI
2023-03,OLED
2023-03,OLLI
2023-03,OLN
2023-03,OMCL
2023-03,ONB
2023-03,OPCH
2023-03,ORA
2023-03,ORI
2023-03,OSK
2023-03,OZK
2023-03,PACW
2023-03,PB
2023-03,PBF
2023-03,PCH
2023-03,PCTY
2023-03,PDCE
2023-03,PDCO
2023-03,PEN
2023-03,PENN
2023-03,PFGC
2023-03,PGNY
2023-03,PII
2023-03,PK
2023-03,PNFP
2023-03,PNM
2023-03,POR
2023-03,POST
2023-03,POWI
2023-03,PPC
2023-03,PRGO
2023-03,PRI
2023-03,PVH
2023-03,PZZA
2023-03,QDEL
2023-03,QLYS
2023-03,R
2023-03,RCM
2023-03,REXR
2023-03,RGA
2023-03,RGEN
2023-03,RGLD
2023-03,RH
2023-03,RLI
2023-03,RNR
2023-03,RPM
2023-03,RRC
2023-03,RRX
2023-03,RS
2023-03,RUN
2023-03,RYN
2023-03,SAIA
2023-03,SAIC
2023-03,SAM
2023-03,SBRA
2023-03,SCI
2023-03,SEIC
2023-03,SF
2023-03,SFM
2023-03,SHC
2023-03,SIGI
2023-03,SITM
2023-03,SKX
2023-03,SLAB
2023-03,SLGN
2023-03,SLM
2023-03,SMCI
2023-03,SMG
2023-03,SNV
2023-03,SNX
2023-03,SON
2023-03,SPWR
2023-03,SR
2023-03,SRC
2023-03,SRCL
2023-03,SSB
2023-03,SSD
2023-03,STAA
2023-03,STWD
2023-03,SWAV
2023-03,SWN
2023-03,SWX
2023-03,SXT
2023-03,SYNA
2023-03,SYNH
2023-03,TCBI
2023-03,TDC
2023-03,TEX
2023-03,TGNA
2023-03,THC
2023-03,THG
2023-03,THO
2023-03,TKR
2023-03,TMHC
2023-03,TNL
2023-03,TOL
2023-03,TPX
2023-03,TREX
2023-03,TRIP
2023-03,TTC
2023-03,TTEK
2023-03,TXRH
2023-03,UA
2023-03,UAA
2023-03,UBSI
2023-03,UFPI
2023-03,UGI
2023-03,UMBF
2023-03,UNM
2023-03,UNVR
2023-03,USFD
2023-03,UTHR
2023-03,VAC
2023-03,VAL
2023-03,VC
2023-03,VICR
2023-03,VLY
2023-03,VMI
2023-03,VNO
2023-03,VNT
2023-03,VOYA
2023-03,VSCO
2023-03,VSH
2023-03,VVV
2023-03,WBS
2023-03,WEN
2023-03,WERN
2023-03,WEX
2023-03,WH
2023-03,WING
2023-03,WLK
2023-03,WLY
2023-03,WMS
2023-03,WOLF
2023-03,WOR
2023-03,WSM
2023-03,WSO
2023-03,WTFC
2023-03,WTRG
2023-03,WTS
2023-03,WU
2023-03,WWD
2023-03,WWE
2023-03,X
2023-03,XPO
2023-03,XRX
2023-03,YETI
2023-03,ZD
2023-04,AA
2023-04,ACHC
2023-04,ACIW
2023-04,ACM
2023-04,ADC
2023-04,ADNT
2023-04,AFG
2023-04,AGCO
2023-04,AIRC
2023-04,ALE
2023-04,ALGM
2023-04,ALV
2023-04,AM
2023-04,AMED
2023-04,AMG
2023-04,AMKR
2023-04,AN
2023-04,AR
2023-04,ARMK
2023-04,ARW
2023-04,ARWR
2023-04,ASB
2023-04,ASGN
2023-04,ASH
2023-04,ATR
2023-04,AVNT
2023-04,AVT
2023-04,AXON
2023-04,AXTA
2023-04,AYI
2023-04,AZPN
2023-04,AZTA
2023-04,BC
2023-04,BCO
2023-04,BDC
2023-04,BHF
2023-04,BJ
2023-04,BKH
2023-04,BLD
2023-04,BLDR
2023-04,BLKB
2023-04,BOH
2023-04,BRBR
2023-04,BRKR
2023-04,BRX
2023-04,BYD
2023-04,CABO
2023-04,CACI
2023-04,CADE
2023-04,CALX
2023-04,CAR
2023-04,CASY
2023-04,CATY
2023-04,CBSH
2023-04,CBT
2023-04,CC
2023-04,CELH
2023-04,CFR
2023-04,CGNX
2023-04,CHDN
2023-04,CHE
2023-04,CHH
2023-04,CHRD
2023-04,CHX
2023-04,CIEN
2023-04,CLF
2023-04,CLH
2023-04,CMC
2023-04,CNO
2023-04,CNX
2023-04,CNXC
2023-04,COHR
2023-04,COKE
2023-04,COLB
2023-04,COLM
2023-04,COTY
2023-04,CPRI
2023-04,CR
2023-04,CRI
2023-04,CROX
2023-04,CRUS
2023-04,CSL
2023-04,CUBE
2023-04,CUZ
2023-04,CVLT
2023-04,CW
2023-04,CXT
2023-04,DAN
2023-04,DAR
2023-04,DCI
2023-04,DECK
2023-04,DEI
2023-04,DINO
2023-04,DKS
2023-04,DOC
2023-04,DT
2023-04,DTM
2023-04,EEFT
2023-04,EGP
2023-04,EHC
2023-04,EME
2023-04,ENOV
2023-04,ENR
2023-04,ENS
2023-04,ENV
2023-04,EPR
2023-04,ESAB
2023-04,ESNT
2023-04,ETRN
2023-04,EVR
2023-04,EWBC
2023-04,EXEL
2023-04,EXLS
2023-04,EXP
2023-04,EXPO
2023-04,FAF
2023-04,FBIN
2023-04,FCFS
2023-04,FCN
2023-04,FFIN
2023-04,FHI
2023-04,FHN
2023-04,FIVE
2023-04,FL
2023-04,FLO
2023-04,FLR
2023-04,FLS
2023-04,FNB
2023-04,FOXF
2023-04,FR
2023-04,FULT
2023-04,FYBR
2023-04,G
2023-04,GATX
2023-04,GBCI
2023-04,GEF
2023-04,GGG
2023-04,GHC
2023-04,GME
2023-04,GMED
2023-04,GNTX
2023-04,GO
2023-04,GPS
2023-04,GT
2023-04,GTLS
2023-04,GXO
2023-04,HAE
2023-04,HALO
2023-04,HE
2023-04,HELE
2023-04,HGV
2023-04,HIW
2023-04,HOG
2023-04,HOMB
2023-04,HQY
2023-04,HR
2023-04,HRB
2023-04,HTZ
2023-04,HUBB
2023-04,HWC
2023-04,HXL
2023-04,IART
2023-04,IBKR
2023-04,IBOC
2023-04,ICUI
2023-04,IDA
2023-04,INGR
2023-04,IPGP
2023-04,IRDM
2023-04,IRT
2023-04,ITT
2023-04,JAZZ
2023-04,JBL
2023-04,JBLU
2023-04,JEF
2023-04,JHG
2023-04,JLL
2023-04,JWN
2023-04,KBH
2023-04,KBR
2023-04,KD
2023-04,KEX
2023-04,KMPR
2023-04,KNSL
2023-04,KNX
2023-04,KRC
2023-04,KRG
2023-04,KSS
2023-04,LAD
2023-04,LAMR
2023-04,LANC
2023-04,LEA
2023-04,LECO
2023-04,LEG
2023-04,LFUS
2023-04,LII
2023-04,LITE
2023-04,LIVN
2023-04,LNTH
2023-04,LNW
2023-04,LOPE
2023-04,LPX
2023-04,LSCC
2023-04,LSI
2023-04,LSTR
2023-04,M
2023-04,MAC
2023-04,MAN
2023-04,MANH
2023-04,MASI
2023-04,MAT
2023-04,MDU
2023-04,MEDP
2023-04,MIDD
2023-04,MKSI
2023-04,MMS
2023-04,MODG
2023-04,MP
2023-04,MPW
2023-04,MRCY
2023-04,MSA
2023-04,MSM
2023-04,MTDR
2023-04,MTG
2023-04,MTSI
2023-04,MTZ
2023-04,MUR
2023-04,MUSA
2023-04,NARI
2023-04,NATI
2023-04,NAVI
2023-04,NBIX
2023-04,NCR
2023-04,NEOG
2023-04,NEU
2023-04,NFG
2023-04,NGVT
2023-04,NJR
2023-04,NLY
2023-04,NNN
2023-04,NOV
2023-04,NOVT
2023-04,NSA
2023-04,NSP
2023-04,NVST
2023-04,NVT
2023-04,NWE
2023-04,NXST
2023-04,NYCB
2023-04,NYT
2023-04,OC
2023-04,OFC
2023-04,OGE
2023-04,OGS
2023-04,OHI
2023-04,OLED
2023-04,OLLI
2023-04,OLN
2023-04,OMCL
2023-04,ONB
2023-04,OPCH
2023-04,ORA
2023-04,ORI
2023-04,OSK
2023-04,OZK
2023-04,PB
2023-04,PBF
2023-04,PCH
2023-04,PCTY
2023-04,PDCE
2023-04,PDCO
2023-04,PEN
2023-04,PENN
2023-04,PFGC
2023-04,PGNY
2023-04,PII
2023-04,PK
2023-04,PNFP
2023-04,PNM
2023-04,POR
2023-04,POST
2023-04,POWI
2023-04,PPC
2023-04,PRGO
2023-04,PRI
2023-04,PVH
2023-04,PZZA
2023-04,QDEL
2023-04,QLYS
2023-04,R
2023-04,RCM
2023-04,REXR
2023-04,RGA
2023-04,RGEN
2023-04,RGLD
2023-04,RH
2023-04,RLI
2023-04,RNR
2023-04,RPM
2023-04,RRC
2023-04,RRX
2023-04,RS
2023-04,RUN
2023-04,RYN
2023-04,SAIA
2023-04,SAIC
2023-04,SAM
2023-04,SBRA
2023-04,SCI
2023-04,SEIC
2023-04,SF
2023-04,SFM
2023-04,SHC
2023-04,SIGI
2023-04,SITM
2023-04,SKX
2023-04,SLAB
2023-04,SLGN
2023-04,SLM
2023-04,SMCI
2023-04,SMG
2023-04,SNV
2023-04,SNX
2023-04,SON
2023-04,SPWR
2023-04,SR
2023-04,SRC
2023-04,SRCL
2023-04,SSB
2023-04,SSD
2023-04,STAA
2023-04,STWD
2023-04,SWAV
2023-04,SWN
2023-04,SWX
2023-04,SXT
2023-04,SYNA
2023-04,SYNH
2023-04,TCBI
2023-04,TDC
2023-04,TEX
2023-04,TGNA
2023-04,THC
2023-04,THG
2023-04,THO
2023-04,TKR
2023-04,TMHC
2023-04,TNL
2023-04,TOL
2023-04,TPX
2023-04,TREX
2023-04,TRIP
2023-04,TTC
2023-04,TTEK
2023-04,TXRH
2023-04,UA
2023-04,UAA
2023-04,UBSI
2023-04,UFPI
2023-04,UGI
2023-04,UMBF
2023-04,UNM
2023-04,UNVR
2023-04,USFD
2023-04,UTHR
2023-04,VAC
2023-04,VAL
2023-04,VC
2023-04,VICR
2023-04,VLY
2023-04,VMI
2023-04,VNO
2023-04,VNT
2023-04,VOYA
2023-04,VSCO
2023-04,VSH
2023-04,VVV
2023-04,WBS
2023-04,WEN
2023-04,WERN
2023-04,WEX
2023-04,WH
2023-04,WING
2023-04,WLK
2023-04,WLY
2023-04,WMS
2023-04,WOLF
2023-04,WOR
2023-04,WSM
2023-04,WSO
2023-04,WTFC
2023-04,WTRG
2023-04,WTS
2023-04,WU
2023-04,WWD
2023-04,WWE
2023-04,X
2023-04,XPO
2023-04,XRX
2023-04,YETI
2023-04,ZD
2023-05,AA
2023-05,ACHC
2023-05,ACIW
2023-05,ACM
2023-05,ADC
2023-05,ADNT
2023-05,AFG
2023-05,AGCO
2023-05,AIRC
2023-05,ALE
2023-05,ALGM
2023-05,ALV
2023-05,AM
2023-05,AMED
2023-05,AMG
2023-05,AMKR
2023-05,AN
2023-05,AR
2023-05,ARMK
2023-05,ARW
2023-05,ARWR
2023-05,ASB
2023-05,ASGN
2023-05,ASH
2023-05,ATR
2023-05,AVNT
2023-05,AVT
2023-05,AXTA
2023-05,AYI
2023-05,AZPN
2023-05,AZTA
2023-05,BC
2023-05,BCO
2023-05,BDC
2023-05,BHF
2023-05,BJ
2023-05,BKH
2023-05,BLD
2023-05,BLDR
2023-05,BLKB
2023-05,BOH
2023-05,BRBR
2023-05,BRKR
2023-05,BRX
2023-05,BYD
2023-05,CABO
2023-05,CACI
2023-05,CADE
2023-05,CALX
2023-05,CAR
2023-05,CASY
2023-05,CATY
2023-05,CBSH
2023-05,CBT
2023-05,CC
2023-05,CELH
2023-05,CFR
2023-05,CGNX
2023-05,CHDN
2023-05,CHE
2023-05,CHH
2023-05,CHRD
2023-05,CHX
2023-05,CIEN
2023-05,CLF
2023-05,CLH
2023-05,CMC
2023-05,CNO
2023-05,CNX
2023-05,CNXC
2023-05,COHR
2023-05,COKE
2023-05,COLB
2023-05,COLM
2023-05,COTY
2023-05,CPRI
2023-05,CR
2023-05,CRI
2023-05,CROX
2023-05,CRUS
2023-05,CSL
2023-05,CUBE
2023-05,CUZ
2023-05,CVLT
2023-05,CW
2023-05,CXT
2023-05,DAN
2023-05,DAR
2023-05,DCI
2023-05,DECK
2023-05,DEI
2023-05,DINO
2023-05,DKS
2023-05,DOC
2023-05,DT
2023-05,DTM
2023-05,EEFT
2023-05,EGP
2023-05,EHC
2023-05,EME
2023-05,ENOV
2023-05,ENR
2023-05,ENS
2023-05,ENV
2023-05,EPR
2023-05,ESAB
2023-05,ESNT
2023-05,ETRN
2023-05,EVR
2023-05,EWBC
2023-05,EXEL
2023-05,EXLS
2023-05,EXP
2023-05,EXPO
2023-05,FAF
2023-05,FBIN
2023-05,FCFS
2023-05,FCN
2023-05,FFIN
2023-05,FHI
2023-05,FHN
2023-05,FIVE
2023-05,FL
2023-05,FLO
2023-05,FLR
2023-05,FLS
2023-05,FNB
2023-05,FOXF
2023-05,FR
2023-05,FULT
2023-05,FYBR
2023-05,G
2023-05,GATX
2023-05,GBCI
2023-05,GEF
2023-05,GGG
2023-05,GHC
2023-05,GME
2023-05,GMED
2023-05,GNTX
2023-05,GO
2023-05,GPS
2023-05,GT
2023-05,GTLS
2023-05,GXO
2023-05,HAE
2023-05,HALO
2023-05,HE
2023-05,HELE
2023-05,HGV
2023-05,HIW
2023-05,HOG
2023-05,HOMB
2023-05,HQY
2023-05,HR
2023-05,HRB
2023-05,HTZ
2023-05,HUBB
2023-05,HWC
2023-05,HXL
2023-05,IART
2023-05,IBKR
2023-05,IBOC
2023-05,ICUI
2023-05,IDA
2023-05,INGR
2023-05,IPGP
2023-05,IRDM
2023-05,IRT
2023-05,ITT
2023-05,JAZZ
2023-05,JBL
2023-05,JBLU
2023-05,JEF
2023-05,JHG
2023-05,JLL
2023-05,JWN
2023-05,KBH
2023-05,KBR
2023-05,KD
2023-05,KEX
2023-05,KMPR
2023-05,KNSL
2023-05,KNX
2023-05,KRC
2023-05,KRG
2023-05,KSS
2023-05,LAD
2023-05,LAMR
2023-05,LANC
2023-05,LEA
2023-05,LECO
2023-05,LEG
2023-05,LFUS
2023-05,LII
2023-05,LITE
2023-05,LIVN
2023-05,LNTH
2023-05,LNW
2023-05,LOPE
2023-05,LPX
2023-05,LSCC
2023-05,LSI
2023-05,LSTR
2023-05,M
2023-05,MAC
2023-05,MAN
2023-05,MANH
2023-05,MASI
2023-05,MAT
2023-05,MDU
2023-05,MEDP
2023-05,MIDD
2023-05,MKSI
2023-05,MMS
2023-05,MODG
2023-05,MP
2023-05,MPW
2023-05,MRCY
2023-05,MSA
2023-05,MSM
2023-05,MTDR
2023-05,MTG
2023-05,MTSI
2023-05,MTZ
2023-05,MUR
2023-05,MUSA
2023-05,NARI
2023-05,NATI
2023-05,NAVI
2023-05,NBIX
2023-05,NCR
2023-05,NEOG
2023-05,NEU
2023-05,NFG
2023-05,NGVT
2023-05,NJR
2023-05,NLY
2023-05,NNN
2023-05,NOV
2023-05,NOVT
2023-05,NSA
2023-05,NSP
2023-05,NVST
2023-05,NVT
2023-05,NWE
2023-05,NXST
2023-05,NYCB
2023-05,NYT
2023-05,OC
2023-05,OFC
2023-05,OGE
2023-05,OGS
2023-05,OHI
2023-05,OLED
2023-05,OLLI
2023-05,OLN
2023-05,OMCL
2023-05,ONB
2023-05,OPCH
2023-05,ORA
2023-05,ORI
2023-05,OSK
2023-05,OZK
2023-05,PB
2023-05,PBF
2023-05,PCH
2023-05,PCTY
2023-05,PDCE
2023-05,PDCO
2023-05,PEN
2023-05,PENN
2023-05,PFGC
2023-05,PGNY
2023-05,PII
2023-05,PK
2023-05,PNFP
2023-05,PNM
2023-05,POR
2023-05,POST
2023-05,POWI
2023-05,PPC
2023-05,PRGO
2023-05,PRI
2023-05,PVH
2023-05,PZZA
2023-05,QDEL
2023-05,QLYS
2023-05,R
2023-05,RCM
2023-05,REXR
2023-05,RGA
2023-05,RGEN
2023-05,RGLD
2023-05,RH
2023-05,RLI
2023-05,RNR
2023-05,RPM
2023-05,RRC
2023-05,RRX
2023-05,RS
2023-05,RUN
2023-05,RYN
2023-05,SAIA
2023-05,SAIC
2023-05,SAM
2023-05,SBRA
2023-05,SCI
2023-05,SEIC
2023-05,SF
2023-05,SFM
2023-05,SHC
2023-05,SIGI
2023-05,SITM
2023-05,SKX
2023-05,SLAB
2023-05,SLGN
2023-05,SLM
2023-05,SMCI
2023-05,SMG
2023-05,SNV
2023-05,SNX
2023-05,SON
2023-05,SPWR
2023-05,SR
2023-05,SRC
2023-05,SRCL
2023-05,SSB
2023-05,SSD
2023-05,STAA
2023-05,STAG
2023-05,STWD
2023-05,SWAV
2023-05,SWN
2023-05,SWX
2023-05,SXT
2023-05,SYNA
2023-05,SYNH
2023-05,TCBI
2023-05,TDC
2023-05,TEX
2023-05,TGNA
2023-05,THC
2023-05,THG
2023-05,THO
2023-05,TKR
2023-05,TMHC
2023-05,TNL
2023-05,TOL
2023-05,TPX
2023-05,TREX
2023-05,TRIP
2023-05,TTC
2023-05,TTEK
2023-05,TXRH
2023-05,UA
2023-05,UAA
2023-05,UBSI
2023-05,UFPI
2023-05,UGI
2023-05,UMBF
2023-05,UNM
2023-05,UNVR
2023-05,USFD
2023-05,UTHR
2023-05,VAC
2023-05,VAL
2023-05,VC
2023-05,VICR
2023-05,VLY
2023-05,VMI
2023-05,VNO
2023-05,VNT
2023-05,VOYA
2023-05,VSCO
2023-05,VSH
2023-05,VVV
2023-05,WBS
2023-05,WEN
2023-05,WERN
2023-05,WEX
2023-05,WH
2023-05,WING
2023-05,WLK
2023-05,WLY
2023-05,WMS
2023-05,WOLF
2023-05,WOR
2023-05,WSM
2023-05,WSO
2023-05,WTFC
2023-05,WTRG
2023-05,WTS
2023-05,WU
2023-05,WWD
2023-05,WWE
2023-05,X
2023-05,XPO
2023-05,XRX
2023-05,YETI
2023-05,ZD
2023-06,AA
2023-06,ACHC
2023-06,ACIW
2023-06,ACM
2023-06,ADC
2023-06,ADNT
2023-06,AFG
2023-06,AGCO
2023-06,AIRC
2023-06,ALE
2023-06,ALGM
2023-06,ALV
2023-06,AM
2023-06,AMED
2023-06,AMG
2023-06,AMKR
2023-06,AN
2023-06,AR
2023-06,ARMK
2023-06,ARW
2023-06,ARWR
2023-06,ASB
2023-06,ASGN
2023-06,ASH
2023-06,ATR
2023-06,AVNT
2023-06,AVT
2023-06,AXTA
2023-06,AYI
2023-06,AZPN
2023-06,AZTA
2023-06,BC
2023-06,BCO
2023-06,BDC
2023-06,BERY
2023-06,BHF
2023-06,BJ
2023-06,BKH
2023-06,BLD
2023-06,BLDR
2023-06,BLKB
2023-06,BOH
2023-06,BRBR
2023-06,BRKR
2023-06,BRX
2023-06,BWXT
2023-06,BYD
2023-06,CABO
2023-06,CACI
2023-06,CADE
2023-06,CALX
2023-06,CAR
2023-06,CASY
2023-06,CATY
2023-06,CBSH
2023-06,CBT
2023-06,CC
2023-06,CCK
2023-06,CELH
2023-06,CFR
2023-06,CGNX
2023-06,CHDN
2023-06,CHE
2023-06,CHH
2023-06,CHRD
2023-06,CHX
2023-06,CIEN
2023-06,CLF
2023-06,CLH
2023-06,CMC
2023-06,CNO
2023-06,CNX
2023-06,CNXC
2023-06,COHR
2023-06,COKE
2023-06,COLB
2023-06,COLM
2023-06,COTY
2023-06,CPRI
2023-06,CR
2023-06,CRI
2023-06,CROX
2023-06,CRUS
2023-06,CSL
2023-06,CUBE
2023-06,CUZ
2023-06,CVLT
2023-06,CW
2023-06,CXT
2023-06,DAR
2023-06,DBX
2023-06,DCI
2023-06,DECK
2023-06,DINO
2023-06,DKS
2023-06,DOC
2023-06,DOCS
2023-06,DT
2023-06,DTM
2023-06,EEFT
2023-06,EGP
2023-06,EHC
2023-06,EME
2023-06,ENOV
2023-06,ENR
2023-06,ENS
2023-06,ENV
2023-06,EPR
2023-06,ESAB
2023-06,ESNT
2023-06,ETRN
2023-06,EVR
2023-06,EWBC
2023-06,EXEL
2023-06,EXLS
2023-06,EXP
2023-06,EXPO
2023-06,FAF
2023-06,FBIN
2023-06,FCFS
2023-06,FCN
2023-06,FFIN
2023-06,FHI
2023-06,FHN
2023-06,FIVE
2023-06,FL
2023-06,FLO
2023-06,FLR
2023-06,FLS
2023-06,FNB
2023-06,FOXF
2023-06,FR
2023-06,FYBR
2023-06,G
2023-06,GATX
2023-06,GBCI
2023-06,GEF
2023-06,GGG
2023-06,GHC
2023-06,GME
2023-06,GMED
2023-06,GNTX
2023-06,GO
2023-06,GPK
2023-06,GPS
2023-06,GT
2023-06,GTLS
2023-06,GXO
2023-06,HAE
2023-06,HALO
2023-06,HE
2023-06,HELE
2023-06,HGV
2023-06,HIW
2023-06,HOG
2023-06,HOMB
2023-06,HQY
2023-06,HR
2023-06,HRB
2023-06,HTZ
2023-06,HUBB
2023-06,HWC
2023-06,HXL
2023-06,IART
2023-06,IBKR
2023-06,IBOC
2023-06,ICUI
2023-06,IDA
2023-06,INGR
2023-06,IPGP
2023-06,IRDM
2023-06,IRT
2023-06,ITT
2023-06,JAZZ
2023-06,JBL
2023-06,JBLU
2023-06,JEF
2023-06,JHG
2023-06,JLL
2023-06,JWN
2023-06,KBH
2023-06,KBR
2023-06,KD
2023-06,KEX
2023-06,KMPR
2023-06,KNSL
2023-06,KNX
2023-06,KRC
2023-06,KRG
2023-06,KSS
2023-06,LAD
2023-06,LAMR
2023-06,LANC
2023-06,LEA
2023-06,LECO
2023-06,LEG
2023-06,LFUS
2023-06,LII
2023-06,LITE
2023-06,LIVN
2023-06,LNTH
2023-06,LNW
2023-06,LOPE
2023-06,LPX
2023-06,LSCC
2023-06,LSI
2023-06,LSTR
2023-06,M
2023-06,MAN
2023-06,MANH
2023-06,MASI
2023-06,MAT
2023-06,MDU
2023-06,MEDP
2023-06,MIDD
2023-06,MKSI
2023-06,MMS
2023-06,MODG
2023-06,MP
2023-06,MPW
2023-06,MRCY
2023-06,MSA
2023-06,MSM
2023-06,MTDR
2023-06,MTG
2023-06,MTSI
2023-06,MTZ
2023-06,MUR
2023-06,MUSA
2023-06,NARI
2023-06,NATI
2023-06,NBIX
2023-06,NCR
2023-06,NEOG
2023-06,NEU
2023-06,NFG
2023-06,NJR
2023-06,NLY
2023-06,NNN
2023-06,NOV
2023-06,NOVT
2023-06,NSA
2023-06,NSP
2023-06,NVST
2023-06,NVT
2023-06,NWE
2023-06,NXST
2023-06,NYCB
2023-06,NYT
2023-06,OC
2023-06,OFC
2023-06,OGE
2023-06,OGS
2023-06,OHI
2023-06,OLED
2023-06,OLLI
2023-06,OLN
2023-06,OMCL
2023-06,ONB
2023-06,OPCH
2023-06,ORA
2023-06,ORI
2023-06,OSK
2023-06,OVV
2023-06,OZK
2023-06,PB
2023-06,PBF
2023-06,PCH
2023-06,PCTY
2023-06,PDCE
2023-06,PDCO
2023-06,PEN
2023-06,PENN
2023-06,PFGC
2023-06,PGNY
2023-06,PII
2023-06,PK
2023-06,PLNT
2023-06,PNFP
2023-06,PNM
2023-06,POR
2023-06,POST
2023-06,POWI
2023-06,PPC
2023-06,PRGO
2023-06,PRI
2023-06,PVH
2023-06,PZZA
2023-06,QDEL
2023-06,QLYS
2023-06,R
2023-06,RCM
2023-06,REXR
2023-06,RGA
2023-06,RGEN
2023-06,RGLD
2023-06,RH
2023-06,RLI
2023-06,RNR
2023-06,RPM
2023-06,RRC
2023-06,RRX
2023-06,RS
2023-06,RUN
2023-06,RYN
2023-06,SAIA
2023-06,SAIC
2023-06,SAM
2023-06,SBRA
2023-06,SCI
2023-06,SEIC
2023-06,SF
2023-06,SFM
2023-06,SHC
2023-06,SIGI
2023-06,SKX
2023-06,SLAB
2023-06,SLGN
2023-06,SLM
2023-06,SMCI
2023-06,SMG
2023-06,SNV
2023-06,SNX
2023-06,SON
2023-06,SR
2023-06,SRC
2023-06,SRCL
2023-06,SSB
2023-06,SSD
2023-06,STAA
2023-06,STAG
2023-06,STWD
2023-06,SWAV
2023-06,SWN
2023-06,SWX
2023-06,SXT
2023-06,SYNA
2023-06,SYNH
2023-06,TCBI
2023-06,TDC
2023-06,TEX
2023-06,TGNA
2023-06,THC
2023-06,THG
2023-06,THO
2023-06,TKR
2023-06,TMHC
2023-06,TNL
2023-06,TOL
2023-06,TPX
2023-06,TREX
2023-06,TRIP
2023-06,TTC
2023-06,TTEK
2023-06,TXRH
2023-06,UA
2023-06,UAA
2023-06,UBSI
2023-06,UFPI
2023-06,UGI
2023-06,UMBF
2023-06,UNM
2023-06,UNVR
2023-06,USFD
2023-06,UTHR
2023-06,VAC
2023-06,VAL
2023-06,VC
2023-06,VICR
2023-06,VLY
2023-06,VMI
2023-06,VNO
2023-06,VNT
2023-06,VOYA
2023-06,VSH
2023-06,VVV
2023-06,WBS
2023-06,WCC
2023-06,WEN
2023-06,WERN
2023-06,WEX
2023-06,WH
2023-06,WING
2023-06,WLK
2023-06,WMS
2023-06,WOLF
2023-06,WOR
2023-06,WSM
2023-06,WSO
2023-06,WTFC
2023-06,WTRG
2023-06,WTS
2023-06,WU
2023-06,WWD
2023-06,WWE
2023-06,X
2023-06,XPO
2023-06,XRX
2023-06,YETI
2023-06,ZD
2023-06,ZI
2023-07,AA
2023-07,ACHC
2023-07,ACIW
2023-07,ACM
2023-07,ADC
2023-07,ADNT
2023-07,AFG
2023-07,AGCO
2023-07,AIRC
2023-07,ALE
2023-07,ALGM
2023-07,ALV
2023-07,AM
2023-07,AMED
2023-07,AMG
2023-07,AMKR
2023-07,AN
2023-07,AR
2023-07,ARMK
2023-07,ARW
2023-07,ARWR
2023-07,ASB
2023-07,ASGN
2023-07,ASH
2023-07,ATR
2023-07,AVNT
2023-07,AVT
2023-07,AXTA
2023-07,AYI
2023-07,AZPN
2023-07,AZTA
2023-07,BC
2023-07,BCO
2023-07,BDC
2023-07,BERY
2023-07,BHF
2023-07,BJ
2023-07,BKH
2023-07,BLD
2023-07,BLDR
2023-07,BLKB
2023-07,BRBR
2023-07,BRKR
2023-07,BRX
2023-07,BWXT
2023-07,BYD
2023-07,CABO
2023-07,CACI
2023-07,CADE
2023-07,CALX
2023-07,CAR
2023-07,CASY
2023-07,CATY
2023-07,CBSH
2023-07,CBT
2023-07,CC
2023-07,CCK
2023-07,CELH
2023-07,CFR
2023-07,CGNX
2023-07,CHDN
2023-07,CHE
2023-07,CHH
2023-07,CHRD
2023-07,CHX
2023-07,CIEN
2023-07,CLF
2023-07,CLH
2023-07,CMC
2023-07,CNO
2023-07,CNX
2023-07,CNXC
2023-07,COHR
2023-07,COKE
2023-07,COLB
2023-07,COLM
2023-07,COTY
2023-07,CPRI
2023-07,CR
2023-07,CRI
2023-07,CROX
2023-07,CRUS
2023-07,CSL
2023-07,CUBE
2023-07,CUZ
2023-07,CVLT
2023-07,CW
2023-07,CXT
2023-07,DAR
2023-07,DBX
2023-07,DCI
2023-07,DECK
2023-07,DINO
2023-07,DKS
2023-07,DOC
2023-07,DOCS
2023-07,DT
2023-07,DTM
2023-07,EEFT
2023-07,EGP
2023-07,EHC
2023-07,EME
2023-07,ENOV
2023-07,ENR
2023-07,ENS
2023-07,ENV
2023-07,EPR
2023-07,ESAB
2023-07,ESNT
2023-07,ETRN
2023-07,EVR
2023-07,EWBC
2023-07,EXEL
2023-07,EXLS
2023-07,EXP
2023-07,EXPO
2023-07,FAF
2023-07,FBIN
2023-07,FCFS
2023-07,FCN
2023-07,FFIN
2023-07,FHI
2023-07,FHN
2023-07,FIVE
2023-07,FL
2023-07,FLO
2023-07,FLR
2023-07,FLS
2023-07,FNB
2023-07,FOXF
2023-07,FR
2023-07,FYBR
2023-07,G
2023-07,GATX
2023-07,GBCI
2023-07,GEF
2023-07,GGG
2023-07,GHC
2023-07,GME
2023-07,GMED
2023-07,GNTX
2023-07,GO
2023-07,GPK
2023-07,GPS
2023-07,GT
2023-07,GTLS
2023-07,GXO
2023-07,HAE
2023-07,HALO
2023-07,HE
2023-07,HELE
2023-07,HGV
2023-07,HIW
2023-07,HOG
2023-07,HOMB
2023-07,HQY
2023-07,HR
2023-07,HRB
2023-07,HTZ
2023-07,HUBB
2023-07,HWC
2023-07,HXL
2023-07,IART
2023-07,IBKR
2023-07,IBOC
2023-07,ICUI
2023-07,IDA
2023-07,INGR
2023-07,IPGP
2023-07,IRDM
2023-07,IRT
2023-07,ITT
2023-07,JAZZ
2023-07,JBL
2023-07,JBLU
2023-07,JEF
2023-07,JHG
2023-07,JLL
2023-07,JWN
2023-07,KBH
2023-07,KBR
2023-07,KD
2023-07,KEX
2023-07,KMPR
2023-07,KNF
2023-07,KNSL
2023-07,KNX
2023-07,KRC
2023-07,KRG
2023-07,KSS
2023-07,LAD
2023-07,LAMR
2023-07,LANC
2023-07,LEA
2023-07,LECO
2023-07,LEG
2023-07,LFUS
2023-07,LII
2023-07,LITE
2023-07,LIVN
2023-07,LNTH
2023-07,LNW
2023-07,LOPE
2023-07,LPX
2023-07,LSCC
2023-07,LSI
2023-07,LSTR
2023-07,M
2023-07,MAN
2023-07,MANH
2023-07,MASI
2023-07,MAT
2023-07,MDU
2023-07,MEDP
2023-07,MIDD
2023-07,MKSI
2023-07,MMS
2023-07,MODG
2023-07,MP
2023-07,MPW
2023-07,MRCY
2023-07,MSA
2023-07,MSM
2023-07,MTDR
2023-07,MTG
2023-07,MTSI
2023-07,MTZ
2023-07,MUR
2023-07,MUSA
2023-07,NARI
2023-07,NATI
2023-07,NBIX
2023-07,NCR
2023-07,NEOG
2023-07,NEU
2023-07,NFG
2023-07,NJR
2023-07,NLY
2023-07,NNN
2023-07,NOV
2023-07,NOVT
2023-07,NSA
2023-07,NSP
2023-07,NVST
2023-07,NVT
2023-07,NWE
2023-07,NXST
2023-07,NYCB
2023-07,NYT
2023-07,OC
2023-07,OFC
2023-07,OGE
2023-07,OGS
2023-07,OHI
2023-07,OLED
2023-07,OLLI
2023-07,OLN
2023-07,OMCL
2023-07,ONB
2023-07,OPCH
2023-07,ORA
2023-07,ORI
2023-07,OSK
2023-07,OVV
2023-07,OZK
2023-07,PB
2023-07,PBF
2023-07,PCH
2023-07,PCTY
2023-07,PDCE
2023-07,PDCO
2023-07,PEN
2023-07,PENN
2023-07,PFGC
2023-07,PGNY
2023-07,PII
2023-07,PK
2023-07,PLNT
2023-07,PNFP
2023-07,PNM
2023-07,POR
2023-07,POST
2023-07,POWI
2023-07,PPC
2023-07,PRGO
2023-07,PRI
2023-07,PVH
2023-07,PZZA
2023-07,QDEL
2023-07,QLYS
2023-07,R
2023-07,RCM
2023-07,REXR
2023-07,RGA
2023-07,RGEN
2023-07,RGLD
2023-07,RH
2023-07,RLI
2023-07,RNR
2023-07,RPM
2023-07,RRC
2023-07,RRX
2023-07,RS
2023-07,RUN
2023-07,RYN
2023-07,SAIA
2023-07,SAIC
2023-07,SAM
2023-07,SBRA
2023-07,SCI
2023-07,SEIC
2023-07,SF
2023-07,SFM
2023-07,SHC
2023-07,SIGI
2023-07,SKX
2023-07,SLAB
2023-07,SLGN
2023-07,SLM
2023-07,SMCI
2023-07,SMG
2023-07,SNV
2023-07,SNX
2023-07,SON
2023-07,SR
2023-07,SRC
2023-07,SRCL
2023-07,SSB
2023-07,SSD
2023-07,STAA
2023-07,STAG
2023-07,STWD
2023-07,SWAV
2023-07,SWN
2023-07,SWX
2023-07,SXT
2023-07,SYNA
2023-07,SYNH
2023-07,TCBI
2023-07,TDC
2023-07,TEX
2023-07,TGNA
2023-07,THC
2023-07,THG
2023-07,THO
2023-07,TKR
2023-07,TMHC
2023-07,TNL
2023-07,TOL
2023-07,TPX
2023-07,TREX
2023-07,TRIP
2023-07,TTC
2023-07,TTEK
2023-07,TXRH
2023-07,UA
2023-07,UAA
2023-07,UBSI
2023-07,UFPI
2023-07,UGI
2023-07,UMBF
2023-07,UNM
2023-07,UNVR
2023-07,USFD
2023-07,UTHR
2023-07,VAC
2023-07,VAL
2023-07,VC
2023-07,VICR
2023-07,VLY
2023-07,VMI
2023-07,VNO
2023-07,VNT
2023-07,VOYA
2023-07,VSH
2023-07,VVV
2023-07,WBS
2023-07,WCC
2023-07,WEN
2023-07,WERN
2023-07,WEX
2023-07,WH
2023-07,WING
2023-07,WLK
2023-07,WMS
2023-07,WOLF
2023-07,WOR
2023-07,WSM
2023-07,WSO
2023-07,WTFC
2023-07,WTRG
2023-07,WTS
2023-07,WU
2023-07,WWD
2023-07,WWE
2023-07,X
2023-07,XPO
2023-07,XRX
2023-07,YETI
2023-07,ZD
2023-07,ZI
2023-08,AA
2023-08,ACHC
2023-08,ACIW
2023-08,ACM
2023-08,ADC
2023-08,ADNT
2023-08,AFG
2023-08,AGCO
2023-08,AIRC
2023-08,ALE
2023-08,ALGM
2023-08,ALV
2023-08,AM
2023-08,AMED
2023-08,AMG
2023-08,AMKR
2023-08,AN
2023-08,AR
2023-08,ARMK
2023-08,ARW
2023-08,ARWR
2023-08,ASB
2023-08,ASGN
2023-08,ASH
2023-08,ATR
2023-08,AVNT
2023-08,AVT
2023-08,AXTA
2023-08,AYI
2023-08,AZPN
2023-08,AZTA
2023-08,BC
2023-08,BCO
2023-08,BDC
2023-08,BERY
2023-08,BHF
2023-08,BJ
2023-08,BKH
2023-08,BLD
2023-08,BLDR
2023-08,BLKB
2023-08,BRBR
2023-08,BRKR
2023-08,BRX
2023-08,BWXT
2023-08,BYD
2023-08,CABO
2023-08,CACI
2023-08,CADE
2023-08,CALX
2023-08,CAR
2023-08,CASY
2023-08,CATY
2023-08,CBSH
2023-08,CBT
2023-08,CC
2023-08,CCK
2023-08,CELH
2023-08,CFR
2023-08,CGNX
2023-08,CHDN
2023-08,CHE
2023-08,CHH
2023-08,CHK
2023-08,CHRD
2023-08,CHX
2023-08,CIEN
2023-08,CLF
2023-08,CLH
2023-08,CMC
2023-08,CNO
2023-08,CNX
2023-08,CNXC
2023-08,COHR
2023-08,COKE
2023-08,COLB
2023-08,COLM
2023-08,COTY
2023-08,CPRI
2023-08,CR
2023-08,CRI
2023-08,CROX
2023-08,CRUS
2023-08,CSL
2023-08,CUBE
2023-08,CUZ
2023-08,CVLT
2023-08,CW
2023-08,CXT
2023-08,DAR
2023-08,DBX
2023-08,DCI
2023-08,DECK
2023-08,DINO
2023-08,DKS
2023-08,DLB
2023-08,DOC
2023-08,DOCS
2023-08,DT
2023-08,DTM
2023-08,EEFT
2023-08,EGP
2023-08,EHC
2023-08,ELS
2023-08,EME
2023-08,ENOV
2023-08,ENR
2023-08,ENS
2023-08,ENV
2023-08,EPR
2023-08,ERIE
2023-08,ESAB
2023-08,ESNT
2023-08,ETRN
2023-08,EVR
2023-08,EWBC
2023-08,EXEL
2023-08,EXLS
2023-08,EXP
2023-08,EXPO
2023-08,FAF
2023-08,FBIN
2023-08,FCFS
2023-08,FCN
2023-08,FFIN
2023-08,FHI
2023-08,FHN
2023-08,FIVE
2023-08,FL
2023-08,FLO
2023-08,FLR
2023-08,FLS
2023-08,FNB
2023-08,FOXF
2023-08,FR
2023-08,FYBR
2023-08,G
2023-08,GATX
2023-08,GBCI
2023-08,GEF
2023-08,GGG
2023-08,GHC
2023-08,GME
2023-08,GMED
2023-08,GNTX
2023-08,GO
2023-08,GPK
2023-08,GPS
2023-08,GT
2023-08,GTLS
2023-08,GXO
2023-08,HAE
2023-08,HALO
2023-08,HE
2023-08,HELE
2023-08,HGV
2023-08,HIW
2023-08,HOG
2023-08,HOMB
2023-08,HQY
2023-08,HR
2023-08,HRB
2023-08,HTZ
2023-08,HUBB
2023-08,HWC
2023-08,HXL
2023-08,IART
2023-08,IBKR
2023-08,IBOC
2023-08,ICUI
2023-08,IDA
2023-08,INGR
2023-08,IPGP
2023-08,IRDM
2023-08,IRT
2023-08,ITT
2023-08,JAZZ
2023-08,JBL
2023-08,JBLU
2023-08,JEF
2023-08,JHG
2023-08,JLL
2023-08,JWN
2023-08,KBH
2023-08,KBR
2023-08,KD
2023-08,KEX
2023-08,KMPR
2023-08,KNF
2023-08,KNSL
2023-08,KNX
2023-08,KRC
2023-08,KRG
2023-08,KSS
2023-08,LAD
2023-08,LAMR
2023-08,LANC
2023-08,LEA
2023-08,LECO
2023-08,LEG
2023-08,LFUS
2023-08,LII
2023-08,LITE
2023-08,LIVN
2023-08,LNTH
2023-08,LNW
2023-08,LOPE
2023-08,LPX
2023-08,LSCC
2023-08,LSTR
2023-08,M
2023-08,MAN
2023-08,MANH
2023-08,MASI
2023-08,MAT
2023-08,MDU
2023-08,MEDP
2023-08,MIDD
2023-08,MKSI
2023-08,MMS
2023-08,MODG
2023-08,MP
2023-08,MPW
2023-08,MSA
2023-08,MSM
2023-08,MTDR
2023-08,MTG
2023-08,MTSI
2023-08,MTZ
2023-08,MUR
2023-08,MUSA
2023-08,NARI
2023-08,NATI
2023-08,NBIX
2023-08,NCR
2023-08,NEOG
2023-08,NEU
2023-08,NFG
2023-08,NJR
2023-08,NLY
2023-08,NNN
2023-08,NOV
2023-08,NOVT
2023-08,NSA
2023-08,NSP
2023-08,NVST
2023-08,NVT
2023-08,NWE
2023-08,NXST
2023-08,NYCB
2023-08,NYT
2023-08,OC
2023-08,OFC
2023-08,OGE
2023-08,OGS
2023-08,OHI
2023-08,OLED
2023-08,OLLI
2023-08,OLN
2023-08,OMCL
2023-08,ONB
2023-08,OPCH
2023-08,ORA
2023-08,ORI
2023-08,OSK
2023-08,OVV
2023-08,OZK
2023-08,PAG
2023-08,PB
2023-08,PBF
2023-08,PCH
2023-08,PCTY
2023-08,PDCO
2023-08,PEN
2023-08,PENN
2023-08,PFGC
2023-08,PGNY
2023-08,PII
2023-08,PK
2023-08,PLNT
2023-08,PNFP
2023-08,PNM
2023-08,POR
2023-08,POST
2023-08,POWI
2023-08,PPC
2023-08,PRGO
2023-08,PRI
2023-08,PVH
2023-08,PZZA
2023-08,QDEL
2023-08,QLYS
2023-08,R
2023-08,RCM
2023-08,REXR
2023-08,RGA
2023-08,RGEN
2023-08,RGLD
2023-08,RH
2023-08,RLI
2023-08,RNR
2023-08,RPM
2023-08,RRC
2023-08,RRX
2023-08,RS
2023-08,RUN
2023-08,RYN
2023-08,SAIA
2023-08,SAIC
2023-08,SAM
2023-08,SBRA
2023-08,SCI
2023-08,SEIC
2023-08,SF
2023-08,SFM
2023-08,SHC
2023-08,SIGI
2023-08,SKX
2023-08,SLAB
2023-08,SLGN
2023-08,SLM
2023-08,SMCI
2023-08,SMG
2023-08,SNV
2023-08,SNX
2023-08,SON
2023-08,SR
2023-08,SRC
2023-08,SRCL
2023-08,SSB
2023-08,SSD
2023-08,STAG
2023-08,STWD
2023-08,SWAV
2023-08,SWN
2023-08,SWX
2023-08,SXT
2023-08,SYNA
2023-08,SYNH
2023-08,TCBI
2023-08,TDC
2023-08,TEX
2023-08,TGNA
2023-08,THC
2023-08,THG
2023-08,THO
2023-08,TKR
2023-08,TMHC
2023-08,TNL
2023-08,TOL
2023-08,TPX
2023-08,TREX
2023-08,TRIP
2023-08,TTC
2023-08,TTEK
2023-08,TXRH
2023-08,UA
2023-08,UAA
2023-08,UBSI
2023-08,UFPI
2023-08,UGI
2023-08,UMBF
2023-08,UNM
2023-08,USFD
2023-08,UTHR
2023-08,VAC
2023-08,VAL
2023-08,VC
2023-08,VICR
2023-08,VLY
2023-08,VMI
2023-08,VNO
2023-08,VNT
2023-08,VOYA
2023-08,VSH
2023-08,VVV
2023-08,WBS
2023-08,WCC
2023-08,WEN
2023-08,WERN
2023-08,WEX
2023-08,WH
2023-08,WING
2023-08,WLK
2023-08,WMS
2023-08,WOLF
2023-08,WOR
2023-08,WSM
2023-08,WSO
2023-08,WTFC
2023-08,WTRG
2023-08,WTS
2023-08,WU
2023-08,WWD
2023-08,WWE
2023-08,X
2023-08,XPO
2023-08,XRX
2023-08,YETI
2023-08,ZD
2023-08,ZI
2023-09,AA
2023-09,ACHC
2023-09,ACIW
2023-09,ACM
2023-09,ADC
2023-09,ADNT
2023-09,AFG
2023-09,AGCO
2023-09,AIRC
2023-09,ALE
2023-09,ALGM
2023-09,ALV
2023-09,AM
2023-09,AMED
2023-09,AMG
2023-09,AMKR
2023-09,AN
2023-09,AR
2023-09,ARMK
2023-09,ARW
2023-09,ARWR
2023-09,ASB
2023-09,ASGN
2023-09,ASH
2023-09,ATR
2023-09,AVNT
2023-09,AVT
2023-09,AXTA
2023-09,AYI
2023-09,AZPN
2023-09,AZTA
2023-09,BC
2023-09,BCO
2023-09,BDC
2023-09,BERY
2023-09,BHF
2023-09,BJ
2023-09,BKH
2023-09,BLD
2023-09,BLDR
2023-09,BLKB
2023-09,BRBR
2023-09,BRKR
2023-09,BRX
2023-09,BWXT
2023-09,BYD
2023-09,CABO
2023-09,CACI
2023-09,CADE
2023-09,CALX
2023-09,CAR
2023-09,CASY
2023-09,CATY
2023-09,CBSH
2023-09,CBT
2023-09,CC
2023-09,CCK
2023-09,CELH
2023-09,CFR
2023-09,CGNX
2023-09,CHDN
2023-09,CHE
2023-09,CHH
2023-09,CHK
2023-09,CHRD
2023-09,CHX
2023-09,CIEN
2023-09,CLF
2023-09,CLH
2023-09,CMC
2023-09,CNO
2023-09,CNX
2023-09,CNXC
2023-09,COHR
2023-09,COKE
2023-09,COLB
2023-09,COLM
2023-09,COTY
2023-09,CPRI
2023-09,CR
2023-09,CRI
2023-09,CROX
2023-09,CRUS
2023-09,CSL
2023-09,CUBE
2023-09,CUZ
2023-09,CVLT
2023-09,CW
2023-09,CXT
2023-09,DAR
2023-09,DBX
2023-09,DCI
2023-09,DECK
2023-09,DINO
2023-09,DKS
2023-09,DLB
2023-09,DOC
2023-09,DOCS
2023-09,DT
2023-09,DTM
2023-09,EEFT
2023-09,EGP
2023-09,EHC
2023-09,ELS
2023-09,EME
2023-09,ENOV
2023-09,ENR
2023-09,ENS
2023-09,ENV
2023-09,EPR
2023-09,ERIE
2023-09,ESAB
2023-09,ESNT
2023-09,ETRN
2023-09,EVR
2023-09,EWBC
2023-09,EXEL
2023-09,EXLS
2023-09,EXP
2023-09,EXPO
2023-09,FAF
2023-09,FBIN
2023-09,FCFS
2023-09,FCN
2023-09,FFIN
2023-09,FHI
2023-09,FHN
2023-09,FIVE
2023-09,FL
2023-09,FLO
2023-09,FLR
2023-09,FLS
2023-09,FNB
2023-09,FOXF
2023-09,FR
2023-09,FYBR
2023-09,G
2023-09,GATX
2023-09,GBCI
2023-09,GEF
2023-09,GGG
2023-09,GHC
2023-09,GME
2023-09,GMED
2023-09,GNTX
2023-09,GO
2023-09,GPK
2023-09,GPS
2023-09,GT
2023-09,GTLS
2023-09,GXO
2023-09,HAE
2023-09,HALO
2023-09,HE
2023-09,HELE
2023-09,HGV
2023-09,HIW
2023-09,HOG
2023-09,HOMB
2023-09,HQY
2023-09,HR
2023-09,HRB
2023-09,HTZ
2023-09,HUBB
2023-09,HWC
2023-09,HXL
2023-09,IART
2023-09,IBKR
2023-09,IBOC
2023-09,ICUI
2023-09,IDA
2023-09,INGR
2023-09,IPGP
2023-09,IRDM
2023-09,IRT
2023-09,ITT
2023-09,JAZZ
2023-09,JBL
2023-09,JBLU
2023-09,JEF
2023-09,JHG
2023-09,JLL
2023-09,JWN
2023-09,KBH
2023-09,KBR
2023-09,KD
2023-09,KEX
2023-09,KMPR
2023-09,KNF
2023-09,KNSL
2023-09,KNX
2023-09,KRC
2023-09,KRG
2023-09,KSS
2023-09,LAD
2023-09,LAMR
2023-09,LANC
2023-09,LEA
2023-09,LECO
2023-09,LEG
2023-09,LFUS
2023-09,LII
2023-09,LITE
2023-09,LIVN
2023-09,LNTH
2023-09,LNW
2023-09,LOPE
2023-09,LPX
2023-09,LSCC
2023-09,LSTR
2023-09,M
2023-09,MAN
2023-09,MANH
2023-09,MASI
2023-09,MAT
2023-09,MDU
2023-09,MEDP
2023-09,MIDD
2023-09,MKSI
2023-09,MMS
2023-09,MODG
2023-09,MP
2023-09,MPW
2023-09,MSA
2023-09,MSM
2023-09,MTDR
2023-09,MTG
2023-09,MTSI
2023-09,MTZ
2023-09,MUR
2023-09,MUSA
2023-09,NARI
2023-09,NATI
2023-09,NBIX
2023-09,NCR
2023-09,NEOG
2023-09,NEU
2023-09,NFG
2023-09,NJR
2023-09,NLY
2023-09,NNN
2023-09,NOV
2023-09,NOVT
2023-09,NSA
2023-09,NSP
2023-09,NVST
2023-09,NVT
2023-09,NWE
2023-09,NXST
2023-09,NYCB
2023-09,NYT
2023-09,OC
2023-09,OFC
2023-09,OGE
2023-09,OGS
2023-09,OHI
2023-09,OLED
2023-09,OLLI
2023-09,OLN
2023-09,OMCL
2023-09,ONB
2023-09,OPCH
2023-09,ORA
2023-09,ORI
2023-09,OSK
2023-09,OVV
2023-09,OZK
2023-09,PAG
2023-09,PB
2023-09,PBF
2023-09,PCH
2023-09,PCTY
2023-09,PDCO
2023-09,PEN
2023-09,PENN
2023-09,PFGC
2023-09,PGNY
2023-09,PII
2023-09,PK
2023-09,PLNT
2023-09,PNFP
2023-09,PNM
2023-09,POR
2023-09,POST
2023-09,POWI
2023-09,PPC
2023-09,PRGO
2023-09,PRI
2023-09,PVH
2023-09,PZZA
2023-09,QDEL
2023-09,QLYS
2023-09,R
2023-09,RCM
2023-09,REXR
2023-09,RGA
2023-09,RGEN
2023-09,RGLD
2023-09,RH
2023-09,RLI
2023-09,RNR
2023-09,RPM
2023-09,RRC
2023-09,RRX
2023-09,RS
2023-09,RUN
2023-09,RYN
2023-09,SAIA
2023-09,SAIC
2023-09,SAM
2023-09,SBRA
2023-09,SCI
2023-09,SEIC
2023-09,SF
2023-09,SFM
2023-09,SHC
2023-09,SIGI
2023-09,SKX
2023-09,SLAB
2023-09,SLGN
2023-09,SLM
2023-09,SMCI
2023-09,SMG
2023-09,SNV
2023-09,SNX
2023-09,SON
2023-09,SR
2023-09,SRC
2023-09,SRCL
2023-09,SSB
2023-09,SSD
2023-09,STAG
2023-09,STWD
2023-09,SWAV
2023-09,SWN
2023-09,SWX
2023-09,SXT
2023-09,SYNA
2023-09,SYNH
2023-09,TCBI
2023-09,TDC
2023-09,TEX
2023-09,TGNA
2023-09,THC
2023-09,THG
2023-09,THO
2023-09,TKR
2023-09,TMHC
2023-09,TNL
2023-09,TOL
2023-09,TPX
2023-09,TREX
2023-09,TRIP
2023-09,TTC
2023-09,TTEK
2023-09,TXRH
2023-09,UA
2023-09,UAA
2023-09,UBSI
2023-09,UFPI
2023-09,UGI
2023-09,UMBF
2023-09,UNM
2023-09,USFD
2023-09,UTHR
2023-09,VAC
2023-09,VAL
2023-09,VC
2023-09,VICR
2023-09,VLY
2023-09,VMI
2023-09,VNO
2023-09,VNT
2023-09,VOYA
2023-09,VSH
2023-09,VVV
2023-09,WBS
2023-09,WCC
2023-09,WEN
2023-09,WERN
2023-09,WEX
2023-09,WH
2023-09,WING
2023-09,WLK
2023-09,WMS
2023-09,WOLF
2023-09,WOR
2023-09,WSM
2023-09,WSO
2023-09,WTFC
2023-09,WTRG
2023-09,WTS
2023-09,WU
2023-09,WWD
2023-09,WWE
2023-09,X
2023-09,XPO
2023-09,XRX
2023-09,YETI
2023-09,ZD
2023-09,ZI
2023-10,AA
2023-10,ACHC
2023-10,ACIW
2023-10,ACM
2023-10,ADC
2023-10,ADNT
2023-10,AFG
2023-10,AGCO
2023-10,AIRC
2023-10,ALE
2023-10,ALGM
2023-10,ALLY
2023-10,ALV
2023-10,AM
2023-10,AMED
2023-10,AMG
2023-10,AMKR
2023-10,AN
2023-10,AR
2023-10,ARMK
2023-10,ARW
2023-10,ARWR
2023-10,ASB
2023-10,ASGN
2023-10,ASH
2023-10,ATR
2023-10,AVNT
2023-10,AVT
2023-10,AXTA
2023-10,AYI
2023-10,AZPN
2023-10,AZTA
2023-10,BC
2023-10,BCO
2023-10,BDC
2023-10,BERY
2023-10,BHF
2023-10,BJ
2023-10,BKH
2023-10,BLD
2023-10,BLDR
2023-10,BLKB
2023-10,BRBR
2023-10,BRKR
2023-10,BRX
2023-10,BWXT
2023-10,BYD
2023-10,CABO
2023-10,CACI
2023-10,CADE
2023-10,CALX
2023-10,CAR
2023-10,CASY
2023-10,CBSH
2023-10,CBT
2023-10,CC
2023-10,CCK
2023-10,CDP
2023-10,CELH
2023-10,CFR
2023-10,CGNX
2023-10,CHDN
2023-10,CHE
2023-10,CHH
2023-10,CHK
2023-10,CHRD
2023-10,CHX
2023-10,CIEN
2023-10,CIVI
2023-10,CLF
2023-10,CLH
2023-10,CMC
2023-10,CNO
2023-10,CNX
2023-10,CNXC
2023-10,COHR
2023-10,COKE
2023-10,COLB
2023-10,COLM
2023-10,COTY
2023-10,CPRI
2023-10,CR
2023-10,CRI
2023-10,CROX
2023-10,CRUS
2023-10,CSL
2023-10,CUBE
2023-10,CUZ
2023-10,CVLT
2023-10,CW
2023-10,CXT
2023-10,DAR
2023-10,DBX
2023-10,DCI
2023-10,DECK
2023-10,DINO
2023-10,DKS
2023-10,DLB
2023-10,DOC
2023-10,DOCS
2023-10,DT
2023-10,DTM
2023-10,EEFT
2023-10,EGP
2023-10,EHC
2023-10,ELS
2023-10,EME
2023-10,ENOV
2023-10,ENS
2023-10,ENV
2023-10,EPR
2023-10,ERIE
2023-10,ESAB
2023-10,ESNT
2023-10,ETRN
2023-10,EVR
2023-10,EWBC
2023-10,EXEL
2023-10,EXLS
2023-10,EXP
2023-10,EXPO
2023-10,FAF
2023-10,FBIN
2023-10,FCFS
2023-10,FCN
2023-10,FFIN
2023-10,FHI
2023-10,FHN
2023-10,FIVE
2023-10,FLO
2023-10,FLR
2023-10,FLS
2023-10,FNB
2023-10,FND
2023-10,FNF
2023-10,FOXF
2023-10,FR
2023-10,FYBR
2023-10,G
2023-10,GATX
2023-10,GBCI
2023-10,GDDY
2023-10,GEF
2023-10,GGG
2023-10,GHC
2023-10,GLPI
2023-10,GME
2023-10,GMED
2023-10,GNTX
2023-10,GO
2023-10,GPK
2023-10,GPS
2023-10,GT
2023-10,GTLS
2023-10,GXO
2023-10,H
2023-10,HAE
2023-10,HALO
2023-10,HELE
2023-10,HGV
2023-10,HOG
2023-10,HOMB
2023-10,HQY
2023-10,HR
2023-10,HRB
2023-10,HTZ
2023-10,HWC
2023-10,HXL
2023-10,IART
2023-10,IBKR
2023-10,IBOC
2023-10,ICUI
2023-10,IDA
2023-10,INGR
2023-10,IPGP
2023-10,IRDM
2023-10,IRT
2023-10,ITT
2023-10,JAZZ
2023-10,JBL
2023-10,JEF
2023-10,JHG
2023-10,JLL
2023-10,JWN
2023-10,KBH
2023-10,KBR
2023-10,KD
2023-10,KEX
2023-10,KMPR
2023-10,KNF
2023-10,KNSL
2023-10,KNX
2023-10,KRC
2023-10,KRG
2023-10,LAD
2023-10,LAMR
2023-10,LANC
2023-10,LEA
2023-10,LECO
2023-10,LEG
2023-10,LFUS
2023-10,LII
2023-10,LITE
2023-10,LIVN
2023-10,LNTH
2023-10,LNW
2023-10,LOPE
2023-10,LPX
2023-10,LSCC
2023-10,LSTR
2023-10,M
2023-10,MAN
2023-10,MANH
2023-10,MASI
2023-10,MAT
2023-10,MDU
2023-10,MEDP
2023-10,MIDD
2023-10,MKSI
2023-10,MMS
2023-10,MODG
2023-10,MORN
2023-10,MP
2023-10,MPW
2023-10,MSA
2023-10,MSM
2023-10,MTDR
2023-10,MTG
2023-10,MTN
2023-10,MTSI
2023-10,MTZ
2023-10,MUR
2023-10,MUSA
2023-10,NARI
2023-10,NBIX
2023-10,NEOG
2023-10,NEU
2023-10,NFG
2023-10,NJR
2023-10,NLY
2023-10,NNN
2023-10,NOV
2023-10,NOVT
2023-10,NSA
2023-10,NSP
2023-10,NVST
2023-10,NVT
2023-10,NWE
2023-10,NXST
2023-10,NYCB
2023-10,NYT
2023-10,OC
2023-10,OGE
2023-10,OGS
2023-10,OHI
2023-10,OLED
2023-10,OLLI
2023-10,OLN
2023-10,ONB
2023-10,ONTO
2023-10,OPCH
2023-10,ORA
2023-10,ORI
2023-10,OSK
2023-10,OVV
2023-10,OZK
2023-10,PAG
2023-10,PB
2023-10,PBF
2023-10,PCH
2023-10,PCTY
2023-10,PDCO
2023-10,PEN
2023-10,PENN
2023-10,PFGC
2023-10,PGNY
2023-10,PII
2023-10,PK
2023-10,PLNT
2023-10,PNFP
2023-10,PNM
2023-10,POR
2023-10,POST
2023-10,POWI
2023-10,PPC
2023-10,PR
2023-10,PRGO
2023-10,PRI
2023-10,PVH
2023-10,QDEL
2023-10,QLYS
2023-10,R
2023-10,RBC
2023-10,RCM
2023-10,REXR
2023-10,RGA
2023-10,RGEN
2023-10,RGLD
2023-10,RH
2023-10,RLI
2023-10,RNR
2023-10,RPM
2023-10,RRC
2023-10,RRX
2023-10,RS
2023-10,RUN
2023-10,RYN
2023-10,SAIA
2023-10,SAIC
2023-10,SAM
2023-10,SBRA
2023-10,SCI
2023-10,SEIC
2023-10,SF
2023-10,SFM
2023-10,SHC
2023-10,SIGI
2023-10,SKX
2023-10,SLAB
2023-10,SLGN
2023-10,SLM
2023-10,SMCI
2023-10,SMG
2023-10,SNV
2023-10,SNX
2023-10,SON
2023-10,SR
2023-10,SRC
2023-10,SRCL
2023-10,SSB
2023-10,SSD
2023-10,ST
2023-10,STAG
2023-10,STWD
2023-10,SWAV
2023-10,SWN
2023-10,SWX
2023-10,SYNA
2023-10,TCBI
2023-10,TDC
2023-10,TEX
2023-10,TGNA
2023-10,THC
2023-10,THG
2023-10,THO
2023-10,TKO
2023-10,TKR
2023-10,TMHC
2023-10,TNL
2023-10,TOL
2023-10,TPX
2023-10,TREX
2023-10,TTC
2023-10,TTEK
2023-10,TXRH
2023-10,UA
2023-10,UAA
2023-10,UBSI
2023-10,UFPI
2023-10,UGI
2023-10,UMBF
2023-10,UNM
2023-10,USFD
2023-10,UTHR
2023-10,VAC
2023-10,VAL
2023-10,VC
2023-10,VLY
2023-10,VMI
2023-10,VNO
2023-10,VNT
2023-10,VOYA
2023-10,VSH
2023-10,VST
2023-10,VSTS
2023-10,VVV
2023-10,VYX
2023-10,WBS
2023-10,WCC
2023-10,WEN
2023-10,WERN
2023-10,WEX
2023-10,WFRD
2023-10,WH
2023-10,WING
2023-10,WLK
2023-10,WMS
2023-10,WOLF
2023-10,WOR
2023-10,WSM
2023-10,WSO
2023-10,WTFC
2023-10,WTRG
2023-10,WTS
2023-10,WU
2023-10,WWD
2023-10,X
2023-10,XPO
2023-10,YETI
2023-10,ZD
2023-10,ZI
2023-11,AA
2023-11,ACHC
2023-11,ACM
2023-11,ADC
2023-11,ADNT
2023-11,AFG
2023-11,AGCO
2023-11,AIRC
2023-11,ALE
2023-11,ALGM
2023-11,ALLY
2023-11,ALV
2023-11,AM
2023-11,AMED
2023-11,AMG
2023-11,AMKR
2023-11,AN
2023-11,AR
2023-11,ARMK
2023-11,ARW
2023-11,ARWR
2023-11,ASB
2023-11,ASGN
2023-11,ASH
2023-11,ATR
2023-11,AVNT
2023-11,AVT
2023-11,AXTA
2023-11,AYI
2023-11,AZPN
2023-11,AZTA
2023-11,BC
2023-11,BCO
2023-11,BDC
2023-11,BERY
2023-11,BHF
2023-11,BJ
2023-11,BKH
2023-11,BLD
2023-11,BLDR
2023-11,BLKB
2023-11,BRBR
2023-11,BRKR
2023-11,BRX
2023-11,BURL
2023-11,BWXT
2023-11,BYD
2023-11,CABO
2023-11,CACI
2023-11,CADE
2023-11,CALX
2023-11,CAR
2023-11,CASY
2023-11,CBSH
2023-11,CBT
2023-11,CC
2023-11,CCK
2023-11,CDP
2023-11,CELH
2023-11,CFR
2023-11,CG
2023-11,CGNX
2023-11,CHDN
2023-11,CHE
2023-11,CHH
2023-11,CHK
2023-11,CHRD
2023-11,CHX
2023-11,CIEN
2023-11,CIVI
2023-11,CLF
2023-11,CLH
2023-11,CMC
2023-11,CNM
2023-11,CNO
2023-11,CNX
2023-11,CNXC
2023-11,COHR
2023-11,COKE
2023-11,COLB
2023-11,COLM
2023-11,COTY
2023-11,CPRI
2023-11,CR
2023-11,CRI
2023-11,CROX
2023-11,CRUS
2023-11,CSL
2023-11,CUBE
2023-11,CUZ
2023-11,CVLT
2023-11,CW
2023-11,CXT
2023-11,DAR
2023-11,DBX
2023-11,DCI
2023-11,DECK
2023-11,DINO
2023-11,DKS
2023-11,DLB
2023-11,DOC
2023-11,DOCS
2023-11,DT
2023-11,DTM
2023-11,EEFT
2023-11,EGP
2023-11,EHC
2023-11,ELS
2023-11,EME
2023-11,ENOV
2023-11,ENS
2023-11,EPR
2023-11,ERIE
2023-11,ESAB
2023-11,ESNT
2023-11,ETRN
2023-11,EVR
2023-11,EWBC
2023-11,EXEL
2023-11,EXLS
2023-11,EXP
2023-11,EXPO
2023-11,FAF
2023-11,FBIN
2023-11,FCFS
2023-11,FCN
2023-11,FFIN
2023-11,FHI
2023-11,FHN
2023-11,FIVE
2023-11,FLO
2023-11,FLR
2023-11,FLS
2023-11,FNB
2023-11,FND
2023-11,FNF
2023-11,FOXF
2023-11,FR
2023-11,FYBR
2023-11,G
2023-11,GATX
2023-11,GBCI
2023-11,GDDY
2023-11,GEF
2023-11,GGG
2023-11,GHC
2023-11,GLPI
2023-11,GME
2023-11,GMED
2023-11,GNTX
2023-11,GO
2023-11,GPK
2023-11,GPS
2023-11,GT
2023-11,GTLS
2023-11,GXO
2023-11,H
2023-11,HAE
2023-11,HALO
2023-11,HELE
2023-11,HGV
2023-11,HOG
2023-11,HOMB
2023-11,HQY
2023-11,HR
2023-11,HRB
2023-11,HTZ
2023-11,HWC
2023-11,HXL
2023-11,IART
2023-11,IBKR
2023-11,IBOC
2023-11,IDA
2023-11,INGR
2023-11,IPGP
2023-11,IRDM
2023-11,IRT
2023-11,ITT
2023-11,JAZZ
2023-11,JBL
2023-11,JEF
2023-11,JHG
2023-11,JLL
2023-11,JWN
2023-11,KBH
2023-11,KBR
2023-11,KD
2023-11,KEX
2023-11,KMPR
2023-11,KNF
2023-11,KNSL
2023-11,KNX
2023-11,KRC
2023-11,KRG
2023-11,LAD
2023-11,LAMR
2023-11,LANC
2023-11,LEA
2023-11,LECO
2023-11,LEG
2023-11,LFUS
2023-11,LII
2023-11,LITE
2023-11,LIVN
2023-11,LNTH
2023-11,LNW
2023-11,LOPE
2023-11,LPX
2023-11,LSCC
2023-11,LSTR
2023-11,M
2023-11,MAN
2023-11,MANH
2023-11,MASI
2023-11,MAT
2023-11,MDU
2023-11,MEDP
2023-11,MIDD
2023-11,MKSI
2023-11,MMS
2023-11,MODG
2023-11,MORN
2023-11,MP
2023-11,MPW
2023-11,MSA
2023-11,MSM
2023-11,MTDR
2023-11,MTG
2023-11,MTN
2023-11,MTSI
2023-11,MTZ
2023-11,MUR
2023-11,MUSA
2023-11,NARI
2023-11,NBIX
2023-11,NEOG
2023-11,NEU
2023-11,NFG
2023-11,NJR
2023-11,NLY
2023-11,NNN
2023-11,NOV
2023-11,NOVT
2023-11,NSA
2023-11,NSP
2023-11,NVST
2023-11,NVT
2023-11,NWE
2023-11,NXST
2023-11,NYCB
2023-11,NYT
2023-11,OC
2023-11,OGE
2023-11,OGS
2023-11,OHI
2023-11,OLED
2023-11,OLLI
2023-11,OLN
2023-11,ONB
2023-11,ONTO
2023-11,OPCH
2023-11,ORA
2023-11,ORI
2023-11,OSK
2023-11,OVV
2023-11,OZK
2023-11,PAG
2023-11,PB
2023-11,PBF
2023-11,PCH
2023-11,PCTY
2023-11,PDCO
2023-11,PEN
2023-11,PENN
2023-11,PFGC
2023-11,PGNY
2023-11,PII
2023-11,PK
2023-11,PLNT
2023-11,PNFP
2023-11,PNM
2023-11,POR
2023-11,POST
2023-11,POWI
2023-11,PPC
2023-11,PR
2023-11,PRGO
2023-11,PRI
2023-11,PVH
2023-11,QDEL
2023-11,QLYS
2023-11,R
2023-11,RBC
2023-11,RCM
2023-11,REXR
2023-11,RGA
2023-11,RGEN
2023-11,RGLD
2023-11,RH
2023-11,RLI
2023-11,RNR
2023-11,RPM
2023-11,RRC
2023-11,RRX
2023-11,RS
2023-11,RUN
2023-11,RYN
2023-11,SAIA
2023-11,SAIC
2023-11,SAM
2023-11,SBRA
2023-11,SCI
2023-11,SEIC
2023-11,SF
2023-11,SFM
2023-11,SHC
2023-11,SIGI
2023-11,SKX
2023-11,SLAB
2023-11,SLGN
2023-11,SLM
2023-11,SMCI
2023-11,SMG
2023-11,SNV
2023-11,SNX
2023-11,SON
2023-11,SR
2023-11,SRC
2023-11,SRCL
2023-11,SSB
2023-11,SSD
2023-11,ST
2023-11,STAG
2023-11,STWD
2023-11,SWAV
2023-11,SWN
2023-11,SWX
2023-11,SYNA
2023-11,TCBI
2023-11,TDC
2023-11,TEX
2023-11,TGNA
2023-11,THC
2023-11,THG
2023-11,THO
2023-11,TKO
2023-11,TKR
2023-11,TMHC
2023-11,TNL
2023-11,TOL
2023-11,TPX
2023-11,TREX
2023-11,TTC
2023-11,TTEK
2023-11,TXRH
2023-11,UA
2023-11,UAA
2023-11,UBSI
2023-11,UFPI
2023-11,UGI
2023-11,UMBF
2023-11,UNM
2023-11,USFD
2023-11,UTHR
2023-11,VAC
2023-11,VAL
2023-11,VC
2023-11,VLY
2023-11,VMI
2023-11,VNO
2023-11,VNT
2023-11,VOYA
2023-11,VSH
2023-11,VST
2023-11,VSTS
2023-11,VVV
2023-11,VYX
2023-11,WBS
2023-11,WCC
2023-11,WEN
2023-11,WERN
2023-11,WEX
2023-11,WFRD
2023-11,WH
2023-11,WING
2023-11,WLK
2023-11,WMS
2023-11,WOLF
2023-11,WPC
2023-11,WSM
2023-11,WSO
2023-11,WTFC
2023-11,WTRG
2023-11,WTS
2023-11,WU
2023-11,WWD
2023-11,X
2023-11,XPO
2023-11,YETI
2023-11,ZD
2023-11,ZI
2023-12,AA
2023-12,ACHC
2023-12,ACM
2023-12,ADC
2023-12,ADNT
2023-12,AFG
2023-12,AGCO
2023-12,AIRC
2023-12,ALE
2023-12,ALGM
2023-12,ALLY
2023-12,ALV
2023-12,AM
2023-12,AMED
2023-12,AMG
2023-12,AMKR
2023-12,AN
2023-12,AR
2023-12,ARMK
2023-12,ARW
2023-12,ARWR
2023-12,ASB
2023-12,ASGN
2023-12,ASH
2023-12,ATR
2023-12,AVNT
2023-12,AVT
2023-12,AXTA
2023-12,AYI
2023-12,AZPN
2023-12,AZTA
2023-12,BC
2023-12,BCO
2023-12,BDC
2023-12,BERY
2023-12,BHF
2023-12,BJ
2023-12,BKH
2023-12,BLD
2023-12,BLKB
2023-12,BRBR
2023-12,BRKR
2023-12,BRX
2023-12,BURL
2023-12,BWXT
2023-12,BYD
2023-12,CABO
2023-12,CACI
2023-12,CADE
2023-12,CALX
2023-12,CAR
2023-12,CASY
2023-12,CBSH
2023-12,CBT
2023-12,CC
2023-12,CCK
2023-12,CDP
2023-12,CELH
2023-12,CFR
2023-12,CG
2023-12,CGNX
2023-12,CHDN
2023-12,CHE
2023-12,CHH
2023-12,CHK
2023-12,CHRD
2023-12,CHX
2023-12,CIEN
2023-12,CIVI
2023-12,CLF
2023-12,CLH
2023-12,CMC
2023-12,CNM
2023-12,CNO
2023-12,CNX
2023-12,CNXC
2023-12,COHR
2023-12,COKE
2023-12,COLB
2023-12,COLM
2023-12,COTY
2023-12,CPRI
2023-12,CR
2023-12,CRI
2023-12,CROX
2023-12,CRUS
2023-12,CSL
2023-12,CUBE
2023-12,CUZ
2023-12,CVLT
2023-12,CW
2023-12,CXT
2023-12,DAR
2023-12,DBX
2023-12,DCI
2023-12,DECK
2023-12,DINO
2023-12,DKS
2023-12,DLB
2023-12,DOC
2023-12,DOCS
2023-12,DT
2023-12,DTM
2023-12,EEFT
2023-12,EGP
2023-12,EHC
2023-12,ELS
2023-12,EME
2023-12,ENOV
2023-12,ENS
2023-12,EPR
2023-12,EQH
2023-12,ERIE
2023-12,ESAB
2023-12,ESNT
2023-12,ETRN
2023-12,EVR
2023-12,EWBC
2023-12,EXEL
2023-12,EXLS
2023-12,EXP
2023-12,EXPO
2023-12,FAF
2023-12,FBIN
2023-12,FCFS
2023-12,FCN
2023-12,FFIN
2023-12,FHI
2023-12,FHN
2023-12,FIVE
2023-12,FIX
2023-12,FLO
2023-12,FLR
2023-12,FLS
2023-12,FNB
2023-12,FND
2023-12,FNF
2023-12,FOXF
2023-12,FR
2023-12,FYBR
2023-12,G
2023-12,GATX
2023-12,GBCI
2023-12,GDDY
2023-12,GEF
2023-12,GGG
2023-12,GHC
2023-12,GLPI
2023-12,GME
2023-12,GMED
2023-12,GNTX
2023-12,GO
2023-12,GPK
2023-12,GPS
2023-12,GT
2023-12,GTLS
2023-12,GXO
2023-12,H
2023-12,HAE
2023-12,HALO
2023-12,HELE
2023-12,HGV
2023-12,HLI
2023-12,HOG
2023-12,HOMB
2023-12,HQY
2023-12,HR
2023-12,HRB
2023-12,HTZ
2023-12,HWC
2023-12,HXL
2023-12,IART
2023-12,IBKR
2023-12,IBOC
2023-12,IDA
2023-12,INGR
2023-12,IPGP
2023-12,IRDM
2023-12,IRT
2023-12,ITT
2023-12,JAZZ
2023-12,JEF
2023-12,JHG
2023-12,JLL
2023-12,JWN
2023-12,KBH
2023-12,KBR
2023-12,KD
2023-12,KEX
2023-12,KMPR
2023-12,KNF
2023-12,KNSL
2023-12,KNX
2023-12,KRC
2023-12,KRG
2023-12,LAD
2023-12,LAMR
2023-12,LANC
2023-12,LEA
2023-12,LECO
2023-12,LEG
2023-12,LFUS
2023-12,LII
2023-12,LITE
2023-12,LIVN
2023-12,LNTH
2023-12,LNW
2023-12,LOPE
2023-12,LPX
2023-12,LSCC
2023-12,LSTR
2023-12,M
2023-12,MAN
2023-12,MANH
2023-12,MASI
2023-12,MAT
2023-12,MDU
2023-12,MEDP
2023-12,MIDD
2023-12,MKSI
2023-12,MMS
2023-12,MORN
2023-12,MP
2023-12,MPW
2023-12,MSA
2023-12,MSM
2023-12,MTDR
2023-12,MTG
2023-12,MTN
2023-12,MTSI
2023-12,MTZ
2023-12,MUR
2023-12,MUSA
2023-12,NARI
2023-12,NBIX
2023-12,NEOG
2023-12,NEU
2023-12,NFG
2023-12,NJR
2023-12,NLY
2023-12,NNN
2023-12,NOV
2023-12,NOVT
2023-12,NSA
2023-12,NSP
2023-12,NVST
2023-12,NVT
2023-12,NWE
2023-12,NXST
2023-12,NYCB
2023-12,NYT
2023-12,OC
2023-12,OGE
2023-12,OGS
2023-12,OHI
2023-12,OLED
2023-12,OLLI
2023-12,OLN
2023-12,ONB
2023-12,ONTO
2023-12,OPCH
2023-12,ORA
2023-12,ORI
2023-12,OSK
2023-12,OVV
2023-12,OZK
2023-12,PAG
2023-12,PB
2023-12,PBF
2023-12,PCH
2023-12,PCTY
2023-12,PDCO
2023-12,PEN
2023-12,PENN
2023-12,PFGC
2023-12,PGNY
2023-12,PII
2023-12,PK
2023-12,PLNT
2023-12,PNFP
2023-12,PNM
2023-12,POR
2023-12,POST
2023-12,POWI
2023-12,PPC
2023-12,PR
2023-12,PRGO
2023-12,PRI
2023-12,PVH
2023-12,QDEL
2023-12,QLYS
2023-12,R
2023-12,RBC
2023-12,RCM
2023-12,REXR
2023-12,RGA
2023-12,RGEN
2023-12,RGLD
2023-12,RH
2023-12,RLI
2023-12,RMBS
2023-12,RNR
2023-12,RPM
2023-12,RRC
2023-12,RRX
2023-12,RS
2023-12,RUN
2023-12,RYN
2023-12,SAIA
2023-12,SAIC
2023-12,SAM
2023-12,SBRA
2023-12,SCI
2023-12,SEIC
2023-12,SF
2023-12,SFM
2023-12,SHC
2023-12,SIGI
2023-12,SKX
2023-12,SLAB
2023-12,SLGN
2023-12,SLM
2023-12,SMCI
2023-12,SMG
2023-12,SNV
2023-12,SNX
2023-12,SON
2023-12,SR
2023-12,SRC
2023-12,SRCL
2023-12,SSB
2023-12,SSD
2023-12,ST
2023-12,STAG
2023-12,STWD
2023-12,SWAV
2023-12,SWN
2023-12,SWX
2023-12,SYNA
2023-12,TCBI
2023-12,TDC
2023-12,TEX
2023-12,TGNA
2023-12,THC
2023-12,THG
2023-12,THO
2023-12,TKO
2023-12,TKR
2023-12,TMHC
2023-12,TNL
2023-12,TOL
2023-12,TPX
2023-12,TREX
2023-12,TTC
2023-12,TTEK
2023-12,TXRH
2023-12,UA
2023-12,UAA
2023-12,UBSI
2023-12,UFPI
2023-12,UGI
2023-12,UMBF
2023-12,UNM
2023-12,USFD
2023-12,UTHR
2023-12,VAC
2023-12,VAL
2023-12,VC
2023-12,VLY
2023-12,VMI
2023-12,VNO
2023-12,VNT
2023-12,VOYA
2023-12,VSH
2023-12,VST
2023-12,VVV
2023-12,VYX
2023-12,WBS
2023-12,WCC
2023-12,WEN
2023-12,WERN
2023-12,WEX
2023-12,WFRD
2023-12,WH
2023-12,WING
2023-12,WLK
2023-12,WMS
2023-12,WOLF
2023-12,WPC
2023-12,WSM
2023-12,WSO
2023-12,WTFC
2023-12,WTRG
2023-12,WTS
2023-12,WU
2023-12,WWD
2023-12,X
2023-12,XPO
2023-12,YETI
2023-12,ZD
2023-12,ZI
2024-01,AA
2024-01,ACHC
2024-01,ACM
2024-01,ADC
2024-01,ADNT
2024-01,AFG
2024-01,AGCO
2024-01,AIRC
2024-01,ALE
2024-01,ALGM
2024-01,ALLY
2024-01,ALTM
2024-01,ALV
2024-01,AM
2024-01,AMED
2024-01,AMG
2024-01,AMKR
2024-01,AN
2024-01,AR
2024-01,ARMK
2024-01,ARW
2024-01,ARWR
2024-01,ASB
2024-01,ASGN
2024-01,ASH
2024-01,ATR
2024-01,AVNT
2024-01,AVT
2024-01,AXTA
2024-01,AYI
2024-01,AZPN
2024-01,AZTA
2024-01,BC
2024-01,BCO
2024-01,BDC
2024-01,BERY
2024-01,BHF
2024-01,BJ
2024-01,BKH
2024-01,BLD
2024-01,BLKB
2024-01,BRBR
2024-01,BRKR
2024-01,BRX
2024-01,BURL
2024-01,BWXT
2024-01,BYD
2024-01,CABO
2024-01,CACI
2024-01,CADE
2024-01,CALX
2024-01,CAR
2024-01,CASY
2024-01,CBSH
2024-01,CBT
2024-01,CC
2024-01,CCK
2024-01,CDP
2024-01,CELH
2024-01,CFR
2024-01,CG
2024-01,CGNX
2024-01,CHDN
2024-01,CHE
2024-01,CHH
2024-01,CHK
2024-01,CHRD
2024-01,CHX
2024-01,CIEN
2024-01,CIVI
2024-01,CLF
2024-01,CLH
2024-01,CMC
2024-01,CNM
2024-01,CNO
2024-01,CNX
2024-01,CNXC
2024-01,COHR
2024-01,COKE
2024-01,COLB
2024-01,COLM
2024-01,COTY
2024-01,CPRI
2024-01,CR
2024-01,CRI
2024-01,CROX
2024-01,CRUS
2024-01,CSL
2024-01,CUBE
2024-01,CUZ
2024-01,CVLT
2024-01,CW
2024-01,CXT
2024-01,DAR
2024-01,DBX
2024-01,DCI
2024-01,DECK
2024-01,DINO
2024-01,DKS
2024-01,DLB
2024-01,DOC
2024-01,DOCS
2024-01,DT
2024-01,DTM
2024-01,EEFT
2024-01,EGP
2024-01,EHC
2024-01,ELF
2024-01,ELS
2024-01,EME
2024-01,ENOV
2024-01,ENS
2024-01,EPR
2024-01,EQH
2024-01,ERIE
2024-01,ESAB
2024-01,ESNT
2024-01,ETRN
2024-01,EVR
2024-01,EWBC
2024-01,EXEL
2024-01,EXLS
2024-01,EXP
2024-01,EXPO
2024-01,FAF
2024-01,FBIN
2024-01,FCFS
2024-01,FCN
2024-01,FFIN
2024-01,FHI
2024-01,FHN
2024-01,FIVE
2024-01,FIX
2024-01,FLO
2024-01,FLR
2024-01,FLS
2024-01,FNB
2024-01,FND
2024-01,FNF
2024-01,FOXF
2024-01,FR
2024-01,FYBR
2024-01,G
2024-01,GATX
2024-01,GBCI
2024-01,GDDY
2024-01,GEF
2024-01,GGG
2024-01,GHC
2024-01,GLPI
2024-01,GME
2024-01,GMED
2024-01,GNTX
2024-01,GO
2024-01,GPK
2024-01,GPS
2024-01,GT
2024-01,GTLS
2024-01,GXO
2024-01,H
2024-01,HAE
2024-01,HALO
2024-01,HELE
2024-01,HGV
2024-01,HLI
2024-01,HOG
2024-01,HOMB
2024-01,HQY
2024-01,HR
2024-01,HRB
2024-01,HTZ
2024-01,HWC
2024-01,HXL
2024-01,IART
2024-01,IBKR
2024-01,IBOC
2024-01,IDA
2024-01,INGR
2024-01,IPGP
2024-01,IRDM
2024-01,IRT
2024-01,ITT
2024-01,JAZZ
2024-01,JEF
2024-01,JHG
2024-01,JLL
2024-01,JWN
2024-01,KBH
2024-01,KBR
2024-01,KD
2024-01,KEX
2024-01,KMPR
2024-01,KNF
2024-01,KNSL
2024-01,KNX
2024-01,KRC
2024-01,KRG
2024-01,LAD
2024-01,LAMR
2024-01,LANC
2024-01,LEA
2024-01,LECO
2024-01,LEG
2024-01,LFUS
2024-01,LII
2024-01,LITE
2024-01,LIVN
2024-01,LNTH
2024-01,LNW
2024-01,LOPE
2024-01,LPX
2024-01,LSCC
2024-01,LSTR
2024-01,M
2024-01,MAN
2024-01,MANH
2024-01,MASI
2024-01,MAT
2024-01,MDU
2024-01,MEDP
2024-01,MIDD
2024-01,MKSI
2024-01,MMS
2024-01,MORN
2024-01,MP
2024-01,MPW
2024-01,MSA
2024-01,MSM
2024-01,MTDR
2024-01,MTG
2024-01,MTN
2024-01,MTSI
2024-01,MTZ
2024-01,MUR
2024-01,MUSA
2024-01,NARI
2024-01,NBIX
2024-01,NEOG
2024-01,NEU
2024-01,NFG
2024-01,NJR
2024-01,NLY
2024-01,NNN
2024-01,NOV
2024-01,NOVT
2024-01,NSA
2024-01,NSP
2024-01,NVST
2024-01,NVT
2024-01,NWE
2024-01,NXST
2024-01,NYCB
2024-01,NYT
2024-01,OC
2024-01,OGE
2024-01,OGS
2024-01,OHI
2024-01,OLED
2024-01,OLLI
2024-01,OLN
2024-01,ONB
2024-01,ONTO
2024-01,OPCH
2024-01,ORA
2024-01,ORI
2024-01,OSK
2024-01,OVV
2024-01,OZK
2024-01,PAG
2024-01,PB
2024-01,PBF
2024-01,PCH
2024-01,PCTY
2024-01,PEN
2024-01,PENN
2024-01,PFGC
2024-01,PGNY
2024-01,PII
2024-01,PK
2024-01,PLNT
2024-01,PNFP
2024-01,PNM
2024-01,POR
2024-01,POST
2024-01,POWI
2024-01,PPC
2024-01,PR
2024-01,PRGO
2024-01,PRI
2024-01,PSTG
2024-01,PVH
2024-01,QDEL
2024-01,QLYS
2024-01,R
2024-01,RBC
2024-01,RCM
2024-01,REXR
2024-01,RGA
2024-01,RGEN
2024-01,RGLD
2024-01,RH
2024-01,RLI
2024-01,RMBS
2024-01,RNR
2024-01,RPM
2024-01,RRC
2024-01,RRX
2024-01,RS
2024-01,RUN
2024-01,RYN
2024-01,SAIA
2024-01,SAIC
2024-01,SAM
2024-01,SBRA
2024-01,SCI
2024-01,SEIC
2024-01,SF
2024-01,SFM
2024-01,SHC
2024-01,SIGI
2024-01,SKX
2024-01,SLAB
2024-01,SLGN
2024-01,SLM
2024-01,SMCI
2024-01,SMG
2024-01,SNV
2024-01,SNX
2024-01,SON
2024-01,SR
2024-01,SRCL
2024-01,SSB
2024-01,SSD
2024-01,ST
2024-01,STAG
2024-01,STWD
2024-01,SWAV
2024-01,SWN
2024-01,SWX
2024-01,SYNA
2024-01,TCBI
2024-01,TDC
2024-01,TEX
2024-01,TGNA
2024-01,THC
2024-01,THG
2024-01,THO
2024-01,TKO
2024-01,TKR
2024-01,TMHC
2024-01,TNL
2024-01,TOL
2024-01,TPX
2024-01,TREX
2024-01,TTC
2024-01,TTEK
2024-01,TXRH
2024-01,UA
2024-01,UAA
2024-01,UBSI
2024-01,UFPI
2024-01,UGI
2024-01,UMBF
2024-01,UNM
2024-01,USFD
2024-01,UTHR
2024-01,VAC
2024-01,VAL
2024-01,VC
2024-01,VLY
2024-01,VMI
2024-01,VNO
2024-01,VNT
2024-01,VOYA
2024-01,VSH
2024-01,VST
2024-01,VVV
2024-01,WBS
2024-01,WCC
2024-01,WEN
2024-01,WERN
2024-01,WEX
2024-01,WFRD
2024-01,WH
2024-01,WING
2024-01,WLK
2024-01,WMS
2024-01,WOLF
2024-01,WPC
2024-01,WSM
2024-01,WSO
2024-01,WTFC
2024-01,WTRG
2024-01,WTS
2024-01,WU
2024-01,WWD
2024-01,X
2024-01,XPO
2024-01,YETI
2024-01,ZD
2024-01,ZI
2024-02,AA
2024-02,ACHC
2024-02,ACM
2024-02,ADC
2024-02,ADNT
2024-02,AFG
2024-02,AGCO
2024-02,AIRC
2024-02,ALE
2024-02,ALGM
2024-02,ALLY
2024-02,ALTM
2024-02,ALV
2024-02,AM
2024-02,AMED
2024-02,AMG
2024-02,AMKR
2024-02,AN
2024-02,AR
2024-02,ARMK
2024-02,ARW
2024-02,ARWR
2024-02,ASB
2024-02,ASGN
2024-02,ASH
2024-02,ATR
2024-02,AVNT
2024-02,AVT
2024-02,AXTA
2024-02,AYI
2024-02,AZPN
2024-02,AZTA
2024-02,BC
2024-02,BCO
2024-02,BDC
2024-02,BERY
2024-02,BHF
2024-02,BJ
2024-02,BKH
2024-02,BLD
2024-02,BLKB
2024-02,BRBR
2024-02,BRKR
2024-02,BRX
2024-02,BURL
2024-02,BWXT
2024-02,BYD
2024-02,CABO
2024-02,CACI
2024-02,CADE
2024-02,CALX
2024-02,CAR
2024-02,CASY
2024-02,CBSH
2024-02,CBT
2024-02,CC
2024-02,CCK
2024-02,CDP
2024-02,CELH
2024-02,CFR
2024-02,CG
2024-02,CGNX
2024-02,CHDN
2024-02,CHE
2024-02,CHH
2024-02,CHK
2024-02,CHRD
2024-02,CHX
2024-02,CIEN
2024-02,CIVI
2024-02,CLF
2024-02,CLH
2024-02,CMC
2024-02,CNM
2024-02,CNO
2024-02,CNX
2024-02,CNXC
2024-02,COHR
2024-02,COKE
2024-02,COLB
2024-02,COLM
2024-02,COTY
2024-02,CPRI
2024-02,CR
2024-02,CRI
2024-02,CROX
2024-02,CRUS
2024-02,CSL
2024-02,CUBE
2024-02,CUZ
2024-02,CVLT
2024-02,CW
2024-02,CXT
2024-02,DAR
2024-02,DBX
2024-02,DCI
2024-02,DECK
2024-02,DINO
2024-02,DKS
2024-02,DLB
2024-02,DOC
2024-02,DOCS
2024-02,DT
2024-02,DTM
2024-02,EEFT
2024-02,EGP
2024-02,EHC
2024-02,ELF
2024-02,ELS
2024-02,EME
2024-02,ENOV
2024-02,ENS
2024-02,EPR
2024-02,EQH
2024-02,ERIE
2024-02,ESAB
2024-02,ESNT
2024-02,ETRN
2024-02,EVR
2024-02,EWBC
2024-02,EXEL
2024-02,EXLS
2024-02,EXP
2024-02,EXPO
2024-02,FAF
2024-02,FBIN
2024-02,FCFS
2024-02,FCN
2024-02,FFIN
2024-02,FHI
2024-02,FHN
2024-02,FIVE
2024-02,FIX
2024-02,FLO
2024-02,FLR
2024-02,FLS
2024-02,FNB
2024-02,FND
2024-02,FNF
2024-02,FOXF
2024-02,FR
2024-02,FYBR
2024-02,G
2024-02,GATX
2024-02,GBCI
2024-02,GDDY
2024-02,GEF
2024-02,GGG
2024-02,GHC
2024-02,GLPI
2024-02,GME
2024-02,GMED
2024-02,GNTX
2024-02,GO
2024-02,GPK
2024-02,GPS
2024-02,GT
2024-02,GTLS
2024-02,GXO
2024-02,H
2024-02,HAE
2024-02,HALO
2024-02,HELE
2024-02,HGV
2024-02,HLI
2024-02,HOG
2024-02,HOMB
2024-02,HQY
2024-02,HR
2024-02,HRB
2024-02,HTZ
2024-02,HWC
2024-02,HXL
2024-02,IART
2024-02,IBKR
2024-02,IBOC
2024-02,IDA
2024-02,INGR
2024-02,IPGP
2024-02,IRDM
2024-02,IRT
2024-02,ITT
2024-02,JAZZ
2024-02,JEF
2024-02,JHG
2024-02,JLL
2024-02,JWN
2024-02,KBH
2024-02,KBR
2024-02,KD
2024-02,KEX
2024-02,KMPR
2024-02,KNF
2024-02,KNSL
2024-02,KNX
2024-02,KRC
2024-02,KRG
2024-02,LAD
2024-02,LAMR
2024-02,LANC
2024-02,LEA
2024-02,LECO
2024-02,LEG
2024-02,LFUS
2024-02,LII
2024-02,LITE
2024-02,LIVN
2024-02,LNTH
2024-02,LNW
2024-02,LOPE
2024-02,LPX
2024-02,LSCC
2024-02,LSTR
2024-02,M
2024-02,MAN
2024-02,MANH
2024-02,MASI
2024-02,MAT
2024-02,MDU
2024-02,MEDP
2024-02,MIDD
2024-02,MKSI
2024-02,MMS
2024-02,MORN
2024-02,MP
2024-02,MPW
2024-02,MSA
2024-02,MSM
2024-02,MTDR
2024-02,MTG
2024-02,MTN
2024-02,MTSI
2024-02,MTZ
2024-02,MUR
2024-02,MUSA
2024-02,NARI
2024-02,NBIX
2024-02,NEOG
2024-02,NEU
2024-02,NFG
2024-02,NJR
2024-02,NLY
2024-02,NNN
2024-02,NOV
2024-02,NOVT
2024-02,NSA
2024-02,NSP
2024-02,NVST
2024-02,NVT
2024-02,NWE
2024-02,NXST
2024-02,NYCB
2024-02,NYT
2024-02,OC
2024-02,OGE
2024-02,OGS
2024-02,OHI
2024-02,OLED
2024-02,OLLI
2024-02,OLN
2024-02,ONB
2024-02,ONTO
2024-02,OPCH
2024-02,ORA
2024-02,ORI
2024-02,OSK
2024-02,OVV
2024-02,OZK
2024-02,PAG
2024-02,PB
2024-02,PBF
2024-02,PCH
2024-02,PCTY
2024-02,PEN
2024-02,PENN
2024-02,PFGC
2024-02,PGNY
2024-02,PII
2024-02,PK
2024-02,PLNT
2024-02,PNFP
2024-02,PNM
2024-02,POR
2024-02,POST
2024-02,POWI
2024-02,PPC
2024-02,PR
2024-02,PRGO
2024-02,PRI
2024-02,PSTG
2024-02,PVH
2024-02,QDEL
2024-02,QLYS
2024-02,R
2024-02,RBC
2024-02,RCM
2024-02,REXR
2024-02,RGA
2024-02,RGEN
2024-02,RGLD
2024-02,RH
2024-02,RLI
2024-02,RMBS
2024-02,RNR
2024-02,RPM
2024-02,RRC
2024-02,RRX
2024-02,RS
2024-02,RUN
2024-02,RYN
2024-02,SAIA
2024-02,SAIC
2024-02,SAM
2024-02,SBRA
2024-02,SCI
2024-02,SEIC
2024-02,SF
2024-02,SFM
2024-02,SHC
2024-02,SIGI
2024-02,SKX
2024-02,SLAB
2024-02,SLGN
2024-02,SLM
2024-02,SMCI
2024-02,SMG
2024-02,SNV
2024-02,SNX
2024-02,SON
2024-02,SR
2024-02,SRCL
2024-02,SSB
2024-02,SSD
2024-02,ST
2024-02,STAG
2024-02,STWD
2024-02,SWAV
2024-02,SWN
2024-02,SWX
2024-02,SYNA
2024-02,TCBI
2024-02,TDC
2024-02,TEX
2024-02,TGNA
2024-02,THC
2024-02,THG
2024-02,THO
2024-02,TKO
2024-02,TKR
2024-02,TMHC
2024-02,TNL
2024-02,TOL
2024-02,TPX
2024-02,TREX
2024-02,TTC
2024-02,TTEK
2024-02,TXRH
2024-02,UA
2024-02,UAA
2024-02,UBSI
2024-02,UFPI
2024-02,UGI
2024-02,UMBF
2024-02,UNM
2024-02,USFD
2024-02,UTHR
2024-02,VAC
2024-02,VAL
2024-02,VC
2024-02,VLY
2024-02,VMI
2024-02,VNO
2024-02,VNT
2024-02,VOYA
2024-02,VSH
2024-02,VST
2024-02,VVV
2024-02,WBS
2024-02,WCC
2024-02,WEN
2024-02,WERN
2024-02,WEX
2024-02,WFRD
2024-02,WH
2024-02,WING
2024-02,WLK
2024-02,WMS
2024-02,WOLF
2024-02,WPC
2024-02,WSM
2024-02,WSO
2024-02,WTFC
2024-02,WTRG
2024-02,WTS
2024-02,WU
2024-02,WWD
2024-02,X
2024-02,XPO
2024-02,YETI
2024-02,ZD
2024-02,ZI
2024-03,AA
2024-03,ACHC
2024-03,ACM
2024-03,ADC
2024-03,ADNT
2024-03,AFG
2024-03,AGCO
2024-03,AIRC
2024-03,AIT
2024-03,ALE
2024-03,ALGM
2024-03,ALLY
2024-03,ALTM
2024-03,ALV
2024-03,AM
2024-03,AMED
2024-03,AMG
2024-03,AMH
2024-03,AMKR
2024-03,AN
2024-03,APPF
2024-03,AR
2024-03,ARMK
2024-03,ARW
2024-03,ARWR
2024-03,ASB
2024-03,ASGN
2024-03,ASH
2024-03,ATR
2024-03,AVNT
2024-03,AVT
2024-03,AXTA
2024-03,AYI
2024-03,AZPN
2024-03,AZTA
2024-03,BC
2024-03,BCO
2024-03,BDC
2024-03,BERY
2024-03,BHF
2024-03,BJ
2024-03,BKH
2024-03,BLD
2024-03,BLKB
2024-03,BRBR
2024-03,BRKR
2024-03,BRX
2024-03,BURL
2024-03,BWXT
2024-03,BYD
2024-03,CABO
2024-03,CACI
2024-03,CADE
2024-03,CAR
2024-03,CASY
2024-03,CBSH
2024-03,CBT
2024-03,CC
2024-03,CCK
2024-03,CDP
2024-03,CELH
2024-03,CFR
2024-03,CG
2024-03,CGNX
2024-03,CHDN
2024-03,CHE
2024-03,CHH
2024-03,CHK
2024-03,CHRD
2024-03,CHX
2024-03,CIEN
2024-03,CIVI
2024-03,CLF
2024-03,CLH
2024-03,CMC
2024-03,CNM
2024-03,CNO
2024-03,CNX
2024-03,CNXC
2024-03,COHR
2024-03,COKE
2024-03,COLB
2024-03,COLM
2024-03,COTY
2024-03,CPRI
2024-03,CR
2024-03,CRI
2024-03,CROX
2024-03,CRUS
2024-03,CSL
2024-03,CUBE
2024-03,CUZ
2024-03,CVLT
2024-03,CW
2024-03,CXT
2024-03,CYTK
2024-03,DAR
2024-03,DBX
2024-03,DCI
2024-03,DINO
2024-03,DKS
2024-03,DLB
2024-03,DOCS
2024-03,DT
2024-03,DTM
2024-03,EEFT
2024-03,EGP
2024-03,EHC
2024-03,ELF
2024-03,ELS
2024-03,EME
2024-03,ENOV
2024-03,ENS
2024-03,EPR
2024-03,EQH
2024-03,ERIE
2024-03,ESAB
2024-03,ESNT
2024-03,ETRN
2024-03,EVR
2024-03,EWBC
2024-03,EXEL
2024-03,EXLS
2024-03,EXP
2024-03,EXPO
2024-03,FAF
2024-03,FBIN
2024-03,FCFS
2024-03,FCN
2024-03,FFIN
2024-03,FHI
2024-03,FHN
2024-03,FIVE
2024-03,FIX
2024-03,FLO
2024-03,FLR
2024-03,FLS
2024-03,FNB
2024-03,FND
2024-03,FNF
2024-03,FOXF
2024-03,FR
2024-03,FYBR
2024-03,G
2024-03,GATX
2024-03,GBCI
2024-03,GDDY
2024-03,GEF
2024-03,GGG
2024-03,GHC
2024-03,GLPI
2024-03,GME
2024-03,GMED
2024-03,GNTX
2024-03,GO
2024-03,GPK
2024-03,GPS
2024-03,GT
2024-03,GTLS
2024-03,GXO
2024-03,H
2024-03,HAE
2024-03,HALO
2024-03,HELE
2024-03,HGV
2024-03,HLI
2024-03,HOG
2024-03,HOMB
2024-03,HQY
2024-03,HR
2024-03,HRB
2024-03,HTZ
2024-03,HWC
2024-03,HXL
2024-03,IART
2024-03,IBKR
2024-03,IBOC
2024-03,IDA
2024-03,INGR
2024-03,IPGP
2024-03,IRDM
2024-03,IRT
2024-03,ITT
2024-03,JAZZ
2024-03,JEF
2024-03,JHG
2024-03,JLL
2024-03,JWN
2024-03,KBH
2024-03,KBR
2024-03,KD
2024-03,KEX
2024-03,KMPR
2024-03,KNF
2024-03,KNSL
2024-03,KNX
2024-03,KRC
2024-03,KRG
2024-03,LAD
2024-03,LAMR
2024-03,LANC
2024-03,LEA
2024-03,LECO
2024-03,LEG
2024-03,LFUS
2024-03,LII
2024-03,LITE
2024-03,LIVN
2024-03,LNTH
2024-03,LNW
2024-03,LOPE
2024-03,LPX
2024-03,LSCC
2024-03,LSTR
2024-03,M
2024-03,MAN
2024-03,MANH
2024-03,MASI
2024-03,MAT
2024-03,MDU
2024-03,MEDP
2024-03,MIDD
2024-03,MKSI
2024-03,MMS
2024-03,MORN
2024-03,MP
2024-03,MSA
2024-03,MSM
2024-03,MTDR
2024-03,MTG
2024-03,MTN
2024-03,MTSI
2024-03,MTZ
2024-03,MUR
2024-03,MUSA
2024-03,NBIX
2024-03,NEOG
2024-03,NEU
2024-03,NFG
2024-03,NJR
2024-03,NLY
2024-03,NNN
2024-03,NOV
2024-03,NOVT
2024-03,NSA
2024-03,NSP
2024-03,NVST
2024-03,NVT
2024-03,NWE
2024-03,NXST
2024-03,NYCB
2024-03,NYT
2024-03,OC
2024-03,OGE
2024-03,OGS
2024-03,OHI
2024-03,OLED
2024-03,OLLI
2024-03,OLN
2024-03,ONB
2024-03,ONTO
2024-03,OPCH
2024-03,ORA
2024-03,ORI
2024-03,OSK
2024-03,OVV
2024-03,OZK
2024-03,PAG
2024-03,PB
2024-03,PBF
2024-03,PCH
2024-03,PCTY
2024-03,PEN
2024-03,PENN
2024-03,PFGC
2024-03,PGNY
2024-03,PII
2024-03,PK
2024-03,PLNT
2024-03,PNFP
2024-03,PNM
2024-03,POR
2024-03,POST
2024-03,POWI
2024-03,PPC
2024-03,PR
2024-03,PRGO
2024-03,PRI
2024-03,PSTG
2024-03,PVH
2024-03,QDEL
2024-03,QLYS
2024-03,R
2024-03,RBC
2024-03,RCM
2024-03,REXR
2024-03,RGA
2024-03,RGEN
2024-03,RGLD
2024-03,RH
2024-03,RLI
2024-03,RMBS
2024-03,RNR
2024-03,ROIV
2024-03,RPM
2024-03,RRC
2024-03,RRX
2024-03,RS
2024-03,RYN
2024-03,SAIA
2024-03,SAIC
2024-03,SAM
2024-03,SBRA
2024-03,SCI
2024-03,SEIC
2024-03,SF
2024-03,SFM
2024-03,SHC
2024-03,SIGI
2024-03,SKX
2024-03,SLAB
2024-03,SLGN
2024-03,SLM
2024-03,SMG
2024-03,SNV
2024-03,SNX
2024-03,SON
2024-03,SR
2024-03,SRCL
2024-03,SSB
2024-03,SSD
2024-03,ST
2024-03,STAG
2024-03,STWD
2024-03,SWAV
2024-03,SWN
2024-03,SWX
2024-03,SYNA
2024-03,TCBI
2024-03,TDC
2024-03,TEX
2024-03,TGNA
2024-03,THC
2024-03,THG
2024-03,THO
2024-03,TKO
2024-03,TKR
2024-03,TMHC
2024-03,TNL
2024-03,TOL
2024-03,TPX
2024-03,TREX
2024-03,TTC
2024-03,TTEK
2024-03,TXRH
2024-03,UA
2024-03,UAA
2024-03,UBSI
2024-03,UFPI
2024-03,UGI
2024-03,UMBF
2024-03,UNM
2024-03,USFD
2024-03,UTHR
2024-03,VAC
2024-03,VAL
2024-03,VC
2024-03,VLY
2024-03,VMI
2024-03,VNO
2024-03,VNT
2024-03,VOYA
2024-03,VSH
2024-03,VST
2024-03,VVV
2024-03,WBS
2024-03,WCC
2024-03,WEN
2024-03,WERN
2024-03,WEX
2024-03,WFRD
2024-03,WH
2024-03,WHR
2024-03,WING
2024-03,WLK
2024-03,WMS
2024-03,WOLF
2024-03,WPC
2024-03,WSM
2024-03,WSO
2024-03,WTFC
2024-03,WTRG
2024-03,WTS
2024-03,WU
2024-03,WWD
2024-03,X
2024-03,XPO
2024-03,YETI
2024-03,ZD
2024-03,ZI
2024-03,ZION
2024-04,AA
2024-04,ACHC
2024-04,ACM
2024-04,ADC
2024-04,ADNT
2024-04,AFG
2024-04,AGCO
2024-04,AIRC
2024-04,AIT
2024-04,ALE
2024-04,ALGM
2024-04,ALLY
2024-04,ALTM
2024-04,ALV
2024-04,AM
2024-04,AMED
2024-04,AMG
2024-04,AMH
2024-04,AMKR
2024-04,AN
2024-04,APPF
2024-04,AR
2024-04,ARMK
2024-04,ARW
2024-04,ARWR
2024-04,ASB
2024-04,ASGN
2024-04,ASH
2024-04,ATR
2024-04,AVNT
2024-04,AVT
2024-04,AXTA
2024-04,AYI
2024-04,AZPN
2024-04,AZTA
2024-04,BC
2024-04,BCO
2024-04,BDC
2024-04,BERY
2024-04,BHF
2024-04,BJ
2024-04,BKH
2024-04,BLD
2024-04,BLKB
2024-04,BRBR
2024-04,BRKR
2024-04,BRX
2024-04,BURL
2024-04,BWXT
2024-04,BYD
2024-04,CACI
2024-04,CADE
2024-04,CAR
2024-04,CASY
2024-04,CBSH
2024-04,CBT
2024-04,CC
2024-04,CCK
2024-04,CDP
2024-04,CELH
2024-04,CFR
2024-04,CG
2024-04,CGNX
2024-04,CHDN
2024-04,CHE
2024-04,CHH
2024-04,CHK
2024-04,CHRD
2024-04,CHX
2024-04,CIEN
2024-04,CIVI
2024-04,CLF
2024-04,CLH
2024-04,CMC
2024-04,CNM
2024-04,CNO
2024-04,CNX
2024-04,CNXC
2024-04,COHR
2024-04,COKE
2024-04,COLB
2024-04,COLM
2024-04,COTY
2024-04,CPRI
2024-04,CR
2024-04,CRI
2024-04,CROX
2024-04,CRUS
2024-04,CSL
2024-04,CUBE
2024-04,CUZ
2024-04,CVLT
2024-04,CW
2024-04,CXT
2024-04,CYTK
2024-04,DAR
2024-04,DBX
2024-04,DCI
2024-04,DINO
2024-04,DKS
2024-04,DLB
2024-04,DOCS
2024-04,DT
2024-04,DTM
2024-04,DUOL
2024-04,EEFT
2024-04,EGP
2024-04,EHC
2024-04,ELF
2024-04,ELS
2024-04,EME
2024-04,ENOV
2024-04,ENS
2024-04,EPR
2024-04,EQH
2024-04,ERIE
2024-04,ESAB
2024-04,ESNT
2024-04,ETRN
2024-04,EVR
2024-04,EWBC
2024-04,EXEL
2024-04,EXLS
2024-04,EXP
2024-04,EXPO
2024-04,FAF
2024-04,FBIN
2024-04,FCFS
2024-04,FCN
2024-04,FFIN
2024-04,FHI
2024-04,FHN
2024-04,FIVE
2024-04,FIX
2024-04,FLO
2024-04,FLR
2024-04,FLS
2024-04,FNB
2024-04,FND
2024-04,FNF
2024-04,FR
2024-04,FYBR
2024-04,G
2024-04,GATX
2024-04,GBCI
2024-04,GDDY
2024-04,GEF
2024-04,GGG
2024-04,GHC
2024-04,GLPI
2024-04,GME
2024-04,GMED
2024-04,GNTX
2024-04,GO
2024-04,GPK
2024-04,GPS
2024-04,GT
2024-04,GTLS
2024-04,GXO
2024-04,H
2024-04,HAE
2024-04,HALO
2024-04,HELE
2024-04,HGV
2024-04,HLI
2024-04,HOG
2024-04,HOMB
2024-04,HQY
2024-04,HR
2024-04,HRB
2024-04,HTZ
2024-04,HWC
2024-04,HXL
2024-04,IART
2024-04,IBKR
2024-04,IBOC
2024-04,IDA
2024-04,INGR
2024-04,IPGP
2024-04,IRDM
2024-04,IRT
2024-04,ITT
2024-04,JAZZ
2024-04,JEF
2024-04,JHG
2024-04,JLL
2024-04,JWN
2024-04,KBH
2024-04,KBR
2024-04,KD
2024-04,KEX
2024-04,KMPR
2024-04,KNF
2024-04,KNSL
2024-04,KNX
2024-04,KRC
2024-04,KRG
2024-04,LAD
2024-04,LAMR
2024-04,LANC
2024-04,LEA
2024-04,LECO
2024-04,LEG
2024-04,LFUS
2024-04,LII
2024-04,LITE
2024-04,LIVN
2024-04,LNTH
2024-04,LNW
2024-04,LOPE
2024-04,LPX
2024-04,LSCC
2024-04,LSTR
2024-04,M
2024-04,MAN
2024-04,MANH
2024-04,MASI
2024-04,MAT
2024-04,MDU
2024-04,MEDP
2024-04,MIDD
2024-04,MKSI
2024-04,MMS
2024-04,MORN
2024-04,MP
2024-04,MSA
2024-04,MSM
2024-04,MTDR
2024-04,MTG
2024-04,MTN
2024-04,MTSI
2024-04,MTZ
2024-04,MUR
2024-04,MUSA
2024-04,NBIX
2024-04,NEOG
2024-04,NEU
2024-04,NFG
2024-04,NJR
2024-04,NLY
2024-04,NNN
2024-04,NOV
2024-04,NOVT
2024-04,NSA
2024-04,NSP
2024-04,NVST
2024-04,NVT
2024-04,NWE
2024-04,NXST
2024-04,NYCB
2024-04,NYT
2024-04,OC
2024-04,OGE
2024-04,OGS
2024-04,OHI
2024-04,OLED
2024-04,OLLI
2024-04,OLN
2024-04,ONB
2024-04,ONTO
2024-04,OPCH
2024-04,ORA
2024-04,ORI
2024-04,OSK
2024-04,OVV
2024-04,OZK
2024-04,PAG
2024-04,PB
2024-04,PBF
2024-04,PCH
2024-04,PCTY
2024-04,PEN
2024-04,PENN
2024-04,PFGC
2024-04,PGNY
2024-04,PII
2024-04,PK
2024-04,PLNT
2024-04,PNFP
2024-04,PNM
2024-04,POR
2024-04,POST
2024-04,POWI
2024-04,PPC
2024-04,PR
2024-04,PRGO
2024-04,PRI
2024-04,PSTG
2024-04,PVH
2024-04,QDEL
2024-04,QLYS
2024-04,R
2024-04,RBC
2024-04,RCM
2024-04,REXR
2024-04,RGA
2024-04,RGEN
2024-04,RGLD
2024-04,RH
2024-04,RLI
2024-04,RMBS
2024-04,RNR
2024-04,ROIV
2024-04,RPM
2024-04,RRC
2024-04,RRX
2024-04,RS
2024-04,RYN
2024-04,SAIA
2024-04,SAIC
2024-04,SAM
2024-04,SBRA
2024-04,SCI
2024-04,SEIC
2024-04,SF
2024-04,SFM
2024-04,SHC
2024-04,SIGI
2024-04,SKX
2024-04,SLAB
2024-04,SLGN
2024-04,SLM
2024-04,SMG
2024-04,SNV
2024-04,SNX
2024-04,SON
2024-04,SR
2024-04,SRCL
2024-04,SSB
2024-04,SSD
2024-04,ST
2024-04,STAG
2024-04,STWD
2024-04,SWAV
2024-04,SWN
2024-04,SWX
2024-04,SYNA
2024-04,TCBI
2024-04,TDC
2024-04,TEX
2024-04,TGNA
2024-04,THC
2024-04,THG
2024-04,THO
2024-04,TKO
2024-04,TKR
2024-04,TMHC
2024-04,TNL
2024-04,TOL
2024-04,TPX
2024-04,TREX
2024-04,TTC
2024-04,TTEK
2024-04,TXRH
2024-04,UA
2024-04,UAA
2024-04,UBSI
2024-04,UFPI
2024-04,UGI
2024-04,UMBF
2024-04,UNM
2024-04,USFD
2024-04,UTHR
2024-04,VAC
2024-04,VAL
2024-04,VC
2024-04,VLY
2024-04,VMI
2024-04,VNO
2024-04,VNT
2024-04,VOYA
2024-04,VSH
2024-04,VST
2024-04,VVV
2024-04,WBS
2024-04,WCC
2024-04,WEN
2024-04,WERN
2024-04,WEX
2024-04,WFRD
2024-04,WH
2024-04,WHR
2024-04,WING
2024-04,WLK
2024-04,WMS
2024-04,WOLF
2024-04,WPC
2024-04,WSM
2024-04,WSO
2024-04,WTFC
2024-04,WTRG
2024-04,WTS
2024-04,WU
2024-04,WWD
2024-04,X
2024-04,XPO
2024-04,XRAY
2024-04,YETI
2024-04,ZD
2024-04,ZI
2024-04,ZION
2024-05,AA
2024-05,AAON
2024-05,ACHC
2024-05,ACM
2024-05,ADC
2024-05,ADNT
2024-05,AFG
2024-05,AGCO
2024-05,AIRC
2024-05,AIT
2024-05,ALE
2024-05,ALGM
2024-05,ALLY
2024-05,ALTM
2024-05,ALV
2024-05,AM
2024-05,AMED
2024-05,AMG
2024-05,AMH
2024-05,AMKR
2024-05,AN
2024-05,APPF
2024-05,AR
2024-05,ARMK
2024-05,ARW
2024-05,ARWR
2024-05,ASB
2024-05,ASGN
2024-05,ASH
2024-05,ATR
2024-05,AVNT
2024-05,AVT
2024-05,AXTA
2024-05,AYI
2024-05,AZPN
2024-05,AZTA
2024-05,BC
2024-05,BCO
2024-05,BDC
2024-05,BERY
2024-05,BHF
2024-05,BJ
2024-05,BKH
2024-05,BLD
2024-05,BLKB
2024-05,BRBR
2024-05,BRKR
2024-05,BRX
2024-05,BURL
2024-05,BWXT
2024-05,BYD
2024-05,CACI
2024-05,CADE
2024-05,CAR
2024-05,CASY
2024-05,CBSH
2024-05,CBT
2024-05,CC
2024-05,CCK
2024-05,CDP
2024-05,CELH
2024-05,CFR
2024-05,CG
2024-05,CGNX
2024-05,CHDN
2024-05,CHE
2024-05,CHH
2024-05,CHK
2024-05,CHRD
2024-05,CHX
2024-05,CIEN
2024-05,CIVI
2024-05,CLF
2024-05,CLH
2024-05,CMC
2024-05,CNM
2024-05,CNO
2024-05,CNX
2024-05,CNXC
2024-05,COHR
2024-05,COKE
2024-05,COLB
2024-05,COLM
2024-05,COTY
2024-05,CPRI
2024-05,CR
2024-05,CRI
2024-05,CROX
2024-05,CRUS
2024-05,CSL
2024-05,CUBE
2024-05,CUZ
2024-05,CVLT
2024-05,CW
2024-05,CXT
2024-05,CYTK
2024-05,DAR
2024-05,DBX
2024-05,DCI
2024-05,DINO
2024-05,DKS
2024-05,DLB
2024-05,DOCS
2024-05,DT
2024-05,DTM
2024-05,DUOL
2024-05,EEFT
2024-05,EGP
2024-05,EHC
2024-05,ELF
2024-05,ELS
2024-05,EME
2024-05,ENOV
2024-05,ENS
2024-05,EPR
2024-05,EQH
2024-05,ERIE
2024-05,ESAB
2024-05,ESNT
2024-05,ETRN
2024-05,EVR
2024-05,EWBC
2024-05,EXEL
2024-05,EXLS
2024-05,EXP
2024-05,EXPO
2024-05,FAF
2024-05,FBIN
2024-05,FCFS
2024-05,FCN
2024-05,FFIN
2024-05,FHI
2024-05,FHN
2024-05,FIVE
2024-05,FIX
2024-05,FLO
2024-05,FLR
2024-05,FLS
2024-05,FNB
2024-05,FND
2024-05,FNF
2024-05,FR
2024-05,FYBR
2024-05,G
2024-05,GATX
2024-05,GBCI
2024-05,GDDY
2024-05,GEF
2024-05,GGG
2024-05,GHC
2024-05,GLPI
2024-05,GME
2024-05,GMED
2024-05,GNTX
2024-05,GO
2024-05,GPK
2024-05,GPS
2024-05,GT
2024-05,GTLS
2024-05,GXO
2024-05,H
2024-05,HAE
2024-05,HALO
2024-05,HELE
2024-05,HGV
2024-05,HLI
2024-05,HOG
2024-05,HOMB
2024-05,HQY
2024-05,HR
2024-05,HRB
2024-05,HTZ
2024-05,HWC
2024-05,HXL
2024-05,IART
2024-05,IBKR
2024-05,IBOC
2024-05,IDA
2024-05,INGR
2024-05,IPGP
2024-05,IRDM
2024-05,IRT
2024-05,ITT
2024-05,JAZZ
2024-05,JEF
2024-05,JHG
2024-05,JLL
2024-05,JWN
2024-05,KBH
2024-05,KBR
2024-05,KD
2024-05,KEX
2024-05,KMPR
2024-05,KNF
2024-05,KNSL
2024-05,KNX
2024-05,KRC
2024-05,KRG
2024-05,LAD
2024-05,LAMR
2024-05,LANC
2024-05,LEA
2024-05,LECO
2024-05,LEG
2024-05,LFUS
2024-05,LII
2024-05,LITE
2024-05,LIVN
2024-05,LNTH
2024-05,LNW
2024-05,LOPE
2024-05,LPX
2024-05,LSCC
2024-05,LSTR
2024-05,M
2024-05,MAN
2024-05,MANH
2024-05,MASI
2024-05,MAT
2024-05,MDU
2024-05,MEDP
2024-05,MIDD
2024-05,MKSI
2024-05,MMS
2024-05,MORN
2024-05,MP
2024-05,MSA
2024-05,MSM
2024-05,MTDR
2024-05,MTG
2024-05,MTN
2024-05,MTSI
2024-05,MTZ
2024-05,MUR
2024-05,MUSA
2024-05,NBIX
2024-05,NEOG
2024-05,NEU
2024-05,NFG
2024-05,NJR
2024-05,NLY
2024-05,NNN
2024-05,NOV
2024-05,NOVT
2024-05,NSA
2024-05,NSP
2024-05,NVST
2024-05,NVT
2024-05,NWE
2024-05,NXST
2024-05,NYCB
2024-05,NYT
2024-05,OC
2024-05,OGE
2024-05,OGS
2024-05,OHI
2024-05,OLED
2024-05,OLLI
2024-05,OLN
2024-05,ONB
2024-05,ONTO
2024-05,OPCH
2024-05,ORA
2024-05,ORI
2024-05,OSK
2024-05,OVV
2024-05,OZK
2024-05,PAG
2024-05,PB
2024-05,PBF
2024-05,PCH
2024-05,PCTY
2024-05,PEN
2024-05,PENN
2024-05,PFGC
2024-05,PGNY
2024-05,PII
2024-05,PK
2024-05,PLNT
2024-05,PNFP
2024-05,PNM
2024-05,POR
2024-05,POST
2024-05,POWI
2024-05,PPC
2024-05,PR
2024-05,PRGO
2024-05,PRI
2024-05,PSTG
2024-05,PVH
2024-05,QDEL
2024-05,QLYS
2024-05,R
2024-05,RBC
2024-05,RCM
2024-05,REXR
2024-05,RGA
2024-05,RGEN
2024-05,RGLD
2024-05,RH
2024-05,RLI
2024-05,RMBS
2024-05,RNR
2024-05,ROIV
2024-05,RPM
2024-05,RRC
2024-05,RRX
2024-05,RS
2024-05,RYN
2024-05,SAIA
2024-05,SAIC
2024-05,SAM
2024-05,SBRA
2024-05,SCI
2024-05,SEIC
2024-05,SF
2024-05,SFM
2024-05,SHC
2024-05,SIGI
2024-05,SKX
2024-05,SLAB
2024-05,SLGN
2024-05,SLM
2024-05,SMG
2024-05,SNV
2024-05,SNX
2024-05,SON
2024-05,SR
2024-05,SRCL
2024-05,SSB
2024-05,SSD
2024-05,ST
2024-05,STAG
2024-05,STWD
2024-05,SWAV
2024-05,SWN
2024-05,SWX
2024-05,SYNA
2024-05,TCBI
2024-05,TDC
2024-05,TEX
2024-05,TGNA
2024-05,THC
2024-05,THG
2024-05,THO
2024-05,TKO
2024-05,TKR
2024-05,TMHC
2024-05,TNL
2024-05,TOL
2024-05,TPX
2024-05,TREX
2024-05,TTC
2024-05,TTEK
2024-05,TXRH
2024-05,UA
2024-05,UAA
2024-05,UBSI
2024-05,UFPI
2024-05,UGI
2024-05,UMBF
2024-05,UNM
2024-05,USFD
2024-05,UTHR
2024-05,VAC
2024-05,VAL
2024-05,VC
2024-05,VLY
2024-05,VMI
2024-05,VNO
2024-05,VNT
2024-05,VOYA
2024-05,VSH
2024-05,VVV
2024-05,WBS
2024-05,WCC
2024-05,WEN
2024-05,WERN
2024-05,WEX
2024-05,WFRD
2024-05,WH
2024-05,WHR
2024-05,WING
2024-05,WLK
2024-05,WMS
2024-05,WOLF
2024-05,WPC
2024-05,WSM
2024-05,WSO
2024-05,WTFC
2024-05,WTRG
2024-05,WTS
2024-05,WU
2024-05,WWD
2024-05,X
2024-05,XPO
2024-05,XRAY
2024-05,YETI
2024-05,ZD
2024-05,ZI
2024-05,ZION
2024-06,AA
2024-06,AAON
2024-06,ACHC
2024-06,ACM
2024-06,ADC
2024-06,ADNT
2024-06,AFG
2024-06,AGCO
2024-06,AIT
2024-06,ALE
2024-06,ALGM
2024-06,ALLY
2024-06,ALTM
2024-06,ALTR
2024-06,ALV
2024-06,AM
2024-06,AMED
2024-06,AMG
2024-06,AMH
2024-06,AMKR
2024-06,AN
2024-06,APPF
2024-06,AR
2024-06,ARMK
2024-06,ARW
2024-06,ARWR
2024-06,ASB
2024-06,ASGN
2024-06,ASH
2024-06,ATR
2024-06,AVNT
2024-06,AVT
2024-06,AXTA
2024-06,AYI
2024-06,AZPN
2024-06,AZTA
2024-06,BC
2024-06,BCO
2024-06,BDC
2024-06,BERY
2024-06,BHF
2024-06,BJ
2024-06,BKH
2024-06,BLD
2024-06,BLKB
2024-06,BMRN
2024-06,BRBR
2024-06,BRKR
2024-06,BRX
2024-06,BURL
2024-06,BWXT
2024-06,BYD
2024-06,CACI
2024-06,CADE
2024-06,CAR
2024-06,CASY
2024-06,CBSH
2024-06,CBT
2024-06,CC
2024-06,CCK
2024-06,CDP
2024-06,CELH
2024-06,CFR
2024-06,CG
2024-06,CGNX
2024-06,CHDN
2024-06,CHE
2024-06,CHH
2024-06,CHK
2024-06,CHRD
2024-06,CHX
2024-06,CIEN
2024-06,CIVI
2024-06,CLF
2024-06,CLH
2024-06,CMC
2024-06,CNM
2024-06,CNO
2024-06,CNX
2024-06,CNXC
2024-06,COHR
2024-06,COKE
2024-06,COLB
2024-06,COLM
2024-06,COTY
2024-06,CPRI
2024-06,CR
2024-06,CRI
2024-06,CROX
2024-06,CRUS
2024-06,CSL
2024-06,CUBE
2024-06,CUZ
2024-06,CVLT
2024-06,CW
2024-06,CXT
2024-06,CYTK
2024-06,DAR
2024-06,DBX
2024-06,DCI
2024-06,DINO
2024-06,DKS
2024-06,DLB
2024-06,DOCS
2024-06,DT
2024-06,DTM
2024-06,DUOL
2024-06,EEFT
2024-06,EGP
2024-06,EHC
2024-06,ELF
2024-06,ELS
2024-06,EME
2024-06,ENOV
2024-06,ENS
2024-06,EPR
2024-06,EQH
2024-06,ERIE
2024-06,ESAB
2024-06,ESNT
2024-06,ETRN
2024-06,EVR
2024-06,EWBC
2024-06,EXEL
2024-06,EXLS
2024-06,EXP
2024-06,EXPO
2024-06,FAF
2024-06,FBIN
2024-06,FCFS
2024-06,FCN
2024-06,FFIN
2024-06,FHI
2024-06,FHN
2024-06,FIVE
2024-06,FIX
2024-06,FLO
2024-06,FLR
2024-06,FLS
2024-06,FNB
2024-06,FND
2024-06,FNF
2024-06,FR
2024-06,FYBR
2024-06,G
2024-06,GATX
2024-06,GBCI
2024-06,GEF
2024-06,GGG
2024-06,GHC
2024-06,GLPI
2024-06,GME
2024-06,GMED
2024-06,GNTX
2024-06,GPK
2024-06,GPS
2024-06,GT
2024-06,GTLS
2024-06,GXO
2024-06,H
2024-06,HAE
2024-06,HALO
2024-06,HELE
2024-06,HGV
2024-06,HLI
2024-06,HOG
2024-06,HOMB
2024-06,HQY
2024-06,HR
2024-06,HRB
2024-06,HWC
2024-06,HXL
2024-06,IBKR
2024-06,IBOC
2024-06,IDA
2024-06,ILMN
2024-06,INGR
2024-06,IPGP
2024-06,IRDM
2024-06,IRT
2024-06,ITT
2024-06,JAZZ
2024-06,JEF
2024-06,JHG
2024-06,JLL
2024-06,JWN
2024-06,KBH
2024-06,KBR
2024-06,KD
2024-06,KEX
2024-06,KMPR
2024-06,KNF
2024-06,KNSL
2024-06,KNX
2024-06,KRC
2024-06,KRG
2024-06,LAD
2024-06,LAMR
2024-06,LANC
2024-06,LEA
2024-06,LECO
2024-06,LFUS
2024-06,LII
2024-06,LITE
2024-06,LIVN
2024-06,LNTH
2024-06,LNW
2024-06,LOPE
2024-06,LPX
2024-06,LSCC
2024-06,LSTR
2024-06,M
2024-06,MAN
2024-06,MANH
2024-06,MASI
2024-06,MAT
2024-06,MDU
2024-06,MEDP
2024-06,MIDD
2024-06,MKSI
2024-06,MMS
2024-06,MORN
2024-06,MP
2024-06,MSA
2024-06,MSM
2024-06,MTDR
2024-06,MTG
2024-06,MTN
2024-06,MTSI
2024-06,MTZ
2024-06,MUR
2024-06,MUSA
2024-06,NBIX
2024-06,NEOG
2024-06,NEU
2024-06,NFG
2024-06,NJR
2024-06,NLY
2024-06,NNN
2024-06,NOV
2024-06,NOVT
2024-06,NSA
2024-06,NSP
2024-06,NVST
2024-06,NVT
2024-06,NWE
2024-06,NXST
2024-06,NXT
2024-06,NYCB
2024-06,NYT
2024-06,OC
2024-06,OGE
2024-06,OGS
2024-06,OHI
2024-06,OLED
2024-06,OLLI
2024-06,OLN
2024-06,ONB
2024-06,ONTO
2024-06,OPCH
2024-06,ORA
2024-06,ORI
2024-06,OSK
2024-06,OVV
2024-06,OZK
2024-06,PAG
2024-06,PB
2024-06,PBF
2024-06,PCH
2024-06,PCTY
2024-06,PEN
2024-06,PFGC
2024-06,PGNY
2024-06,PII
2024-06,PK
2024-06,PLNT
2024-06,PNFP
2024-06,PNM
2024-06,POR
2024-06,POST
2024-06,POWI
2024-06,PPC
2024-06,PR
2024-06,PRGO
2024-06,PRI
2024-06,PSTG
2024-06,PVH
2024-06,QDEL
2024-06,QLYS
2024-06,R
2024-06,RBA
2024-06,RBC
2024-06,RCM
2024-06,REXR
2024-06,RGA
2024-06,RGEN
2024-06,RGLD
2024-06,RH
2024-06,RLI
2024-06,RMBS
2024-06,RNR
2024-06,ROIV
2024-06,RPM
2024-06,RRC
2024-06,RRX
2024-06,RS
2024-06,RYAN
2024-06,RYN
2024-06,SAIA
2024-06,SAIC
2024-06,SAM
2024-06,SBRA
2024-06,SCI
2024-06,SEIC
2024-06,SF
2024-06,SFM
2024-06,SHC
2024-06,SIGI
2024-06,SKX
2024-06,SLAB
2024-06,SLGN
2024-06,SLM
2024-06,SMG
2024-06,SNV
2024-06,SNX
2024-06,SON
2024-06,SR
2024-06,SRCL
2024-06,SRPT
2024-06,SSB
2024-06,SSD
2024-06,ST
2024-06,STAG
2024-06,STWD
2024-06,SWN
2024-06,SWX
2024-06,SYNA
2024-06,TCBI
2024-06,TDC
2024-06,TEX
2024-06,TGNA
2024-06,THC
2024-06,THG
2024-06,THO
2024-06,TKO
2024-06,TKR
2024-06,TMHC
2024-06,TNL
2024-06,TOL
2024-06,TPL
2024-06,TPX
2024-06,TREX
2024-06,TTC
2024-06,TTEK
2024-06,TXRH
2024-06,UA
2024-06,UAA
2024-06,UBSI
2024-06,UFPI
2024-06,UGI
2024-06,UMBF
2024-06,UNM
2024-06,USFD
2024-06,UTHR
2024-06,VAC
2024-06,VAL
2024-06,VC
2024-06,VLY
2024-06,VMI
2024-06,VNO
2024-06,VNT
2024-06,VOYA
2024-06,VSH
2024-06,VVV
2024-06,WBS
2024-06,WCC
2024-06,WEN
2024-06,WEX
2024-06,WFRD
2024-06,WH
2024-06,WHR
2024-06,WING
2024-06,WLK
2024-06,WMG
2024-06,WMS
2024-06,WOLF
2024-06,WPC
2024-06,WSM
2024-06,WSO
2024-06,WTFC
2024-06,WTRG
2024-06,WTS
2024-06,WU
2024-06,WWD
2024-06,X
2024-06,XPO
2024-06,XRAY
2024-06,YETI
2024-06,ZD
2024-06,ZI
2024-06,ZION
2024-07,AA
2024-07,AAON
2024-07,ACHC
2024-07,ACM
2024-07,ADC
2024-07,ADNT
2024-07,AFG
2024-07,AGCO
2024-07,AIT
2024-07,ALE
2024-07,ALGM
2024-07,ALLY
2024-07,ALTM
2024-07,ALTR
2024-07,ALV
2024-07,AM
2024-07,AMED
2024-07,AMG
2024-07,AMH
2024-07,AMKR
2024-07,AN
2024-07,ANF
2024-07,APPF
2024-07,AR
2024-07,ARMK
2024-07,ARW
2024-07,ARWR
2024-07,ASB
2024-07,ASGN
2024-07,ASH
2024-07,ATR
2024-07,AVNT
2024-07,AVT
2024-07,AVTR
2024-07,AXTA
2024-07,AYI
2024-07,AZPN
2024-07,AZTA
2024-07,BC
2024-07,BCO
2024-07,BDC
2024-07,BERY
2024-07,BHF
2024-07,BJ
2024-07,BKH
2024-07,BLD
2024-07,BLKB
2024-07,BMRN
2024-07,BRBR
2024-07,BRKR
2024-07,BRX
2024-07,BURL
2024-07,BWXT
2024-07,BYD
2024-07,CACI
2024-07,CADE
2024-07,CAR
2024-07,CASY
2024-07,CBSH
2024-07,CBT
2024-07,CC
2024-07,CCK
2024-07,CDP
2024-07,CELH
2024-07,CFR
2024-07,CG
2024-07,CGNX
2024-07,CHDN
2024-07,CHE
2024-07,CHH
2024-07,CHK
2024-07,CHRD
2024-07,CHX
2024-07,CIEN
2024-07,CIVI
2024-07,CLF
2024-07,CLH
2024-07,CMC
2024-07,CNM
2024-07,CNO
2024-07,CNX
2024-07,CNXC
2024-07,COHR
2024-07,COKE
2024-07,COLB
2024-07,COLM
2024-07,COTY
2024-07,CPRI
2024-07,CR
2024-07,CRI
2024-07,CROX
2024-07,CRUS
2024-07,CSL
2024-07,CUBE
2024-07,CUZ
2024-07,CVLT
2024-07,CW
2024-07,CXT
2024-07,CYTK
2024-07,DAR
2024-07,DBX
2024-07,DCI
2024-07,DINO
2024-07,DKS
2024-07,DLB
2024-07,DOCS
2024-07,DT
2024-07,DTM
2024-07,DUOL
2024-07,EEFT
2024-07,EGP
2024-07,EHC
2024-07,ELF
2024-07,ELS
2024-07,EME
2024-07,ENOV
2024-07,ENS
2024-07,EPR
2024-07,EQH
2024-07,ERIE
2024-07,ESAB
2024-07,ESNT
2024-07,EVR
2024-07,EWBC
2024-07,EXEL
2024-07,EXLS
2024-07,EXP
2024-07,EXPO
2024-07,FAF
2024-07,FBIN
2024-07,FCFS
2024-07,FCN
2024-07,FFIN
2024-07,FHI
2024-07,FHN
2024-07,FIVE
2024-07,FIX
2024-07,FLO
2024-07,FLR
2024-07,FLS
2024-07,FNB
2024-07,FND
2024-07,FNF
2024-07,FR
2024-07,FYBR
2024-07,G
2024-07,GATX
2024-07,GBCI
2024-07,GEF
2024-07,GGG
2024-07,GHC
2024-07,GLPI
2024-07,GME
2024-07,GMED
2024-07,GNTX
2024-07,GPK
2024-07,GPS
2024-07,GT
2024-07,GTLS
2024-07,GXO
2024-07,H
2024-07,HAE
2024-07,HALO
2024-07,HELE
2024-07,HGV
2024-07,HLI
2024-07,HOG
2024-07,HOMB
2024-07,HQY
2024-07,HR
2024-07,HRB
2024-07,HWC
2024-07,HXL
2024-07,IBKR
2024-07,IBOC
2024-07,IDA
2024-07,ILMN
2024-07,INGR
2024-07,IPGP
2024-07,IRDM
2024-07,IRT
2024-07,ITT
2024-07,JAZZ
2024-07,JEF
2024-07,JHG
2024-07,JLL
2024-07,JWN
2024-07,KBH
2024-07,KBR
2024-07,KD
2024-07,KEX
2024-07,KMPR
2024-07,KNF
2024-07,KNSL
2024-07,KNX
2024-07,KRC
2024-07,KRG
2024-07,LAD
2024-07,LAMR
2024-07,LANC
2024-07,LEA
2024-07,LECO
2024-07,LFUS
2024-07,LII
2024-07,LITE
2024-07,LIVN
2024-07,LNTH
2024-07,LNW
2024-07,LOPE
2024-07,LPX
2024-07,LSCC
2024-07,LSTR
2024-07,M
2024-07,MAN
2024-07,MANH
2024-07,MASI
2024-07,MAT
2024-07,MDU
2024-07,MEDP
2024-07,MIDD
2024-07,MKSI
2024-07,MMS
2024-07,MORN
2024-07,MP
2024-07,MSA
2024-07,MSM
2024-07,MTDR
2024-07,MTG
2024-07,MTN
2024-07,MTSI
2024-07,MTZ
2024-07,MUR
2024-07,MUSA
2024-07,NBIX
2024-07,NEOG
2024-07,NEU
2024-07,NFG
2024-07,NJR
2024-07,NLY
2024-07,NNN
2024-07,NOV
2024-07,NOVT
2024-07,NSA
2024-07,NSP
2024-07,NVST
2024-07,NVT
2024-07,NWE
2024-07,NXST
2024-07,NXT
2024-07,NYCB
2024-07,NYT
2024-07,OC
2024-07,OGE
2024-07,OGS
2024-07,OHI
2024-07,OLED
2024-07,OLLI
2024-07,OLN
2024-07,ONB
2024-07,ONTO
2024-07,OPCH
2024-07,ORA
2024-07,ORI
2024-07,OSK
2024-07,OVV
2024-07,OZK
2024-07,PAG
2024-07,PB
2024-07,PBF
2024-07,PCH
2024-07,PCTY
2024-07,PEN
2024-07,PFGC
2024-07,PGNY
2024-07,PII
2024-07,PK
2024-07,PLNT
2024-07,PNFP
2024-07,PNM
2024-07,POR
2024-07,POST
2024-07,POWI
2024-07,PPC
2024-07,PR
2024-07,PRGO
2024-07,PRI
2024-07,PSTG
2024-07,PVH
2024-07,QLYS
2024-07,R
2024-07,RBA
2024-07,RBC
2024-07,RCM
2024-07,REXR
2024-07,RGA
2024-07,RGEN
2024-07,RGLD
2024-07,RH
2024-07,RLI
2024-07,RMBS
2024-07,RNR
2024-07,ROIV
2024-07,RPM
2024-07,RRC
2024-07,RRX
2024-07,RS
2024-07,RYAN
2024-07,RYN
2024-07,SAIA
2024-07,SAIC
2024-07,SAM
2024-07,SBRA
2024-07,SCI
2024-07,SEIC
2024-07,SF
2024-07,SFM
2024-07,SHC
2024-07,SIGI
2024-07,SKX
2024-07,SLAB
2024-07,SLGN
2024-07,SLM
2024-07,SMG
2024-07,SNV
2024-07,SNX
2024-07,SON
2024-07,SR
2024-07,SRCL
2024-07,SRPT
2024-07,SSB
2024-07,SSD
2024-07,ST
2024-07,STAG
2024-07,STWD
2024-07,SWN
2024-07,SWX
2024-07,SYNA
2024-07,TCBI
2024-07,TDC
2024-07,TEX
2024-07,TGNA
2024-07,THC
2024-07,THG
2024-07,THO
2024-07,TKO
2024-07,TKR
2024-07,TMHC
2024-07,TNL
2024-07,TOL
2024-07,TPL
2024-07,TPX
2024-07,TREX
2024-07,TTC
2024-07,TTEK
2024-07,TXRH
2024-07,UA
2024-07,UAA
2024-07,UBSI
2024-07,UFPI
2024-07,UGI
2024-07,UMBF
2024-07,UNM
2024-07,USFD
2024-07,UTHR
2024-07,VAC
2024-07,VAL
2024-07,VC
2024-07,VLY
2024-07,VMI
2024-07,VNO
2024-07,VNT
2024-07,VOYA
2024-07,VSH
2024-07,VVV
2024-07,WBS
2024-07,WCC
2024-07,WEN
2024-07,WEX
2024-07,WFRD
2024-07,WH
2024-07,WHR
2024-07,WING
2024-07,WLK
2024-07,WMG
2024-07,WMS
2024-07,WOLF
2024-07,WPC
2024-07,WSM
2024-07,WSO
2024-07,WTFC
2024-07,WTRG
2024-07,WTS
2024-07,WU
2024-07,WWD
2024-07,X
2024-07,XPO
2024-07,XRAY
2024-07,YETI
2024-07,ZD
2024-07,ZI
2024-07,ZION
2024-08,AA
2024-08,AAON
2024-08,ACHC
2024-08,ACM
2024-08,ADC
2024-08,ADNT
2024-08,AFG
2024-08,AGCO
2024-08,AIT
2024-08,ALE
2024-08,ALGM
2024-08,ALLY
2024-08,ALTM
2024-08,ALTR
2024-08,ALV
2024-08,AM
2024-08,AMED
2024-08,AMG
2024-08,AMH
2024-08,AMKR
2024-08,AN
2024-08,ANF
2024-08,APPF
2024-08,AR
2024-08,ARMK
2024-08,ARW
2024-08,ARWR
2024-08,ASB
2024-08,ASGN
2024-08,ASH
2024-08,ATR
2024-08,AVNT
2024-08,AVT
2024-08,AVTR
2024-08,AXTA
2024-08,AYI
2024-08,AZPN
2024-08,AZTA
2024-08,BC
2024-08,BCO
2024-08,BDC
2024-08,BERY
2024-08,BHF
2024-08,BJ
2024-08,BKH
2024-08,BLD
2024-08,BLKB
2024-08,BMRN
2024-08,BRBR
2024-08,BRKR
2024-08,BRX
2024-08,BURL
2024-08,BWXT
2024-08,BYD
2024-08,CACI
2024-08,CADE
2024-08,CAR
2024-08,CASY
2024-08,CBSH
2024-08,CBT
2024-08,CC
2024-08,CCK
2024-08,CDP
2024-08,CELH
2024-08,CFR
2024-08,CG
2024-08,CGNX
2024-08,CHDN
2024-08,CHE
2024-08,CHH
2024-08,CHK
2024-08,CHRD
2024-08,CHX
2024-08,CIEN
2024-08,CIVI
2024-08,CLF
2024-08,CLH
2024-08,CMC
2024-08,CNM
2024-08,CNO
2024-08,CNX
2024-08,CNXC
2024-08,COHR
2024-08,COKE
2024-08,COLB
2024-08,COLM
2024-08,COTY
2024-08,CPRI
2024-08,CR
2024-08,CRI
2024-08,CROX
2024-08,CRUS
2024-08,CSL
2024-08,CUBE
2024-08,CUZ
2024-08,CVLT
2024-08,CW
2024-08,CXT
2024-08,CYTK
2024-08,DAR
2024-08,DBX
2024-08,DCI
2024-08,DINO
2024-08,DKS
2024-08,DLB
2024-08,DOCS
2024-08,DT
2024-08,DTM
2024-08,DUOL
2024-08,EEFT
2024-08,EGP
2024-08,EHC
2024-08,ELF
2024-08,ELS
2024-08,EME
2024-08,ENOV
2024-08,ENS
2024-08,EPR
2024-08,EQH
2024-08,ERIE
2024-08,ESAB
2024-08,ESNT
2024-08,EVR
2024-08,EWBC
2024-08,EXEL
2024-08,EXLS
2024-08,EXP
2024-08,EXPO
2024-08,FAF
2024-08,FBIN
2024-08,FCFS
2024-08,FCN
2024-08,FFIN
2024-08,FHI
2024-08,FHN
2024-08,FIVE
2024-08,FIX
2024-08,FLO
2024-08,FLR
2024-08,FLS
2024-08,FNB
2024-08,FND
2024-08,FNF
2024-08,FR
2024-08,FYBR
2024-08,G
2024-08,GAP
2024-08,GATX
2024-08,GBCI
2024-08,GEF
2024-08,GGG
2024-08,GHC
2024-08,GLPI
2024-08,GME
2024-08,GMED
2024-08,GNTX
2024-08,GPK
2024-08,GT
2024-08,GTLS
2024-08,GXO
2024-08,H
2024-08,HAE
2024-08,HALO
2024-08,HELE
2024-08,HGV
2024-08,HLI
2024-08,HOG
2024-08,HOMB
2024-08,HQY
2024-08,HR
2024-08,HRB
2024-08,HWC
2024-08,HXL
2024-08,IBKR
2024-08,IBOC
2024-08,IDA
2024-08,ILMN
2024-08,INGR
2024-08,IPGP
2024-08,IRDM
2024-08,IRT
2024-08,ITT
2024-08,JAZZ
2024-08,JEF
2024-08,JHG
2024-08,JLL
2024-08,JWN
2024-08,KBH
2024-08,KBR
2024-08,KD
2024-08,KEX
2024-08,KMPR
2024-08,KNF
2024-08,KNSL
2024-08,KNX
2024-08,KRC
2024-08,KRG
2024-08,LAD
2024-08,LAMR
2024-08,LANC
2024-08,LEA
2024-08,LECO
2024-08,LFUS
2024-08,LII
2024-08,LITE
2024-08,LIVN
2024-08,LNTH
2024-08,LNW
2024-08,LOPE
2024-08,LPX
2024-08,LSCC
2024-08,LSTR
2024-08,M
2024-08,MAN
2024-08,MANH
2024-08,MASI
2024-08,MAT
2024-08,MDU
2024-08,MEDP
2024-08,MIDD
2024-08,MKSI
2024-08,MMS
2024-08,MORN
2024-08,MP
2024-08,MSA
2024-08,MSM
2024-08,MTDR
2024-08,MTG
2024-08,MTN
2024-08,MTSI
2024-08,MTZ
2024-08,MUR
2024-08,MUSA
2024-08,NBIX
2024-08,NEOG
2024-08,NEU
2024-08,NFG
2024-08,NJR
2024-08,NLY
2024-08,NNN
2024-08,NOV
2024-08,NOVT
2024-08,NSA
2024-08,NSP
2024-08,NVST
2024-08,NVT
2024-08,NWE
2024-08,NXST
2024-08,NXT
2024-08,NYCB
2024-08,NYT
2024-08,OC
2024-08,OGE
2024-08,OGS
2024-08,OHI
2024-08,OLED
2024-08,OLLI
2024-08,OLN
2024-08,ONB
2024-08,ONTO
2024-08,OPCH
2024-08,ORA
2024-08,ORI
2024-08,OSK
2024-08,OVV
2024-08,OZK
2024-08,PAG
2024-08,PB
2024-08,PBF
2024-08,PCH
2024-08,PCTY
2024-08,PEN
2024-08,PFGC
2024-08,PGNY
2024-08,PII
2024-08,PK
2024-08,PLNT
2024-08,PNFP
2024-08,PNM
2024-08,POR
2024-08,POST
2024-08,POWI
2024-08,PPC
2024-08,PR
2024-08,PRGO
2024-08,PRI
2024-08,PSTG
2024-08,PVH
2024-08,QLYS
2024-08,R
2024-08,RBA
2024-08,RBC
2024-08,RCM
2024-08,REXR
2024-08,RGA
2024-08,RGEN
2024-08,RGLD
2024-08,RH
2024-08,RLI
2024-08,RMBS
2024-08,RNR
2024-08,ROIV
2024-08,RPM
2024-08,RRC
2024-08,RRX
2024-08,RS
2024-08,RYAN
2024-08,RYN
2024-08,SAIA
2024-08,SAIC
2024-08,SAM
2024-08,SBRA
2024-08,SCI
2024-08,SEIC
2024-08,SF
2024-08,SFM
2024-08,SHC
2024-08,SIGI
2024-08,SKX
2024-08,SLAB
2024-08,SLGN
2024-08,SLM
2024-08,SMG
2024-08,SNV
2024-08,SNX
2024-08,SON
2024-08,SR
2024-08,SRCL
2024-08,SRPT
2024-08,SSB
2024-08,SSD
2024-08,ST
2024-08,STAG
2024-08,STWD
2024-08,SWN
2024-08,SWX
2024-08,SYNA
2024-08,TCBI
2024-08,TDC
2024-08,TEX
2024-08,TGNA
2024-08,THC
2024-08,THG
2024-08,THO
2024-08,TKO
2024-08,TKR
2024-08,TMHC
2024-08,TNL
2024-08,TOL
2024-08,TPL
2024-08,TPX
2024-08,TREX
2024-08,TTC
2024-08,TTEK
2024-08,TXRH
2024-08,UA
2024-08,UAA
2024-08,UBSI
2024-08,UFPI
2024-08,UGI
2024-08,UMBF
2024-08,UNM
2024-08,USFD
2024-08,UTHR
2024-08,VAC
2024-08,VAL
2024-08,VC
2024-08,VLY
2024-08,VMI
2024-08,VNO
2024-08,VNT
2024-08,VOYA
2024-08,VSH
2024-08,VVV
2024-08,WBS
2024-08,WCC
2024-08,WEN
2024-08,WEX
2024-08,WFRD
2024-08,WH
2024-08,WHR
2024-08,WING
2024-08,WLK
2024-08,WMG
2024-08,WMS
2024-08,WOLF
2024-08,WPC
2024-08,WSM
2024-08,WSO
2024-08,WTFC
2024-08,WTRG
2024-08,WTS
2024-08,WU
2024-08,WWD
2024-08,X
2024-08,XPO
2024-08,XRAY
2024-08,YETI
2024-08,ZD
2024-08,ZI
2024-08,ZION
2024-09,AA
2024-09,AAL
2024-09,AAON
2024-09,ACHC
2024-09,ACM
2024-09,ADC
2024-09,AFG
2024-09,AGCO
2024-09,AIT
2024-09,ALE
2024-09,ALGM
2024-09,ALLY
2024-09,ALTM
2024-09,ALTR
2024-09,ALV
2024-09,AM
2024-09,AMED
2024-09,AMG
2024-09,AMH
2024-09,AMKR
2024-09,AN
2024-09,ANF
2024-09,APPF
2024-09,AR
2024-09,ARMK
2024-09,ARW
2024-09,ARWR
2024-09,ASB
2024-09,ASGN
2024-09,ASH
2024-09,ATR
2024-09,AVNT
2024-09,AVT
2024-09,AVTR
2024-09,AXTA
2024-09,AYI
2024-09,AZPN
2024-09,AZTA
2024-09,BC
2024-09,BCO
2024-09,BDC
2024-09,BERY
2024-09,BHF
2024-09,BIO
2024-09,BJ
2024-09,BKH
2024-09,BLD
2024-09,BLKB
2024-09,BMRN
2024-09,BRBR
2024-09,BRKR
2024-09,BRX
2024-09,BURL
2024-09,BWXT
2024-09,BYD
2024-09,CACI
2024-09,CADE
2024-09,CAR
2024-09,CASY
2024-09,CBSH
2024-09,CBT
2024-09,CC
2024-09,CCK
2024-09,CDP
2024-09,CELH
2024-09,CFR
2024-09,CG
2024-09,CGNX
2024-09,CHDN
2024-09,CHE
2024-09,CHH
2024-09,CHK
2024-09,CHRD
2024-09,CHX
2024-09,CIEN
2024-09,CIVI
2024-09,CLF
2024-09,CLH
2024-09,CMC
2024-09,CNH
2024-09,CNM
2024-09,CNO
2024-09,CNX
2024-09,CNXC
2024-09,COHR
2024-09,COKE
2024-09,COLB
2024-09,COLM
2024-09,COTY
2024-09,CPRI
2024-09,CR
2024-09,CRI
2024-09,CROX
2024-09,CRUS
2024-09,CSL
2024-09,CUBE
2024-09,CUZ
2024-09,CVLT
2024-09,CW
2024-09,CXT
2024-09,CYTK
2024-09,DAR
2024-09,DBX
2024-09,DCI
2024-09,DINO
2024-09,DKS
2024-09,DLB
2024-09,DOCS
2024-09,DT
2024-09,DTM
2024-09,DUOL
2024-09,EEFT
2024-09,EGP
2024-09,EHC
2024-09,ELF
2024-09,ELS
2024-09,EME
2024-09,ENOV
2024-09,ENS
2024-09,EPR
2024-09,EQH
2024-09,ESAB
2024-09,ESNT
2024-09,EVR
2024-09,EWBC
2024-09,EXEL
2024-09,EXLS
2024-09,EXP
2024-09,EXPO
2024-09,FAF
2024-09,FBIN
2024-09,FCFS
2024-09,FCN
2024-09,FFIN
2024-09,FHI
2024-09,FHN
2024-09,FIVE
2024-09,FIX
2024-09,FLO
2024-09,FLR
2024-09,FLS
2024-09,FN
2024-09,FNB
2024-09,FND
2024-09,FNF
2024-09,FR
2024-09,FYBR
2024-09,G
2024-09,GAP
2024-09,GATX
2024-09,GBCI
2024-09,GEF
2024-09,GGG
2024-09,GHC
2024-09,GLPI
2024-09,GME
2024-09,GMED
2024-09,GNTX
2024-09,GPK
2024-09,GT
2024-09,GTLS
2024-09,GXO
2024-09,H
2024-09,HAE
2024-09,HALO
2024-09,HGV
2024-09,HLI
2024-09,HLNE
2024-09,HOG
2024-09,HOMB
2024-09,HQY
2024-09,HR
2024-09,HRB
2024-09,HWC
2024-09,HXL
2024-09,IBKR
2024-09,IBOC
2024-09,IDA
2024-09,ILMN
2024-09,INGR
2024-09,IPGP
2024-09,IRDM
2024-09,IRT
2024-09,ITT
2024-09,JAZZ
2024-09,JEF
2024-09,JHG
2024-09,JLL
2024-09,JWN
2024-09,KBH
2024-09,KBR
2024-09,KD
2024-09,KEX
2024-09,KMPR
2024-09,KNF
2024-09,KNSL
2024-09,KNX
2024-09,KRC
2024-09,KRG
2024-09,LAD
2024-09,LAMR
2024-09,LANC
2024-09,LEA
2024-09,LECO
2024-09,LFUS
2024-09,LII
2024-09,LITE
2024-09,LIVN
2024-09,LNTH
2024-09,LNW
2024-09,LOPE
2024-09,LPX
2024-09,LSCC
2024-09,LSTR
2024-09,M
2024-09,MAN
2024-09,MANH
2024-09,MASI
2024-09,MAT
2024-09,MDU
2024-09,MEDP
2024-09,MIDD
2024-09,MKSI
2024-09,MMS
2024-09,MORN
2024-09,MSA
2024-09,MSM
2024-09,MTDR
2024-09,MTG
2024-09,MTN
2024-09,MTSI
2024-09,MTZ
2024-09,MUR
2024-09,MUSA
2024-09,NBIX
2024-09,NEOG
2024-09,NEU
2024-09,NFG
2024-09,NJR
2024-09,NLY
2024-09,NNN
2024-09,NOV
2024-09,NOVT
2024-09,NSA
2024-09,NSP
2024-09,NVST
2024-09,NVT
2024-09,NWE
2024-09,NXST
2024-09,NXT
2024-09,NYCB
2024-09,NYT
2024-09,OC
2024-09,OGE
2024-09,OGS
2024-09,OHI
2024-09,OLED
2024-09,OLLI
2024-09,OLN
2024-09,ONB
2024-09,ONTO
2024-09,OPCH
2024-09,ORA
2024-09,ORI
2024-09,OSK
2024-09,OVV
2024-09,OZK
2024-09,PAG
2024-09,PB
2024-09,PBF
2024-09,PCH
2024-09,PCTY
2024-09,PEN
2024-09,PFGC
2024-09,PII
2024-09,PK
2024-09,PLNT
2024-09,PNFP
2024-09,PNM
2024-09,POR
2024-09,POST
2024-09,POWI
2024-09,PPC
2024-09,PR
2024-09,PRGO
2024-09,PRI
2024-09,PSN
2024-09,PSTG
2024-09,PVH
2024-09,QLYS
2024-09,R
2024-09,RBA
2024-09,RBC
2024-09,RCM
2024-09,REXR
2024-09,RGA
2024-09,RGEN
2024-09,RGLD
2024-09,RH
2024-09,RLI
2024-09,RMBS
2024-09,RNR
2024-09,ROIV
2024-09,RPM
2024-09,RRC
2024-09,RRX
2024-09,RS
2024-09,RYAN
2024-09,RYN
2024-09,SAIA
2024-09,SAIC
2024-09,SAM
2024-09,SBRA
2024-09,SCI
2024-09,SEIC
2024-09,SF
2024-09,SFM
2024-09,SHC
2024-09,SIGI
2024-09,SKX
2024-09,SLAB
2024-09,SLGN
2024-09,SLM
2024-09,SMG
2024-09,SNV
2024-09,SNX
2024-09,SON
2024-09,SR
2024-09,SRCL
2024-09,SRPT
2024-09,SSB
2024-09,SSD
2024-09,ST
2024-09,STAG
2024-09,STWD
2024-09,SWN
2024-09,SWX
2024-09,SYNA
2024-09,TCBI
2024-09,TDC
2024-09,TEX
2024-09,THC
2024-09,THG
2024-09,THO
2024-09,TKO
2024-09,TKR
2024-09,TMHC
2024-09,TNL
2024-09,TOL
2024-09,TPL
2024-09,TPX
2024-09,TREX
2024-09,TTC
2024-09,TTEK
2024-09,TXRH
2024-09,UA
2024-09,UAA
2024-09,UBSI
2024-09,UFPI
2024-09,UGI
2024-09,UMBF
2024-09,UNM
2024-09,USFD
2024-09,UTHR
2024-09,VAC
2024-09,VAL
2024-09,VC
2024-09,VLY
2024-09,VMI
2024-09,VNO
2024-09,VNOM
2024-09,VNT
2024-09,VOYA
2024-09,VSH
2024-09,VVV
2024-09,WAL
2024-09,WBS
2024-09,WCC
2024-09,WEN
2024-09,WEX
2024-09,WFRD
2024-09,WH
2024-09,WHR
2024-09,WING
2024-09,WLK
2024-09,WMG
2024-09,WMS
2024-09,WPC
2024-09,WSM
2024-09,WSO
2024-09,WTFC
2024-09,WTRG
2024-09,WTS
2024-09,WU
2024-09,WWD
2024-09,X
2024-09,XPO
2024-09,XRAY
2024-09,YETI
2024-09,ZI
2024-09,ZION
2024-10,AA
2024-10,AAL
2024-10,AAON
2024-10,ACHC
2024-10,ACM
2024-10,ADC
2024-10,AFG
2024-10,AGCO
2024-10,AIT
2024-10,ALE
2024-10,ALGM
2024-10,ALLY
2024-10,ALTM
2024-10,ALTR
2024-10,ALV
2024-10,AM
2024-10,AMED
2024-10,AMG
2024-10,AMH
2024-10,AMKR
2024-10,AN
2024-10,ANF
2024-10,APPF
2024-10,AR
2024-10,ARMK
2024-10,ARW
2024-10,ARWR
2024-10,ASB
2024-10,ASGN
2024-10,ASH
2024-10,ATR
2024-10,AVNT
2024-10,AVT
2024-10,AVTR
2024-10,AXTA
2024-10,AYI
2024-10,AZPN
2024-10,AZTA
2024-10,BC
2024-10,BCO
2024-10,BDC
2024-10,BERY
2024-10,BHF
2024-10,BIO
2024-10,BJ
2024-10,BKH
2024-10,BLD
2024-10,BLKB
2024-10,BMRN
2024-10,BRBR
2024-10,BRKR
2024-10,BRX
2024-10,BURL
2024-10,BWXT
2024-10,BYD
2024-10,CACI
2024-10,CADE
2024-10,CAR
2024-10,CASY
2024-10,CBSH
2024-10,CBT
2024-10,CC
2024-10,CCK
2024-10,CDP
2024-10,CELH
2024-10,CFR
2024-10,CG
2024-10,CGNX
2024-10,CHDN
2024-10,CHE
2024-10,CHH
2024-10,CHRD
2024-10,CHX
2024-10,CIEN
2024-10,CIVI
2024-10,CLF
2024-10,CLH
2024-10,CMC
2024-10,CNH
2024-10,CNM
2024-10,CNO
2024-10,CNX
2024-10,CNXC
2024-10,COHR
2024-10,COKE
2024-10,COLB
2024-10,COLM
2024-10,COTY
2024-10,CPRI
2024-10,CR
2024-10,CRI
2024-10,CROX
2024-10,CRUS
2024-10,CSL
2024-10,CUBE
2024-10,CUZ
2024-10,CVLT
2024-10,CW
2024-10,CXT
2024-10,CYTK
2024-10,DAR
2024-10,DBX
2024-10,DCI
2024-10,DINO
2024-10,DKS
2024-10,DLB
2024-10,DOCS
2024-10,DOCU
2024-10,DT
2024-10,DTM
2024-10,DUOL
2024-10,EEFT
2024-10,EGP
2024-10,EHC
2024-10,ELF
2024-10,ELS
2024-10,EME
2024-10,ENOV
2024-10,ENS
2024-10,ENSG
2024-10,EPR
2024-10,EQH
2024-10,ESAB
2024-10,ESNT
2024-10,EVR
2024-10,EWBC
2024-10,EXE
2024-10,EXEL
2024-10,EXLS
2024-10,EXP
2024-10,EXPO
2024-10,FAF
2024-10,FBIN
2024-10,FCFS
2024-10,FCN
2024-10,FFIN
2024-10,FHI
2024-10,FHN
2024-10,FIVE
2024-10,FIX
2024-10,FLO
2024-10,FLR
2024-10,FLS
2024-10,FN
2024-10,FNB
2024-10,FND
2024-10,FNF
2024-10,FR
2024-10,FYBR
2024-10,G
2024-10,GAP
2024-10,GATX
2024-10,GBCI
2024-10,GEF
2024-10,GGG
2024-10,GHC
2024-10,GLPI
2024-10,GME
2024-10,GMED
2024-10,GNTX
2024-10,GPK
2024-10,GT
2024-10,GTLS
2024-10,GXO
2024-10,H
2024-10,HAE
2024-10,HALO
2024-10,HGV
2024-10,HLI
2024-10,HLNE
2024-10,HOG
2024-10,HOMB
2024-10,HQY
2024-10,HR
2024-10,HRB
2024-10,HWC
2024-10,HXL
2024-10,IBKR
2024-10,IBOC
2024-10,IDA
2024-10,ILMN
2024-10,INGR
2024-10,IPGP
2024-10,IRDM
2024-10,IRT
2024-10,ITT
2024-10,JAZZ
2024-10,JEF
2024-10,JHG
2024-10,JLL
2024-10,JWN
2024-10,KBH
2024-10,KBR
2024-10,KD
2024-10,KEX
2024-10,KMPR
2024-10,KNF
2024-10,KNSL
2024-10,KNX
2024-10,KRC
2024-10,KRG
2024-10,LAD
2024-10,LAMR
2024-10,LANC
2024-10,LEA
2024-10,LECO
2024-10,LFUS
2024-10,LII
2024-10,LITE
2024-10,LIVN
2024-10,LNTH
2024-10,LNW
2024-10,LOPE
2024-10,LPX
2024-10,LSCC
2024-10,LSTR
2024-10,M
2024-10,MAN
2024-10,MANH
2024-10,MASI
2024-10,MAT
2024-10,MEDP
2024-10,MIDD
2024-10,MKSI
2024-10,MMS
2024-10,MORN
2024-10,MSA
2024-10,MSM
2024-10,MTDR
2024-10,MTG
2024-10,MTN
2024-10,MTSI
2024-10,MTZ
2024-10,MUR
2024-10,MUSA
2024-10,NBIX
2024-10,NEOG
2024-10,NEU
2024-10,NFG
2024-10,NJR
2024-10,NLY
2024-10,NNN
2024-10,NOV
2024-10,NOVT
2024-10,NSA
2024-10,NSP
2024-10,NVST
2024-10,NVT
2024-10,NWE
2024-10,NXST
2024-10,NXT
2024-10,NYCB
2024-10,NYT
2024-10,OC
2024-10,OGE
2024-10,OGS
2024-10,OHI
2024-10,OLED
2024-10,OLLI
2024-10,OLN
2024-10,ONB
2024-10,ONTO
2024-10,OPCH
2024-10,ORA
2024-10,ORI
2024-10,OSK
2024-10,OVV
2024-10,OZK
2024-10,PAG
2024-10,PB
2024-10,PBF
2024-10,PCH
2024-10,PCTY
2024-10,PEN
2024-10,PFGC
2024-10,PII
2024-10,PK
2024-10,PLNT
2024-10,PNFP
2024-10,PNM
2024-10,POR
2024-10,POST
2024-10,POWI
2024-10,PPC
2024-10,PR
2024-10,PRGO
2024-10,PRI
2024-10,PSN
2024-10,PSTG
2024-10,PVH
2024-10,QLYS
2024-10,R
2024-10,RBA
2024-10,RBC
2024-10,RCM
2024-10,REXR
2024-10,RGA
2024-10,RGEN
2024-10,RGLD
2024-10,RH
2024-10,RLI
2024-10,RMBS
2024-10,RNR
2024-10,ROIV
2024-10,RPM
2024-10,RRC
2024-10,RRX
2024-10,RS
2024-10,RYAN
2024-10,RYN
2024-10,SAIA
2024-10,SAIC
2024-10,SAM
2024-10,SBRA
2024-10,SCI
2024-10,SEIC
2024-10,SF
2024-10,SFM
2024-10,SHC
2024-10,SIGI
2024-10,SKX
2024-10,SLAB
2024-10,SLGN
2024-10,SLM
2024-10,SMG
2024-10,SNV
2024-10,SNX
2024-10,SON
2024-10,SR
2024-10,SRCL
2024-10,SRPT
2024-10,SSB
2024-10,SSD
2024-10,ST
2024-10,STAG
2024-10,STWD
2024-10,SWX
2024-10,SYNA
2024-10,TCBI
2024-10,TDC
2024-10,TEX
2024-10,THC
2024-10,THG
2024-10,THO
2024-10,TKO
2024-10,TKR
2024-10,TMHC
2024-10,TNL
2024-10,TOL
2024-10,TPL
2024-10,TPX
2024-10,TREX
2024-10,TTC
2024-10,TTEK
2024-10,TXRH
2024-10,UA
2024-10,UAA
2024-10,UBSI
2024-10,UFPI
2024-10,UGI
2024-10,UMBF
2024-10,UNM
2024-10,USFD
2024-10,UTHR
2024-10,VAC
2024-10,VAL
2024-10,VC
2024-10,VLY
2024-10,VMI
2024-10,VNO
2024-10,VNOM
2024-10,VNT
2024-10,VOYA
2024-10,VSH
2024-10,VVV
2024-10,WAL
2024-10,WBS
2024-10,WCC
2024-10,WEN
2024-10,WEX
2024-10,WFRD
2024-10,WH
2024-10,WHR
2024-10,WING
2024-10,WLK
2024-10,WMG
2024-10,WMS
2024-10,WPC
2024-10,WSM
2024-10,WSO
2024-10,WTFC
2024-10,WTRG
2024-10,WTS
2024-10,WU
2024-10,WWD
2024-10,X
2024-10,XPO
2024-10,XRAY
2024-10,YETI
2024-10,ZI
2024-10,ZION
2024-11,AA
2024-11,AAL
2024-11,AAON
2024-11,ACHC
2024-11,ACM
2024-11,ADC
2024-11,AFG
2024-11,AGCO
2024-11,AIT
2024-11,ALE
2024-11,ALGM
2024-11,ALLY
2024-11,ALTM
2024-11,ALTR
2024-11,ALV
2024-11,AM
2024-11,AMED
2024-11,AMG
2024-11,AMH
2024-11,AMKR
2024-11,AN
2024-11,ANF
2024-11,APPF
2024-11,AR
2024-11,ARMK
2024-11,ARW
2024-11,ARWR
2024-11,ASB
2024-11,ASGN
2024-11,ASH
2024-11,ATR
2024-11,AVNT
2024-11,AVT
2024-11,AVTR
2024-11,AXTA
2024-11,AYI
2024-11,AZPN
2024-11,BC
2024-11,BCO
2024-11,BDC
2024-11,BERY
2024-11,BHF
2024-11,BIO
2024-11,BJ
2024-11,BKH
2024-11,BLD
2024-11,BLKB
2024-11,BMRN
2024-11,BRBR
2024-11,BRKR
2024-11,BRX
2024-11,BURL
2024-11,BWXT
2024-11,BYD
2024-11,CACI
2024-11,CADE
2024-11,CAR
2024-11,CASY
2024-11,CBSH
2024-11,CBT
2024-11,CC
2024-11,CCK
2024-11,CDP
2024-11,CELH
2024-11,CFR
2024-11,CG
2024-11,CGNX
2024-11,CHDN
2024-11,CHE
2024-11,CHH
2024-11,CHRD
2024-11,CHWY
2024-11,CHX
2024-11,CIEN
2024-11,CIVI
2024-11,CLF
2024-11,CLH
2024-11,CMC
2024-11,CNH
2024-11,CNM
2024-11,CNO
2024-11,CNX
2024-11,CNXC
2024-11,COHR
2024-11,COKE
2024-11,COLB
2024-11,COLM
2024-11,COTY
2024-11,CPRI
2024-11,CR
2024-11,CRI
2024-11,CROX
2024-11,CRUS
2024-11,CSL
2024-11,CUBE
2024-11,CUZ
2024-11,CVLT
2024-11,CW
2024-11,CXT
2024-11,CYTK
2024-11,DAR
2024-11,DBX
2024-11,DCI
2024-11,DINO
2024-11,DKS
2024-11,DLB
2024-11,DOCS
2024-11,DOCU
2024-11,DT
2024-11,DTM
2024-11,DUOL
2024-11,EEFT
2024-11,EGP
2024-11,EHC
2024-11,ELF
2024-11,ELS
2024-11,EME
2024-11,ENOV
2024-11,ENS
2024-11,ENSG
2024-11,EPR
2024-11,EQH
2024-11,ESAB
2024-11,ESNT
2024-11,EVR
2024-11,EWBC
2024-11,EXE
2024-11,EXEL
2024-11,EXLS
2024-11,EXP
2024-11,EXPO
2024-11,FAF
2024-11,FBIN
2024-11,FCFS
2024-11,FCN
2024-11,FFIN
2024-11,FHI
2024-11,FHN
2024-11,FIVE
2024-11,FIX
2024-11,FLEX
2024-11,FLO
2024-11,FLR
2024-11,FLS
2024-11,FN
2024-11,FNB
2024-11,FND
2024-11,FNF
2024-11,FOUR
2024-11,FR
2024-11,FYBR
2024-11,G
2024-11,GAP
2024-11,GATX
2024-11,GBCI
2024-11,GEF
2024-11,GGG
2024-11,GHC
2024-11,GLPI
2024-11,GME
2024-11,GMED
2024-11,GNTX
2024-11,GPK
2024-11,GT
2024-11,GTLS
2024-11,GXO
2024-11,H
2024-11,HAE
2024-11,HALO
2024-11,HGV
2024-11,HLI
2024-11,HLNE
2024-11,HOG
2024-11,HOMB
2024-11,HQY
2024-11,HR
2024-11,HRB
2024-11,HWC
2024-11,HXL
2024-11,IBKR
2024-11,IBOC
2024-11,IDA
2024-11,ILMN
2024-11,INGR
2024-11,IPGP
2024-11,IRDM
2024-11,IRT
2024-11,ITT
2024-11,JAZZ
2024-11,JEF
2024-11,JHG
2024-11,JLL
2024-11,JWN
2024-11,KBH
2024-11,KBR
2024-11,KD
2024-11,KEX
2024-11,KMPR
2024-11,KNF
2024-11,KNSL
2024-11,KNX
2024-11,KRC
2024-11,KRG
2024-11,LAD
2024-11,LAMR
2024-11,LANC
2024-11,LEA
2024-11,LECO
2024-11,LFUS
2024-11,LII
2024-11,LITE
2024-11,LIVN
2024-11,LNTH
2024-11,LNW
2024-11,LOPE
2024-11,LPX
2024-11,LSCC
2024-11,LSTR
2024-11,M
2024-11,MAN
2024-11,MANH
2024-11,MASI
2024-11,MAT
2024-11,MEDP
2024-11,MIDD
2024-11,MKSI
2024-11,MLI
2024-11,MMS
2024-11,MORN
2024-11,MSA
2024-11,MSM
2024-11,MTDR
2024-11,MTG
2024-11,MTN
2024-11,MTSI
2024-11,MTZ
2024-11,MUR
2024-11,MUSA
2024-11,NBIX
2024-11,NEOG
2024-11,NEU
2024-11,NFG
2024-11,NJR
2024-11,NLY
2024-11,NNN
2024-11,NOV
2024-11,NOVT
2024-11,NSA
2024-11,NSP
2024-11,NVST
2024-11,NVT
2024-11,NWE
2024-11,NXST
2024-11,NXT
2024-11,NYCB
2024-11,NYT
2024-11,OC
2024-11,OGE
2024-11,OGS
2024-11,OHI
2024-11,OLED
2024-11,OLLI
2024-11,OLN
2024-11,ONB
2024-11,ONTO
2024-11,OPCH
2024-11,ORA
2024-11,ORI
2024-11,OSK
2024-11,OVV
2024-11,OZK
2024-11,PAG
2024-11,PB
2024-11,PBF
2024-11,PCH
2024-11,PCTY
2024-11,PEN
2024-11,PFGC
2024-11,PII
2024-11,PK
2024-11,PLNT
2024-11,PNFP
2024-11,PNM
2024-11,POR
2024-11,POST
2024-11,POWI
2024-11,PPC
2024-11,PR
2024-11,PRGO
2024-11,PRI
2024-11,PSN
2024-11,PSTG
2024-11,PVH
2024-11,QLYS
2024-11,R
2024-11,RBA
2024-11,RBC
2024-11,REXR
2024-11,RGA
2024-11,RGEN
2024-11,RGLD
2024-11,RH
2024-11,RLI
2024-11,RMBS
2024-11,RNR
2024-11,ROIV
2024-11,RPM
2024-11,RRC
2024-11,RRX
2024-11,RS
2024-11,RYAN
2024-11,RYN
2024-11,SAIA
2024-11,SAIC
2024-11,SAM
2024-11,SBRA
2024-11,SCI
2024-11,SEIC
2024-11,SF
2024-11,SFM
2024-11,SHC
2024-11,SIGI
2024-11,SKX
2024-11,SLAB
2024-11,SLGN
2024-11,SLM
2024-11,SMG
2024-11,SNV
2024-11,SNX
2024-11,SON
2024-11,SR
2024-11,SRPT
2024-11,SSB
2024-11,SSD
2024-11,ST
2024-11,STAG
2024-11,STWD
2024-11,SWX
2024-11,SYNA
2024-11,TCBI
2024-11,TDC
2024-11,TEX
2024-11,THC
2024-11,THG
2024-11,THO
2024-11,TKO
2024-11,TKR
2024-11,TMHC
2024-11,TNL
2024-11,TOL
2024-11,TPX
2024-11,TREX
2024-11,TTC
2024-11,TTEK
2024-11,TXRH
2024-11,UA
2024-11,UAA
2024-11,UBSI
2024-11,UFPI
2024-11,UGI
2024-11,UMBF
2024-11,UNM
2024-11,USFD
2024-11,UTHR
2024-11,VAC
2024-11,VAL
2024-11,VC
2024-11,VLY
2024-11,VMI
2024-11,VNO
2024-11,VNOM
2024-11,VNT
2024-11,VOYA
2024-11,VSH
2024-11,VVV
2024-11,WAL
2024-11,WBS
2024-11,WCC
2024-11,WEN
2024-11,WEX
2024-11,WFRD
2024-11,WH
2024-11,WHR
2024-11,WING
2024-11,WLK
2024-11,WMG
2024-11,WMS
2024-11,WPC
2024-11,WSM
2024-11,WSO
2024-11,WTFC
2024-11,WTRG
2024-11,WTS
2024-11,WU
2024-11,WWD
2024-11,X
2024-11,XPO
2024-11,XRAY
2024-11,YETI
2024-11,ZI
2024-11,ZION
2024-12,AA
2024-12,AAL
2024-12,AAON
2024-12,ACHC
2024-12,ACM
2024-12,ADC
2024-12,AFG
2024-12,AGCO
2024-12,AIT
2024-12,ALE
2024-12,ALGM
2024-12,ALLY
2024-12,ALTM
2024-12,ALTR
2024-12,ALV
2024-12,AM
2024-12,AMED
2024-12,AMG
2024-12,AMH
2024-12,AMKR
2024-12,AN
2024-12,ANF
2024-12,APPF
2024-12,AR
2024-12,ARMK
2024-12,ARW
2024-12,ARWR
2024-12,ASB
2024-12,ASGN
2024-12,ASH
2024-12,ATR
2024-12,AVNT
2024-12,AVT
2024-12,AVTR
2024-12,AXTA
2024-12,AYI
2024-12,AZPN
2024-12,BC
2024-12,BCO
2024-12,BDC
2024-12,BERY
2024-12,BHF
2024-12,BILL
2024-12,BIO
2024-12,BJ
2024-12,BKH
2024-12,BLD
2024-12,BLKB
2024-12,BMRN
2024-12,BRBR
2024-12,BRKR
2024-12,BRX
2024-12,BURL
2024-12,BWXT
2024-12,BYD
2024-12,CACI
2024-12,CADE
2024-12,CAR
2024-12,CASY
2024-12,CBSH
2024-12,CBT
2024-12,CC
2024-12,CCK
2024-12,CDP
2024-12,CELH
2024-12,CFR
2024-12,CG
2024-12,CGNX
2024-12,CHDN
2024-12,CHE
2024-12,CHH
2024-12,CHRD
2024-12,CHWY
2024-12,CHX
2024-12,CIEN
2024-12,CIVI
2024-12,CLF
2024-12,CLH
2024-12,CMC
2024-12,CNH
2024-12,CNM
2024-12,CNO
2024-12,CNX
2024-12,CNXC
2024-12,COHR
2024-12,COKE
2024-12,COLB
2024-12,COLM
2024-12,COTY
2024-12,CPRI
2024-12,CR
2024-12,CRI
2024-12,CROX
2024-12,CRUS
2024-12,CSL
2024-12,CUBE
2024-12,CUZ
2024-12,CVLT
2024-12,CW
2024-12,CXT
2024-12,CYTK
2024-12,DAR
2024-12,DBX
2024-12,DCI
2024-12,DINO
2024-12,DKS
2024-12,DLB
2024-12,DOCS
2024-12,DOCU
2024-12,DT
2024-12,DTM
2024-12,DUOL
2024-12,EEFT
2024-12,EGP
2024-12,EHC
2024-12,ELF
2024-12,ELS
2024-12,EME
2024-12,ENOV
2024-12,ENS
2024-12,ENSG
2024-12,EPR
2024-12,EQH
2024-12,ESAB
2024-12,ESNT
2024-12,EVR
2024-12,EWBC
2024-12,EXE
2024-12,EXEL
2024-12,EXLS
2024-12,EXP
2024-12,EXPO
2024-12,FAF
2024-12,FBIN
2024-12,FCFS
2024-12,FCN
2024-12,FFIN
2024-12,FHI
2024-12,FHN
2024-12,FIVE
2024-12,FIX
2024-12,FLEX
2024-12,FLO
2024-12,FLR
2024-12,FLS
2024-12,FN
2024-12,FNB
2024-12,FND
2024-12,FNF
2024-12,FOUR
2024-12,FR
2024-12,FYBR
2024-12,G
2024-12,GAP
2024-12,GATX
2024-12,GBCI
2024-12,GEF
2024-12,GGG
2024-12,GHC
2024-12,GLPI
2024-12,GME
2024-12,GMED
2024-12,GNTX
2024-12,GPK
2024-12,GT
2024-12,GTLS
2024-12,GXO
2024-12,H
2024-12,HAE
2024-12,HALO
2024-12,HGV
2024-12,HLI
2024-12,HLNE
2024-12,HOG
2024-12,HOMB
2024-12,HQY
2024-12,HR
2024-12,HRB
2024-12,HWC
2024-12,HXL
2024-12,IBKR
2024-12,IBOC
2024-12,IDA
2024-12,ILMN
2024-12,INGR
2024-12,IPGP
2024-12,IRDM
2024-12,IRT
2024-12,ITT
2024-12,JAZZ
2024-12,JEF
2024-12,JHG
2024-12,JLL
2024-12,JWN
2024-12,KBH
2024-12,KBR
2024-12,KD
2024-12,KEX
2024-12,KMPR
2024-12,KNF
2024-12,KNSL
2024-12,KNX
2024-12,KRC
2024-12,KRG
2024-12,LAD
2024-12,LAMR
2024-12,LANC
2024-12,LEA
2024-12,LECO
2024-12,LFUS
2024-12,LITE
2024-12,LIVN
2024-12,LNTH
2024-12,LNW
2024-12,LOPE
2024-12,LPX
2024-12,LSCC
2024-12,LSTR
2024-12,M
2024-12,MAN
2024-12,MANH
2024-12,MASI
2024-12,MAT
2024-12,MEDP
2024-12,MIDD
2024-12,MKSI
2024-12,MLI
2024-12,MMS
2024-12,MORN
2024-12,MSA
2024-12,MSM
2024-12,MTDR
2024-12,MTG
2024-12,MTN
2024-12,MTSI
2024-12,MTZ
2024-12,MUR
2024-12,MUSA
2024-12,NBIX
2024-12,NEOG
2024-12,NEU
2024-12,NFG
2024-12,NJR
2024-12,NLY
2024-12,NNN
2024-12,NOV
2024-12,NOVT
2024-12,NSA
2024-12,NSP
2024-12,NVST
2024-12,NVT
2024-12,NWE
2024-12,NXST
2024-12,NXT
2024-12,NYCB
2024-12,NYT
2024-12,OC
2024-12,OGE
2024-12,OGS
2024-12,OHI
2024-12,OLED
2024-12,OLLI
2024-12,OLN
2024-12,ONB
2024-12,ONTO
2024-12,OPCH
2024-12,ORA
2024-12,ORI
2024-12,OSK
2024-12,OVV
2024-12,OZK
2024-12,PAG
2024-12,PB
2024-12,PBF
2024-12,PCH
2024-12,PCTY
2024-12,PEN
2024-12,PFGC
2024-12,PII
2024-12,PK
2024-12,PLNT
2024-12,PNFP
2024-12,PNM
2024-12,POR
2024-12,POST
2024-12,POWI
2024-12,PPC
2024-12,PR
2024-12,PRGO
2024-12,PRI
2024-12,PSN
2024-12,PSTG
2024-12,PVH
2024-12,QLYS
2024-12,R
2024-12,RBA
2024-12,RBC
2024-12,REXR
2024-12,RGA
2024-12,RGEN
2024-12,RGLD
2024-12,RH
2024-12,RLI
2024-12,RMBS
2024-12,RNR
2024-12,ROIV
2024-12,RPM
2024-12,RRC
2024-12,RRX
2024-12,RS
2024-12,RYAN
2024-12,RYN
2024-12,SAIA
2024-12,SAIC
2024-12,SAM
2024-12,SBRA
2024-12,SCI
2024-12,SEIC
2024-12,SF
2024-12,SFM
2024-12,SHC
2024-12,SIGI
2024-12,SKX
2024-12,SLAB
2024-12,SLGN
2024-12,SLM
2024-12,SMG
2024-12,SNV
2024-12,SNX
2024-12,SON
2024-12,SR
2024-12,SRPT
2024-12,SSB
2024-12,SSD
2024-12,ST
2024-12,STAG
2024-12,STWD
2024-12,SWX
2024-12,SYNA
2024-12,TCBI
2024-12,TDC
2024-12,TEX
2024-12,THC
2024-12,THG
2024-12,THO
2024-12,TKO
2024-12,TKR
2024-12,TMHC
2024-12,TNL
2024-12,TOL
2024-12,TPX
2024-12,TREX
2024-12,TTC
2024-12,TTEK
2024-12,TXRH
2024-12,UA
2024-12,UAA
2024-12,UBSI
2024-12,UFPI
2024-12,UGI
2024-12,UMBF
2024-12,UNM
2024-12,USFD
2024-12,UTHR
2024-12,VAC
2024-12,VAL
2024-12,VC
2024-12,VLY
2024-12,VMI
2024-12,VNO
2024-12,VNOM
2024-12,VNT
2024-12,VOYA
2024-12,VSH
2024-12,VVV
2024-12,WAL
2024-12,WBS
2024-12,WCC
2024-12,WEN
2024-12,WEX
2024-12,WFRD
2024-12,WH
2024-12,WHR
2024-12,WING
2024-12,WLK
2024-12,WMG
2024-12,WMS
2024-12,WPC
2024-12,WSM
2024-12,WSO
2024-12,WTFC
2024-12,WTRG
2024-12,WTS
2024-12,WU
2024-12,WWD
2024-12,X
2024-12,XPO
2024-12,XRAY
2024-12,YETI
2024-12,ZI
2024-12,ZION
2025-01,AA
2025-01,AAL
2025-01,AAON
2025-01,ACHC
2025-01,ACM
2025-01,ADC
2025-01,AFG
2025-01,AGCO
2025-01,AIT
2025-01,ALE
2025-01,ALGM
2025-01,ALLY
2025-01,ALTM
2025-01,ALTR
2025-01,ALV
2025-01,AM
2025-01,AMED
2025-01,AMG
2025-01,AMH
2025-01,AMKR
2025-01,AN
2025-01,ANF
2025-01,APPF
2025-01,AR
2025-01,ARMK
2025-01,ARW
2025-01,ASB
2025-01,ASGN
2025-01,ASH
2025-01,ATR
2025-01,AVNT
2025-01,AVT
2025-01,AVTR
2025-01,AXTA
2025-01,AYI
2025-01,AZPN
2025-01,BC
2025-01,BCO
2025-01,BDC
2025-01,BERY
2025-01,BHF
2025-01,BILL
2025-01,BIO
2025-01,BJ
2025-01,BKH
2025-01,BLD
2025-01,BLKB
2025-01,BMRN
2025-01,BRBR
2025-01,BRKR
2025-01,BRX
2025-01,BURL
2025-01,BWXT
2025-01,BYD
2025-01,CACI
2025-01,CADE
2025-01,CAR
2025-01,CART
2025-01,CASY
2025-01,CBSH
2025-01,CBT
2025-01,CC
2025-01,CCK
2025-01,CDP
2025-01,CELH
2025-01,CFR
2025-01,CG
2025-01,CGNX
2025-01,CHDN
2025-01,CHE
2025-01,CHH
2025-01,CHRD
2025-01,CHWY
2025-01,CHX
2025-01,CIEN
2025-01,CIVI
2025-01,CLF
2025-01,CLH
2025-01,CMA
2025-01,CMC
2025-01,CNH
2025-01,CNM
2025-01,CNO
2025-01,CNX
2025-01,CNXC
2025-01,COHR
2025-01,COKE
2025-01,COLB
2025-01,COLM
2025-01,COTY
2025-01,CPRI
2025-01,CR
2025-01,CROX
2025-01,CRS
2025-01,CRUS
2025-01,CSL
2025-01,CUBE
2025-01,CUZ
2025-01,CVLT
2025-01,CW
2025-01,CXT
2025-01,CYTK
2025-01,DAR
2025-01,DBX
2025-01,DCI
2025-01,DINO
2025-01,DKS
2025-01,DLB
2025-01,DOCS
2025-01,DOCU
2025-01,DT
2025-01,DTM
2025-01,DUOL
2025-01,EEFT
2025-01,EGP
2025-01,EHC
2025-01,ELF
2025-01,ELS
2025-01,EME
2025-01,ENS
2025-01,ENSG
2025-01,EPR
2025-01,EQH
2025-01,ESAB
2025-01,ESNT
2025-01,EVR
2025-01,EWBC
2025-01,EXE
2025-01,EXEL
2025-01,EXLS
2025-01,EXP
2025-01,EXPO
2025-01,FAF
2025-01,FBIN
2025-01,FCFS
2025-01,FCN
2025-01,FFIN
2025-01,FHI
2025-01,FHN
2025-01,FIVE
2025-01,FIX
2025-01,FLEX
2025-01,FLG
2025-01,FLO
2025-01,FLR
2025-01,FLS
2025-01,FN
2025-01,FNB
2025-01,FND
2025-01,FNF
2025-01,FOUR
2025-01,FR
2025-01,FYBR
2025-01,G
2025-01,GAP
2025-01,GATX
2025-01,GBCI
2025-01,GEF
2025-01,GGG
2025-01,GHC
2025-01,GLPI
2025-01,GME
2025-01,GMED
2025-01,GNTX
2025-01,GPK
2025-01,GT
2025-01,GTLS
2025-01,GWRE
2025-01,GXO
2025-01,H
2025-01,HAE
2025-01,HALO
2025-01,HGV
2025-01,HLI
2025-01,HLNE
2025-01,HOG
2025-01,HOMB
2025-01,HQY
2025-01,HR
2025-01,HRB
2025-01,HWC
2025-01,HXL
2025-01,IBKR
2025-01,IBOC
2025-01,IDA
2025-01,ILMN
2025-01,INGR
2025-01,IPGP
2025-01,IRDM
2025-01,IRT
2025-01,ITT
2025-01,JAZZ
2025-01,JEF
2025-01,JHG
2025-01,JLL
2025-01,JWN
2025-01,KBH
2025-01,KBR
2025-01,KD
2025-01,KEX
2025-01,KMPR
2025-01,KNF
2025-01,KNSL
2025-01,KNX
2025-01,KRC
2025-01,KRG
2025-01,LAD
2025-01,LAMR
2025-01,LANC
2025-01,LEA
2025-01,LECO
2025-01,LFUS
2025-01,LITE
2025-01,LIVN
2025-01,LNTH
2025-01,LNW
2025-01,LOPE
2025-01,LPX
2025-01,LSCC
2025-01,LSTR
2025-01,M
2025-01,MAN
2025-01,MANH
2025-01,MASI
2025-01,MAT
2025-01,MEDP
2025-01,MIDD
2025-01,MKSI
2025-01,MLI
2025-01,MMS
2025-01,MORN
2025-01,MSA
2025-01,MSM
2025-01,MTDR
2025-01,MTG
2025-01,MTN
2025-01,MTSI
2025-01,MTZ
2025-01,MUR
2025-01,MUSA
2025-01,NBIX
2025-01,NEOG
2025-01,NEU
2025-01,NFG
2025-01,NJR
2025-01,NLY
2025-01,NNN
2025-01,NOV
2025-01,NOVT
2025-01,NSA
2025-01,NSP
2025-01,NVST
2025-01,NVT
2025-01,NWE
2025-01,NXST
2025-01,NXT
2025-01,NYT
2025-01,OC
2025-01,OGE
2025-01,OGS
2025-01,OHI
2025-01,OLED
2025-01,OLLI
2025-01,OLN
2025-01,ONB
2025-01,ONTO
2025-01,OPCH
2025-01,ORA
2025-01,ORI
2025-01,OSK
2025-01,OVV
2025-01,OZK
2025-01,PAG
2025-01,PB
2025-01,PBF
2025-01,PCH
2025-01,PCTY
2025-01,PEN
2025-01,PFGC
2025-01,PII
2025-01,PK
2025-01,PLNT
2025-01,PNFP
2025-01,POR
2025-01,POST
2025-01,POWI
2025-01,PPC
2025-01,PR
2025-01,PRGO
2025-01,PRI
2025-01,PSN
2025-01,PSTG
2025-01,PVH
2025-01,QLYS
2025-01,R
2025-01,RBA
2025-01,RBC
2025-01,REXR
2025-01,RGA
2025-01,RGEN
2025-01,RGLD
2025-01,RH
2025-01,RLI
2025-01,RMBS
2025-01,RNR
2025-01,ROIV
2025-01,RPM
2025-01,RRC
2025-01,RRX
2025-01,RS
2025-01,RYAN
2025-01,RYN
2025-01,SAIA
2025-01,SAIC
2025-01,SAM
2025-01,SBRA
2025-01,SCI
2025-01,SEIC
2025-01,SF
2025-01,SFM
2025-01,SHC
2025-01,SIGI
2025-01,SKX
2025-01,SLAB
2025-01,SLGN
2025-01,SLM
2025-01,SMG
2025-01,SNV
2025-01,SNX
2025-01,SON
2025-01,SR
2025-01,SRPT
2025-01,SSB
2025-01,SSD
2025-01,ST
2025-01,STAG
2025-01,STWD
2025-01,SWX
2025-01,SYNA
2025-01,TCBI
2025-01,TDC
2025-01,TEX
2025-01,THC
2025-01,THG
2025-01,THO
2025-01,TKO
2025-01,TKR
2025-01,TMHC
2025-01,TNL
2025-01,TOL
2025-01,TPX
2025-01,TREX
2025-01,TTC
2025-01,TTEK
2025-01,TXNM
2025-01,TXRH
2025-01,UA
2025-01,UAA
2025-01,UBSI
2025-01,UFPI
2025-01,UGI
2025-01,UMBF
2025-01,UNM
2025-01,USFD
2025-01,UTHR
2025-01,VAC
2025-01,VAL
2025-01,VC
2025-01,VLY
2025-01,VMI
2025-01,VNO
2025-01,VNOM
2025-01,VNT
2025-01,VOYA
2025-01,VVV
2025-01,WAL
2025-01,WBS
2025-01,WCC
2025-01,WEN
2025-01,WEX
2025-01,WFRD
2025-01,WH
2025-01,WHR
2025-01,WING
2025-01,WLK
2025-01,WMG
2025-01,WMS
2025-01,WPC
2025-01,WSM
2025-01,WSO
2025-01,WTFC
2025-01,WTRG
2025-01,WTS
2025-01,WU
2025-01,WWD
2025-01,X
2025-01,XPO
2025-01,XRAY
2025-01,YETI
2025-01,ZI
2025-01,ZION
2025-02,AA
2025-02,AAL
2025-02,AAON
2025-02,ACHC
2025-02,ACM
2025-02,ADC
2025-02,AFG
2025-02,AGCO
2025-02,AIT
2025-02,ALE
2025-02,ALGM
2025-02,ALLY
2025-02,ALTM
2025-02,ALTR
2025-02,ALV
2025-02,AM
2025-02,AMED
2025-02,AMG
2025-02,AMH
2025-02,AMKR
2025-02,AN
2025-02,ANF
2025-02,APPF
2025-02,AR
2025-02,ARMK
2025-02,ARW
2025-02,ASB
2025-02,ASGN
2025-02,ASH
2025-02,ATR
2025-02,AVNT
2025-02,AVT
2025-02,AVTR
2025-02,AXTA
2025-02,AYI
2025-02,AZPN
2025-02,BC
2025-02,BCO
2025-02,BDC
2025-02,BERY
2025-02,BHF
2025-02,BILL
2025-02,BIO
2025-02,BJ
2025-02,BKH
2025-02,BLD
2025-02,BLKB
2025-02,BMRN
2025-02,BRBR
2025-02,BRKR
2025-02,BRX
2025-02,BURL
2025-02,BWXT
2025-02,BYD
2025-02,CACI
2025-02,CADE
2025-02,CAR
2025-02,CART
2025-02,CASY
2025-02,CBSH
2025-02,CBT
2025-02,CC
2025-02,CCK
2025-02,CDP
2025-02,CELH
2025-02,CFR
2025-02,CG
2025-02,CGNX
2025-02,CHDN
2025-02,CHE
2025-02,CHH
2025-02,CHRD
2025-02,CHWY
2025-02,CHX
2025-02,CIEN
2025-02,CIVI
2025-02,CLF
2025-02,CLH
2025-02,CMA
2025-02,CMC
2025-02,CNH
2025-02,CNM
2025-02,CNO
2025-02,CNX
2025-02,CNXC
2025-02,COHR
2025-02,COKE
2025-02,COLB
2025-02,COLM
2025-02,COTY
2025-02,CPRI
2025-02,CR
2025-02,CROX
2025-02,CRS
2025-02,CRUS
2025-02,CSL
2025-02,CUBE
2025-02,CUZ
2025-02,CVLT
2025-02,CW
2025-02,CXT
2025-02,CYTK
2025-02,DAR
2025-02,DBX
2025-02,DCI
2025-02,DINO
2025-02,DKS
2025-02,DLB
2025-02,DOCS
2025-02,DOCU
2025-02,DT
2025-02,DTM
2025-02,DUOL
2025-02,EEFT
2025-02,EGP
2025-02,EHC
2025-02,ELF
2025-02,ELS
2025-02,EME
2025-02,ENS
2025-02,ENSG
2025-02,EPR
2025-02,EQH
2025-02,ESAB
2025-02,ESNT
2025-02,EVR
2025-02,EWBC
2025-02,EXE
2025-02,EXEL
2025-02,EXLS
2025-02,EXP
2025-02,EXPO
2025-02,FAF
2025-02,FBIN
2025-02,FCFS
2025-02,FCN
2025-02,FFIN
2025-02,FHI
2025-02,FHN
2025-02,FIVE
2025-02,FIX
2025-02,FLEX
2025-02,FLG
2025-02,FLO
2025-02,FLR
2025-02,FLS
2025-02,FN
2025-02,FNB
2025-02,FND
2025-02,FNF
2025-02,FOUR
2025-02,FR
2025-02,FYBR
2025-02,G
2025-02,GAP
2025-02,GATX
2025-02,GBCI
2025-02,GEF
2025-02,GGG
2025-02,GHC
2025-02,GLPI
2025-02,GME
2025-02,GMED
2025-02,GNTX
2025-02,GPK
2025-02,GT
2025-02,GTLS
2025-02,GWRE
2025-02,GXO
2025-02,H
2025-02,HAE
2025-02,HALO
2025-02,HGV
2025-02,HLI
2025-02,HLNE
2025-02,HOG
2025-02,HOMB
2025-02,HQY
2025-02,HR
2025-02,HRB
2025-02,HWC
2025-02,HXL
2025-02,IBKR
2025-02,IBOC
2025-02,IDA
2025-02,ILMN
2025-02,INGR
2025-02,IPGP
2025-02,IRDM
2025-02,IRT
2025-02,ITT
2025-02,JAZZ
2025-02,JEF
2025-02,JHG
2025-02,JLL
2025-02,JWN
2025-02,KBH
2025-02,KBR
2025-02,KD
2025-02,KEX
2025-02,KMPR
2025-02,KNF
2025-02,KNSL
2025-02,KNX
2025-02,KRC
2025-02,KRG
2025-02,LAD
2025-02,LAMR
2025-02,LANC
2025-02,LEA
2025-02,LECO
2025-02,LFUS
2025-02,LITE
2025-02,LIVN
2025-02,LNTH
2025-02,LNW
2025-02,LOPE
2025-02,LPX
2025-02,LSCC
2025-02,LSTR
2025-02,M
2025-02,MAN
2025-02,MANH
2025-02,MASI
2025-02,MAT
2025-02,MEDP
2025-02,MIDD
2025-02,MKSI
2025-02,MLI
2025-02,MMS
2025-02,MORN
2025-02,MSA
2025-02,MSM
2025-02,MTDR
2025-02,MTG
2025-02,MTN
2025-02,MTSI
2025-02,MTZ
2025-02,MUR
2025-02,MUSA
2025-02,NBIX
2025-02,NEOG
2025-02,NEU
2025-02,NFG
2025-02,NJR
2025-02,NLY
2025-02,NNN
2025-02,NOV
2025-02,NOVT
2025-02,NSA
2025-02,NSP
2025-02,NVST
2025-02,NVT
2025-02,NWE
2025-02,NXST
2025-02,NXT
2025-02,NYT
2025-02,OC
2025-02,OGE
2025-02,OGS
2025-02,OHI
2025-02,OLED
2025-02,OLLI
2025-02,OLN
2025-02,ONB
2025-02,ONTO
2025-02,OPCH
2025-02,ORA
2025-02,ORI
2025-02,OSK
2025-02,OVV
2025-02,OZK
2025-02,PAG
2025-02,PB
2025-02,PBF
2025-02,PCH
2025-02,PCTY
2025-02,PEN
2025-02,PFGC
2025-02,PII
2025-02,PK
2025-02,PLNT
2025-02,PNFP
2025-02,POR
2025-02,POST
2025-02,POWI
2025-02,PPC
2025-02,PR
2025-02,PRGO
2025-02,PRI
2025-02,PSN
2025-02,PSTG
2025-02,PVH
2025-02,QLYS
2025-02,R
2025-02,RBA
2025-02,RBC
2025-02,REXR
2025-02,RGA
2025-02,RGEN
2025-02,RGLD
2025-02,RH
2025-02,RLI
2025-02,RMBS
2025-02,RNR
2025-02,ROIV
2025-02,RPM
2025-02,RRC
2025-02,RRX
2025-02,RS
2025-02,RYAN
2025-02,RYN
2025-02,SAIA
2025-02,SAIC
2025-02,SAM
2025-02,SBRA
2025-02,SCI
2025-02,SEIC
2025-02,SF
2025-02,SFM
2025-02,SHC
2025-02,SIGI
2025-02,SKX
2025-02,SLAB
2025-02,SLGN
2025-02,SLM
2025-02,SMG
2025-02,SNV
2025-02,SNX
2025-02,SON
2025-02,SR
2025-02,SRPT
2025-02,SSB
2025-02,SSD
2025-02,ST
2025-02,STAG
2025-02,STWD
2025-02,SWX
2025-02,SYNA
2025-02,TCBI
2025-02,TDC
2025-02,TEX
2025-02,THC
2025-02,THG
2025-02,THO
2025-02,TKO
2025-02,TKR
2025-02,TMHC
2025-02,TNL
2025-02,TOL
2025-02,TPX
2025-02,TREX
2025-02,TTC
2025-02,TTEK
2025-02,TXNM
2025-02,TXRH
2025-02,UA
2025-02,UAA
2025-02,UBSI
2025-02,UFPI
2025-02,UGI
2025-02,UMBF
2025-02,UNM
2025-02,USFD
2025-02,UTHR
2025-02,VAC
2025-02,VAL
2025-02,VC
2025-02,VLY
2025-02,VMI
2025-02,VNO
2025-02,VNOM
2025-02,VNT
2025-02,VOYA
2025-02,VVV
2025-02,WAL
2025-02,WBS
2025-02,WCC
2025-02,WEN
2025-02,WEX
2025-02,WFRD
2025-02,WH
2025-02,WHR
2025-02,WING
2025-02,WLK
2025-02,WMG
2025-02,WMS
2025-02,WPC
2025-02,WSM
2025-02,WSO
2025-02,WTFC
2025-02,WTRG
2025-02,WTS
2025-02,WU
2025-02,WWD
2025-02,X
2025-02,XPO
2025-02,XRAY
2025-02,YETI
2025-02,ZI
2025-02,ZION
2025-03,AA
2025-03,AAL
2025-03,AAON
2025-03,ACHC
2025-03,ACI
2025-03,ACM
2025-03,ADC
2025-03,AFG
2025-03,AGCO
2025-03,AIT
2025-03,ALE
2025-03,ALGM
2025-03,ALK
2025-03,ALLY
2025-03,ALV
2025-03,AM
2025-03,AMED
2025-03,AMG
2025-03,AMH
2025-03,AMKR
2025-03,AN
2025-03,ANF
2025-03,APPF
2025-03,AR
2025-03,ARMK
2025-03,ARW
2025-03,ASB
2025-03,ASGN
2025-03,ASH
2025-03,ATI
2025-03,ATR
2025-03,AVNT
2025-03,AVT
2025-03,AVTR
2025-03,AXTA
2025-03,AYI
2025-03,BBWI
2025-03,BC
2025-03,BCO
2025-03,BDC
2025-03,BERY
2025-03,BHF
2025-03,BILL
2025-03,BIO
2025-03,BJ
2025-03,BKH
2025-03,BLD
2025-03,BLKB
2025-03,BMRN
2025-03,BRBR
2025-03,BRKR
2025-03,BRX
2025-03,BURL
2025-03,BWXT
2025-03,BYD
2025-03,CACI
2025-03,CADE
2025-03,CAR
2025-03,CART
2025-03,CASY
2025-03,CAVA
2025-03,CBSH
2025-03,CBT
2025-03,CCK
2025-03,CDP
2025-03,CELH
2025-03,CFR
2025-03,CG
2025-03,CGNX
2025-03,CHDN
2025-03,CHE
2025-03,CHH
2025-03,CHRD
2025-03,CHWY
2025-03,CHX
2025-03,CIEN
2025-03,CIVI
2025-03,CLF
2025-03,CLH
2025-03,CMA
2025-03,CMC
2025-03,CNH
2025-03,CNM
2025-03,CNO
2025-03,CNX
2025-03,CNXC
2025-03,COHR
2025-03,COKE
2025-03,COLB
2025-03,COLM
2025-03,COTY
2025-03,CPRI
2025-03,CR
2025-03,CROX
2025-03,CRS
2025-03,CRUS
2025-03,CSL
2025-03,CUBE
2025-03,CUZ
2025-03,CVLT
2025-03,CW
2025-03,CXT
2025-03,CYTK
2025-03,DAR
2025-03,DBX
2025-03,DCI
2025-03,DINO
2025-03,DKS
2025-03,DLB
2025-03,DOCS
2025-03,DOCU
2025-03,DT
2025-03,DTM
2025-03,DUOL
2025-03,EEFT
2025-03,EGP
2025-03,EHC
2025-03,ELF
2025-03,ELS
2025-03,EME
2025-03,ENS
2025-03,ENSG
2025-03,ENTG
2025-03,EPR
2025-03,EQH
2025-03,ESAB
2025-03,ESNT
2025-03,EVR
2025-03,EWBC
2025-03,EXEL
2025-03,EXLS
2025-03,EXP
2025-03,EXPO
2025-03,FAF
2025-03,FBIN
2025-03,FCFS
2025-03,FCN
2025-03,FFIN
2025-03,FHI
2025-03,FHN
2025-03,FIVE
2025-03,FIX
2025-03,FLEX
2025-03,FLG
2025-03,FLO
2025-03,FLR
2025-03,FLS
2025-03,FN
2025-03,FNB
2025-03,FND
2025-03,FNF
2025-03,FOUR
2025-03,FR
2025-03,FYBR
2025-03,G
2025-03,GAP
2025-03,GATX
2025-03,GBCI
2025-03,GEF
2025-03,GGG
2025-03,GHC
2025-03,GLPI
2025-03,GME
2025-03,GMED
2025-03,GNTX
2025-03,GPK
2025-03,GT
2025-03,GTLS
2025-03,GWRE
2025-03,GXO
2025-03,H
2025-03,HAE
2025-03,HALO
2025-03,HGV
2025-03,HIMS
2025-03,HLI
2025-03,HLNE
2025-03,HOG
2025-03,HOMB
2025-03,HQY
2025-03,HR
2025-03,HRB
2025-03,HWC
2025-03,HXL
2025-03,IBKR
2025-03,IBOC
2025-03,IDA
2025-03,ILMN
2025-03,INGR
2025-03,IPGP
2025-03,IRDM
2025-03,IRT
2025-03,ITT
2025-03,JAZZ
2025-03,JEF
2025-03,JHG
2025-03,JLL
2025-03,JWN
2025-03,KBH
2025-03,KBR
2025-03,KD
2025-03,KEX
2025-03,KMPR
2025-03,KNF
2025-03,KNSL
2025-03,KNX
2025-03,KRC
2025-03,KRG
2025-03,LAD
2025-03,LAMR
2025-03,LANC
2025-03,LEA
2025-03,LECO
2025-03,LFUS
2025-03,LITE
2025-03,LIVN
2025-03,LNTH
2025-03,LNW
2025-03,LOPE
2025-03,LPX
2025-03,LSCC
2025-03,LSTR
2025-03,M
2025-03,MAN
2025-03,MANH
2025-03,MASI
2025-03,MAT
2025-03,MEDP
2025-03,MIDD
2025-03,MKSI
2025-03,MLI
2025-03,MMS
2025-03,MORN
2025-03,MSA
2025-03,MSM
2025-03,MTDR
2025-03,MTG
2025-03,MTN
2025-03,MTSI
2025-03,MTZ
2025-03,MUR
2025-03,MUSA
2025-03,NBIX
2025-03,NEU
2025-03,NFG
2025-03,NJR
2025-03,NLY
2025-03,NNN
2025-03,NOV
2025-03,NOVT
2025-03,NSA
2025-03,NSP
2025-03,NVST
2025-03,NVT
2025-03,NWE
2025-03,NXST
2025-03,NXT
2025-03,NYT
2025-03,OC
2025-03,OGE
2025-03,OGS
2025-03,OHI
2025-03,OLED
2025-03,OLLI
2025-03,OLN
2025-03,ONB
2025-03,ONTO
2025-03,OPCH
2025-03,ORA
2025-03,ORI
2025-03,OSK
2025-03,OVV
2025-03,OZK
2025-03,PAG
2025-03,PB
2025-03,PBF
2025-03,PCH
2025-03,PCTY
2025-03,PEN
2025-03,PFGC
2025-03,PII
2025-03,PK
2025-03,PLNT
2025-03,PNFP
2025-03,POR
2025-03,POST
2025-03,POWI
2025-03,PPC
2025-03,PR
2025-03,PRGO
2025-03,PRI
2025-03,PSN
2025-03,PSTG
2025-03,PVH
2025-03,QLYS
2025-03,R
2025-03,RBA
2025-03,RBC
2025-03,REXR
2025-03,RGA
2025-03,RGEN
2025-03,RGLD
2025-03,RH
2025-03,RLI
2025-03,RMBS
2025-03,RNR
2025-03,ROIV
2025-03,RPM
2025-03,RRC
2025-03,RRX
2025-03,RS
2025-03,RYAN
2025-03,RYN
2025-03,SAIA
2025-03,SAIC
2025-03,SAM
2025-03,SATS
2025-03,SBRA
2025-03,SCI
2025-03,SEIC
2025-03,SF
2025-03,SFM
2025-03,SGI
2025-03,SHC
2025-03,SIGI
2025-03,SKX
2025-03,SLAB
2025-03,SLGN
2025-03,SLM
2025-03,SMG
2025-03,SNV
2025-03,SNX
2025-03,SON
2025-03,SR
2025-03,SRPT
2025-03,SSB
2025-03,SSD
2025-03,ST
2025-03,STAG
2025-03,STWD
2025-03,SWX
2025-03,SYNA
2025-03,TCBI
2025-03,TEX
2025-03,THC
2025-03,THG
2025-03,THO
2025-03,TKR
2025-03,TMHC
2025-03,TNL
2025-03,TOL
2025-03,TREX
2025-03,TTC
2025-03,TTEK
2025-03,TXNM
2025-03,TXRH
2025-03,UA
2025-03,UAA
2025-03,UBSI
2025-03,UFPI
2025-03,UGI
2025-03,UMBF
2025-03,UNM
2025-03,USFD
2025-03,UTHR
2025-03,VAC
2025-03,VAL
2025-03,VC
2025-03,VFC
2025-03,VLY
2025-03,VMI
2025-03,VNO
2025-03,VNOM
2025-03,VNT
2025-03,VOYA
2025-03,VVV
2025-03,WAL
2025-03,WBS
2025-03,WCC
2025-03,WEN
2025-03,WEX
2025-03,WFRD
2025-03,WH
2025-03,WHR
2025-03,WING
2025-03,WLK
2025-03,WMG
2025-03,WMS
2025-03,WPC
2025-03,WSO
2025-03,WTFC
2025-03,WTRG
2025-03,WTS
2025-03,WU
2025-03,WWD
2025-03,X
2025-03,XPO
2025-03,XRAY
2025-03,YETI
2025-03,ZI
2025-03,ZION
2025-04,AA
2025-04,AAL
2025-04,AAON
2025-04,ACHC
2025-04,ACI
2025-04,ACM
2025-04,ADC
2025-04,AFG
2025-04,AGCO
2025-04,AIT
2025-04,ALE
2025-04,ALGM
2025-04,ALK
2025-04,ALLY
2025-04,ALV
2025-04,AM
2025-04,AMED
2025-04,AMG
2025-04,AMH
2025-04,AMKR
2025-04,AN
2025-04,ANF
2025-04,APPF
2025-04,AR
2025-04,ARMK
2025-04,ARW
2025-04,ASB
2025-04,ASGN
2025-04,ASH
2025-04,ATI
2025-04,ATR
2025-04,AVNT
2025-04,AVT
2025-04,AVTR
2025-04,AXTA
2025-04,AYI
2025-04,BBWI
2025-04,BC
2025-04,BCO
2025-04,BDC
2025-04,BHF
2025-04,BILL
2025-04,BIO
2025-04,BJ
2025-04,BKH
2025-04,BLD
2025-04,BLKB
2025-04,BMRN
2025-04,BRBR
2025-04,BRKR
2025-04,BRX
2025-04,BURL
2025-04,BWXT
2025-04,BYD
2025-04,CACI
2025-04,CADE
2025-04,CAR
2025-04,CART
2025-04,CASY
2025-04,CAVA
2025-04,CBSH
2025-04,CBT
2025-04,CCK
2025-04,CDP
2025-04,CELH
2025-04,CFR
2025-04,CG
2025-04,CGNX
2025-04,CHDN
2025-04,CHE
2025-04,CHH
2025-04,CHRD
2025-04,CHWY
2025-04,CHX
2025-04,CIEN
2025-04,CIVI
2025-04,CLF
2025-04,CLH
2025-04,CMA
2025-04,CMC
2025-04,CNH
2025-04,CNM
2025-04,CNO
2025-04,CNX
2025-04,CNXC
2025-04,COHR
2025-04,COKE
2025-04,COLB
2025-04,COLM
2025-04,COTY
2025-04,CPRI
2025-04,CR
2025-04,CROX
2025-04,CRS
2025-04,CRUS
2025-04,CSL
2025-04,CUBE
2025-04,CUZ
2025-04,CVLT
2025-04,CW
2025-04,CXT
2025-04,CYTK
2025-04,DAR
2025-04,DBX
2025-04,DCI
2025-04,DINO
2025-04,DKS
2025-04,DLB
2025-04,DOCS
2025-04,DOCU
2025-04,DT
2025-04,DTM
2025-04,DUOL
2025-04,EEFT
2025-04,EGP
2025-04,EHC
2025-04,ELF
2025-04,ELS
2025-04,EME
2025-04,ENS
2025-04,ENSG
2025-04,ENTG
2025-04,EPR
2025-04,EQH
2025-04,ESAB
2025-04,ESNT
2025-04,EVR
2025-04,EWBC
2025-04,EXEL
2025-04,EXLS
2025-04,EXP
2025-04,EXPO
2025-04,FAF
2025-04,FBIN
2025-04,FCFS
2025-04,FCN
2025-04,FFIN
2025-04,FHI
2025-04,FHN
2025-04,FIVE
2025-04,FIX
2025-04,FLEX
2025-04,FLG
2025-04,FLO
2025-04,FLR
2025-04,FLS
2025-04,FN
2025-04,FNB
2025-04,FND
2025-04,FNF
2025-04,FOUR
2025-04,FR
2025-04,FYBR
2025-04,G
2025-04,GAP
2025-04,GATX
2025-04,GBCI
2025-04,GEF
2025-04,GGG
2025-04,GHC
2025-04,GLPI
2025-04,GME
2025-04,GMED
2025-04,GNTX
2025-04,GPK
2025-04,GT
2025-04,GTLS
2025-04,GWRE
2025-04,GXO
2025-04,H
2025-04,HAE
2025-04,HALO
2025-04,HGV
2025-04,HIMS
2025-04,HLI
2025-04,HLNE
2025-04,HOG
2025-04,HOMB
2025-04,HQY
2025-04,HR
2025-04,HRB
2025-04,HWC
2025-04,HXL
2025-04,IBKR
2025-04,IBOC
2025-04,IDA
2025-04,ILMN
2025-04,INGR
2025-04,IPGP
2025-04,IRDM
2025-04,IRT
2025-04,ITT
2025-04,JAZZ
2025-04,JEF
2025-04,JHG
2025-04,JLL
2025-04,JWN
2025-04,KBH
2025-04,KBR
2025-04,KD
2025-04,KEX
2025-04,KMPR
2025-04,KNF
2025-04,KNSL
2025-04,KNX
2025-04,KRC
2025-04,KRG
2025-04,LAD
2025-04,LAMR
2025-04,LANC
2025-04,LEA
2025-04,LECO
2025-04,LFUS
2025-04,LITE
2025-04,LIVN
2025-04,LNTH
2025-04,LNW
2025-04,LOPE
2025-04,LPX
2025-04,LSCC
2025-04,LSTR
2025-04,M
2025-04,MAN
2025-04,MANH
2025-04,MASI
2025-04,MAT
2025-04,MEDP
2025-04,MIDD
2025-04,MKSI
2025-04,MLI
2025-04,MMS
2025-04,MORN
2025-04,MSA
2025-04,MSM
2025-04,MTDR
2025-04,MTG
2025-04,MTN
2025-04,MTSI
2025-04,MTZ
2025-04,MUR
2025-04,MUSA
2025-04,NBIX
2025-04,NEU
2025-04,NFG
2025-04,NJR
2025-04,NLY
2025-04,NNN
2025-04,NOV
2025-04,NOVT
2025-04,NSA
2025-04,NSP
2025-04,NVST
2025-04,NVT
2025-04,NWE
2025-04,NXST
2025-04,NXT
2025-04,NYT
2025-04,OC
2025-04,OGE
2025-04,OGS
2025-04,OHI
2025-04,OKTA
2025-04,OLED
2025-04,OLLI
2025-04,OLN
2025-04,ONB
2025-04,ONTO
2025-04,OPCH
2025-04,ORA
2025-04,ORI
2025-04,OSK
2025-04,OVV
2025-04,OZK
2025-04,PAG
2025-04,PB
2025-04,PBF
2025-04,PCH
2025-04,PCTY
2025-04,PEN
2025-04,PFGC
2025-04,PII
2025-04,PK
2025-04,PLNT
2025-04,PNFP
2025-04,POR
2025-04,POST
2025-04,POWI
2025-04,PPC
2025-04,PR
2025-04,PRGO
2025-04,PRI
2025-04,PSN
2025-04,PSTG
2025-04,PVH
2025-04,QLYS
2025-04,R
2025-04,RBA
2025-04,RBC
2025-04,REXR
2025-04,RGA
2025-04,RGEN
2025-04,RGLD
2025-04,RH
2025-04,RLI
2025-04,RMBS
2025-04,RNR
2025-04,ROIV
2025-04,RPM
2025-04,RRC
2025-04,RRX
2025-04,RS
2025-04,RYAN
2025-04,RYN
2025-04,SAIA
2025-04,SAIC
2025-04,SAM
2025-04,SATS
2025-04,SBRA
2025-04,SCI
2025-04,SEIC
2025-04,SF
2025-04,SFM
2025-04,SGI
2025-04,SHC
2025-04,SIGI
2025-04,SKX
2025-04,SLAB
2025-04,SLGN
2025-04,SLM
2025-04,SMG
2025-04,SNV
2025-04,SNX
2025-04,SON
2025-04,SR
2025-04,SRPT
2025-04,SSB
2025-04,SSD
2025-04,ST
2025-04,STAG
2025-04,STWD
2025-04,SWX
2025-04,SYNA
2025-04,TCBI
2025-04,TEX
2025-04,THC
2025-04,THG
2025-04,THO
2025-04,TKR
2025-04,TMHC
2025-04,TNL
2025-04,TOL
2025-04,TREX
2025-04,TTC
2025-04,TTEK
2025-04,TXNM
2025-04,TXRH
2025-04,UA
2025-04,UAA
2025-04,UBSI
2025-04,UFPI
2025-04,UGI
2025-04,UMBF
2025-04,UNM
2025-04,USFD
2025-04,UTHR
2025-04,VAC
2025-04,VAL
2025-04,VC
2025-04,VFC
2025-04,VLY
2025-04,VMI
2025-04,VNO
2025-04,VNOM
2025-04,VNT
2025-04,VOYA
2025-04,VVV
2025-04,WAL
2025-04,WBS
2025-04,WCC
2025-04,WEN
2025-04,WEX
2025-04,WFRD
2025-04,WH
2025-04,WHR
2025-04,WING
2025-04,WLK
2025-04,WMG
2025-04,WMS
2025-04,WPC
2025-04,WSO
2025-04,WTFC
2025-04,WTRG
2025-04,WTS
2025-04,WU
2025-04,WWD
2025-04,X
2025-04,XPO
2025-04,XRAY
2025-04,YETI
2025-04,ZI
2025-04,ZION
2025-05,AA
2025-05,AAL
2025-05,AAON
2025-05,ACHC
2025-05,ACI
2025-05,ACM
2025-05,ADC
2025-05,AFG
2025-05,AGCO
2025-05,AIT
2025-05,ALE
2025-05,ALGM
2025-05,ALK
2025-05,ALLY
2025-05,ALV
2025-05,AM
2025-05,AMED
2025-05,AMG
2025-05,AMH
2025-05,AMKR
2025-05,AN
2025-05,ANF
2025-05,APPF
2025-05,AR
2025-05,ARMK
2025-05,ARW
2025-05,ASB
2025-05,ASGN
2025-05,ASH
2025-05,ATI
2025-05,ATR
2025-05,AVNT
2025-05,AVT
2025-05,AVTR
2025-05,AXTA
2025-05,AYI
2025-05,BBWI
2025-05,BC
2025-05,BCO
2025-05,BDC
2025-05,BHF
2025-05,BILL
2025-05,BIO
2025-05,BJ
2025-05,BKH
2025-05,BLD
2025-05,BLKB
2025-05,BMRN
2025-05,BRBR
2025-05,BRKR
2025-05,BRX
2025-05,BURL
2025-05,BWXT
2025-05,BYD
2025-05,CACI
2025-05,CADE
2025-05,CAR
2025-05,CART
2025-05,CASY
2025-05,CAVA
2025-05,CBSH
2025-05,CBT
2025-05,CCK
2025-05,CDP
2025-05,CELH
2025-05,CFR
2025-05,CG
2025-05,CGNX
2025-05,CHDN
2025-05,CHE
2025-05,CHH
2025-05,CHRD
2025-05,CHWY
2025-05,CHX
2025-05,CIEN
2025-05,CIVI
2025-05,CLF
2025-05,CLH
2025-05,CMA
2025-05,CMC
2025-05,CNH
2025-05,CNM
2025-05,CNO
2025-05,CNX
2025-05,CNXC
2025-05,COHR
2025-05,COKE
2025-05,COLB
2025-05,COLM
2025-05,COTY
2025-05,CPRI
2025-05,CR
2025-05,CROX
2025-05,CRS
2025-05,CRUS
2025-05,CSL
2025-05,CUBE
2025-05,CUZ
2025-05,CVLT
2025-05,CW
2025-05,CXT
2025-05,CYTK
2025-05,DAR
2025-05,DBX
2025-05,DCI
2025-05,DINO
2025-05,DKS
2025-05,DLB
2025-05,DOCS
2025-05,DOCU
2025-05,DT
2025-05,DTM
2025-05,DUOL
2025-05,EEFT
2025-05,EGP
2025-05,EHC
2025-05,ELF
2025-05,ELS
2025-05,EME
2025-05,ENS
2025-05,ENSG
2025-05,ENTG
2025-05,EPR
2025-05,EQH
2025-05,ESAB
2025-05,ESNT
2025-05,EVR
2025-05,EWBC
2025-05,EXEL
2025-05,EXLS
2025-05,EXP
2025-05,EXPO
2025-05,FAF
2025-05,FBIN
2025-05,FCFS
2025-05,FCN
2025-05,FFIN
2025-05,FHI
2025-05,FHN
2025-05,FIVE
2025-05,FIX
2025-05,FLEX
2025-05,FLG
2025-05,FLO
2025-05,FLR
2025-05,FLS
2025-05,FN
2025-05,FNB
2025-05,FND
2025-05,FNF
2025-05,FOUR
2025-05,FR
2025-05,FYBR
2025-05,G
2025-05,GAP
2025-05,GATX
2025-05,GBCI
2025-05,GEF
2025-05,GGG
2025-05,GHC
2025-05,GLPI
2025-05,GME
2025-05,GMED
2025-05,GNTX
2025-05,GPK
2025-05,GT
2025-05,GTLS
2025-05,GWRE
2025-05,GXO
2025-05,H
2025-05,HAE
2025-05,HALO
2025-05,HGV
2025-05,HIMS
2025-05,HLI
2025-05,HLNE
2025-05,HOG
2025-05,HOMB
2025-05,HQY
2025-05,HR
2025-05,HRB
2025-05,HWC
2025-05,HXL
2025-05,IBKR
2025-05,IBOC
2025-05,IDA
2025-05,ILMN
2025-05,INGR
2025-05,IPGP
2025-05,IRDM
2025-05,IRT
2025-05,ITT
2025-05,JAZZ
2025-05,JEF
2025-05,JHG
2025-05,JLL
2025-05,KBH
2025-05,KBR
2025-05,KD
2025-05,KEX
2025-05,KMPR
2025-05,KNF
2025-05,KNSL
2025-05,KNX
2025-05,KRC
2025-05,KRG
2025-05,LAD
2025-05,LAMR
2025-05,LANC
2025-05,LEA
2025-05,LECO
2025-05,LFUS
2025-05,LITE
2025-05,LIVN
2025-05,LNTH
2025-05,LNW
2025-05,LOPE
2025-05,LPX
2025-05,LSCC
2025-05,LSTR
2025-05,M
2025-05,MAN
2025-05,MANH
2025-05,MASI
2025-05,MAT
2025-05,MEDP
2025-05,MIDD
2025-05,MKSI
2025-05,MLI
2025-05,MMS
2025-05,MORN
2025-05,MSA
2025-05,MSM
2025-05,MTDR
2025-05,MTG
2025-05,MTN
2025-05,MTSI
2025-05,MTZ
2025-05,MUR
2025-05,MUSA
2025-05,NBIX
2025-05,NEU
2025-05,NFG
2025-05,NJR
2025-05,NLY
2025-05,NNN
2025-05,NOV
2025-05,NOVT
2025-05,NSA
2025-05,NSP
2025-05,NVST
2025-05,NVT
2025-05,NWE
2025-05,NXST
2025-05,NXT
2025-05,NYT
2025-05,OC
2025-05,OGE
2025-05,OGS
2025-05,OHI
2025-05,OKTA
2025-05,OLED
2025-05,OLLI
2025-05,OLN
2025-05,ONB
2025-05,ONTO
2025-05,OPCH
2025-05,ORA
2025-05,ORI
2025-05,OSK
2025-05,OVV
2025-05,OZK
2025-05,PAG
2025-05,PB
2025-05,PBF
2025-05,PCH
2025-05,PCTY
2025-05,PEGA
2025-05,PEN
2025-05,PFGC
2025-05,PII
2025-05,PK
2025-05,PLNT
2025-05,PNFP
2025-05,POR
2025-05,POST
2025-05,POWI
2025-05,PPC
2025-05,PR
2025-05,PRGO
2025-05,PRI
2025-05,PSN
2025-05,PSTG
2025-05,PVH
2025-05,QLYS
2025-05,R
2025-05,RBA
2025-05,RBC
2025-05,REXR
2025-05,RGA
2025-05,RGEN
2025-05,RGLD
2025-05,RH
2025-05,RLI
2025-05,RMBS
2025-05,RNR
2025-05,ROIV
2025-05,RPM
2025-05,RRC
2025-05,RRX
2025-05,RS
2025-05,RYAN
2025-05,RYN
2025-05,SAIA
2025-05,SAIC
2025-05,SAM
2025-05,SATS
2025-05,SBRA
2025-05,SCI
2025-05,SEIC
2025-05,SF
2025-05,SFM
2025-05,SGI
2025-05,SHC
2025-05,SIGI
2025-05,SKX
2025-05,SLAB
2025-05,SLGN
2025-05,SLM
2025-05,SMG
2025-05,SNV
2025-05,SNX
2025-05,SON
2025-05,SR
2025-05,SRPT
2025-05,SSB
2025-05,SSD
2025-05,ST
2025-05,STAG
2025-05,STWD
2025-05,SWX
2025-05,SYNA
2025-05,TCBI
2025-05,TEX
2025-05,THC
2025-05,THG
2025-05,THO
2025-05,TKR
2025-05,TMHC
2025-05,TNL
2025-05,TOL
2025-05,TREX
2025-05,TTC
2025-05,TTEK
2025-05,TXNM
2025-05,TXRH
2025-05,UA
2025-05,UAA
2025-05,UBSI
2025-05,UFPI
2025-05,UGI
2025-05,UMBF
2025-05,UNM
2025-05,USFD
2025-05,UTHR
2025-05,VAC
2025-05,VAL
2025-05,VC
2025-05,VFC
2025-05,VLY
2025-05,VMI
2025-05,VNO
2025-05,VNOM
2025-05,VNT
2025-05,VOYA
2025-05,VVV
2025-05,WAL
2025-05,WBS
2025-05,WCC
2025-05,WEN
2025-05,WEX
2025-05,WFRD
2025-05,WH
2025-05,WHR
2025-05,WING
2025-05,WLK
2025-05,WMG
2025-05,WMS
2025-05,WPC
2025-05,WSO
2025-05,WTFC
2025-05,WTRG
2025-05,WTS
2025-05,WU
2025-05,WWD
2025-05,X
2025-05,XPO
2025-05,XRAY
2025-05,YETI
2025-05,ZI
2025-05,ZION
2025-06,AA
2025-06,AAL
2025-06,AAON
2025-06,ACHC
2025-06,ACI
2025-06,ACM
2025-06,ADC
2025-06,AFG
2025-06,AGCO
2025-06,AIT
2025-06,ALE
2025-06,ALGM
2025-06,ALK
2025-06,ALLY
2025-06,ALV
2025-06,AM
2025-06,AMED
2025-06,AMG
2025-06,AMH
2025-06,AMKR
2025-06,AN
2025-06,ANF
2025-06,APG
2025-06,APPF
2025-06,AR
2025-06,ARMK
2025-06,ARW
2025-06,ASB
2025-06,ASGN
2025-06,ASH
2025-06,ATI
2025-06,ATR
2025-06,AVNT
2025-06,AVT
2025-06,AVTR
2025-06,AXTA
2025-06,AYI
2025-06,BBWI
2025-06,BC
2025-06,BCO
2025-06,BDC
2025-06,BHF
2025-06,BILL
2025-06,BIO
2025-06,BJ
2025-06,BKH
2025-06,BLD
2025-06,BLKB
2025-06,BMRN
2025-06,BRBR
2025-06,BRKR
2025-06,BRX
2025-06,BURL
2025-06,BWXT
2025-06,BYD
2025-06,CACI
2025-06,CADE
2025-06,CAR
2025-06,CART
2025-06,CASY
2025-06,CAVA
2025-06,CBSH
2025-06,CBT
2025-06,CCK
2025-06,CDP
2025-06,CELH
2025-06,CFR
2025-06,CG
2025-06,CGNX
2025-06,CHDN
2025-06,CHE
2025-06,CHH
2025-06,CHRD
2025-06,CHWY
2025-06,CHX
2025-06,CIEN
2025-06,CIVI
2025-06,CLF
2025-06,CLH
2025-06,CMA
2025-06,CMC
2025-06,CNH
2025-06,CNM
2025-06,CNO
2025-06,CNX
2025-06,CNXC
2025-06,COHR
2025-06,COKE
2025-06,COLB
2025-06,COLM
2025-06,COTY
2025-06,CPRI
2025-06,CR
2025-06,CROX
2025-06,CRS
2025-06,CRUS
2025-06,CSL
2025-06,CUBE
2025-06,CUZ
2025-06,CVLT
2025-06,CW
2025-06,CXT
2025-06,CYTK
2025-06,DAR
2025-06,DBX
2025-06,DCI
2025-06,DINO
2025-06,DKS
2025-06,DLB
2025-06,DOCS
2025-06,DOCU
2025-06,DT
2025-06,DTM
2025-06,DUOL
2025-06,EEFT
2025-06,EGP
2025-06,EHC
2025-06,ELF
2025-06,ELS
2025-06,EME
2025-06,ENS
2025-06,ENSG
2025-06,ENTG
2025-06,EPR
2025-06,EQH
2025-06,ESAB
2025-06,ESNT
2025-06,EVR
2025-06,EWBC
2025-06,EXEL
2025-06,EXLS
2025-06,EXP
2025-06,EXPO
2025-06,FAF
2025-06,FBIN
2025-06,FCFS
2025-06,FCN
2025-06,FFIN
2025-06,FHI
2025-06,FHN
2025-06,FIVE
2025-06,FIX
2025-06,FLEX
2025-06,FLG
2025-06,FLO
2025-06,FLR
2025-06,FLS
2025-06,FN
2025-06,FNB
2025-06,FND
2025-06,FNF
2025-06,FOUR
2025-06,FR
2025-06,FYBR
2025-06,G
2025-06,GAP
2025-06,GATX
2025-06,GBCI
2025-06,GEF
2025-06,GGG
2025-06,GHC
2025-06,GLPI
2025-06,GME
2025-06,GMED
2025-06,GNTX
2025-06,GPK
2025-06,GT
2025-06,GTLS
2025-06,GTM
2025-06,GWRE
2025-06,GXO
2025-06,H
2025-06,HAE
2025-06,HALO
2025-06,HGV
2025-06,HIMS
2025-06,HLI
2025-06,HLNE
2025-06,HOG
2025-06,HOMB
2025-06,HQY
2025-06,HR
2025-06,HRB
2025-06,HWC
2025-06,HXL
2025-06,IBKR
2025-06,IBOC
2025-06,IDA
2025-06,ILMN
2025-06,INGR
2025-06,IPGP
2025-06,IRDM
2025-06,IRT
2025-06,ITT
2025-06,JAZZ
2025-06,JEF
2025-06,JHG
2025-06,JLL
2025-06,KBH
2025-06,KBR
2025-06,KD
2025-06,KEX
2025-06,KMPR
2025-06,KNF
2025-06,KNSL
2025-06,KNX
2025-06,KRC
2025-06,KRG
2025-06,LAD
2025-06,LAMR
2025-06,LANC
2025-06,LEA
2025-06,LECO
2025-06,LFUS
2025-06,LITE
2025-06,LIVN
2025-06,LNTH
2025-06,LNW
2025-06,LOPE
2025-06,LPX
2025-06,LSCC
2025-06,LSTR
2025-06,M
2025-06,MAN
2025-06,MANH
2025-06,MASI
2025-06,MAT
2025-06,MEDP
2025-06,MIDD
2025-06,MKSI
2025-06,MLI
2025-06,MMS
2025-06,MORN
2025-06,MSA
2025-06,MSM
2025-06,MTDR
2025-06,MTG
2025-06,MTN
2025-06,MTSI
2025-06,MTZ
2025-06,MUR
2025-06,MUSA
2025-06,NBIX
2025-06,NEU
2025-06,NFG
2025-06,NJR
2025-06,NLY
2025-06,NNN
2025-06,NOV
2025-06,NOVT
2025-06,NSA
2025-06,NSP
2025-06,NVST
2025-06,NVT
2025-06,NWE
2025-06,NXST
2025-06,NXT
2025-06,NYT
2025-06,OC
2025-06,OGE
2025-06,OGS
2025-06,OHI
2025-06,OKTA
2025-06,OLED
2025-06,OLLI
2025-06,OLN
2025-06,ONB
2025-06,ONTO
2025-06,OPCH
2025-06,ORA
2025-06,ORI
2025-06,OSK
2025-06,OVV
2025-06,OZK
2025-06,PAG
2025-06,PB
2025-06,PBF
2025-06,PCH
2025-06,PCTY
2025-06,PEGA
2025-06,PEN
2025-06,PFGC
2025-06,PII
2025-06,PK
2025-06,PLNT
2025-06,PNFP
2025-06,POR
2025-06,POST
2025-06,POWI
2025-06,PPC
2025-06,PR
2025-06,PRGO
2025-06,PRI
2025-06,PSN
2025-06,PSTG
2025-06,PVH
2025-06,QLYS
2025-06,R
2025-06,RBA
2025-06,RBC
2025-06,REXR
2025-06,RGA
2025-06,RGEN
2025-06,RGLD
2025-06,RH
2025-06,RLI
2025-06,RMBS
2025-06,RNR
2025-06,ROIV
2025-06,RPM
2025-06,RRC
2025-06,RRX
2025-06,RS
2025-06,RYAN
2025-06,RYN
2025-06,SAIA
2025-06,SAIC
2025-06,SAM
2025-06,SATS
2025-06,SBRA
2025-06,SCI
2025-06,SEIC
2025-06,SF
2025-06,SFM
2025-06,SGI
2025-06,SHC
2025-06,SIGI
2025-06,SKX
2025-06,SLAB
2025-06,SLGN
2025-06,SLM
2025-06,SMG
2025-06,SNV
2025-06,SNX
2025-06,SON
2025-06,SR
2025-06,SRPT
2025-06,SSB
2025-06,SSD
2025-06,ST
2025-06,STAG
2025-06,STWD
2025-06,SWX
2025-06,SYNA
2025-06,TCBI
2025-06,TEX
2025-06,THC
2025-06,THG
2025-06,THO
2025-06,TKR
2025-06,TMHC
2025-06,TNL
2025-06,TOL
2025-06,TREX
2025-06,TTC
2025-06,TTEK
2025-06,TXNM
2025-06,TXRH
2025-06,UA
2025-06,UAA
2025-06,UBSI
2025-06,UFPI
2025-06,UGI
2025-06,UMBF
2025-06,UNM
2025-06,USFD
2025-06,UTHR
2025-06,VAC
2025-06,VAL
2025-06,VC
2025-06,VFC
2025-06,VLY
2025-06,VMI
2025-06,VNO
2025-06,VNOM
2025-06,VNT
2025-06,VOYA
2025-06,VVV
2025-06,WAL
2025-06,WBS
2025-06,WCC
2025-06,WEN
2025-06,WEX
2025-06,WFRD
2025-06,WH
2025-06,WHR
2025-06,WING
2025-06,WLK
2025-06,WMG
2025-06,WMS
2025-06,WPC
2025-06,WSO
2025-06,WTFC
2025-06,WTRG
2025-06,WTS
2025-06,WU
2025-06,WWD
2025-06,XPO
2025-06,XRAY
2025-06,YETI
2025-06,ZION
2025-07,AA
2025-07,AAL
2025-07,AAON
2025-07,ACHC
2025-07,ACI
2025-07,ACM
2025-07,ADC
2025-07,AFG
2025-07,AGCO
2025-07,AIT
2025-07,ALE
2025-07,ALGM
2025-07,ALK
2025-07,ALLY
2025-07,ALV
2025-07,AM
2025-07,AMED
2025-07,AMG
2025-07,AMH
2025-07,AMKR
2025-07,AN
2025-07,ANF
2025-07,APG
2025-07,APPF
2025-07,AR
2025-07,ARMK
2025-07,ARW
2025-07,ASB
2025-07,ASGN
2025-07,ASH
2025-07,ATI
2025-07,ATR
2025-07,AVAV
2025-07,AVNT
2025-07,AVT
2025-07,AVTR
2025-07,AXTA
2025-07,AYI
2025-07,BBWI
2025-07,BC
2025-07,BCO
2025-07,BDC
2025-07,BHF
2025-07,BILL
2025-07,BIO
2025-07,BJ
2025-07,BKH
2025-07,BLD
2025-07,BLKB
2025-07,BMRN
2025-07,BRBR
2025-07,BRKR
2025-07,BRX
2025-07,BURL
2025-07,BWXT
2025-07,BYD
2025-07,CACI
2025-07,CADE
2025-07,CAR
2025-07,CART
2025-07,CASY
2025-07,CAVA
2025-07,CBSH
2025-07,CBT
2025-07,CCK
2025-07,CDP
2025-07,CELH
2025-07,CFR
2025-07,CG
2025-07,CGNX
2025-07,CHDN
2025-07,CHE
2025-07,CHH
2025-07,CHRD
2025-07,CHWY
2025-07,CIEN
2025-07,CIVI
2025-07,CLF
2025-07,CLH
2025-07,CMA
2025-07,CMC
2025-07,CNH
2025-07,CNM
2025-07,CNO
2025-07,CNX
2025-07,CNXC
2025-07,COHR
2025-07,COKE
2025-07,COLB
2025-07,COLM
2025-07,COTY
2025-07,CPRI
2025-07,CR
2025-07,CROX
2025-07,CRS
2025-07,CRUS
2025-07,CSL
2025-07,CUBE
2025-07,CUZ
2025-07,CVLT
2025-07,CW
2025-07,CXT
2025-07,CYTK
2025-07,DAR
2025-07,DBX
2025-07,DCI
2025-07,DINO
2025-07,DKS
2025-07,DLB
2025-07,DOCS
2025-07,DOCU
2025-07,DT
2025-07,DTM
2025-07,DUOL
2025-07,EEFT
2025-07,EGP
2025-07,EHC
2025-07,ELF
2025-07,ELS
2025-07,EME
2025-07,ENS
2025-07,ENSG
2025-07,ENTG
2025-07,EPR
2025-07,EQH
2025-07,ESAB
2025-07,ESNT
2025-07,EVR
2025-07,EWBC
2025-07,EXEL
2025-07,EXLS
2025-07,EXP
2025-07,EXPO
2025-07,FAF
2025-07,FBIN
2025-07,FCFS
2025-07,FCN
2025-07,FFIN
2025-07,FHI
2025-07,FHN
2025-07,FIVE
2025-07,FIX
2025-07,FLEX
2025-07,FLG
2025-07,FLO
2025-07,FLR
2025-07,FLS
2025-07,FN
2025-07,FNB
2025-07,FND
2025-07,FNF
2025-07,FOUR
2025-07,FR
2025-07,FYBR
2025-07,G
2025-07,GAP
2025-07,GATX
2025-07,GBCI
2025-07,GEF
2025-07,GGG
2025-07,GHC
2025-07,GLPI
2025-07,GME
2025-07,GMED
2025-07,GNTX
2025-07,GPK
2025-07,GT
2025-07,GTLS
2025-07,GTM
2025-07,GWRE
2025-07,GXO
2025-07,H
2025-07,HAE
2025-07,HALO
2025-07,HGV
2025-07,HIMS
2025-07,HLI
2025-07,HLNE
2025-07,HOG
2025-07,HOMB
2025-07,HQY
2025-07,HR
2025-07,HRB
2025-07,HWC
2025-07,HXL
2025-07,IBKR
2025-07,IBOC
2025-07,IDA
2025-07,ILMN
2025-07,INGR
2025-07,IPGP
2025-07,IRDM
2025-07,IRT
2025-07,ITT
2025-07,JAZZ
2025-07,JEF
2025-07,JHG
2025-07,JLL
2025-07,KBH
2025-07,KBR
2025-07,KD
2025-07,KEX
2025-07,KMPR
2025-07,KNF
2025-07,KNSL
2025-07,KNX
2025-07,KRC
2025-07,KRG
2025-07,LAD
2025-07,LAMR
2025-07,LANC
2025-07,LEA
2025-07,LECO
2025-07,LFUS
2025-07,LITE
2025-07,LIVN
2025-07,LNTH
2025-07,LNW
2025-07,LOPE
2025-07,LPX
2025-07,LSCC
2025-07,LSTR
2025-07,M
2025-07,MAN
2025-07,MANH
2025-07,MASI
2025-07,MAT
2025-07,MEDP
2025-07,MIDD
2025-07,MKSI
2025-07,MLI
2025-07,MMS
2025-07,MORN
2025-07,MSA
2025-07,MSM
2025-07,MTDR
2025-07,MTG
2025-07,MTN
2025-07,MTSI
2025-07,MTZ
2025-07,MUR
2025-07,MUSA
2025-07,NBIX
2025-07,NEU
2025-07,NFG
2025-07,NJR
2025-07,NLY
2025-07,NNN
2025-07,NOV
2025-07,NOVT
2025-07,NSA
2025-07,NSP
2025-07,NVST
2025-07,NVT
2025-07,NWE
2025-07,NXST
2025-07,NXT
2025-07,NYT
2025-07,OC
2025-07,OGE
2025-07,OGS
2025-07,OHI
2025-07,OKTA
2025-07,OLED
2025-07,OLLI
2025-07,OLN
2025-07,ONB
2025-07,ONTO
2025-07,OPCH
2025-07,ORA
2025-07,ORI
2025-07,OSK
2025-07,OVV
2025-07,OZK
2025-07,PAG
2025-07,PB
2025-07,PBF
2025-07,PCH
2025-07,PCTY
2025-07,PEGA
2025-07,PEN
2025-07,PFGC
2025-07,PII
2025-07,PK
2025-07,PLNT
2025-07,PNFP
2025-07,POR
2025-07,POST
2025-07,POWI
2025-07,PPC
2025-07,PR
2025-07,PRGO
2025-07,PRI
2025-07,PSN
2025-07,PSTG
2025-07,PVH
2025-07,QLYS
2025-07,R
2025-07,RBA
2025-07,RBC
2025-07,REXR
2025-07,RGA
2025-07,RGEN
2025-07,RGLD
2025-07,RH
2025-07,RLI
2025-07,RMBS
2025-07,RNR
2025-07,ROIV
2025-07,RPM
2025-07,RRC
2025-07,RRX
2025-07,RS
2025-07,RYAN
2025-07,RYN
2025-07,SAIA
2025-07,SAIC
2025-07,SAM
2025-07,SATS
2025-07,SBRA
2025-07,SCI
2025-07,SEIC
2025-07,SF
2025-07,SFM
2025-07,SGI
2025-07,SHC
2025-07,SIGI
2025-07,SKX
2025-07,SLAB
2025-07,SLGN
2025-07,SLM
2025-07,SMG
2025-07,SNV
2025-07,SNX
2025-07,SON
2025-07,SR
2025-07,SRPT
2025-07,SSB
2025-07,SSD
2025-07,ST
2025-07,STAG
2025-07,STWD
2025-07,SWX
2025-07,SYNA
2025-07,TCBI
2025-07,TEX
2025-07,THC
2025-07,THG
2025-07,THO
2025-07,TKR
2025-07,TMHC
2025-07,TNL
2025-07,TOL
2025-07,TREX
2025-07,TTC
2025-07,TTEK
2025-07,TXNM
2025-07,TXRH
2025-07,UA
2025-07,UAA
2025-07,UBSI
2025-07,UFPI
2025-07,UGI
2025-07,UMBF
2025-07,UNM
2025-07,USFD
2025-07,UTHR
2025-07,VAC
2025-07,VAL
2025-07,VC
2025-07,VFC
2025-07,VLY
2025-07,VMI
2025-07,VNO
2025-07,VNOM
2025-07,VNT
2025-07,VOYA
2025-07,VVV
2025-07,WAL
2025-07,WBS
2025-07,WCC
2025-07,WEN
2025-07,WEX
2025-07,WFRD
2025-07,WH
2025-07,WHR
2025-07,WING
2025-07,WLK
2025-07,WMG
2025-07,WMS
2025-07,WPC
2025-07,WSO
2025-07,WTFC
2025-07,WTRG
2025-07,WTS
2025-07,WU
2025-07,WWD
2025-07,XPO
2025-07,XRAY
2025-07,YETI
2025-07,ZION
2025-08,AA
2025-08,AAL
2025-08,AAON
2025-08,ACHC
2025-08,ACI
2025-08,ACM
2025-08,ADC
2025-08,AFG
2025-08,AGCO
2025-08,AIT
2025-08,ALE
2025-08,ALGM
2025-08,ALK
2025-08,ALLY
2025-08,ALV
2025-08,AM
2025-08,AMG
2025-08,AMH
2025-08,AMKR
2025-08,AN
2025-08,ANF
2025-08,APG
2025-08,APPF
2025-08,AR
2025-08,ARMK
2025-08,ARW
2025-08,ASB
2025-08,ASGN
2025-08,ASH
2025-08,ATI
2025-08,ATR
2025-08,AVAV
2025-08,AVNT
2025-08,AVT
2025-08,AVTR
2025-08,AXTA
2025-08,AYI
2025-08,BBWI
2025-08,BC
2025-08,BCO
2025-08,BDC
2025-08,BHF
2025-08,BILL
2025-08,BIO
2025-08,BJ
2025-08,BKH
2025-08,BLD
2025-08,BLKB
2025-08,BMRN
2025-08,BRBR
2025-08,BRKR
2025-08,BRX
2025-08,BURL
2025-08,BWXT
2025-08,BYD
2025-08,CACI
2025-08,CADE
2025-08,CAR
2025-08,CART
2025-08,CASY
2025-08,CAVA
2025-08,CBSH
2025-08,CBT
2025-08,CCK
2025-08,CDP
2025-08,CELH
2025-08,CFR
2025-08,CG
2025-08,CGNX
2025-08,CHDN
2025-08,CHE
2025-08,CHH
2025-08,CHRD
2025-08,CHWY
2025-08,CIEN
2025-08,CIVI
2025-08,CLF
2025-08,CLH
2025-08,CMA
2025-08,CMC
2025-08,CNH
2025-08,CNM
2025-08,CNO
2025-08,CNX
2025-08,CNXC
2025-08,COHR
2025-08,COKE
2025-08,COLB
2025-08,COLM
2025-08,COTY
2025-08,CPRI
2025-08,CR
2025-08,CROX
2025-08,CRS
2025-08,CRUS
2025-08,CSL
2025-08,CUBE
2025-08,CUZ
2025-08,CVLT
2025-08,CW
2025-08,CXT
2025-08,CYTK
2025-08,DAR
2025-08,DBX
2025-08,DCI
2025-08,DINO
2025-08,DKS
2025-08,DLB
2025-08,DOCS
2025-08,DOCU
2025-08,DT
2025-08,DTM
2025-08,DUOL
2025-08,EEFT
2025-08,EGP
2025-08,EHC
2025-08,ELF
2025-08,ELS
2025-08,EME
2025-08,ENS
2025-08,ENSG
2025-08,ENTG
2025-08,EPR
2025-08,EQH
2025-08,ESAB
2025-08,ESNT
2025-08,EVR
2025-08,EWBC
2025-08,EXEL
2025-08,EXLS
2025-08,EXP
2025-08,EXPO
2025-08,FAF
2025-08,FBIN
2025-08,FCFS
2025-08,FCN
2025-08,FFIN
2025-08,FHI
2025-08,FHN
2025-08,FIVE
2025-08,FIX
2025-08,FLEX
2025-08,FLG
2025-08,FLO
2025-08,FLR
2025-08,FLS
2025-08,FN
2025-08,FNB
2025-08,FND
2025-08,FNF
2025-08,FOUR
2025-08,FR
2025-08,FYBR
2025-08,G
2025-08,GAP
2025-08,GATX
2025-08,GBCI
2025-08,GEF
2025-08,GGG
2025-08,GHC
2025-08,GLPI
2025-08,GME
2025-08,GMED
2025-08,GNTX
2025-08,GPK
2025-08,GT
2025-08,GTLS
2025-08,GTM
2025-08,GWRE
2025-08,GXO
2025-08,H
2025-08,HAE
2025-08,HALO
2025-08,HGV
2025-08,HIMS
2025-08,HLI
2025-08,HLNE
2025-08,HOG
2025-08,HOMB
2025-08,HQY
2025-08,HR
2025-08,HRB
2025-08,HWC
2025-08,HXL
2025-08,IBKR
2025-08,IBOC
2025-08,IDA
2025-08,ILMN
2025-08,INGR
2025-08,IPGP
2025-08,IRDM
2025-08,IRT
2025-08,ITT
2025-08,JAZZ
2025-08,JEF
2025-08,JHG
2025-08,JLL
2025-08,KBH
2025-08,KBR
2025-08,KD
2025-08,KEX
2025-08,KMPR
2025-08,KNF
2025-08,KNSL
2025-08,KNX
2025-08,KRC
2025-08,KRG
2025-08,LAD
2025-08,LAMR
2025-08,LEA
2025-08,LECO
2025-08,LFUS
2025-08,LITE
2025-08,LIVN
2025-08,LNTH
2025-08,LNW
2025-08,LOPE
2025-08,LPX
2025-08,LSCC
2025-08,LSTR
2025-08,M
2025-08,MAN
2025-08,MANH
2025-08,MASI
2025-08,MAT
2025-08,MEDP
2025-08,MIDD
2025-08,MKSI
2025-08,MLI
2025-08,MMS
2025-08,MORN
2025-08,MSA
2025-08,MSM
2025-08,MTDR
2025-08,MTG
2025-08,MTN
2025-08,MTSI
2025-08,MTZ
2025-08,MUR
2025-08,MUSA
2025-08,MZTI
2025-08,NBIX
2025-08,NEU
2025-08,NFG
2025-08,NJR
2025-08,NLY
2025-08,NNN
2025-08,NOV
2025-08,NOVT
2025-08,NSA
2025-08,NSP
2025-08,NVST
2025-08,NVT
2025-08,NWE
2025-08,NXST
2025-08,NXT
2025-08,NYT
2025-08,OC
2025-08,OGE
2025-08,OGS
2025-08,OHI
2025-08,OKTA
2025-08,OLED
2025-08,OLLI
2025-08,OLN
2025-08,ONB
2025-08,ONTO
2025-08,OPCH
2025-08,ORA
2025-08,ORI
2025-08,OSK
2025-08,OVV
2025-08,OZK
2025-08,PAG
2025-08,PB
2025-08,PBF
2025-08,PCH
2025-08,PCTY
2025-08,PEGA
2025-08,PEN
2025-08,PFGC
2025-08,PII
2025-08,PK
2025-08,PLNT
2025-08,PNFP
2025-08,POR
2025-08,POST
2025-08,POWI
2025-08,PPC
2025-08,PR
2025-08,PRGO
2025-08,PRI
2025-08,PSN
2025-08,PSTG
2025-08,PVH
2025-08,QLYS
2025-08,R
2025-08,RBA
2025-08,RBC
2025-08,REXR
2025-08,RGA
2025-08,RGEN
2025-08,RGLD
2025-08,RH
2025-08,RLI
2025-08,RMBS
2025-08,RNR
2025-08,ROIV
2025-08,RPM
2025-08,RRC
2025-08,RRX
2025-08,RS
2025-08,RYAN
2025-08,RYN
2025-08,SAIA
2025-08,SAIC
2025-08,SAM
2025-08,SATS
2025-08,SBRA
2025-08,SCI
2025-08,SEIC
2025-08,SF
2025-08,SFM
2025-08,SGI
2025-08,SHC
2025-08,SIGI
2025-08,SKX
2025-08,SLAB
2025-08,SLGN
2025-08,SLM
2025-08,SMG
2025-08,SNV
2025-08,SNX
2025-08,SON
2025-08,SR
2025-08,SRPT
2025-08,SSB
2025-08,SSD
2025-08,ST
2025-08,STAG
2025-08,STWD
2025-08,SWX
2025-08,SYNA
2025-08,TCBI
2025-08,TEX
2025-08,THC
2025-08,THG
2025-08,THO
2025-08,TKR
2025-08,TMHC
2025-08,TNL
2025-08,TOL
2025-08,TREX
2025-08,TTC
2025-08,TTEK
2025-08,TWLO
2025-08,TXNM
2025-08,TXRH
2025-08,UA
2025-08,UAA
2025-08,UBSI
2025-08,UFPI
2025-08,UGI
2025-08,UMBF
2025-08,UNM
2025-08,USFD
2025-08,UTHR
2025-08,VAC
2025-08,VAL
2025-08,VC
2025-08,VFC
2025-08,VLY
2025-08,VMI
2025-08,VNO
2025-08,VNOM
2025-08,VNT
2025-08,VOYA
2025-08,VVV
2025-08,WAL
2025-08,WBS
2025-08,WCC
2025-08,WEN
2025-08,WEX
2025-08,WFRD
2025-08,WH
2025-08,WHR
2025-08,WING
2025-08,WLK
2025-08,WMG
2025-08,WMS
2025-08,WPC
2025-08,WSO
2025-08,WTFC
2025-08,WTRG
2025-08,WTS
2025-08,WU
2025-08,WWD
2025-08,XPO
2025-08,XRAY
2025-08,YETI
2025-08,ZION
2025-09,AA
2025-09,AAL
2025-09,AAON
2025-09,ACHC
2025-09,ACI
2025-09,ACM
2025-09,ADC
2025-09,AFG
2025-09,AGCO
2025-09,AIT
2025-09,ALE
2025-09,ALGM
2025-09,ALK
2025-09,ALLY
2025-09,ALV
2025-09,AM
2025-09,AMG
2025-09,AMH
2025-09,AMKR
2025-09,AN
2025-09,ANF
2025-09,APG
2025-09,APPF
2025-09,AR
2025-09,ARMK
2025-09,ARW
2025-09,ASB
2025-09,ASGN
2025-09,ASH
2025-09,ATI
2025-09,ATR
2025-09,AVAV
2025-09,AVNT
2025-09,AVT
2025-09,AVTR
2025-09,AXTA
2025-09,AYI
2025-09,BBWI
2025-09,BC
2025-09,BCO
2025-09,BDC
2025-09,BHF
2025-09,BILL
2025-09,BIO
2025-09,BJ
2025-09,BKH
2025-09,BLD
2025-09,BLKB
2025-09,BMRN
2025-09,BRBR
2025-09,BRKR
2025-09,BRX
2025-09,BURL
2025-09,BWXT
2025-09,BYD
2025-09,CACI
2025-09,CADE
2025-09,CAR
2025-09,CART
2025-09,CASY
2025-09,CAVA
2025-09,CBSH
2025-09,CBT
2025-09,CCK
2025-09,CDP
2025-09,CELH
2025-09,CFR
2025-09,CG
2025-09,CGNX
2025-09,CHDN
2025-09,CHE
2025-09,CHH
2025-09,CHRD
2025-09,CHWY
2025-09,CIEN
2025-09,CIVI
2025-09,CLF
2025-09,CLH
2025-09,CMA
2025-09,CMC
2025-09,CNH
2025-09,CNM
2025-09,CNO
2025-09,CNX
2025-09,CNXC
2025-09,COHR
2025-09,COKE
2025-09,COLB
2025-09,COLM
2025-09,COTY
2025-09,CPRI
2025-09,CR
2025-09,CROX
2025-09,CRS
2025-09,CRUS
2025-09,CSL
2025-09,CUBE
2025-09,CUZ
2025-09,CVLT
2025-09,CW
2025-09,CXT
2025-09,CYTK
2025-09,DAR
2025-09,DBX
2025-09,DCI
2025-09,DINO
2025-09,DKS
2025-09,DLB
2025-09,DOCS
2025-09,DOCU
2025-09,DT
2025-09,DTM
2025-09,DUOL
2025-09,EEFT
2025-09,EGP
2025-09,EHC
2025-09,ELAN
2025-09,ELF
2025-09,ELS
2025-09,EME
2025-09,ENS
2025-09,ENSG
2025-09,ENTG
2025-09,EPR
2025-09,EQH
2025-09,ESAB
2025-09,ESNT
2025-09,EVR
2025-09,EWBC
2025-09,EXEL
2025-09,EXLS
2025-09,EXP
2025-09,EXPO
2025-09,FAF
2025-09,FBIN
2025-09,FCFS
2025-09,FCN
2025-09,FFIN
2025-09,FHI
2025-09,FHN
2025-09,FIVE
2025-09,FIX
2025-09,FLEX
2025-09,FLG
2025-09,FLO
2025-09,FLR
2025-09,FLS
2025-09,FN
2025-09,FNB
2025-09,FND
2025-09,FNF
2025-09,FOUR
2025-09,FR
2025-09,FTI
2025-09,FYBR
2025-09,G
2025-09,GAP
2025-09,GATX
2025-09,GBCI
2025-09,GEF
2025-09,GGG
2025-09,GHC
2025-09,GLPI
2025-09,GME
2025-09,GMED
2025-09,GNTX
2025-09,GPK
2025-09,GT
2025-09,GTLS
2025-09,GTM
2025-09,GWRE
2025-09,GXO
2025-09,H
2025-09,HAE
2025-09,HALO
2025-09,HGV
2025-09,HIMS
2025-09,HLI
2025-09,HLNE
2025-09,HOG
2025-09,HOMB
2025-09,HQY
2025-09,HR
2025-09,HRB
2025-09,HWC
2025-09,HXL
2025-09,IBOC
2025-09,IDA
2025-09,ILMN
2025-09,INGR
2025-09,IPGP
2025-09,IRDM
2025-09,IRT
2025-09,ITT
2025-09,JAZZ
2025-09,JEF
2025-09,JHG
2025-09,JLL
2025-09,KBH
2025-09,KBR
2025-09,KD
2025-09,KEX
2025-09,KMPR
2025-09,KNF
2025-09,KNSL
2025-09,KNX
2025-09,KRC
2025-09,KRG
2025-09,LAD
2025-09,LAMR
2025-09,LEA
2025-09,LECO
2025-09,LFUS
2025-09,LITE
2025-09,LIVN
2025-09,LNTH
2025-09,LNW
2025-09,LOPE
2025-09,LPX
2025-09,LSCC
2025-09,LSTR
2025-09,M
2025-09,MAN
2025-09,MANH
2025-09,MASI
2025-09,MAT
2025-09,MEDP
2025-09,MIDD
2025-09,MKSI
2025-09,MLI
2025-09,MMS
2025-09,MORN
2025-09,MSA
2025-09,MSM
2025-09,MTDR
2025-09,MTG
2025-09,MTN
2025-09,MTSI
2025-09,MTZ
2025-09,MUR
2025-09,MUSA
2025-09,MZTI
2025-09,NBIX
2025-09,NEU
2025-09,NFG
2025-09,NJR
2025-09,NLY
2025-09,NNN
2025-09,NOV
2025-09,NOVT
2025-09,NSA
2025-09,NSP
2025-09,NVST
2025-09,NVT
2025-09,NWE
2025-09,NXST
2025-09,NXT
2025-09,NYT
2025-09,OC
2025-09,OGE
2025-09,OGS
2025-09,OHI
2025-09,OKTA
2025-09,OLED
2025-09,OLLI
2025-09,OLN
2025-09,ONB
2025-09,ONTO
2025-09,OPCH
2025-09,ORA
2025-09,ORI
2025-09,OSK
2025-09,OVV
2025-09,OZK
2025-09,PAG
2025-09,PB
2025-09,PBF
2025-09,PCH
2025-09,PCTY
2025-09,PEGA
2025-09,PEN
2025-09,PFGC
2025-09,PII
2025-09,PK
2025-09,PLNT
2025-09,PNFP
2025-09,POR
2025-09,POST
2025-09,POWI
2025-09,PPC
2025-09,PR
2025-09,PRGO
2025-09,PRI
2025-09,PSN
2025-09,PSTG
2025-09,PVH
2025-09,QLYS
2025-09,R
2025-09,RBA
2025-09,RBC
2025-09,REXR
2025-09,RGA
2025-09,RGEN
2025-09,RGLD
2025-09,RH
2025-09,RLI
2025-09,RMBS
2025-09,RNR
2025-09,ROIV
2025-09,RPM
2025-09,RRC
2025-09,RRX
2025-09,RS
2025-09,RYAN
2025-09,RYN
2025-09,SAIA
2025-09,SAIC
2025-09,SAM
2025-09,SATS
2025-09,SBRA
2025-09,SCI
2025-09,SEIC
2025-09,SF
2025-09,SFM
2025-09,SGI
2025-09,SHC
2025-09,SIGI
2025-09,SLAB
2025-09,SLGN
2025-09,SLM
2025-09,SMG
2025-09,SNV
2025-09,SNX
2025-09,SON
2025-09,SR
2025-09,SSB
2025-09,SSD
2025-09,ST
2025-09,STAG
2025-09,STWD
2025-09,SWX
2025-09,SYNA
2025-09,TCBI
2025-09,TEX
2025-09,THC
2025-09,THG
2025-09,THO
2025-09,TKR
2025-09,TLN
2025-09,TMHC
2025-09,TNL
2025-09,TOL
2025-09,TREX
2025-09,TTC
2025-09,TTEK
2025-09,TWLO
2025-09,TXNM
2025-09,TXRH
2025-09,UA
2025-09,UAA
2025-09,UBSI
2025-09,UFPI
2025-09,UGI
2025-09,UMBF
2025-09,UNM
2025-09,USFD
2025-09,UTHR
2025-09,VAC
2025-09,VAL
2025-09,VC
2025-09,VFC
2025-09,VLY
2025-09,VMI
2025-09,VNO
2025-09,VNOM
2025-09,VNT
2025-09,VOYA
2025-09,VVV
2025-09,WAL
2025-09,WBS
2025-09,WCC
2025-09,WEN
2025-09,WEX
2025-09,WFRD
2025-09,WH
2025-09,WHR
2025-09,WING
2025-09,WLK
2025-09,WMG
2025-09,WMS
2025-09,WPC
2025-09,WSO
2025-09,WTFC
2025-09,WTRG
2025-09,WTS
2025-09,WU
2025-09,WWD
2025-09,XPO
2025-09,XRAY
2025-09,YETI
2025-09,ZION
2025-10,AA
2025-10,AAL
2025-10,AAON
2025-10,ACI
2025-10,ACM
2025-10,ADC
2025-10,AFG
2025-10,AGCO
2025-10,AIT
2025-10,ALE
2025-10,ALGM
2025-10,ALK
2025-10,ALLY
2025-10,ALV
2025-10,AM
2025-10,AMG
2025-10,AMH
2025-10,AMKR
2025-10,AN
2025-10,ANF
2025-10,APG
2025-10,APPF
2025-10,AR
2025-10,ARMK
2025-10,ARW
2025-10,ASB
2025-10,ASGN
2025-10,ASH
2025-10,ATI
2025-10,ATR
2025-10,AVAV
2025-10,AVNT
2025-10,AVT
2025-10,AVTR
2025-10,AXTA
2025-10,AYI
2025-10,BBWI
2025-10,BC
2025-10,BCO
2025-10,BDC
2025-10,BHF
2025-10,BILL
2025-10,BIO
2025-10,BJ
2025-10,BKH
2025-10,BLD
2025-10,BLKB
2025-10,BMRN
2025-10,BRBR
2025-10,BRKR
2025-10,BRX
2025-10,BSY
2025-10,BURL
2025-10,BWXT
2025-10,BYD
2025-10,CACI
2025-10,CADE
2025-10,CAR
2025-10,CART
2025-10,CASY
2025-10,CAVA
2025-10,CBSH
2025-10,CBT
2025-10,CCK
2025-10,CDP
2025-10,CELH
2025-10,CFR
2025-10,CG
2025-10,CGNX
2025-10,CHDN
2025-10,CHE
2025-10,CHH
2025-10,CHRD
2025-10,CHWY
2025-10,CIEN
2025-10,CIVI
2025-10,CLF
2025-10,CLH
2025-10,CMA
2025-10,CMC
2025-10,CNH
2025-10,CNM
2025-10,CNO
2025-10,CNX
2025-10,CNXC
2025-10,COHR
2025-10,COKE
2025-10,COLB
2025-10,COLM
2025-10,COTY
2025-10,CPRI
2025-10,CR
2025-10,CROX
2025-10,CRS
2025-10,CRUS
2025-10,CSL
2025-10,CUBE
2025-10,CUZ
2025-10,CVLT
2025-10,CW
2025-10,CXT
2025-10,CYTK
2025-10,DAR
2025-10,DBX
2025-10,DCI
2025-10,DINO
2025-10,DKS
2025-10,DLB
2025-10,DOCS
2025-10,DOCU
2025-10,DT
2025-10,DTM
2025-10,DUOL
2025-10,EEFT
2025-10,EGP
2025-10,EHC
2025-10,ELAN
2025-10,ELF
2025-10,ELS
2025-10,ENS
2025-10,ENSG
2025-10,ENTG
2025-10,EPR
2025-10,EQH
2025-10,ESAB
2025-10,ESNT
2025-10,EVR
2025-10,EWBC
2025-10,EXEL
2025-10,EXLS
2025-10,EXP
2025-10,EXPO
2025-10,FAF
2025-10,FBIN
2025-10,FCFS
2025-10,FCN
2025-10,FFIN
2025-10,FHI
2025-10,FHN
2025-10,FIVE
2025-10,FIX
2025-10,FLEX
2025-10,FLG
2025-10,FLO
2025-10,FLR
2025-10,FLS
2025-10,FN
2025-10,FNB
2025-10,FND
2025-10,FNF
2025-10,FOUR
2025-10,FR
2025-10,FTI
2025-10,FYBR
2025-10,G
2025-10,GAP
2025-10,GATX
2025-10,GBCI
2025-10,GEF
2025-10,GGG
2025-10,GHC
2025-10,GLPI
2025-10,GME
2025-10,GMED
2025-10,GNTX
2025-10,GPK
2025-10,GT
2025-10,GTLS
2025-10,GTM
2025-10,GWRE
2025-10,GXO
2025-10,H
2025-10,HAE
2025-10,HALO
2025-10,HGV
2025-10,HIMS
2025-10,HLI
2025-10,HLNE
2025-10,HOG
2025-10,HOMB
2025-10,HQY
2025-10,HR
2025-10,HRB
2025-10,HWC
2025-10,HXL
2025-10,IBOC
2025-10,IDA
2025-10,ILMN
2025-10,INGR
2025-10,IPGP
2025-10,IRDM
2025-10,IRT
2025-10,ITT
2025-10,JAZZ
2025-10,JEF
2025-10,JHG
2025-10,JLL
2025-10,KBH
2025-10,KBR
2025-10,KD
2025-10,KEX
2025-10,KMPR
2025-10,KNF
2025-10,KNSL
2025-10,KNX
2025-10,KRC
2025-10,KRG
2025-10,KTOS
2025-10,LAD
2025-10,LAMR
2025-10,LEA
2025-10,LECO
2025-10,LFUS
2025-10,LITE
2025-10,LIVN
2025-10,LNTH
2025-10,LNW
2025-10,LOPE
2025-10,LPX
2025-10,LSCC
2025-10,LSTR
2025-10,M
2025-10,MANH
2025-10,MASI
2025-10,MAT
2025-10,MEDP
2025-10,MIDD
2025-10,MKSI
2025-10,MLI
2025-10,MMS
2025-10,MORN
2025-10,MP
2025-10,MSA
2025-10,MSM
2025-10,MTDR
2025-10,MTG
2025-10,MTN
2025-10,MTSI
2025-10,MTZ
2025-10,MUR
2025-10,MUSA
2025-10,MZTI
2025-10,NBIX
2025-10,NEU
2025-10,NFG
2025-10,NJR
2025-10,NLY
2025-10,NNN
2025-10,NOV
2025-10,NOVT
2025-10,NSA
2025-10,NSP
2025-10,NTNX
2025-10,NVST
2025-10,NVT
2025-10,NWE
2025-10,NXST
2025-10,NXT
2025-10,NYT
2025-10,OC
2025-10,OGE
2025-10,OGS
2025-10,OHI
2025-10,OKTA
2025-10,OLED
2025-10,OLLI
2025-10,OLN
2025-10,ONB
2025-10,ONTO
2025-10,OPCH
2025-10,ORA
2025-10,ORI
2025-10,OSK
2025-10,OVV
2025-10,OZK
2025-10,PAG
2025-10,PB
2025-10,PBF
2025-10,PCH
2025-10,PCTY
2025-10,PEGA
2025-10,PEN
2025-10,PFGC
2025-10,PII
2025-10,PK
2025-10,PLNT
2025-10,PNFP
2025-10,POR
2025-10,POST
2025-10,POWI
2025-10,PPC
2025-10,PR
2025-10,PRGO
2025-10,PRI
2025-10,PSN
2025-10,PSTG
2025-10,PVH
2025-10,QLYS
2025-10,R
2025-10,RBA
2025-10,RBC
2025-10,REXR
2025-10,RGA
2025-10,RGEN
2025-10,RGLD
2025-10,RH
2025-10,RLI
2025-10,RMBS
2025-10,RNR
2025-10,ROIV
2025-10,RPM
2025-10,RRC
2025-10,RRX
2025-10,RS
2025-10,RYAN
2025-10,RYN
2025-10,SAIA
2025-10,SAIC
2025-10,SAM
2025-10,SATS
2025-10,SBRA
2025-10,SCI
2025-10,SEIC
2025-10,SF
2025-10,SFM
2025-10,SGI
2025-10,SHC
2025-10,SIGI
2025-10,SLAB
2025-10,SLGN
2025-10,SLM
2025-10,SMG
2025-10,SNV
2025-10,SNX
2025-10,SON
2025-10,SR
2025-10,SSB
2025-10,SSD
2025-10,ST
2025-10,STAG
2025-10,STWD
2025-10,SWX
2025-10,SYNA
2025-10,TCBI
2025-10,TEX
2025-10,THC
2025-10,THG
2025-10,THO
2025-10,TKR
2025-10,TLN
2025-10,TMHC
2025-10,TNL
2025-10,TOL
2025-10,TREX
2025-10,TRU
2025-10,TTC
2025-10,TTEK
2025-10,TWLO
2025-10,TXNM
2025-10,TXRH
2025-10,UA
2025-10,UAA
2025-10,UBSI
2025-10,UFPI
2025-10,UGI
2025-10,UMBF
2025-10,UNM
2025-10,USFD
2025-10,UTHR
2025-10,VAC
2025-10,VAL
2025-10,VC
2025-10,VFC
2025-10,VLY
2025-10,VMI
2025-10,VNO
2025-10,VNOM
2025-10,VNT
2025-10,VOYA
2025-10,VVV
2025-10,WAL
2025-10,WBS
2025-10,WCC
2025-10,WEX
2025-10,WFRD
2025-10,WH
2025-10,WHR
2025-10,WING
2025-10,WLK
2025-10,WMG
2025-10,WMS
2025-10,WPC
2025-10,WSO
2025-10,WTFC
2025-10,WTRG
2025-10,WTS
2025-10,WWD
2025-10,XPO
2025-10,XRAY
2025-10,YETI
2025-10,ZION
2025-11,AA
2025-11,AAL
2025-11,AAON
2025-11,ACI
2025-11,ACM
2025-11,ADC
2025-11,AFG
2025-11,AGCO
2025-11,AIT
2025-11,ALE
2025-11,ALGM
2025-11,ALK
2025-11,ALLY
2025-11,ALV
2025-11,AM
2025-11,AMG
2025-11,AMH
2025-11,AMKR
2025-11,AN
2025-11,ANF
2025-11,APG
2025-11,APPF
2025-11,AR
2025-11,ARMK
2025-11,ARW
2025-11,ASB
2025-11,ASGN
2025-11,ASH
2025-11,ATI
2025-11,ATR
2025-11,AVAV
2025-11,AVNT
2025-11,AVT
2025-11,AVTR
2025-11,AXTA
2025-11,AYI
2025-11,BBWI
2025-11,BC
2025-11,BCO
2025-11,BDC
2025-11,BHF
2025-11,BILL
2025-11,BIO
2025-11,BJ
2025-11,BKH
2025-11,BLD
2025-11,BLKB
2025-11,BMRN
2025-11,BRBR
2025-11,BRKR
2025-11,BRX
2025-11,BSY
2025-11,BURL
2025-11,BWXT
2025-11,BYD
2025-11,CACI
2025-11,CADE
2025-11,CAR
2025-11,CART
2025-11,CASY
2025-11,CAVA
2025-11,CBSH
2025-11,CBT
2025-11,CCK
2025-11,CDP
2025-11,CELH
2025-11,CFR
2025-11,CG
2025-11,CGNX
2025-11,CHDN
2025-11,CHE
2025-11,CHH
2025-11,CHRD
2025-11,CHWY
2025-11,CIEN
2025-11,CIVI
2025-11,CLF
2025-11,CLH
2025-11,CMA
2025-11,CMC
2025-11,CNH
2025-11,CNM
2025-11,CNO
2025-11,CNX
2025-11,CNXC
2025-11,COHR
2025-11,COKE
2025-11,COLB
2025-11,COLM
2025-11,COTY
2025-11,CPRI
2025-11,CR
2025-11,CROX
2025-11,CRS
2025-11,CRUS
2025-11,CSL
2025-11,CUBE
2025-11,CUZ
2025-11,CVLT
2025-11,CW
2025-11,CXT
2025-11,CYTK
2025-11,DAR
2025-11,DBX
2025-11,DCI
2025-11,DINO
2025-11,DKS
2025-11,DLB
2025-11,DOCS
2025-11,DOCU
2025-11,DT
2025-11,DTM
2025-11,DUOL
2025-11,EEFT
2025-11,EGP
2025-11,EHC
2025-11,ELAN
2025-11,ELF
2025-11,ELS
2025-11,ENS
2025-11,ENSG
2025-11,ENTG
2025-11,EPR
2025-11,EQH
2025-11,ESAB
2025-11,ESNT
2025-11,EVR
2025-11,EWBC
2025-11,EXEL
2025-11,EXLS
2025-11,EXP
2025-11,EXPO
2025-11,FAF
2025-11,FBIN
2025-11,FCFS
2025-11,FCN
2025-11,FFIN
2025-11,FHI
2025-11,FHN
2025-11,FIVE
2025-11,FIX
2025-11,FLEX
2025-11,FLG
2025-11,FLO
2025-11,FLR
2025-11,FLS
2025-11,FN
2025-11,FNB
2025-11,FND
2025-11,FNF
2025-11,FOUR
2025-11,FR
2025-11,FTI
2025-11,FYBR
2025-11,G
2025-11,GAP
2025-11,GATX
2025-11,GBCI
2025-11,GEF
2025-11,GGG
2025-11,GHC
2025-11,GLPI
2025-11,GME
2025-11,GMED
2025-11,GNTX
2025-11,GPK
2025-11,GT
2025-11,GTLS
2025-11,GTM
2025-11,GWRE
2025-11,GXO
2025-11,H
2025-11,HAE
2025-11,HALO
2025-11,HGV
2025-11,HIMS
2025-11,HLI
2025-11,HLNE
2025-11,HOG
2025-11,HOMB
2025-11,HQY
2025-11,HR
2025-11,HRB
2025-11,HWC
2025-11,HXL
2025-11,IBOC
2025-11,IDA
2025-11,ILMN
2025-11,INGR
2025-11,IPGP
2025-11,IRDM
2025-11,IRT
2025-11,ITT
2025-11,JAZZ
2025-11,JEF
2025-11,JHG
2025-11,JLL
2025-11,KBH
2025-11,KBR
2025-11,KD
2025-11,KEX
2025-11,KMPR
2025-11,KNF
2025-11,KNSL
2025-11,KNX
2025-11,KRC
2025-11,KRG
2025-11,KTOS
2025-11,LAD
2025-11,LAMR
2025-11,LEA
2025-11,LECO
2025-11,LFUS
2025-11,LITE
2025-11,LIVN
2025-11,LNTH
2025-11,LOPE
2025-11,LPX
2025-11,LSCC
2025-11,LSTR
2025-11,M
2025-11,MANH
2025-11,MASI
2025-11,MAT
2025-11,MEDP
2025-11,MIDD
2025-11,MKSI
2025-11,MLI
2025-11,MMS
2025-11,MORN
2025-11,MP
2025-11,MSA
2025-11,MSM
2025-11,MTDR
2025-11,MTG
2025-11,MTN
2025-11,MTSI
2025-11,MTZ
2025-11,MUR
2025-11,MUSA
2025-11,MZTI
2025-11,NBIX
2025-11,NEU
2025-11,NFG
2025-11,NJR
2025-11,NLY
2025-11,NNN
2025-11,NOV
2025-11,NOVT
2025-11,NSA
2025-11,NSP
2025-11,NTNX
2025-11,NVST
2025-11,NVT
2025-11,NWE
2025-11,NXST
2025-11,NXT
2025-11,NYT
2025-11,OC
2025-11,OGE
2025-11,OGS
2025-11,OHI
2025-11,OKTA
2025-11,OLED
2025-11,OLLI
2025-11,OLN
2025-11,ONB
2025-11,ONTO
2025-11,OPCH
2025-11,ORA
2025-11,ORI
2025-11,OSK
2025-11,OVV
2025-11,OZK
2025-11,PAG
2025-11,PB
2025-11,PBF
2025-11,PCH
2025-11,PCTY
2025-11,PEGA
2025-11,PEN
2025-11,PFGC
2025-11,PII
2025-11,PK
2025-11,PLNT
2025-11,PNFP
2025-11,POR
2025-11,POST
2025-11,POWI
2025-11,PPC
2025-11,PR
2025-11,PRGO
2025-11,PRI
2025-11,PSN
2025-11,PSTG
2025-11,PVH
2025-11,QLYS
2025-11,R
2025-11,RBA
2025-11,RBC
2025-11,REXR
2025-11,RGA
2025-11,RGEN
2025-11,RGLD
2025-11,RH
2025-11,RLI
2025-11,RMBS
2025-11,RNR
2025-11,ROIV
2025-11,RPM
2025-11,RRC
2025-11,RRX
2025-11,RS
2025-11,RYAN
2025-11,RYN
2025-11,SAIA
2025-11,SAIC
2025-11,SAM
2025-11,SATS
2025-11,SBRA
2025-11,SCI
2025-11,SEIC
2025-11,SF
2025-11,SFM
2025-11,SGI
2025-11,SHC
2025-11,SIGI
2025-11,SLAB
2025-11,SLGN
2025-11,SLM
2025-11,SMG
2025-11,SNV
2025-11,SNX
2025-11,SON
2025-11,SR
2025-11,SSB
2025-11,SSD
2025-11,ST
2025-11,STAG
2025-11,STRL
2025-11,STWD
2025-11,SWX
2025-11,SYNA
2025-11,TCBI
2025-11,TEX
2025-11,THC
2025-11,THG
2025-11,THO
2025-11,TKR
2025-11,TLN
2025-11,TMHC
2025-11,TNL
2025-11,TOL
2025-11,TREX
2025-11,TRU
2025-11,TTC
2025-11,TTEK
2025-11,TWLO
2025-11,TXNM
2025-11,TXRH
2025-11,UA
2025-11,UAA
2025-11,UBSI
2025-11,UFPI
2025-11,UGI
2025-11,UMBF
2025-11,UNM
2025-11,USFD
2025-11,UTHR
2025-11,VAC
2025-11,VAL
2025-11,VC
2025-11,VFC
2025-11,VLY
2025-11,VMI
2025-11,VNO
2025-11,VNOM
2025-11,VNT
2025-11,VOYA
2025-11,VVV
2025-11,WAL
2025-11,WBS
2025-11,WCC
2025-11,WEX
2025-11,WFRD
2025-11,WH
2025-11,WHR
2025-11,WING
2025-11,WLK
2025-11,WMG
2025-11,WMS
2025-11,WPC
2025-11,WSO
2025-11,WTFC
2025-11,WTRG
2025-11,WTS
2025-11,WWD
2025-11,XPO
2025-11,XRAY
2025-11,YETI
2025-11,ZION
2025-12,AA
2025-12,AAL
2025-12,AAON
2025-12,ACI
2025-12,ACM
2025-12,ADC
2025-12,AFG
2025-12,AGCO
2025-12,AIT
2025-12,ALGM
2025-12,ALK
2025-12,ALLY
2025-12,ALV
2025-12,AM
2025-12,AMG
2025-12,AMH
2025-12,AMKR
2025-12,AN
2025-12,ANF
2025-12,APG
2025-12,APPF
2025-12,AR
2025-12,ARMK
2025-12,ARW
2025-12,ASB
2025-12,ASGN
2025-12,ASH
2025-12,ATI
2025-12,ATR
2025-12,AVAV
2025-12,AVNT
2025-12,AVT
2025-12,AVTR
2025-12,AXTA
2025-12,AYI
2025-12,BBWI
2025-12,BC
2025-12,BCO
2025-12,BDC
2025-12,BHF
2025-12,BILL
2025-12,BIO
2025-12,BJ
2025-12,BKH
2025-12,BLD
2025-12,BLKB
2025-12,BMRN
2025-12,BRBR
2025-12,BRKR
2025-12,BRX
2025-12,BSY
2025-12,BURL
2025-12,BWXT
2025-12,BYD
2025-12,CACI
2025-12,CADE
2025-12,CAR
2025-12,CART
2025-12,CASY
2025-12,CAVA
2025-12,CBSH
2025-12,CBT
2025-12,CCK
2025-12,CDP
2025-12,CELH
2025-12,CFR
2025-12,CG
2025-12,CGNX
2025-12,CHDN
2025-12,CHE
2025-12,CHH
2025-12,CHRD
2025-12,CHWY
2025-12,CIEN
2025-12,CIVI
2025-12,CLF
2025-12,CLH
2025-12,CMA
2025-12,CMC
2025-12,CNH
2025-12,CNM
2025-12,CNO
2025-12,CNX
2025-12,CNXC
2025-12,COHR
2025-12,COKE
2025-12,COLB
2025-12,COLM
2025-12,COTY
2025-12,CPRI
2025-12,CR
2025-12,CRBG
2025-12,CROX
2025-12,CRS
2025-12,CRUS
2025-12,CSL
2025-12,CUBE
2025-12,CUZ
2025-12,CVLT
2025-12,CW
2025-12,CXT
2025-12,CYTK
2025-12,DAR
2025-12,DBX
2025-12,DCI
2025-12,DINO
2025-12,DKS
2025-12,DLB
2025-12,DOCS
2025-12,DOCU
2025-12,DT
2025-12,DTM
2025-12,DUOL
2025-12,EEFT
2025-12,EGP
2025-12,EHC
2025-12,ELAN
2025-12,ELF
2025-12,ELS
2025-12,ENS
2025-12,ENSG
2025-12,ENTG
2025-12,EPR
2025-12,EQH
2025-12,ESAB
2025-12,ESNT
2025-12,EVR
2025-12,EWBC
2025-12,EXEL
2025-12,EXLS
2025-12,EXP
2025-12,EXPO
2025-12,FAF
2025-12,FBIN
2025-12,FCFS
2025-12,FCN
2025-12,FFIN
2025-12,FHI
2025-12,FHN
2025-12,FIVE
2025-12,FIX
2025-12,FLEX
2025-12,FLG
2025-12,FLO
2025-12,FLR
2025-12,FLS
2025-12,FN
2025-12,FNB
2025-12,FND
2025-12,FNF
2025-12,FOUR
2025-12,FR
2025-12,FTI
2025-12,FYBR
2025-12,G
2025-12,GAP
2025-12,GATX
2025-12,GBCI
2025-12,GEF
2025-12,GGG
2025-12,GHC
2025-12,GLPI
2025-12,GME
2025-12,GMED
2025-12,GNTX
2025-12,GPK
2025-12,GT
2025-12,GTLS
2025-12,GTM
2025-12,GWRE
2025-12,GXO
2025-12,H
2025-12,HAE
2025-12,HALO
2025-12,HGV
2025-12,HIMS
2025-12,HLI
2025-12,HLNE
2025-12,HOG
2025-12,HOMB
2025-12,HQY
2025-12,HR
2025-12,HRB
2025-12,HWC
2025-12,HXL
2025-12,IBOC
2025-12,IDA
2025-12,ILMN
2025-12,INGR
2025-12,IPGP
2025-12,IRDM
2025-12,IRT
2025-12,ITT
2025-12,JAZZ
2025-12,JEF
2025-12,JHG
2025-12,JLL
2025-12,KBH
2025-12,KBR
2025-12,KD
2025-12,KEX
2025-12,KMPR
2025-12,KNF
2025-12,KNSL
2025-12,KNX
2025-12,KRC
2025-12,KRG
2025-12,KTOS
2025-12,LAD
2025-12,LAMR
2025-12,LEA
2025-12,LECO
2025-12,LFUS
2025-12,LITE
2025-12,LIVN
2025-12,LNTH
2025-12,LOPE
2025-12,LPX
2025-12,LSCC
2025-12,LSTR
2025-12,M
2025-12,MANH
2025-12,MASI
2025-12,MAT
2025-12,MEDP
2025-12,MIDD
2025-12,MKSI
2025-12,MLI
2025-12,MMS
2025-12,MORN
2025-12,MP
2025-12,MSA
2025-12,MSM
2025-12,MTDR
2025-12,MTG
2025-12,MTN
2025-12,MTSI
2025-12,MTZ
2025-12,MUR
2025-12,MUSA
2025-12,MZTI
2025-12,NBIX
2025-12,NEU
2025-12,NFG
2025-12,NJR
2025-12,NLY
2025-12,NNN
2025-12,NOV
2025-12,NOVT
2025-12,NSA
2025-12,NSP
2025-12,NTNX
2025-12,NVST
2025-12,NVT
2025-12,NWE
2025-12,NXST
2025-12,NXT
2025-12,NYT
2025-12,OC
2025-12,OGE
2025-12,OGS
2025-12,OHI
2025-12,OKTA
2025-12,OLED
2025-12,OLLI
2025-12,OLN
2025-12,ONB
2025-12,ONTO
2025-12,OPCH
2025-12,ORA
2025-12,ORI
2025-12,OSK
2025-12,OVV
2025-12,OZK
2025-12,PAG
2025-12,PB
2025-12,PBF
2025-12,PCH
2025-12,PCTY
2025-12,PEGA
2025-12,PEN
2025-12,PFGC
2025-12,PII
2025-12,PK
2025-12,PLNT
2025-12,PNFP
2025-12,POR
2025-12,POST
2025-12,POWI
2025-12,PPC
2025-12,PR
2025-12,PRGO
2025-12,PRI
2025-12,PSN
2025-12,PSTG
2025-12,PVH
2025-12,QLYS
2025-12,R
2025-12,RBA
2025-12,RBC
2025-12,REXR
2025-12,RGA
2025-12,RGEN
2025-12,RGLD
2025-12,RH
2025-12,RLI
2025-12,RMBS
2025-12,RNR
2025-12,ROIV
2025-12,RPM
2025-12,RRC
2025-12,RRX
2025-12,RS
2025-12,RYAN
2025-12,RYN
2025-12,SAIA
2025-12,SAIC
2025-12,SAM
2025-12,SATS
2025-12,SBRA
2025-12,SCI
2025-12,SEIC
2025-12,SF
2025-12,SFM
2025-12,SGI
2025-12,SHC
2025-12,SIGI
2025-12,SLAB
2025-12,SLGN
2025-12,SLM
2025-12,SMG
2025-12,SNV
2025-12,SNX
2025-12,SON
2025-12,SR
2025-12,SSB
2025-12,SSD
2025-12,ST
2025-12,STAG
2025-12,STRL
2025-12,STWD
2025-12,SWX
2025-12,SYNA
2025-12,TCBI
2025-12,TEX
2025-12,THC
2025-12,THG
2025-12,THO
2025-12,TKR
2025-12,TLN
2025-12,TMHC
2025-12,TNL
2025-12,TOL
2025-12,TREX
2025-12,TRU
2025-12,TTC
2025-12,TTEK
2025-12,TWLO
2025-12,TXNM
2025-12,TXRH
2025-12,UA
2025-12,UAA
2025-12,UBSI
2025-12,UFPI
2025-12,UGI
2025-12,UMBF
2025-12,UNM
2025-12,USFD
2025-12,UTHR
2025-12,VAC
2025-12,VAL
2025-12,VC
2025-12,VFC
2025-12,VLY
2025-12,VMI
2025-12,VNO
2025-12,VNOM
2025-12,VNT
2025-12,VOYA
2025-12,VVV
2025-12,WAL
2025-12,WBS
2025-12,WCC
2025-12,WEX
2025-12,WFRD
2025-12,WH
2025-12,WHR
2025-12,WING
2025-12,WLK
2025-12,WMG
2025-12,WMS
2025-12,WPC
2025-12,WSO
2025-12,WTFC
2025-12,WTRG
2025-12,WTS
2025-12,WWD
2025-12,XPO
2025-12,XRAY
2025-12,YETI
2025-12,ZION
2026-01,AA
2026-01,AAL
2026-01,AAON
2026-01,ACI
2026-01,ACM
2026-01,ADC
2026-01,AEIS
2026-01,AFG
2026-01,AGCO
2026-01,AHR
2026-01,AIT
2026-01,ALGM
2026-01,ALK
2026-01,ALLY
2026-01,ALV
2026-01,AM
2026-01,AMG
2026-01,AMH
2026-01,AMKR
2026-01,AN
2026-01,ANF
2026-01,APG
2026-01,APPF
2026-01,AR
2026-01,ARMK
2026-01,ARW
2026-01,ASB
2026-01,ASGN
2026-01,ASH
2026-01,ATI
2026-01,ATR
2026-01,AVAV
2026-01,AVNT
2026-01,AVT
2026-01,AVTR
2026-01,AXTA
2026-01,AYI
2026-01,BAH
2026-01,BBWI
2026-01,BC
2026-01,BCO
2026-01,BDC
2026-01,BHF
2026-01,BILL
2026-01,BIO
2026-01,BJ
2026-01,BKH
2026-01,BLD
2026-01,BLKB
2026-01,BMRN
2026-01,BRBR
2026-01,BRKR
2026-01,BROS
2026-01,BRX
2026-01,BSY
2026-01,BURL
2026-01,BWA
2026-01,BWXT
2026-01,BYD
2026-01,CACI
2026-01,CAR
2026-01,CART
2026-01,CASY
2026-01,CAVA
2026-01,CBSH
2026-01,CBT
2026-01,CCK
2026-01,CDP
2026-01,CELH
2026-01,CFR
2026-01,CG
2026-01,CGNX
2026-01,CHDN
2026-01,CHE
2026-01,CHH
2026-01,CHRD
2026-01,CHWY
2026-01,CIEN
2026-01,CLF
2026-01,CLH
2026-01,CMC
2026-01,CNH
2026-01,CNM
2026-01,CNO
2026-01,CNX
2026-01,CNXC
2026-01,COHR
2026-01,COKE
2026-01,COLB
2026-01,COLM
2026-01,COTY
2026-01,CPRI
2026-01,CR
2026-01,CRBG
2026-01,CROX
2026-01,CRS
2026-01,CRUS
2026-01,CSL
2026-01,CUBE
2026-01,CUZ
2026-01,CVLT
2026-01,CW
2026-01,CXT
2026-01,CYTK
2026-01,DAR
2026-01,DBX
2026-01,DCI
2026-01,DINO
2026-01,DKS
2026-01,DLB
2026-01,DOCS
2026-01,DOCU
2026-01,DT
2026-01,DTM
2026-01,DUOL
2026-01,DY
2026-01,EEFT
2026-01,EGP
2026-01,EHC
2026-01,ELAN
2026-01,ELF
2026-01,ELS
2026-01,ENS
2026-01,ENSG
2026-01,ENTG
2026-01,EPR
2026-01,EQH
2026-01,ESAB
2026-01,ESNT
2026-01,EVR
2026-01,EWBC
2026-01,EXEL
2026-01,EXLS
2026-01,EXP
2026-01,EXPO
2026-01,FAF
2026-01,FBIN
2026-01,FCFS
2026-01,FCN
2026-01,FFIN
2026-01,FHI
2026-01,FHN
2026-01,FIVE
2026-01,FLEX
2026-01,FLG
2026-01,FLO
2026-01,FLR
2026-01,FLS
2026-01,FN
2026-01,FNB
2026-01,FND
2026-01,FNF
2026-01,FOUR
2026-01,FR
2026-01,FTI
2026-01,G
2026-01,GAP
2026-01,GATX
2026-01,GBCI
2026-01,GEF
2026-01,GGG
2026-01,GHC
2026-01,GLPI
2026-01,GME
2026-01,GMED
2026-01,GNTX
2026-01,GPK
2026-01,GT
2026-01,GTLS
2026-01,GTM
2026-01,GWRE
2026-01,GXO
2026-01,H
2026-01,HAE
2026-01,HALO
2026-01,HGV
2026-01,HIMS
2026-01,HL
2026-01,HLI
2026-01,HLNE
2026-01,HOG
2026-01,HOMB
2026-01,HQY
2026-01,HR
2026-01,HRB
2026-01,HWC
2026-01,HXL
2026-01,IBOC
2026-01,IDA
2026-01,ILMN
2026-01,INGR
2026-01,IPGP
2026-01,IRT
2026-01,ITT
2026-01,JAZZ
2026-01,JEF
2026-01,JHG
2026-01,JLL
2026-01,KBH
2026-01,KBR
2026-01,KD
2026-01,KEX
2026-01,KMPR
2026-01,KNF
2026-01,KNSL
2026-01,KNX
2026-01,KRC
2026-01,KRG
2026-01,KTOS
2026-01,LAD
2026-01,LAMR
2026-01,LEA
2026-01,LECO
2026-01,LFUS
2026-01,LITE
2026-01,LIVN
2026-01,LNTH
2026-01,LOPE
2026-01,LPX
2026-01,LSCC
2026-01,LSTR
2026-01,M
2026-01,MANH
2026-01,MASI
2026-01,MAT
2026-01,MEDP
2026-01,MIDD
2026-01,MKSI
2026-01,MLI
2026-01,MMS
2026-01,MORN
2026-01,MP
2026-01,MSA
2026-01,MSM
2026-01,MTDR
2026-01,MTG
2026-01,MTN
2026-01,MTSI
2026-01,MTZ
2026-01,MUR
2026-01,MUSA
2026-01,MZTI
2026-01,NBIX
2026-01,NEU
2026-01,NFG
2026-01,NJR
2026-01,NLY
2026-01,NNN
2026-01,NOV
2026-01,NOVT
2026-01,NSA
2026-01,NTNX
2026-01,NVST
2026-01,NVT
2026-01,NWE
2026-01,NXST
2026-01,NXT
2026-01,NYT
2026-01,OC
2026-01,OGE
2026-01,OGS
2026-01,OHI
2026-01,OKTA
2026-01,OLED
2026-01,OLLI
2026-01,OLN
2026-01,ONB
2026-01,ONTO
2026-01,OPCH
2026-01,ORA
2026-01,ORI
2026-01,OSK
2026-01,OVV
2026-01,OZK
2026-01,PAG
2026-01,PATH
2026-01,PB
2026-01,PBF
2026-01,PCTY
2026-01,PEGA
2026-01,PEN
2026-01,PFGC
2026-01,PII
2026-01,PINS
2026-01,PK
2026-01,PLNT
2026-01,PNFP
2026-01,POR
2026-01,POST
2026-01,PPC
2026-01,PR
2026-01,PRI
2026-01,PSN
2026-01,PSTG
2026-01,PVH
2026-01,QLYS
2026-01,R
2026-01,RBA
2026-01,RBC
2026-01,REXR
2026-01,RGA
2026-01,RGEN
2026-01,RGLD
2026-01,RH
2026-01,RLI
2026-01,RMBS
2026-01,RNR
2026-01,ROIV
2026-01,RPM
2026-01,RRC
2026-01,RRX
2026-01,RS
2026-01,RYAN
2026-01,RYN
2026-01,SAIA
2026-01,SAIC
2026-01,SAM
2026-01,SARO
2026-01,SATS
2026-01,SBRA
2026-01,SCI
2026-01,SEIC
2026-01,SF
2026-01,SFM
2026-01,SGI
2026-01,SHC
2026-01,SIGI
2026-01,SLAB
2026-01,SLGN
2026-01,SLM
2026-01,SMG
2026-01,SNX
2026-01,SON
2026-01,SPXC
2026-01,SR
2026-01,SSB
2026-01,SSD
2026-01,ST
2026-01,STAG
2026-01,STRL
2026-01,STWD
2026-01,SWX
2026-01,SYNA
2026-01,TCBI
2026-01,TEX
2026-01,THC
2026-01,THG
2026-01,THO
2026-01,TKR
2026-01,TLN
2026-01,TMHC
2026-01,TNL
2026-01,TOL
2026-01,TREX
2026-01,TRU
2026-01,TTC
2026-01,TTEK
2026-01,TTMI
2026-01,TWLO
2026-01,TXNM
2026-01,TXRH
2026-01,UBSI
2026-01,UFPI
2026-01,UGI
2026-01,ULS
2026-01,UMBF
2026-01,UNM
2026-01,USFD
2026-01,UTHR
2026-01,VAL
2026-01,VC
2026-01,VFC
2026-01,VLY
2026-01,VMI
2026-01,VNO
2026-01,VNOM
2026-01,VNT
2026-01,VOYA
2026-01,VVV
2026-01,WAL
2026-01,WBS
2026-01,WCC
2026-01,WEX
2026-01,WFRD
2026-01,WH
2026-01,WHR
2026-01,WING
2026-01,WLK
2026-01,WMG
2026-01,WMS
2026-01,WPC
2026-01,WSO
2026-01,WTFC
2026-01,WTRG
2026-01,WTS
2026-01,WWD
2026-01,XPO
2026-01,XRAY
2026-01,YETI
2026-01,ZION
2026-02,AA
2026-02,AAL
2026-02,AAON
2026-02,ACI
2026-02,ACM
2026-02,ADC
2026-02,AEIS
2026-02,AFG
2026-02,AGCO
2026-02,AHR
2026-02,AIT
2026-02,ALGM
2026-02,ALK
2026-02,ALLY
2026-02,ALV
2026-02,AM
2026-02,AMG
2026-02,AMH
2026-02,AMKR
2026-02,AN
2026-02,ANF
2026-02,APG
2026-02,APPF
2026-02,AR
2026-02,ARMK
2026-02,ARW
2026-02,ARWR
2026-02,ASB
2026-02,ASGN
2026-02,ASH
2026-02,ATI
2026-02,ATR
2026-02,AVAV
2026-02,AVNT
2026-02,AVT
2026-02,AVTR
2026-02,AXTA
2026-02,AYI
2026-02,BAH
2026-02,BBWI
2026-02,BC
2026-02,BCO
2026-02,BDC
2026-02,BHF
2026-02,BILL
2026-02,BIO
2026-02,BJ
2026-02,BKH
2026-02,BLD
2026-02,BLKB
2026-02,BMRN
2026-02,BRBR
2026-02,BRKR
2026-02,BROS
2026-02,BRX
2026-02,BSY
2026-02,BURL
2026-02,BWA
2026-02,BWXT
2026-02,BYD
2026-02,CACI
2026-02,CAR
2026-02,CART
2026-02,CASY
2026-02,CAVA
2026-02,CBSH
2026-02,CBT
2026-02,CCK
2026-02,CDP
2026-02,CELH
2026-02,CFR
2026-02,CG
2026-02,CGNX
2026-02,CHDN
2026-02,CHE
2026-02,CHH
2026-02,CHRD
2026-02,CHWY
2026-02,CLF
2026-02,CLH
2026-02,CMC
2026-02,CNH
2026-02,CNM
2026-02,CNO
2026-02,CNX
2026-02,CNXC
2026-02,COHR
2026-02,COKE
2026-02,COLB
2026-02,COLM
2026-02,COTY
2026-02,CPRI
2026-02,CR
2026-02,CRBG
2026-02,CROX
2026-02,CRS
2026-02,CRUS
2026-02,CSL
2026-02,CUBE
2026-02,CUZ
2026-02,CVLT
2026-02,CW
2026-02,CXT
2026-02,CYTK
2026-02,DAR
2026-02,DBX
2026-02,DCI
2026-02,DINO
2026-02,DKS
2026-02,DLB
2026-02,DOCS
2026-02,DOCU
2026-02,DT
2026-02,DTM
2026-02,DUOL
2026-02,DY
2026-02,EEFT
2026-02,EGP
2026-02,EHC
2026-02,ELAN
2026-02,ELF
2026-02,ELS
2026-02,ENS
2026-02,ENSG
2026-02,ENTG
2026-02,EPR
2026-02,EQH
2026-02,ESAB
2026-02,ESNT
2026-02,EVR
2026-02,EWBC
2026-02,EXEL
2026-02,EXLS
2026-02,EXP
2026-02,EXPO
2026-02,FAF
2026-02,FBIN
2026-02,FCFS
2026-02,FCN
2026-02,FFIN
2026-02,FHI
2026-02,FHN
2026-02,FIVE
2026-02,FLEX
2026-02,FLG
2026-02,FLO
2026-02,FLR
2026-02,FLS
2026-02,FN
2026-02,FNB
2026-02,FND
2026-02,FNF
2026-02,FOUR
2026-02,FR
2026-02,FTI
2026-02,G
2026-02,GAP
2026-02,GATX
2026-02,GBCI
2026-02,GEF
2026-02,GGG
2026-02,GHC
2026-02,GLPI
2026-02,GME
2026-02,GMED
2026-02,GNTX
2026-02,GPK
2026-02,GT
2026-02,GTLS
2026-02,GTM
2026-02,GWRE
2026-02,GXO
2026-02,H
2026-02,HAE
2026-02,HALO
2026-02,HGV
2026-02,HIMS
2026-02,HL
2026-02,HLI
2026-02,HLNE
2026-02,HOG
2026-02,HOMB
2026-02,HQY
2026-02,HR
2026-02,HRB
2026-02,HWC
2026-02,HXL
2026-02,IBOC
2026-02,IDA
2026-02,ILMN
2026-02,INGR
2026-02,IPGP
2026-02,IRT
2026-02,ITT
2026-02,JAZZ
2026-02,JEF
2026-02,JHG
2026-02,JLL
2026-02,KBH
2026-02,KBR
2026-02,KD
2026-02,KEX
2026-02,KMPR
2026-02,KNF
2026-02,KNSL
2026-02,KNX
2026-02,KRC
2026-02,KRG
2026-02,KTOS
2026-02,LAD
2026-02,LAMR
2026-02,LEA
2026-02,LECO
2026-02,LFUS
2026-02,LITE
2026-02,LIVN
2026-02,LNTH
2026-02,LOPE
2026-02,LPX
2026-02,LSCC
2026-02,LSTR
2026-02,M
2026-02,MANH
2026-02,MASI
2026-02,MAT
2026-02,MEDP
2026-02,MIDD
2026-02,MKSI
2026-02,MLI
2026-02,MMS
2026-02,MORN
2026-02,MP
2026-02,MSA
2026-02,MSM
2026-02,MTDR
2026-02,MTG
2026-02,MTN
2026-02,MTSI
2026-02,MTZ
2026-02,MUR
2026-02,MUSA
2026-02,MZTI
2026-02,NBIX
2026-02,NEU
2026-02,NFG
2026-02,NJR
2026-02,NLY
2026-02,NNN
2026-02,NOV
2026-02,NOVT
2026-02,NSA
2026-02,NTNX
2026-02,NVST
2026-02,NVT
2026-02,NWE
2026-02,NXST
2026-02,NXT
2026-02,NYT
2026-02,OC
2026-02,OGE
2026-02,OGS
2026-02,OHI
2026-02,OKTA
2026-02,OLED
2026-02,OLLI
2026-02,OLN
2026-02,ONB
2026-02,ONTO
2026-02,OPCH
2026-02,ORA
2026-02,ORI
2026-02,OSK
2026-02,OVV
2026-02,OZK
2026-02,PAG
2026-02,PATH
2026-02,PB
2026-02,PBF
2026-02,PCTY
2026-02,PEGA
2026-02,PEN
2026-02,PFGC
2026-02,PII
2026-02,PINS
2026-02,PK
2026-02,PLNT
2026-02,PNFP
2026-02,POR
2026-02,POST
2026-02,PPC
2026-02,PR
2026-02,PRI
2026-02,PSN
2026-02,PSTG
2026-02,PVH
2026-02,QLYS
2026-02,R
2026-02,RBA
2026-02,RBC
2026-02,REXR
2026-02,RGA
2026-02,RGEN
2026-02,RGLD
2026-02,RH
2026-02,RLI
2026-02,RMBS
2026-02,RNR
2026-02,ROIV
2026-02,RPM
2026-02,RRC
2026-02,RRX
2026-02,RS
2026-02,RYAN
2026-02,RYN
2026-02,SAIA
2026-02,SAIC
2026-02,SAM
2026-02,SARO
2026-02,SATS
2026-02,SBRA
2026-02,SCI
2026-02,SEIC
2026-02,SF
2026-02,SFM
2026-02,SGI
2026-02,SHC
2026-02,SIGI
2026-02,SLAB
2026-02,SLGN
2026-02,SLM
2026-02,SMG
2026-02,SNX
2026-02,SON
2026-02,SPXC
2026-02,SR
2026-02,SSB
2026-02,SSD
2026-02,ST
2026-02,STAG
2026-02,STRL
2026-02,STWD
2026-02,SWX
2026-02,SYNA
2026-02,TCBI
2026-02,TEX
2026-02,THC
2026-02,THG
2026-02,THO
2026-02,TKR
2026-02,TLN
2026-02,TMHC
2026-02,TNL
2026-02,TOL
2026-02,TREX
2026-02,TRU
2026-02,TTC
2026-02,TTEK
2026-02,TTMI
2026-02,TWLO
2026-02,TXNM
2026-02,TXRH
2026-02,UBSI
2026-02,UFPI
2026-02,UGI
2026-02,ULS
2026-02,UMBF
2026-02,UNM
2026-02,USFD
2026-02,UTHR
2026-02,VAL
2026-02,VC
2026-02,VFC
2026-02,VLY
2026-02,VMI
2026-02,VNO
2026-02,VNOM
2026-02,VNT
2026-02,VOYA
2026-02,VVV
2026-02,WAL
2026-02,WBS
2026-02,WCC
2026-02,WEX
2026-02,WFRD
2026-02,WH
2026-02,WHR
2026-02,WING
2026-02,WLK
2026-02,WMG
2026-02,WMS
2026-02,WPC
2026-02,WSO
2026-02,WTFC
2026-02,WTRG
2026-02,WTS
2026-02,WWD
2026-02,XPO
2026-02,XRAY
2026-02,YETI
2026-02,ZION
2026-03,AA
2026-03,AAL
2026-03,AAON
2026-03,ACI
2026-03,ACM
2026-03,ADC
2026-03,AEIS
2026-03,AFG
2026-03,AGCO
2026-03,AHR
2026-03,AIT
2026-03,ALGM
2026-03,ALK
2026-03,ALLY
2026-03,ALV
2026-03,AM
2026-03,AMG
2026-03,AMH
2026-03,AMKR
2026-03,AN
2026-03,ANF
2026-03,APG
2026-03,APPF
2026-03,AR
2026-03,ARMK
2026-03,ARW
2026-03,ARWR
2026-03,ASB
2026-03,ASH
2026-03,ATI
2026-03,ATR
2026-03,AVAV
2026-03,AVNT
2026-03,AVT
2026-03,AVTR
2026-03,AXTA
2026-03,AYI
2026-03,BAH
2026-03,BBWI
2026-03,BC
2026-03,BCO
2026-03,BDC
2026-03,BHF
2026-03,BILL
2026-03,BIO
2026-03,BJ
2026-03,BKH
2026-03,BLD
2026-03,BLKB
2026-03,BMRN
2026-03,BRBR
2026-03,BRKR
2026-03,BROS
2026-03,BRX
2026-03,BSY
2026-03,BURL
2026-03,BWA
2026-03,BWXT
2026-03,BYD
2026-03,CACI
2026-03,CAR
2026-03,CART
2026-03,CASY
2026-03,CAVA
2026-03,CBSH
2026-03,CBT
2026-03,CCK
2026-03,CDP
2026-03,CELH
2026-03,CFR
2026-03,CG
2026-03,CGNX
2026-03,CHDN
2026-03,CHE
2026-03,CHH
2026-03,CHRD
2026-03,CHWY
2026-03,CLF
2026-03,CLH
2026-03,CMC
2026-03,CNH
2026-03,CNM
2026-03,CNO
2026-03,CNX
2026-03,CNXC
2026-03,COKE
2026-03,COLB
2026-03,COLM
2026-03,COTY
2026-03,CPRI
2026-03,CR
2026-03,CRBG
2026-03,CROX
2026-03,CRS
2026-03,CRUS
2026-03,CSL
2026-03,CTRE
2026-03,CUBE
2026-03,CUZ
2026-03,CVLT
2026-03,CW
2026-03,CXT
2026-03,CYTK
2026-03,DAR
2026-03,DBX
2026-03,DCI
2026-03,DINO
2026-03,DKS
2026-03,DLB
2026-03,DOCS
2026-03,DOCU
2026-03,DT
2026-03,DTM
2026-03,DUOL
2026-03,DY
2026-03,EEFT
2026-03,EGP
2026-03,EHC
2026-03,ELAN
2026-03,ELF
2026-03,ELS
2026-03,ENS
2026-03,ENSG
2026-03,ENTG
2026-03,EPR
2026-03,EQH
2026-03,ESAB
2026-03,ESNT
2026-03,EVR
2026-03,EWBC
2026-03,EXEL
2026-03,EXLS
2026-03,EXP
2026-03,EXPO
2026-03,FAF
2026-03,FBIN
2026-03,FCFS
2026-03,FCN
2026-03,FFIN
2026-03,FHI
2026-03,FHN
2026-03,FIVE
2026-03,FLEX
2026-03,FLG
2026-03,FLO
2026-03,FLR
2026-03,FLS
2026-03,FN
2026-03,FNB
2026-03,FND
2026-03,FNF
2026-03,FOUR
2026-03,FR
2026-03,FTI
2026-03,G
2026-03,GAP
2026-03,GATX
2026-03,GBCI
2026-03,GEF
2026-03,GGG
2026-03,GHC
2026-03,GLPI
2026-03,GME
2026-03,GMED
2026-03,GNTX
2026-03,GPK
2026-03,GT
2026-03,GTLS
2026-03,GWRE
2026-03,GXO
2026-03,H
2026-03,HAE
2026-03,HALO
2026-03,HGV
2026-03,HIMS
2026-03,HL
2026-03,HLI
2026-03,HLNE
2026-03,HOG
2026-03,HOMB
2026-03,HQY
2026-03,HR
2026-03,HRB
2026-03,HWC
2026-03,HXL
2026-03,IBOC
2026-03,IDA
2026-03,IDCC
2026-03,ILMN
2026-03,INGR
2026-03,IPGP
2026-03,IRT
2026-03,ITT
2026-03,JAZZ
2026-03,JEF
2026-03,JHG
2026-03,JLL
2026-03,KBH
2026-03,KBR
2026-03,KD
2026-03,KEX
2026-03,KNF
2026-03,KNSL
2026-03,KNX
2026-03,KRC
2026-03,KRG
2026-03,KTOS
2026-03,LAD
2026-03,LAMR
2026-03,LEA
2026-03,LECO
2026-03,LFUS
2026-03,LIVN
2026-03,LNTH
2026-03,LOPE
2026-03,LPX
2026-03,LSCC
2026-03,LSTR
2026-03,M
2026-03,MANH
2026-03,MASI
2026-03,MAT
2026-03,MEDP
2026-03,MIDD
2026-03,MKSI
2026-03,MLI
2026-03,MMS
2026-03,MOG.A
2026-03,MORN
2026-03,MP
2026-03,MSA
2026-03,MSM
2026-03,MTDR
2026-03,MTG
2026-03,MTN
2026-03,MTSI
2026-03,MTZ
2026-03,MUR
2026-03,MUSA
2026-03,MZTI
2026-03,NBIX
2026-03,NEU
2026-03,NFG
2026-03,NJR
2026-03,NLY
2026-03,NNN
2026-03,NOV
2026-03,NOVT
2026-03,NSA
2026-03,NTNX
2026-03,NVST
2026-03,NVT
2026-03,NWE
2026-03,NXST
2026-03,NXT
2026-03,NYT
2026-03,OC
2026-03,OGE
2026-03,OGS
2026-03,OHI
2026-03,OKTA
2026-03,OLED
2026-03,OLLI
2026-03,OLN
2026-03,ONB
2026-03,ONTO
2026-03,OPCH
2026-03,ORA
2026-03,ORI
2026-03,OSK
2026-03,OVV
2026-03,OZK
2026-03,PAG
2026-03,PATH
2026-03,PB
2026-03,PBF
2026-03,PCTY
2026-03,PEGA
2026-03,PEN
2026-03,PFGC
2026-03,PII
2026-03,PINS
2026-03,PK
2026-03,PLNT
2026-03,PNFP
2026-03,POR
2026-03,POST
2026-03,PPC
2026-03,PR
2026-03,PRI
2026-03,PSN
2026-03,PSTG
2026-03,PVH
2026-03,QLYS
2026-03,R
2026-03,RBA
2026-03,RBC
2026-03,REXR
2026-03,RGA
2026-03,RGEN
2026-03,RGLD
2026-03,RH
2026-03,RLI
2026-03,RMBS
2026-03,RNR
2026-03,ROIV
2026-03,RPM
2026-03,RRC
2026-03,RRX
2026-03,RS
2026-03,RYAN
2026-03,RYN
2026-03,SAIA
2026-03,SAIC
2026-03,SAM
2026-03,SARO
2026-03,SBRA
2026-03,SCI
2026-03,SEIC
2026-03,SF
2026-03,SFM
2026-03,SGI
2026-03,SHC
2026-03,SIGI
2026-03,SITM
2026-03,SLAB
2026-03,SLGN
2026-03,SLM
2026-03,SMG
2026-03,SNX
2026-03,SOLS
2026-03,SON
2026-03,SPXC
2026-03,SR
2026-03,SSB
2026-03,SSD
2026-03,ST
2026-03,STAG
2026-03,STRL
2026-03,STWD
2026-03,SWX
2026-03,SYNA
2026-03,TCBI
2026-03,TEX
2026-03,THC
2026-03,THG
2026-03,THO
2026-03,TKR
2026-03,TLN
2026-03,TMHC
2026-03,TNL
2026-03,TOL
2026-03,TREX
2026-03,TRU
2026-03,TTC
2026-03,TTEK
2026-03,TTMI
2026-03,TWLO
2026-03,TXNM
2026-03,TXRH
2026-03,UBSI
2026-03,UFPI
2026-03,UGI
2026-03,ULS
2026-03,UMBF
2026-03,UNM
2026-03,USFD
2026-03,UTHR
2026-03,VAL
2026-03,VC
2026-03,VFC
2026-03,VICR
2026-03,VLY
2026-03,VMI
2026-03,VNO
2026-03,VNOM
2026-03,VNT
2026-03,VOYA
2026-03,VVV
2026-03,WAL
2026-03,WBS
2026-03,WCC
2026-03,WEX
2026-03,WFRD
2026-03,WH
2026-03,WHR
2026-03,WING
2026-03,WLK
2026-03,WMG
2026-03,WMS
2026-03,WPC
2026-03,WSO
2026-03,WTFC
2026-03,WTRG
2026-03,WTS
2026-03,WWD
2026-03,XPO
2026-03,XRAY
2026-03,YETI
2026-03,ZION
2026-04,AA
2026-04,AAL
2026-04,AAON
2026-04,ACI
2026-04,ACM
2026-04,ADC
2026-04,AEIS
2026-04,AFG
2026-04,AGCO
2026-04,AHR
2026-04,AIT
2026-04,ALGM
2026-04,ALK
2026-04,ALLY
2026-04,ALV
2026-04,AM
2026-04,AMG
2026-04,AMH
2026-04,AMKR
2026-04,AN
2026-04,ANF
2026-04,APG
2026-04,APPF
2026-04,AR
2026-04,ARMK
2026-04,ARW
2026-04,ARWR
2026-04,ASB
2026-04,ASH
2026-04,ATI
2026-04,ATR
2026-04,AVAV
2026-04,AVNT
2026-04,AVT
2026-04,AVTR
2026-04,AXTA
2026-04,AYI
2026-04,BAH
2026-04,BBWI
2026-04,BC
2026-04,BCO
2026-04,BDC
2026-04,BHF
2026-04,BILL
2026-04,BIO
2026-04,BJ
2026-04,BKH
2026-04,BLD
2026-04,BLKB
2026-04,BMRN
2026-04,BRBR
2026-04,BRKR
2026-04,BROS
2026-04,BRX
2026-04,BSY
2026-04,BURL
2026-04,BWA
2026-04,BWXT
2026-04,BYD
2026-04,CACI
2026-04,CAR
2026-04,CART
2026-04,CAVA
2026-04,CBSH
2026-04,CBT
2026-04,CCK
2026-04,CDP
2026-04,CELH
2026-04,CFR
2026-04,CG
2026-04,CGNX
2026-04,CHDN
2026-04,CHE
2026-04,CHH
2026-04,CHRD
2026-04,CHWY
2026-04,CLF
2026-04,CLH
2026-04,CMC
2026-04,CNH
2026-04,CNM
2026-04,CNO
2026-04,CNX
2026-04,CNXC
2026-04,COKE
2026-04,COLB
2026-04,COLM
2026-04,COTY
2026-04,CPRI
2026-04,CR
2026-04,CRBG
2026-04,CROX
2026-04,CRS
2026-04,CRUS
2026-04,CSL
2026-04,CTRE
2026-04,CUBE
2026-04,CUZ
2026-04,CVLT
2026-04,CW
2026-04,CXT
2026-04,CYTK
2026-04,DAR
2026-04,DBX
2026-04,DCI
2026-04,DINO
2026-04,DKS
2026-04,DLB
2026-04,DOCN
2026-04,DOCS
2026-04,DOCU
2026-04,DT
2026-04,DTM
2026-04,DUOL
2026-04,DY
2026-04,EEFT
2026-04,EGP
2026-04,EHC
2026-04,ELAN
2026-04,ELF
2026-04,ELS
2026-04,ENS
2026-04,ENSG
2026-04,ENTG
2026-04,EPR
2026-04,EQH
2026-04,ESAB
2026-04,ESNT
2026-04,EVR
2026-04,EWBC
2026-04,EXEL
2026-04,EXLS
2026-04,EXP
2026-04,EXPO
2026-04,FAF
2026-04,FBIN
2026-04,FCFS
2026-04,FCN
2026-04,FFIN
2026-04,FHI
2026-04,FHN
2026-04,FIVE
2026-04,FLEX
2026-04,FLG
2026-04,FLO
2026-04,FLR
2026-04,FLS
2026-04,FN
2026-04,FNB
2026-04,FND
2026-04,FNF
2026-04,FOUR
2026-04,FR
2026-04,FTI
2026-04,G
2026-04,GAP
2026-04,GATX
2026-04,GBCI
2026-04,GEF
2026-04,GGG
2026-04,GHC
2026-04,GLPI
2026-04,GME
2026-04,GMED
2026-04,GNTX
2026-04,GPK
2026-04,GT
2026-04,GTLS
2026-04,GWRE
2026-04,GXO
2026-04,H
2026-04,HAE
2026-04,HALO
2026-04,HGV
2026-04,HIMS
2026-04,HL
2026-04,HLI
2026-04,HLNE
2026-04,HOG
2026-04,HOMB
2026-04,HQY
2026-04,HR
2026-04,HRB
2026-04,HWC
2026-04,HXL
2026-04,IBOC
2026-04,IDA
2026-04,IDCC
2026-04,ILMN
2026-04,INGR
2026-04,IPGP
2026-04,IRT
2026-04,ITT
2026-04,JAZZ
2026-04,JEF
2026-04,JHG
2026-04,JLL
2026-04,KBH
2026-04,KBR
2026-04,KD
2026-04,KEX
2026-04,KNF
2026-04,KNSL
2026-04,KNX
2026-04,KRC
2026-04,KRG
2026-04,KTOS
2026-04,LAD
2026-04,LAMR
2026-04,LEA
2026-04,LECO
2026-04,LFUS
2026-04,LIVN
2026-04,LNTH
2026-04,LOPE
2026-04,LPX
2026-04,LSCC
2026-04,LSTR
2026-04,M
2026-04,MANH
2026-04,MASI
2026-04,MAT
2026-04,MEDP
2026-04,MIDD
2026-04,MKSI
2026-04,MLI
2026-04,MMS
2026-04,MOG.A
2026-04,MORN
2026-04,MP
2026-04,MSA
2026-04,MSM
2026-04,MTDR
2026-04,MTG
2026-04,MTN
2026-04,MTSI
2026-04,MTZ
2026-04,MUR
2026-04,MUSA
2026-04,MZTI
2026-04,NBIX
2026-04,NEU
2026-04,NFG
2026-04,NJR
2026-04,NLY
2026-04,NNN
2026-04,NOV
2026-04,NOVT
2026-04,NSA
2026-04,NTNX
2026-04,NVST
2026-04,NVT
2026-04,NWE
2026-04,NXST
2026-04,NXT
2026-04,NYT
2026-04,OC
2026-04,OGE
2026-04,OGS
2026-04,OHI
2026-04,OKTA
2026-04,OLED
2026-04,OLLI
2026-04,OLN
2026-04,ONB
2026-04,ONTO
2026-04,OPCH
2026-04,ORA
2026-04,ORI
2026-04,OSK
2026-04,OVV
2026-04,OZK
2026-04,PAG
2026-04,PATH
2026-04,PB
2026-04,PBF
2026-04,PCTY
2026-04,PEGA
2026-04,PEN
2026-04,PFGC
2026-04,PII
2026-04,PINS
2026-04,PK
2026-04,PLNT
2026-04,PNFP
2026-04,POR
2026-04,POST
2026-04,PPC
2026-04,PR
2026-04,PRI
2026-04,PSN
2026-04,PSTG
2026-04,PVH
2026-04,QLYS
2026-04,R
2026-04,RBA
2026-04,RBC
2026-04,REXR
2026-04,RGA
2026-04,RGEN
2026-04,RGLD
2026-04,RH
2026-04,RLI
2026-04,RMBS
2026-04,RNR
2026-04,ROIV
2026-04,RPM
2026-04,RRC
2026-04,RRX
2026-04,RS
2026-04,RYAN
2026-04,RYN
2026-04,SAIA
2026-04,SAIC
2026-04,SAM
2026-04,SARO
2026-04,SBRA
2026-04,SCI
2026-04,SEIC
2026-04,SF
2026-04,SFM
2026-04,SGI
2026-04,SHC
2026-04,SIGI
2026-04,SITM
2026-04,SLAB
2026-04,SLGN
2026-04,SLM
2026-04,SMG
2026-04,SNX
2026-04,SOLS
2026-04,SON
2026-04,SPXC
2026-04,SR
2026-04,SSB
2026-04,SSD
2026-04,ST
2026-04,STAG
2026-04,STRL
2026-04,STWD
2026-04,SWX
2026-04,SYNA
2026-04,TCBI
2026-04,TEX
2026-04,THC
2026-04,THG
2026-04,THO
2026-04,TKR
2026-04,TLN
2026-04,TMHC
2026-04,TNL
2026-04,TOL
2026-04,TREX
2026-04,TRU
2026-04,TTC
2026-04,TTEK
2026-04,TTMI
2026-04,TWLO
2026-04,TXNM
2026-04,TXRH
2026-04,UBSI
2026-04,UFPI
2026-04,UGI
2026-04,ULS
2026-04,UMBF
2026-04,UNM
2026-04,USFD
2026-04,UTHR
2026-04,VAL
2026-04,VC
2026-04,VFC
2026-04,VICR
2026-04,VLY
2026-04,VMI
2026-04,VNO
2026-04,VNOM
2026-04,VNT
2026-04,VOYA
2026-04,VVV
2026-04,WAL
2026-04,WBS
2026-04,WCC
2026-04,WEX
2026-04,WFRD
2026-04,WH
2026-04,WHR
2026-04,WING
2026-04,WLK
2026-04,WMG
2026-04,WMS
2026-04,WPC
2026-04,WSO
2026-04,WTFC
2026-04,WTRG
2026-04,WTS
2026-04,WWD
2026-04,XPO
2026-04,XRAY
2026-04,YETI
2026-04,ZION
2026-05,AA
2026-05,AAL
2026-05,AAON
2026-05,ACI
2026-05,ACM
2026-05,ADC
2026-05,AEIS
2026-05,AFG
2026-05,AGCO
2026-05,AHR
2026-05,AIT
2026-05,ALGM
2026-05,ALK
2026-05,ALLY
2026-05,ALV
2026-05,AM
2026-05,AMG
2026-05,AMH
2026-05,AMKR
2026-05,AN
2026-05,ANF
2026-05,APG
2026-05,APPF
2026-05,AR
2026-05,ARMK
2026-05,ARW
2026-05,ARWR
2026-05,ASB
2026-05,ASH
2026-05,ATI
2026-05,ATR
2026-05,AVAV
2026-05,AVNT
2026-05,AVT
2026-05,AVTR
2026-05,AXTA
2026-05,AYI
2026-05,BAH
2026-05,BBWI
2026-05,BC
2026-05,BCO
2026-05,BDC
2026-05,BHF
2026-05,BILL
2026-05,BIO
2026-05,BJ
2026-05,BKH
2026-05,BLD
2026-05,BLKB
2026-05,BMRN
2026-05,BRBR
2026-05,BRKR
2026-05,BROS
2026-05,BRX
2026-05,BSY
2026-05,BURL
2026-05,BWA
2026-05,BWXT
2026-05,BYD
2026-05,CACI
2026-05,CAR
2026-05,CART
2026-05,CAVA
2026-05,CBSH
2026-05,CBT
2026-05,CCK
2026-05,CDP
2026-05,CELH
2026-05,CFR
2026-05,CG
2026-05,CGNX
2026-05,CHDN
2026-05,CHE
2026-05,CHH
2026-05,CHRD
2026-05,CHWY
2026-05,CLF
2026-05,CLH
2026-05,CMC
2026-05,CNH
2026-05,CNM
2026-05,CNO
2026-05,CNX
2026-05,CNXC
2026-05,COKE
2026-05,COLB
2026-05,COLM
2026-05,COTY
2026-05,CPRI
2026-05,CR
2026-05,CRBG
2026-05,CROX
2026-05,CRS
2026-05,CRUS
2026-05,CSL
2026-05,CTRE
2026-05,CUBE
2026-05,CUZ
2026-05,CVLT
2026-05,CW
2026-05,CXT
2026-05,CYTK
2026-05,DAR
2026-05,DBX
2026-05,DCI
2026-05,DINO
2026-05,DKS
2026-05,DLB
2026-05,DOCN
2026-05,DOCS
2026-05,DOCU
2026-05,DT
2026-05,DTM
2026-05,DUOL
2026-05,DY
2026-05,EEFT
2026-05,EGP
2026-05,EHC
2026-05,ELAN
2026-05,ELF
2026-05,ELS
2026-05,ENS
2026-05,ENSG
2026-05,ENTG
2026-05,EPR
2026-05,EQH
2026-05,ESAB
2026-05,ESNT
2026-05,EVR
2026-05,EWBC
2026-05,EXEL
2026-05,EXLS
2026-05,EXP
2026-05,EXPO
2026-05,FAF
2026-05,FBIN
2026-05,FCFS
2026-05,FCN
2026-05,FFIN
2026-05,FHI
2026-05,FHN
2026-05,FIVE
2026-05,FLEX
2026-05,FLG
2026-05,FLR
2026-05,FLS
2026-05,FN
2026-05,FNB
2026-05,FND
2026-05,FNF
2026-05,FOUR
2026-05,FR
2026-05,FTI
2026-05,G
2026-05,GAP
2026-05,GATX
2026-05,GBCI
2026-05,GEF
2026-05,GGG
2026-05,GHC
2026-05,GLPI
2026-05,GME
2026-05,GMED
2026-05,GNTX
2026-05,GPK
2026-05,GT
2026-05,GTLS
2026-05,GWRE
2026-05,GXO
2026-05,H
2026-05,HAE
2026-05,HALO
2026-05,HGV
2026-05,HIMS
2026-05,HL
2026-05,HLI
2026-05,HLNE
2026-05,HOG
2026-05,HOMB
2026-05,HQY
2026-05,HR
2026-05,HRB
2026-05,HWC
2026-05,HXL
2026-05,IBOC
2026-05,IDA
2026-05,IDCC
2026-05,ILMN
2026-05,INGR
2026-05,IPGP
2026-05,IRT
2026-05,ITT
2026-05,JAZZ
2026-05,JEF
2026-05,JHG
2026-05,JLL
2026-05,KBH
2026-05,KBR
2026-05,KD
2026-05,KEX
2026-05,KNF
2026-05,KNSL
2026-05,KNX
2026-05,KRC
2026-05,KRG
2026-05,KTOS
2026-05,LAD
2026-05,LAMR
2026-05,LEA
2026-05,LECO
2026-05,LFUS
2026-05,LIVN
2026-05,LNTH
2026-05,LOPE
2026-05,LPX
2026-05,LSCC
2026-05,LSTR
2026-05,M
2026-05,MANH
2026-05,MASI
2026-05,MAT
2026-05,MEDP
2026-05,MIDD
2026-05,MKSI
2026-05,MLI
2026-05,MMS
2026-05,MOG.A
2026-05,MORN
2026-05,MP
2026-05,MSA
2026-05,MSM
2026-05,MTDR
2026-05,MTG
2026-05,MTN
2026-05,MTSI
2026-05,MTZ
2026-05,MUR
2026-05,MUSA
2026-05,MZTI
2026-05,NBIX
2026-05,NEU
2026-05,NFG
2026-05,NJR
2026-05,NLY
2026-05,NNN
2026-05,NOV
2026-05,NOVT
2026-05,NSA
2026-05,NTNX
2026-05,NVST
2026-05,NVT
2026-05,NWE
2026-05,NXST
2026-05,NXT
2026-05,NYT
2026-05,OC
2026-05,OGE
2026-05,OGS
2026-05,OHI
2026-05,OKTA
2026-05,OLED
2026-05,OLLI
2026-05,OLN
2026-05,ONB
2026-05,ONTO
2026-05,OPCH
2026-05,ORA
2026-05,ORI
2026-05,OSK
2026-05,OVV
2026-05,OZK
2026-05,P
2026-05,PAG
2026-05,PATH
2026-05,PB
2026-05,PBF
2026-05,PCTY
2026-05,PEGA
2026-05,PEN
2026-05,PFGC
2026-05,PII
2026-05,PINS
2026-05,PK
2026-05,PLNT
2026-05,PNFP
2026-05,POR
2026-05,POST
2026-05,PPC
2026-05,PR
2026-05,PRI
2026-05,PSN
2026-05,PVH
2026-05,QLYS
2026-05,R
2026-05,RBA
2026-05,RBC
2026-05,REXR
2026-05,RGA
2026-05,RGEN
2026-05,RGLD
2026-05,RH
2026-05,RLI
2026-05,RMBS
2026-05,RNR
2026-05,ROIV
2026-05,RPM
2026-05,RRC
2026-05,RRX
2026-05,RS
2026-05,RYAN
2026-05,RYN
2026-05,SAIA
2026-05,SAIC
2026-05,SAM
2026-05,SARO
2026-05,SBRA
2026-05,SCI
2026-05,SEIC
2026-05,SF
2026-05,SFM
2026-05,SGI
2026-05,SHC
2026-05,SIGI
2026-05,SITM
2026-05,SLAB
2026-05,SLGN
2026-05,SLM
2026-05,SMG
2026-05,SN
2026-05,SNX
2026-05,SOLS
2026-05,SON
2026-05,SPXC
2026-05,SR
2026-05,SSB
2026-05,SSD
2026-05,ST
2026-05,STAG
2026-05,STRL
2026-05,STWD
2026-05,SWX
2026-05,SYNA
2026-05,TCBI
2026-05,TEX
2026-05,THC
2026-05,THG
2026-05,THO
2026-05,TKR
2026-05,TLN
2026-05,TMHC
2026-05,TNL
2026-05,TOL
2026-05,TREX
2026-05,TRU
2026-05,TTC
2026-05,TTEK
2026-05,TTMI
2026-05,TWLO
2026-05,TXNM
2026-05,TXRH
2026-05,UBSI
2026-05,UFPI
2026-05,UGI
2026-05,ULS
2026-05,UMBF
2026-05,UNM
2026-05,USFD
2026-05,UTHR
2026-05,VAL
2026-05,VC
2026-05,VFC
2026-05,VICR
2026-05,VLY
2026-05,VMI
2026-05,VNO
2026-05,VNOM
2026-05,VNT
2026-05,VOYA
2026-05,VVV
2026-05,WAL
2026-05,WBS
2026-05,WCC
2026-05,WEX
2026-05,WFRD
2026-05,WH
2026-05,WHR
2026-05,WING
2026-05,WLK
2026-05,WMG
2026-05,WMS
2026-05,WPC
2026-05,WSO
2026-05,WTFC
2026-05,WTRG
2026-05,WTS
2026-05,WWD
2026-05,XPO
2026-05,XRAY
2026-05,YETI
2026-05,ZION
2026-06,AA
2026-06,AAL
2026-06,AAON
2026-06,ACI
2026-06,ACM
2026-06,ADC
2026-06,AEIS
2026-06,AFG
2026-06,AGCO
2026-06,AHR
2026-06,AIT
2026-06,ALGM
2026-06,ALK
2026-06,ALLY
2026-06,ALV
2026-06,AM
2026-06,AMG
2026-06,AMH
2026-06,AMKR
2026-06,AN
2026-06,ANF
2026-06,APG
2026-06,APPF
2026-06,AR
2026-06,ARMK
2026-06,ARW
2026-06,ARWR
2026-06,ASB
2026-06,ASH
2026-06,ATI
2026-06,ATR
2026-06,AVAV
2026-06,AVNT
2026-06,AVT
2026-06,AVTR
2026-06,AXTA
2026-06,AYI
2026-06,BAH
2026-06,BBWI
2026-06,BC
2026-06,BCO
2026-06,BDC
2026-06,BHF
2026-06,BILL
2026-06,BIO
2026-06,BJ
2026-06,BKH
2026-06,BLD
2026-06,BMRN
2026-06,BRKR
2026-06,BROS
2026-06,BRX
2026-06,BSY
2026-06,BURL
2026-06,BWA
2026-06,BWXT
2026-06,BYD
2026-06,CACI
2026-06,CAR
2026-06,CART
2026-06,CAVA
2026-06,CBSH
2026-06,CBT
2026-06,CCK
2026-06,CDE
2026-06,CDP
2026-06,CELH
2026-06,CFR
2026-06,CG
2026-06,CGNX
2026-06,CHDN
2026-06,CHE
2026-06,CHH
2026-06,CHRD
2026-06,CHWY
2026-06,CLF
2026-06,CLH
2026-06,CMC
2026-06,CNH
2026-06,CNM
2026-06,CNO
2026-06,CNX
2026-06,COKE
2026-06,COLB
2026-06,COLM
2026-06,CPRI
2026-06,CR
2026-06,CRBG
2026-06,CROX
2026-06,CRS
2026-06,CRUS
2026-06,CSL
2026-06,CTRE
2026-06,CUBE
2026-06,CUZ
2026-06,CVLT
2026-06,CW
2026-06,CXT
2026-06,CYTK
2026-06,DAR
2026-06,DBX
2026-06,DCI
2026-06,DINO
2026-06,DKS
2026-06,DLB
2026-06,DOCN
2026-06,DOCS
2026-06,DOCU
2026-06,DT
2026-06,DTM
2026-06,DUOL
2026-06,DY
2026-06,EEFT
2026-06,EGP
2026-06,EHC
2026-06,ELAN
2026-06,ELF
2026-06,ELS
2026-06,ENS
2026-06,ENSG
2026-06,ENTG
2026-06,EPR
2026-06,EQH
2026-06,ESAB
2026-06,ESNT
2026-06,EVR
2026-06,EWBC
2026-06,EXEL
2026-06,EXLS
2026-06,EXP
2026-06,EXPO
2026-06,FAF
2026-06,FBIN
2026-06,FCFS
2026-06,FCN
2026-06,FFIN
2026-06,FHI
2026-06,FHN
2026-06,FIVE
2026-06,FLG
2026-06,FLR
2026-06,FLS
2026-06,FN
2026-06,FNB
2026-06,FND
2026-06,FNF
2026-06,FOUR
2026-06,FR
2026-06,FTI
2026-06,G
2026-06,GAP
2026-06,GATX
2026-06,GBCI
2026-06,GEF
2026-06,GGG
2026-06,GHC
2026-06,GLPI
2026-06,GME
2026-06,GMED
2026-06,GNTX
2026-06,GPK
2026-06,GT
2026-06,GTLS
2026-06,GWRE
2026-06,GXO
2026-06,H
2026-06,HAE
2026-06,HALO
2026-06,HGV
2026-06,HIMS
2026-06,HL
2026-06,HLI
2026-06,HLNE
2026-06,HOG
2026-06,HOMB
2026-06,HQY
2026-06,HR
2026-06,HRB
2026-06,HWC
2026-06,HXL
2026-06,IBOC
2026-06,IDA
2026-06,IDCC
2026-06,ILMN
2026-06,INGR
2026-06,IPGP
2026-06,IRT
2026-06,ITT
2026-06,JAZZ
2026-06,JEF
2026-06,JHG
2026-06,JLL
2026-06,KBH
2026-06,KBR
2026-06,KD
2026-06,KEX
2026-06,KNF
2026-06,KNSL
2026-06,KNX
2026-06,KRC
2026-06,KRG
2026-06,KTOS
2026-06,LAD
2026-06,LAMR
2026-06,LEA
2026-06,LECO
2026-06,LFUS
2026-06,LIVN
2026-06,LNTH
2026-06,LOPE
2026-06,LPX
2026-06,LSCC
2026-06,LSTR
2026-06,M
2026-06,MANH
2026-06,MAT
2026-06,MEDP
2026-06,MIDD
2026-06,MKSI
2026-06,MLI
2026-06,MMS
2026-06,MOG.A
2026-06,MORN
2026-06,MP
2026-06,MSA
2026-06,MSM
2026-06,MTDR
2026-06,MTG
2026-06,MTN
2026-06,MTSI
2026-06,MTZ
2026-06,MUR
2026-06,MUSA
2026-06,MZTI
2026-06,NBIX
2026-06,NEU
2026-06,NFG
2026-06,NJR
2026-06,NLY
2026-06,NNN
2026-06,NOV
2026-06,NOVT
2026-06,NSA
2026-06,NTNX
2026-06,NVST
2026-06,NVT
2026-06,NWE
2026-06,NXST
2026-06,NXT
2026-06,NYT
2026-06,OC
2026-06,OGE
2026-06,OGS
2026-06,OHI
2026-06,OKTA
2026-06,OLED
2026-06,OLLI
2026-06,OLN
2026-06,ONB
2026-06,ONTO
2026-06,OPCH
2026-06,ORA
2026-06,ORI
2026-06,OSK
2026-06,OVV
2026-06,OZK
2026-06,P
2026-06,PAG
2026-06,PATH
2026-06,PB
2026-06,PBF
2026-06,PCTY
2026-06,PEGA
2026-06,PEN
2026-06,PFGC
2026-06,PII
2026-06,PINS
2026-06,PK
2026-06,PLNT
2026-06,PNFP
2026-06,POR
2026-06,POST
2026-06,PPC
2026-06,PR
2026-06,PRI
2026-06,PSN
2026-06,PVH
2026-06,QLYS
2026-06,R
2026-06,RBA
2026-06,RBC
2026-06,REXR
2026-06,RGA
2026-06,RGEN
2026-06,RGLD
2026-06,RH
2026-06,RLI
2026-06,RMBS
2026-06,RNR
2026-06,ROIV
2026-06,ROKU
2026-06,RPM
2026-06,RRC
2026-06,RRX
2026-06,RS
2026-06,RYAN
2026-06,RYN
2026-06,SAIA
2026-06,SAIC
2026-06,SAM
2026-06,SANM
2026-06,SARO
2026-06,SBRA
2026-06,SCI
2026-06,SEIC
2026-06,SF
2026-06,SFM
2026-06,SGI
2026-06,SHC
2026-06,SIGI
2026-06,SIRI
2026-06,SITM
2026-06,SLAB
2026-06,SLGN
2026-06,SLM
2026-06,SMG
2026-06,SMTC
2026-06,SN
2026-06,SNX
2026-06,SOLS
2026-06,SON
2026-06,SPXC
2026-06,SR
2026-06,SSB
2026-06,SSD
2026-06,ST
2026-06,STAG
2026-06,STRL
2026-06,STWD
2026-06,SWX
2026-06,SYNA
2026-06,TCBI
2026-06,TEX
2026-06,THC
2026-06,THG
2026-06,THO
2026-06,TKR
2026-06,TLN
2026-06,TMHC
2026-06,TNL
2026-06,TOL
2026-06,TREX
2026-06,TRU
2026-06,TTC
2026-06,TTEK
2026-06,TTMI
2026-06,TWLO
2026-06,TXNM
2026-06,TXRH
2026-06,UBSI
2026-06,UFPI
2026-06,UGI
2026-06,ULS
2026-06,UMBF
2026-06,UNM
2026-06,USFD
2026-06,UTHR
2026-06,VAL
2026-06,VC
2026-06,VFC
2026-06,VIAV
2026-06,VICR
2026-06,VLY
2026-06,VMI
2026-06,VNO
2026-06,VNOM
2026-06,VNT
2026-06,VOYA
2026-06,VVV
2026-06,WAL
2026-06,WBS
2026-06,WCC
2026-06,WEX
2026-06,WFRD
2026-06,WH
2026-06,WHR
2026-06,WING
2026-06,WLK
2026-06,WMG
2026-06,WMS
2026-06,WPC
2026-06,WSO
2026-06,WTFC
2026-06,WTRG
2026-06,WTS
2026-06,WWD
2026-06,XPO
2026-06,XRAY
2026-06,YETI
2026-06,ZION
2026-07,AA
2026-07,AAL
2026-07,AAON
2026-07,ACI
2026-07,ACM
2026-07,ADC
2026-07,AEIS
2026-07,AFG
2026-07,AGCO
2026-07,AHR
2026-07,AIT
2026-07,ALGM
2026-07,ALK
2026-07,ALLY
2026-07,ALSN
2026-07,ALV
2026-07,AM
2026-07,AMG
2026-07,AMH
2026-07,AMKR
2026-07,AN
2026-07,ANF
2026-07,APG
2026-07,APPF
2026-07,AR
2026-07,ARMK
2026-07,ARW
2026-07,ARWR
2026-07,ASB
2026-07,ASH
2026-07,ATI
2026-07,ATR
2026-07,AVAV
2026-07,AVNT
2026-07,AVT
2026-07,AVTR
2026-07,AXTA
2026-07,AYI
2026-07,BAH
2026-07,BBWI
2026-07,BC
2026-07,BCO
2026-07,BDC
2026-07,BHF
2026-07,BILL
2026-07,BIO
2026-07,BJ
2026-07,BKH
2026-07,BMRN
2026-07,BRKR
2026-07,BROS
2026-07,BRX
2026-07,BSY
2026-07,BTSG
2026-07,BURL
2026-07,BWA
2026-07,BWXT
2026-07,BYD
2026-07,CACI
2026-07,CAR
2026-07,CART
2026-07,CAVA
2026-07,CBSH
2026-07,CBT
2026-07,CCK
2026-07,CDE
2026-07,CDP
2026-07,CELH
2026-07,CFR
2026-07,CG
2026-07,CGNX
2026-07,CHDN
2026-07,CHE
2026-07,CHH
2026-07,CHRD
2026-07,CHWY
2026-07,CLF
2026-07,CLH
2026-07,CMC
2026-07,CNH
2026-07,CNM
2026-07,CNO
2026-07,CNX
2026-07,COKE
2026-07,COLB
2026-07,COLM
2026-07,CPRI
2026-07,CR
2026-07,CRBG
2026-07,CROX
2026-07,CRS
2026-07,CRUS
2026-07,CSL
2026-07,CTRE
2026-07,CUBE
2026-07,CUZ
2026-07,CVLT
2026-07,CW
2026-07,CXT
2026-07,CYTK
2026-07,DAR
2026-07,DBX
2026-07,DCI
2026-07,DINO
2026-07,DKS
2026-07,DLB
2026-07,DOCN
2026-07,DOCS
2026-07,DOCU
2026-07,DT
2026-07,DTM
2026-07,DUOL
2026-07,DY
2026-07,EEFT
2026-07,EGP
2026-07,EHC
2026-07,ELAN
2026-07,ELF
2026-07,ELS
2026-07,ENS
2026-07,ENSG
2026-07,ENTG
2026-07,EPR
2026-07,EQH
2026-07,ESAB
2026-07,ESNT
2026-07,EVR
2026-07,EWBC
2026-07,EXEL
2026-07,EXLS
2026-07,EXP
2026-07,EXPO
2026-07,FAF
2026-07,FBIN
2026-07,FCFS
2026-07,FCN
2026-07,FFIN
2026-07,FHI
2026-07,FHN
2026-07,FIVE
2026-07,FLG
2026-07,FLR
2026-07,FLS
2026-07,FN
2026-07,FNB
2026-07,FND
2026-07,FNF
2026-07,FOUR
2026-07,FR
2026-07,FTI
2026-07,G
2026-07,GAP
2026-07,GATX
2026-07,GBCI
2026-07,GEF
2026-07,GGG
2026-07,GHC
2026-07,GLPI
2026-07,GME
2026-07,GMED
2026-07,GNTX
2026-07,GPK
2026-07,GWRE
2026-07,GXO
2026-07,H
2026-07,HAE
2026-07,HALO
2026-07,HGV
2026-07,HIMS
2026-07,HL
2026-07,HLI
2026-07,HLNE
2026-07,HOG
2026-07,HOMB
2026-07,HQY
2026-07,HR
2026-07,HRB
2026-07,HWC
2026-07,HXL
2026-07,IBOC
2026-07,IDA
2026-07,IDCC
2026-07,IESC
2026-07,ILMN
2026-07,INGR
2026-07,IPGP
2026-07,IRT
2026-07,ITT
2026-07,JAZZ
2026-07,JEF
2026-07,JLL
2026-07,KBH
2026-07,KBR
2026-07,KD
2026-07,KEX
2026-07,KNF
2026-07,KNSL
2026-07,KNX
2026-07,KRC
2026-07,KRG
2026-07,KRYS
2026-07,KTOS
2026-07,LAD
2026-07,LAMR
2026-07,LEA
2026-07,LECO
2026-07,LFUS
2026-07,LIVN
2026-07,LNTH
2026-07,LOPE
2026-07,LPX
2026-07,LSCC
2026-07,LSTR
2026-07,M
2026-07,MANH
2026-07,MAT
2026-07,MEDP
2026-07,MIDD
2026-07,MKSI
2026-07,MLI
2026-07,MMS
2026-07,MOG.A
2026-07,MOH
2026-07,MORN
2026-07,MP
2026-07,MSA
2026-07,MSM
2026-07,MTDR
2026-07,MTG
2026-07,MTN
2026-07,MTSI
2026-07,MTZ
2026-07,MUR
2026-07,MUSA
2026-07,MZTI
2026-07,NBIX
2026-07,NEU
2026-07,NFG
2026-07,NJR
2026-07,NLY
2026-07,NNN
2026-07,NOV
2026-07,NOVT
2026-07,NTNX
2026-07,NVST
2026-07,NVT
2026-07,NWE
2026-07,NXST
2026-07,NXT
2026-07,NYT
2026-07,OC
2026-07,OGE
2026-07,OGS
2026-07,OHI
2026-07,OKTA
2026-07,OLED
2026-07,OLLI
2026-07,OLN
2026-07,ONB
2026-07,ONTO
2026-07,OPCH
2026-07,ORA
2026-07,ORI
2026-07,OSK
2026-07,OVV
2026-07,OZK
2026-07,P
2026-07,PAG
2026-07,PATH
2026-07,PB
2026-07,PBF
2026-07,PCTY
2026-07,PEGA
2026-07,PEN
2026-07,PFGC
2026-07,PII
2026-07,PINS
2026-07,PK
2026-07,PLNT
2026-07,PNFP
2026-07,POR
2026-07,POST
2026-07,PPC
2026-07,PR
2026-07,PRI
2026-07,PSN
2026-07,PVH
2026-07,QLYS
2026-07,R
2026-07,RBA
2026-07,RBC
2026-07,REXR
2026-07,RGA
2026-07,RGEN
2026-07,RGLD
2026-07,RH
2026-07,RLI
2026-07,RMBS
2026-07,RNR
2026-07,ROIV
2026-07,ROKU
2026-07,RPM
2026-07,RRC
2026-07,RRX
2026-07,RS
2026-07,RYAN
2026-07,RYN
2026-07,SAIA
2026-07,SAIC
2026-07,SAM
2026-07,SANM
2026-07,SARO
2026-07,SBRA
2026-07,SCI
2026-07,SEIC
2026-07,SF
2026-07,SFM
2026-07,SGI
2026-07,SHC
2026-07,SIGI
2026-07,SIRI
2026-07,SITM
2026-07,SLAB
2026-07,SLGN
2026-07,SLM
2026-07,SMG
2026-07,SMTC
2026-07,SN
2026-07,SNX
2026-07,SOLS
2026-07,SON
2026-07,SPXC
2026-07,SR
2026-07,SSB
2026-07,SSD
2026-07,ST
2026-07,STAG
2026-07,STRL
2026-07,STWD
2026-07,SWX
2026-07,SYNA
2026-07,TCBI
2026-07,TEX
2026-07,THC
2026-07,THG
2026-07,THO
2026-07,TKR
2026-07,TLN
2026-07,TNL
2026-07,TOL
2026-07,TOST
2026-07,TREX
2026-07,TRU
2026-07,TTC
2026-07,TTEK
2026-07,TTMI
2026-07,TWLO
2026-07,TXNM
2026-07,TXRH
2026-07,UBSI
2026-07,UFPI
2026-07,UGI
2026-07,ULS
2026-07,UMBF
2026-07,UNM
2026-07,USFD
2026-07,UTHR
2026-07,VAL
2026-07,VC
2026-07,VFC
2026-07,VIAV
2026-07,VICR
2026-07,VLY
2026-07,VMI
2026-07,VNO
2026-07,VNOM
2026-07,VNT
2026-07,VOYA
2026-07,VVV
2026-07,WAL
2026-07,WBS
2026-07,WCC
2026-07,WEX
2026-07,WFRD
2026-07,WH
2026-07,WHR
2026-07,WING
2026-07,WLK
2026-07,WMG
2026-07,WMS
2026-07,WPC
2026-07,WSO
2026-07,WTFC
2026-07,WTRG
2026-07,WTS
2026-07,WWD
2026-07,XPO
2026-07,XRAY
2026-07,YETI
2026-07,ZION
2026-08,AA
2026-08,AAL
2026-08,AAON
2026-08,ACI
2026-08,ACM
2026-08,ADC
2026-08,AEIS
2026-08,AFG
2026-08,AGCO
2026-08,AHR
2026-08,AIT
2026-08,ALGM
2026-08,ALK
2026-08,ALLY
2026-08,ALSN
2026-08,ALV
2026-08,AM
2026-08,AMG
2026-08,AMH
2026-08,AMKR
2026-08,AN
2026-08,ANF
2026-08,APG
2026-08,APPF
2026-08,AR
2026-08,ARMK
2026-08,ARW
2026-08,ARWR
2026-08,ASB
2026-08,ASH
2026-08,ATI
2026-08,ATR
2026-08,AVAV
2026-08,AVNT
2026-08,AVT
2026-08,AVTR
2026-08,AXTA
2026-08,AYI
2026-08,BAH
2026-08,BBWI
2026-08,BC
2026-08,BCO
2026-08,BDC
2026-08,BHF
2026-08,BILL
2026-08,BIO
2026-08,BJ
2026-08,BKH
2026-08,BMRN
2026-08,BRKR
2026-08,BROS
2026-08,BRX
2026-08,BSY
2026-08,BTSG
2026-08,BURL
2026-08,BWA
2026-08,BWXT
2026-08,BYD
2026-08,CACI
2026-08,CAR
2026-08,CART
2026-08,CAVA
2026-08,CBSH
2026-08,CBT
2026-08,CCK
2026-08,CDE
2026-08,CDP
2026-08,CELH
2026-08,CFR
2026-08,CG
2026-08,CGNX
2026-08,CHDN
2026-08,CHE
2026-08,CHH
2026-08,CHRD
2026-08,CHWY
2026-08,CLF
2026-08,CLH
2026-08,CMC
2026-08,CNH
2026-08,CNM
2026-08,CNO
2026-08,CNX
2026-08,COKE
2026-08,COLB
2026-08,COLM
2026-08,CPRI
2026-08,CR
2026-08,CRBG
2026-08,CROX
2026-08,CRS
2026-08,CRUS
2026-08,CSL
2026-08,CTRE
2026-08,CUBE
2026-08,CUZ
2026-08,CVLT
2026-08,CW
2026-08,CXT
2026-08,CYTK
2026-08,DAR
2026-08,DBX
2026-08,DCI
2026-08,DINO
2026-08,DKS
2026-08,DLB
2026-08,DOCN
2026-08,DOCS
2026-08,DOCU
2026-08,DT
2026-08,DTM
2026-08,DUOL
2026-08,DY
2026-08,EEFT
2026-08,EGP
2026-08,EHC
2026-08,ELAN
2026-08,ELF
2026-08,ELS
2026-08,ENS
2026-08,ENSG
2026-08,ENTG
2026-08,EPR
2026-08,EQH
2026-08,ESAB
2026-08,ESNT
2026-08,EVR
2026-08,EWBC
2026-08,EXEL
2026-08,EXLS
2026-08,EXP
2026-08,EXPO
2026-08,FAF
2026-08,FBIN
2026-08,FCFS
2026-08,FCN
2026-08,FFIN
2026-08,FHI
2026-08,FHN
2026-08,FIVE
2026-08,FLG
2026-08,FLR
2026-08,FLS
2026-08,FN
2026-08,FNB
2026-08,FND
2026-08,FNF
2026-08,FOUR
2026-08,FR
2026-08,FTI
2026-08,G
2026-08,GAP
2026-08,GATX
2026-08,GBCI
2026-08,GEF
2026-08,GGG
2026-08,GHC
2026-08,GLPI
2026-08,GME
2026-08,GMED
2026-08,GNTX
2026-08,GPK
2026-08,GWRE
2026-08,GXO
2026-08,H
2026-08,HAE
2026-08,HALO
2026-08,HGV
2026-08,HIMS
2026-08,HL
2026-08,HLI
2026-08,HLNE
2026-08,HOG
2026-08,HOMB
2026-08,HQY
2026-08,HR
2026-08,HRB
2026-08,HWC
2026-08,HXL
2026-08,IBOC
2026-08,IDA
2026-08,IDCC
2026-08,IESC
2026-08,ILMN
2026-08,INGR
2026-08,IPGP
2026-08,IRT
2026-08,ITT
2026-08,JAZZ
2026-08,JEF
2026-08,JLL
2026-08,KBH
2026-08,KBR
2026-08,KD
2026-08,KEX
2026-08,KNF
2026-08,KNSL
2026-08,KNX
2026-08,KRC
2026-08,KRG
2026-08,KRYS
2026-08,KTOS
2026-08,LAD
2026-08,LAMR
2026-08,LEA
2026-08,LECO
2026-08,LFUS
2026-08,LIVN
2026-08,LNTH
2026-08,LOPE
2026-08,LPX
2026-08,LSCC
2026-08,LSTR
2026-08,M
2026-08,MANH
2026-08,MAT
2026-08,MEDP
2026-08,MIDD
2026-08,MKSI
2026-08,MLI
2026-08,MMS
2026-08,MOG.A
2026-08,MOH
2026-08,MORN
2026-08,MP
2026-08,MSA
2026-08,MSM
2026-08,MTDR
2026-08,MTG
2026-08,MTN
2026-08,MTSI
2026-08,MTZ
2026-08,MUR
2026-08,MUSA
2026-08,MZTI
2026-08,NBIX
2026-08,NEU
2026-08,NFG
2026-08,NJR
2026-08,NLY
2026-08,NNN
2026-08,NOV
2026-08,NOVT
2026-08,NTNX
2026-08,NVST
2026-08,NVT
2026-08,NWE
2026-08,NXST
2026-08,NXT
2026-08,NYT
2026-08,OC
2026-08,OGE
2026-08,OGS
2026-08,OHI
2026-08,OKTA
2026-08,OLED
2026-08,OLLI
2026-08,OLN
2026-08,ONB
2026-08,ONTO
2026-08,OPCH
2026-08,ORA
2026-08,ORI
2026-08,OSK
2026-08,OVV
2026-08,OZK
2026-08,P
2026-08,PAG
2026-08,PATH
2026-08,PB
2026-08,PBF
2026-08,PCTY
2026-08,PEGA
2026-08,PEN
2026-08,PFGC
2026-08,PII
2026-08,PINS
2026-08,PK
2026-08,PLNT
2026-08,PNFP
2026-08,POR
2026-08,POST
2026-08,PPC
2026-08,PR
2026-08,PRI
2026-08,PSN
2026-08,PVH
2026-08,QLYS
2026-08,R
2026-08,RBA
2026-08,RBC
2026-08,REXR
2026-08,RGA
2026-08,RGEN
2026-08,RGLD
2026-08,RH
2026-08,RLI
2026-08,RMBS
2026-08,RNR
2026-08,ROIV
2026-08,ROKU
2026-08,RPM
2026-08,RRC
2026-08,RRX
2026-08,RS
2026-08,RYAN
2026-08,RYN
2026-08,SAIA
2026-08,SAIC
2026-08,SAM
2026-08,SANM
2026-08,SARO
2026-08,SBRA
2026-08,SCI
2026-08,SEIC
2026-08,SF
2026-08,SFM
2026-08,SGI
2026-08,SHC
2026-08,SIGI
2026-08,SIRI
2026-08,SITM
2026-08,SLAB
2026-08,SLGN
2026-08,SLM
2026-08,SMG
2026-08,SMTC
2026-08,SN
2026-08,SNX
2026-08,SOLS
2026-08,SON
2026-08,SPXC
2026-08,SR
2026-08,SSB
2026-08,SSD
2026-08,ST
2026-08,STAG
2026-08,STRL
2026-08,STWD
2026-08,SUI
2026-08,SWX
2026-08,SYNA
2026-08,TCBI
2026-08,TEX
2026-08,THC
2026-08,THG
2026-08,THO
2026-08,TKR
2026-08,TLN
2026-08,TNL
2026-08,TOL
2026-08,TOST
2026-08,TREX
2026-08,TRU
2026-08,TTC
2026-08,TTEK
2026-08,TTMI
2026-08,TWLO
2026-08,TXNM
2026-08,TXRH
2026-08,UBSI
2026-08,UFPI
2026-08,UGI
2026-08,ULS
2026-08,UMBF
2026-08,UNM
2026-08,USFD
2026-08,UTHR
2026-08,VAL
2026-08,VC
2026-08,VFC
2026-08,VIAV
2026-08,VICR
2026-08,VLY
2026-08,VMI
2026-08,VNO
2026-08,VNOM
2026-08,VNT
2026-08,VOYA
2026-08,VVV
2026-08,WAL
2026-08,WCC
2026-08,WEX
2026-08,WFRD
2026-08,WH
2026-08,WHR
2026-08,WING
2026-08,WLK
2026-08,WMG
2026-08,WMS
2026-08,WPC
2026-08,WSO
2026-08,WTFC
2026-08,WTRG
2026-08,WTS
2026-08,WWD
2026-08,XPO
2026-08,XRAY
2026-08,YETI
2026-08,ZION
