month,symbol
2018-09,AAOI
2018-09,AAON
2018-09,AAT
2018-09,AAWW
2018-09,AAXN
2018-09,ABCB
2018-09,ABG
2018-09,ABM
2018-09,ACET
2018-09,ACLS
2018-09,ACOR
2018-09,ADC
2018-09,ADTN
2018-09,AEGN
2018-09,AEIS
2018-09,AEL
2018-09,AGYS
2018-09,AHH
2018-09,AIN
2018-09,AIR
2018-09,AIT
2018-09,AJRD
2018-09,AKR
2018-09,AKS
2018-09,ALG
2018-09,ALGT
2018-09,ALRM
2018-09,AMAG
2018-09,AMBC
2018-09,AMED
2018-09,AMN
2018-09,AMPH
2018-09,AMSF
2018-09,AMWD
2018-09,ANDE
2018-09,ANF
2018-09,ANGO
2018-09,ANIK
2018-09,ANIP
2018-09,APEI
2018-09,APOG
2018-09,ARCB
2018-09,ARI
2018-09,AROC
2018-09,ARR
2018-09,ASGN
2018-09,ASIX
2018-09,ASNA
2018-09,ASRT
2018-09,ASTE
2018-09,ATNI
2018-09,ATU
2018-09,AVA
2018-09,AVAV
2018-09,AVD
2018-09,AVNS
2018-09,AVP
2018-09,AWR
2018-09,AXE
2018-09,AXL
2018-09,AZZ
2018-09,B
2018-09,BABY
2018-09,BANC
2018-09,BANR
2018-09,BCC
2018-09,BCEI
2018-09,BCOR
2018-09,BCPC
2018-09,BEAT
2018-09,BEL
2018-09,BELFB
2018-09,BFS
2018-09,BGFV
2018-09,BGG
2018-09,BGS
2018-09,BHE
2018-09,BHLB
2018-09,BJRI
2018-09,BKE
2018-09,BKS
2018-09,BLD
2018-09,BMI
2018-09,BNED
2018-09,BOFI
2018-09,BPFH
2018-09,BRC
2018-09,BRKL
2018-09,BRKS
2018-09,BRS
2018-09,CACI
2018-09,CAL
2018-09,CALM
2018-09,CAMP
2018-09,CASH
2018-09,CATM
2018-09,CATO
2018-09,CBB
2018-09,CBL
2018-09,CBM
2018-09,CBU
2018-09,CCMP
2018-09,CCOI
2018-09,CCRN
2018-09,CDR
2018-09,CECO
2018-09,CEIX
2018-09,CENT
2018-09,CENTA
2018-09,CENX
2018-09,CEVA
2018-09,CHCO
2018-09,CHCT
2018-09,CHS
2018-09,CHSP
2018-09,CHUY
2018-09,CIR
2018-09,CJ
2018-09,CKH
2018-09,CLD
2018-09,CLDT
2018-09,CLW
2018-09,CMO
2018-09,CMTL
2018-09,CNMD
2018-09,CNSL
2018-09,COHU
2018-09,COKE
2018-09,COLB
2018-09,CORE
2018-09,CORT
2018-09,CPF
2018-09,CPS
2018-09,CPSI
2018-09,CRAY
2018-09,CROX
2018-09,CRR
2018-09,CRVL
2018-09,CRY
2018-09,CRZO
2018-09,CSGS
2018-09,CTB
2018-09,CTRE
2018-09,CTRL
2018-09,CTS
2018-09,CUB
2018-09,CUBI
2018-09,CUTR
2018-09,CVBF
2018-09,CVCO
2018-09,CVGW
2018-09,CWT
2018-09,CYH
2018-09,CYTK
2018-09,DAKT
2018-09,DAR
2018-09,DBD
2018-09,DCOM
2018-09,DDD
2018-09,DEA
2018-09,DF
2018-09,DFIN
2018-09,DGII
2018-09,DIN
2018-09,DIOD
2018-09,DNR
2018-09,DORM
2018-09,DPLO
2018-09,DRH
2018-09,DSPG
2018-09,DSW
2018-09,DXPE
2018-09,EBIX
2018-09,EBS
2018-09,ECHO
2018-09,ECOL
2018-09,ECPG
2018-09,EE
2018-09,EFII
2018-09,EGHT
2018-09,EGL
2018-09,EGOV
2018-09,EGP
2018-09,EGRX
2018-09,EHTH
2018-09,EIG
2018-09,ELY
2018-09,ENDP
2018-09,ENSG
2018-09,ENTA
2018-09,ENVA
2018-09,EPAY
2018-09,ERA
2018-09,ESE
2018-09,ESIO
2018-09,ESND
2018-09,ETH
2018-09,EVTC
2018-09,EXLS
2018-09,EXPO
2018-09,EXPR
2018-09,EXTN
2018-09,EXTR
2018-09,EZPW
2018-09,FARO
2018-09,FBP
2018-09,FCF
2018-09,FCFS
2018-09,FCN
2018-09,FCPT
2018-09,FELE
2018-09,FF
2018-09,FFBC
2018-09,FFIN
2018-09,FIX
2018-09,FLOW
2018-09,FMBI
2018-09,FN
2018-09,FNSR
2018-09,FORM
2018-09,FORR
2018-09,FOSL
2018-09,FOXF
2018-09,FRAN
2018-09,FRGI
2018-09,FSB
2018-09,FSP
2018-09,FSS
2018-09,FTD
2018-09,FTK
2018-09,FTR
2018-09,FUL
2018-09,FWRD
2018-09,GBCI
2018-09,GBX
2018-09,GCI
2018-09,GCO
2018-09,GDOT
2018-09,GEOS
2018-09,GES
2018-09,GFF
2018-09,GHL
2018-09,GIFI
2018-09,GIII
2018-09,GLT
2018-09,GNBC
2018-09,GNL
2018-09,GOV
2018-09,GPI
2018-09,GPRE
2018-09,GTLS
2018-09,GTY
2018-09,GWB
2018-09,HA
2018-09,HAFC
2018-09,HAYN
2018-09,HCI
2018-09,HF
2018-09,HFWA
2018-09,HI
2018-09,HIBB
2018-09,HLIT
2018-09,HLX
2018-09,HMN
2018-09,HMST
2018-09,HMSY
2018-09,HOPE
2018-09,HPR
2018-09,HQY
2018-09,HSC
2018-09,HSII
2018-09,HSKA
2018-09,HSTM
2018-09,HT
2018-09,HTLD
2018-09,HUBG
2018-09,HVT
2018-09,HWC
2018-09,HWKN
2018-09,HZO
2018-09,IBP
2018-09,IIIN
2018-09,IIVI
2018-09,ILG
2018-09,INDB
2018-09,INGN
2018-09,INN
2018-09,INTL
2018-09,INVA
2018-09,IOSP
2018-09,IPAR
2018-09,IPHS
2018-09,IRBT
2018-09,IRDM
2018-09,IRT
2018-09,ITG
2018-09,ITGR
2018-09,ITRI
2018-09,IVC
2018-09,IVR
2018-09,JBSS
2018-09,JBT
2018-09,JCP
2018-09,JJSF
2018-09,JRVR
2018-09,KALU
2018-09,KAMN
2018-09,KELYA
2018-09,KEM
2018-09,KFY
2018-09,KIRK
2018-09,KLIC
2018-09,KLXI
2018-09,KN
2018-09,KOP
2018-09,KOPN
2018-09,KRA
2018-09,KRG
2018-09,KS
2018-09,KWR
2018-09,LABL
2018-09,LAD
2018-09,LCI
2018-09,LCII
2018-09,LDL
2018-09,LGIH
2018-09,LGND
2018-09,LHCG
2018-09,LION
2018-09,LKSD
2018-09,LL
2018-09,LMAT
2018-09,LMNX
2018-09,LNN
2018-09,LNTH
2018-09,LOCO
2018-09,LPSN
2018-09,LQDT
2018-09,LTC
2018-09,LTXB
2018-09,LXP
2018-09,LXU
2018-09,LZB
2018-09,MANT
2018-09,MATW
2018-09,MATX
2018-09,MCRI
2018-09,MCS
2018-09,MDC
2018-09,MDCO
2018-09,MDXG
2018-09,MED
2018-09,MEI
2018-09,MGLN
2018-09,MGPI
2018-09,MHLD
2018-09,MHO
2018-09,MINI
2018-09,MLI
2018-09,MMSI
2018-09,MNRO
2018-09,MNTA
2018-09,MOG.A
2018-09,MOV
2018-09,MPAA
2018-09,MSTR
2018-09,MTH
2018-09,MTRN
2018-09,MTRX
2018-09,MTSC
2018-09,MXL
2018-09,MYE
2018-09,MYGN
2018-09,MYRG
2018-09,NANO
2018-09,NAVG
2018-09,NBHC
2018-09,NBTB
2018-09,NCI
2018-09,NE
2018-09,NEOG
2018-09,NEWM
2018-09,NFBK
2018-09,NGVT
2018-09,NLS
2018-09,NMIH
2018-09,NP
2018-09,NPK
2018-09,NPO
2018-09,NR
2018-09,NSA
2018-09,NSIT
2018-09,NSP
2018-09,NTGR
2018-09,NTRI
2018-09,NWBI
2018-09,NWN
2018-09,NX
2018-09,NYMT
2018-09,OCLR
2018-09,OFG
2018-09,OFIX
2018-09,OIS
2018-09,OMCL
2018-09,OMI
2018-09,ONB
2018-09,OPB
2018-09,ORIT
2018-09,ORN
2018-09,OSIS
2018-09,OSPN
2018-09,OSUR
2018-09,OXM
2018-09,PAHC
2018-09,PARR
2018-09,PATK
2018-09,PAY
2018-09,PDCE
2018-09,PDFS
2018-09,PEI
2018-09,PENN
2018-09,PERY
2018-09,PES
2018-09,PETS
2018-09,PFBC
2018-09,PFS
2018-09,PGNX
2018-09,PGTI
2018-09,PJC
2018-09,PKE
2018-09,PLAB
2018-09,PLAY
2018-09,PLCE
2018-09,PLUS
2018-09,PLXS
2018-09,PMT
2018-09,POWI
2018-09,POWL
2018-09,PPBI
2018-09,PRA
2018-09,PRAA
2018-09,PRFT
2018-09,PRGS
2018-09,PRLB
2018-09,PRSC
2018-09,PRSP
2018-09,PSB
2018-09,PUMP
2018-09,PVAC
2018-09,QHC
2018-09,QLYS
2018-09,QNST
2018-09,RAVN
2018-09,RCII
2018-09,RECN
2018-09,REGI
2018-09,REI
2018-09,REX
2018-09,RGEN
2018-09,RGNX
2018-09,RGR
2018-09,RGS
2018-09,RH
2018-09,RLI
2018-09,RMAX
2018-09,RMBS
2018-09,ROCK
2018-09,ROG
2018-09,ROIC
2018-09,RPT
2018-09,RRD
2018-09,RRGB
2018-09,RTEC
2018-09,RUTH
2018-09,RWT
2018-09,RYAM
2018-09,SAFT
2018-09,SAH
2018-09,SAIA
2018-09,SANM
2018-09,SBCF
2018-09,SBSI
2018-09,SCHL
2018-09,SCL
2018-09,SCSC
2018-09,SCVL
2018-09,SEDG
2018-09,SEM
2018-09,SENEA
2018-09,SFBS
2018-09,SFLY
2018-09,SFNC
2018-09,SHAK
2018-09,SHOO
2018-09,SIGI
2018-09,SJI
2018-09,SKYW
2018-09,SLCA
2018-09,SMP
2018-09,SMTC
2018-09,SNBR
2018-09,SONC
2018-09,SPOK
2018-09,SPPI
2018-09,SPSC
2018-09,SPTN
2018-09,SPXC
2018-09,SR
2018-09,SRCI
2018-09,SRDX
2018-09,SSD
2018-09,SSP
2018-09,SSTK
2018-09,STAR
2018-09,STBA
2018-09,STC
2018-09,STMP
2018-09,STRA
2018-09,SUP
2018-09,SUPN
2018-09,SVU
2018-09,SWM
2018-09,SXC
2018-09,SXI
2018-09,SYKE
2018-09,TBI
2018-09,TG
2018-09,TGI
2018-09,THRM
2018-09,TILE
2018-09,TISI
2018-09,TIVO
2018-09,TLRD
2018-09,TMP
2018-09,TMST
2018-09,TPRE
2018-09,TREX
2018-09,TRST
2018-09,TTEC
2018-09,TTEK
2018-09,TTI
2018-09,TTMI
2018-09,TTS
2018-09,TVPT
2018-09,TVTY
2018-09,TWI
2018-09,TYPE
2018-09,UBA
2018-09,UCBI
2018-09,UCTT
2018-09,UEIC
2018-09,UFCS
2018-09,UFI
2018-09,UFPI
2018-09,UHT
2018-09,UIHC
2018-09,UNF
2018-09,UNT
2018-09,USCR
2018-09,USPH
2018-09,UVE
2018-09,UVV
2018-09,VECO
2018-09,VG
2018-09,VIAV
2018-09,VICR
2018-09,VIVO
2018-09,VRA
2018-09,VREX
2018-09,VRTS
2018-09,VRTU
2018-09,VRTV
2018-09,VSI
2018-09,VSTO
2018-09,VVI
2018-09,WABC
2018-09,WAGE
2018-09,WD
2018-09,WDFC
2018-09,WDR
2018-09,WETF
2018-09,WGO
2018-09,WH
2018-09,WING
2018-09,WIRE
2018-09,WLH
2018-09,WNC
2018-09,WPG
2018-09,WRLD
2018-09,WSR
2018-09,WTS
2018-09,WWW
2018-09,XOXO
2018-09,XPER
2018-09,ZEUS
2018-09,ZUMZ
2018-10,AAOI
2018-10,AAON
2018-10,AAT
2018-10,AAWW
2018-10,AAXN
2018-10,ABCB
2018-10,ABG
2018-10,ABM
2018-10,ACET
2018-10,ACLS
2018-10,ACOR
2018-10,ADC
2018-10,ADTN
2018-10,AEGN
2018-10,AEIS
2018-10,AEL
2018-10,AGYS
2018-10,AHH
2018-10,AIN
2018-10,AIR
2018-10,AIT
2018-10,AJRD
2018-10,AKR
2018-10,AKS
2018-10,ALG
2018-10,ALGT
2018-10,ALRM
2018-10,AMAG
2018-10,AMBC
2018-10,AMED
2018-10,AMN
2018-10,AMPH
2018-10,AMSF
2018-10,AMWD
2018-10,ANDE
2018-10,ANF
2018-10,ANGO
2018-10,ANIK
2018-10,ANIP
2018-10,APEI
2018-10,APOG
2018-10,ARCB
2018-10,ARI
2018-10,AROC
2018-10,ARR
2018-10,ASIX
2018-10,ASNA
2018-10,ASRT
2018-10,ASTE
2018-10,ATNI
2018-10,ATU
2018-10,AVA
2018-10,AVAV
2018-10,AVD
2018-10,AVP
2018-10,AWR
2018-10,AXE
2018-10,AXL
2018-10,AZZ
2018-10,B
2018-10,BABY
2018-10,BANC
2018-10,BANR
2018-10,BCC
2018-10,BCEI
2018-10,BCOR
2018-10,BCPC
2018-10,BEAT
2018-10,BEL
2018-10,BELFB
2018-10,BFS
2018-10,BGFV
2018-10,BGG
2018-10,BGS
2018-10,BHE
2018-10,BHLB
2018-10,BJRI
2018-10,BKE
2018-10,BKS
2018-10,BLD
2018-10,BMI
2018-10,BNED
2018-10,BOFI
2018-10,BPFH
2018-10,BRC
2018-10,BRKL
2018-10,BRKS
2018-10,BRS
2018-10,CACI
2018-10,CAL
2018-10,CALM
2018-10,CAMP
2018-10,CASH
2018-10,CATM
2018-10,CATO
2018-10,CBB
2018-10,CBL
2018-10,CBM
2018-10,CBU
2018-10,CCMP
2018-10,CCOI
2018-10,CCRN
2018-10,CDR
2018-10,CECO
2018-10,CEIX
2018-10,CENT
2018-10,CENTA
2018-10,CENX
2018-10,CEVA
2018-10,CHCO
2018-10,CHCT
2018-10,CHS
2018-10,CHSP
2018-10,CHUY
2018-10,CIR
2018-10,CJ
2018-10,CKH
2018-10,CLD
2018-10,CLDT
2018-10,CLW
2018-10,CMO
2018-10,CMTL
2018-10,CNMD
2018-10,CNSL
2018-10,COHU
2018-10,COKE
2018-10,COLB
2018-10,CORE
2018-10,CORT
2018-10,CPF
2018-10,CPS
2018-10,CPSI
2018-10,CRAY
2018-10,CROX
2018-10,CRR
2018-10,CRVL
2018-10,CRY
2018-10,CRZO
2018-10,CSGS
2018-10,CTB
2018-10,CTRE
2018-10,CTRL
2018-10,CTS
2018-10,CUB
2018-10,CUBI
2018-10,CUTR
2018-10,CVBF
2018-10,CVCO
2018-10,CVG
2018-10,CVGW
2018-10,CWT
2018-10,CYH
2018-10,CYTK
2018-10,DAKT
2018-10,DAR
2018-10,DBD
2018-10,DCOM
2018-10,DDD
2018-10,DEA
2018-10,DF
2018-10,DFIN
2018-10,DGII
2018-10,DIN
2018-10,DIOD
2018-10,DNR
2018-10,DORM
2018-10,DPLO
2018-10,DRH
2018-10,DSPG
2018-10,DSW
2018-10,DXPE
2018-10,EBIX
2018-10,EBS
2018-10,ECHO
2018-10,ECOL
2018-10,ECPG
2018-10,EDR
2018-10,EE
2018-10,EFII
2018-10,EGHT
2018-10,EGL
2018-10,EGOV
2018-10,EGP
2018-10,EGRX
2018-10,EHTH
2018-10,EIG
2018-10,ELY
2018-10,ENDP
2018-10,ENSG
2018-10,ENTA
2018-10,ENVA
2018-10,EPAY
2018-10,ERA
2018-10,ESE
2018-10,ESIO
2018-10,ESND
2018-10,ETH
2018-10,EVTC
2018-10,EXLS
2018-10,EXPO
2018-10,EXPR
2018-10,EXTN
2018-10,EXTR
2018-10,EZPW
2018-10,FARO
2018-10,FBP
2018-10,FCF
2018-10,FCFS
2018-10,FCN
2018-10,FCPT
2018-10,FELE
2018-10,FF
2018-10,FFBC
2018-10,FFIN
2018-10,FIX
2018-10,FLOW
2018-10,FMBI
2018-10,FN
2018-10,FNSR
2018-10,FORM
2018-10,FORR
2018-10,FOSL
2018-10,FOXF
2018-10,FRAN
2018-10,FRGI
2018-10,FSB
2018-10,FSP
2018-10,FSS
2018-10,FTD
2018-10,FTK
2018-10,FTNT
2018-10,FTR
2018-10,FUL
2018-10,FWRD
2018-10,GBCI
2018-10,GBX
2018-10,GCI
2018-10,GCO
2018-10,GDOT
2018-10,GEOS
2018-10,GES
2018-10,GFF
2018-10,GHL
2018-10,GIFI
2018-10,GIII
2018-10,GLT
2018-10,GNBC
2018-10,GNL
2018-10,GOV
2018-10,GPI
2018-10,GPRE
2018-10,GTLS
2018-10,GTY
2018-10,GWB
2018-10,HA
2018-10,HAFC
2018-10,HAYN
2018-10,HCI
2018-10,HF
2018-10,HFWA
2018-10,HI
2018-10,HIBB
2018-10,HLIT
2018-10,HLX
2018-10,HMN
2018-10,HMST
2018-10,HMSY
2018-10,HOPE
2018-10,HPR
2018-10,HSC
2018-10,HSII
2018-10,HSKA
2018-10,HSTM
2018-10,HT
2018-10,HTLD
2018-10,HUBG
2018-10,HVT
2018-10,HWC
2018-10,HWKN
2018-10,HYH
2018-10,HZO
2018-10,IBP
2018-10,IIIN
2018-10,IIVI
2018-10,ILG
2018-10,INDB
2018-10,INGN
2018-10,INN
2018-10,INTL
2018-10,INVA
2018-10,IOSP
2018-10,IPAR
2018-10,IPHS
2018-10,IRBT
2018-10,IRDM
2018-10,IRT
2018-10,ITG
2018-10,ITGR
2018-10,ITRI
2018-10,IVC
2018-10,IVR
2018-10,JBSS
2018-10,JBT
2018-10,JCP
2018-10,JJSF
2018-10,JRVR
2018-10,KALU
2018-10,KAMN
2018-10,KELYA
2018-10,KEM
2018-10,KFY
2018-10,KIRK
2018-10,KLIC
2018-10,KLXI
2018-10,KN
2018-10,KOP
2018-10,KOPN
2018-10,KRA
2018-10,KRG
2018-10,KS
2018-10,KWR
2018-10,LABL
2018-10,LAD
2018-10,LCI
2018-10,LCII
2018-10,LDL
2018-10,LGIH
2018-10,LGND
2018-10,LHCG
2018-10,LION
2018-10,LKSD
2018-10,LL
2018-10,LMAT
2018-10,LMNX
2018-10,LNN
2018-10,LNTH
2018-10,LOCO
2018-10,LPSN
2018-10,LQDT
2018-10,LTC
2018-10,LTXB
2018-10,LXP
2018-10,LXU
2018-10,LZB
2018-10,MANT
2018-10,MATW
2018-10,MATX
2018-10,MCRI
2018-10,MCS
2018-10,MDC
2018-10,MDCO
2018-10,MDXG
2018-10,MED
2018-10,MEI
2018-10,MGLN
2018-10,MGPI
2018-10,MHLD
2018-10,MHO
2018-10,MINI
2018-10,MLI
2018-10,MMSI
2018-10,MNRO
2018-10,MNTA
2018-10,MOG.A
2018-10,MOV
2018-10,MPAA
2018-10,MSTR
2018-10,MTH
2018-10,MTRN
2018-10,MTRX
2018-10,MTSC
2018-10,MXL
2018-10,MYE
2018-10,MYGN
2018-10,MYRG
2018-10,NANO
2018-10,NAVG
2018-10,NBHC
2018-10,NBTB
2018-10,NCI
2018-10,NE
2018-10,NEOG
2018-10,NEWM
2018-10,NFBK
2018-10,NGVT
2018-10,NLS
2018-10,NMIH
2018-10,NP
2018-10,NPK
2018-10,NPO
2018-10,NR
2018-10,NSA
2018-10,NSIT
2018-10,NSP
2018-10,NTGR
2018-10,NTRI
2018-10,NWBI
2018-10,NWN
2018-10,NX
2018-10,NYMT
2018-10,OCLR
2018-10,OFG
2018-10,OFIX
2018-10,OIS
2018-10,OMCL
2018-10,OMI
2018-10,ONB
2018-10,OPB
2018-10,ORIT
2018-10,ORN
2018-10,OSIS
2018-10,OSPN
2018-10,OSUR
2018-10,OXM
2018-10,PAHC
2018-10,PARR
2018-10,PATK
2018-10,PAY
2018-10,PDCE
2018-10,PDFS
2018-10,PEI
2018-10,PERY
2018-10,PES
2018-10,PETS
2018-10,PFBC
2018-10,PFS
2018-10,PGNX
2018-10,PGTI
2018-10,PJC
2018-10,PKE
2018-10,PLAB
2018-10,PLAY
2018-10,PLCE
2018-10,PLUS
2018-10,PLXS
2018-10,PMT
2018-10,POWI
2018-10,POWL
2018-10,PPBI
2018-10,PRA
2018-10,PRAA
2018-10,PRFT
2018-10,PRGS
2018-10,PRLB
2018-10,PRSC
2018-10,PRSP
2018-10,PSB
2018-10,PUMP
2018-10,PVAC
2018-10,QHC
2018-10,QLYS
2018-10,QNST
2018-10,RAVN
2018-10,RCII
2018-10,RECN
2018-10,REGI
2018-10,REI
2018-10,REX
2018-10,RGEN
2018-10,RGNX
2018-10,RGR
2018-10,RGS
2018-10,RH
2018-10,RLI
2018-10,RMAX
2018-10,RMBS
2018-10,ROCK
2018-10,ROG
2018-10,ROIC
2018-10,RPT
2018-10,RRD
2018-10,RRGB
2018-10,RTEC
2018-10,RUTH
2018-10,RWT
2018-10,RYAM
2018-10,SAFT
2018-10,SAH
2018-10,SAIA
2018-10,SANM
2018-10,SBCF
2018-10,SBSI
2018-10,SCHL
2018-10,SCL
2018-10,SCSC
2018-10,SCVL
2018-10,SEDG
2018-10,SEM
2018-10,SENEA
2018-10,SFBS
2018-10,SFLY
2018-10,SFNC
2018-10,SHAK
2018-10,SHOO
2018-10,SIGI
2018-10,SJI
2018-10,SKYW
2018-10,SLCA
2018-10,SMP
2018-10,SMTC
2018-10,SNBR
2018-10,SONC
2018-10,SPOK
2018-10,SPPI
2018-10,SPSC
2018-10,SPTN
2018-10,SPXC
2018-10,SR
2018-10,SRCI
2018-10,SRDX
2018-10,SSD
2018-10,SSP
2018-10,SSTK
2018-10,STAR
2018-10,STBA
2018-10,STC
2018-10,STMP
2018-10,STRA
2018-10,SUP
2018-10,SUPN
2018-10,SVU
2018-10,SWM
2018-10,SXC
2018-10,SXI
2018-10,SYKE
2018-10,TBI
2018-10,TG
2018-10,TGI
2018-10,THRM
2018-10,TILE
2018-10,TISI
2018-10,TIVO
2018-10,TLRD
2018-10,TMP
2018-10,TMST
2018-10,TPRE
2018-10,TREX
2018-10,TRST
2018-10,TTEC
2018-10,TTEK
2018-10,TTI
2018-10,TTMI
2018-10,TTS
2018-10,TVPT
2018-10,TVTY
2018-10,TWI
2018-10,TYPE
2018-10,UBA
2018-10,UCBI
2018-10,UCTT
2018-10,UEIC
2018-10,UFCS
2018-10,UFI
2018-10,UFPI
2018-10,UHT
2018-10,UIHC
2018-10,UNF
2018-10,UNT
2018-10,USCR
2018-10,USPH
2018-10,UVE
2018-10,UVV
2018-10,VECO
2018-10,VG
2018-10,VIAV
2018-10,VICR
2018-10,VIVO
2018-10,VRA
2018-10,VREX
2018-10,VRTS
2018-10,VRTU
2018-10,VRTV
2018-10,VSI
2018-10,VSTO
2018-10,VVI
2018-10,WABC
2018-10,WAGE
2018-10,WCG
2018-10,WD
2018-10,WDFC
2018-10,WDR
2018-10,WETF
2018-10,WGO
2018-10,WH
2018-10,WING
2018-10,WIRE
2018-10,WLH
2018-10,WNC
2018-10,WPG
2018-10,WRLD
2018-10,WSR
2018-10,WTS
2018-10,WWW
2018-10,XOXO
2018-10,XPER
2018-10,ZEUS
2018-10,ZUMZ
2018-11,AAOI
2018-11,AAON
2018-11,AAT
2018-11,AAWW
2018-11,AAXN
2018-11,ABCB
2018-11,ABG
2018-11,ABM
2018-11,ACET
2018-11,ACLS
2018-11,ACOR
2018-11,ACXM
2018-11,ADC
2018-11,ADTN
2018-11,AEGN
2018-11,AEIS
2018-11,AEL
2018-11,AGYS
2018-11,AHH
2018-11,AIN
2018-11,AIR
2018-11,AIT
2018-11,AJRD
2018-11,AKR
2018-11,AKS
2018-11,ALG
2018-11,ALGT
2018-11,ALRM
2018-11,AMAG
2018-11,AMBC
2018-11,AMED
2018-11,AMN
2018-11,AMPH
2018-11,AMSF
2018-11,AMWD
2018-11,ANDE
2018-11,ANF
2018-11,ANGO
2018-11,ANIK
2018-11,ANIP
2018-11,APEI
2018-11,APOG
2018-11,ARCB
2018-11,ARI
2018-11,AROC
2018-11,ARR
2018-11,ASIX
2018-11,ASNA
2018-11,ASRT
2018-11,ASTE
2018-11,ATNI
2018-11,ATU
2018-11,AVA
2018-11,AVAV
2018-11,AVD
2018-11,AVP
2018-11,AWR
2018-11,AXE
2018-11,AXL
2018-11,AZZ
2018-11,B
2018-11,BABY
2018-11,BANC
2018-11,BANR
2018-11,BCC
2018-11,BCEI
2018-11,BCOR
2018-11,BCPC
2018-11,BEAT
2018-11,BEL
2018-11,BELFB
2018-11,BFS
2018-11,BGFV
2018-11,BGG
2018-11,BGS
2018-11,BHE
2018-11,BHLB
2018-11,BJRI
2018-11,BKE
2018-11,BKS
2018-11,BLD
2018-11,BMI
2018-11,BNED
2018-11,BOFI
2018-11,BPFH
2018-11,BRC
2018-11,BRKL
2018-11,BRKS
2018-11,BRS
2018-11,CACI
2018-11,CAL
2018-11,CALM
2018-11,CAMP
2018-11,CASH
2018-11,CATM
2018-11,CATO
2018-11,CBB
2018-11,CBL
2018-11,CBM
2018-11,CBU
2018-11,CCMP
2018-11,CCOI
2018-11,CCRN
2018-11,CDR
2018-11,CECO
2018-11,CEIX
2018-11,CENT
2018-11,CENTA
2018-11,CENX
2018-11,CEVA
2018-11,CHCO
2018-11,CHCT
2018-11,CHS
2018-11,CHSP
2018-11,CHUY
2018-11,CIR
2018-11,CJ
2018-11,CKH
2018-11,CLD
2018-11,CLDT
2018-11,CLW
2018-11,CMO
2018-11,CMTL
2018-11,CNMD
2018-11,CNSL
2018-11,COHU
2018-11,COKE
2018-11,COLB
2018-11,CORE
2018-11,CORT
2018-11,CPF
2018-11,CPS
2018-11,CPSI
2018-11,CRAY
2018-11,CROX
2018-11,CRR
2018-11,CRVL
2018-11,CRY
2018-11,CRZO
2018-11,CSGS
2018-11,CTB
2018-11,CTRE
2018-11,CTRL
2018-11,CTS
2018-11,CUB
2018-11,CUBI
2018-11,CUTR
2018-11,CVBF
2018-11,CVCO
2018-11,CVG
2018-11,CVGW
2018-11,CWT
2018-11,CYH
2018-11,CYTK
2018-11,DAKT
2018-11,DAR
2018-11,DBD
2018-11,DCOM
2018-11,DDD
2018-11,DEA
2018-11,DF
2018-11,DFIN
2018-11,DGII
2018-11,DIN
2018-11,DIOD
2018-11,DNR
2018-11,DORM
2018-11,DPLO
2018-11,DRH
2018-11,DSPG
2018-11,DSW
2018-11,DXPE
2018-11,EBIX
2018-11,EBS
2018-11,ECHO
2018-11,ECOL
2018-11,ECPG
2018-11,EDR
2018-11,EE
2018-11,EFII
2018-11,EGHT
2018-11,EGL
2018-11,EGOV
2018-11,EGP
2018-11,EGRX
2018-11,EHTH
2018-11,EIG
2018-11,ELY
2018-11,ENDP
2018-11,ENSG
2018-11,ENTA
2018-11,ENVA
2018-11,EPAY
2018-11,ERA
2018-11,ESE
2018-11,ESIO
2018-11,ESND
2018-11,ETH
2018-11,EVTC
2018-11,EXLS
2018-11,EXPO
2018-11,EXPR
2018-11,EXTN
2018-11,EXTR
2018-11,EZPW
2018-11,FARO
2018-11,FBP
2018-11,FCF
2018-11,FCFS
2018-11,FCN
2018-11,FCPT
2018-11,FELE
2018-11,FF
2018-11,FFBC
2018-11,FFIN
2018-11,FIX
2018-11,FLOW
2018-11,FMBI
2018-11,FN
2018-11,FNSR
2018-11,FORM
2018-11,FORR
2018-11,FOSL
2018-11,FOXF
2018-11,FRAN
2018-11,FRGI
2018-11,FSB
2018-11,FSP
2018-11,FSS
2018-11,FTD
2018-11,FTK
2018-11,FTNT
2018-11,FTR
2018-11,FUL
2018-11,FWRD
2018-11,GBCI
2018-11,GBX
2018-11,GCI
2018-11,GCO
2018-11,GDOT
2018-11,GEOS
2018-11,GES
2018-11,GFF
2018-11,GHL
2018-11,GIFI
2018-11,GIII
2018-11,GLT
2018-11,GNBC
2018-11,GNL
2018-11,GOV
2018-11,GPI
2018-11,GPRE
2018-11,GTLS
2018-11,GTY
2018-11,GWB
2018-11,HA
2018-11,HAFC
2018-11,HAYN
2018-11,HBHC
2018-11,HCI
2018-11,HF
2018-11,HFWA
2018-11,HI
2018-11,HIBB
2018-11,HLIT
2018-11,HLX
2018-11,HMN
2018-11,HMST
2018-11,HMSY
2018-11,HOPE
2018-11,HPR
2018-11,HSC
2018-11,HSII
2018-11,HSKA
2018-11,HSTM
2018-11,HT
2018-11,HTLD
2018-11,HUBG
2018-11,HVT
2018-11,HWKN
2018-11,HYH
2018-11,HZO
2018-11,IBP
2018-11,IIIN
2018-11,IIVI
2018-11,ILG
2018-11,INDB
2018-11,INGN
2018-11,INN
2018-11,INTL
2018-11,INVA
2018-11,IOSP
2018-11,IPAR
2018-11,IPHS
2018-11,IRBT
2018-11,IRDM
2018-11,IRT
2018-11,ITG
2018-11,ITGR
2018-11,ITRI
2018-11,IVC
2018-11,IVR
2018-11,JBSS
2018-11,JBT
2018-11,JCP
2018-11,JJSF
2018-11,JRVR
2018-11,KALU
2018-11,KAMN
2018-11,KELYA
2018-11,KEM
2018-11,KEYS
2018-11,KFY
2018-11,KIRK
2018-11,KLIC
2018-11,KLXI
2018-11,KN
2018-11,KOP
2018-11,KOPN
2018-11,KRA
2018-11,KRG
2018-11,KS
2018-11,KWR
2018-11,LABL
2018-11,LAD
2018-11,LCI
2018-11,LCII
2018-11,LDL
2018-11,LGIH
2018-11,LHCG
2018-11,LION
2018-11,LKSD
2018-11,LL
2018-11,LMAT
2018-11,LMNX
2018-11,LNN
2018-11,LNTH
2018-11,LOCO
2018-11,LPSN
2018-11,LQDT
2018-11,LTC
2018-11,LTXB
2018-11,LXP
2018-11,LXU
2018-11,LZB
2018-11,MANT
2018-11,MATW
2018-11,MATX
2018-11,MCRI
2018-11,MCS
2018-11,MDC
2018-11,MDCO
2018-11,MDXG
2018-11,MED
2018-11,MEI
2018-11,MGLN
2018-11,MGPI
2018-11,MHLD
2018-11,MHO
2018-11,MINI
2018-11,MLI
2018-11,MMSI
2018-11,MNRO
2018-11,MNTA
2018-11,MOG.A
2018-11,MOV
2018-11,MPAA
2018-11,MSTR
2018-11,MTH
2018-11,MTRN
2018-11,MTRX
2018-11,MTSC
2018-11,MXL
2018-11,MYE
2018-11,MYGN
2018-11,MYRG
2018-11,NANO
2018-11,NAVG
2018-11,NBHC
2018-11,NBTB
2018-11,NCI
2018-11,NE
2018-11,NEOG
2018-11,NEWM
2018-11,NFBK
2018-11,NGVT
2018-11,NLS
2018-11,NMIH
2018-11,NP
2018-11,NPK
2018-11,NPO
2018-11,NR
2018-11,NSA
2018-11,NSIT
2018-11,NSP
2018-11,NTGR
2018-11,NTRI
2018-11,NWBI
2018-11,NWN
2018-11,NX
2018-11,NYMT
2018-11,OCLR
2018-11,OFG
2018-11,OFIX
2018-11,OIS
2018-11,OMCL
2018-11,OMI
2018-11,ONB
2018-11,OPB
2018-11,ORIT
2018-11,ORN
2018-11,OSIS
2018-11,OSPN
2018-11,OSUR
2018-11,OXM
2018-11,PAHC
2018-11,PARR
2018-11,PATK
2018-11,PAY
2018-11,PDCE
2018-11,PDFS
2018-11,PEI
2018-11,PERY
2018-11,PES
2018-11,PETS
2018-11,PFBC
2018-11,PFS
2018-11,PGNX
2018-11,PGTI
2018-11,PJC
2018-11,PKE
2018-11,PLAB
2018-11,PLAY
2018-11,PLCE
2018-11,PLUS
2018-11,PLXS
2018-11,PMT
2018-11,POWI
2018-11,POWL
2018-11,PPBI
2018-11,PRA
2018-11,PRAA
2018-11,PRFT
2018-11,PRGS
2018-11,PRLB
2018-11,PRSC
2018-11,PRSP
2018-11,PSB
2018-11,PUMP
2018-11,PVAC
2018-11,QHC
2018-11,QLYS
2018-11,QNST
2018-11,RAVN
2018-11,RCII
2018-11,RECN
2018-11,REGI
2018-11,REI
2018-11,REX
2018-11,RGEN
2018-11,RGNX
2018-11,RGR
2018-11,RGS
2018-11,RH
2018-11,RLI
2018-11,RMAX
2018-11,RMBS
2018-11,ROCK
2018-11,ROG
2018-11,ROIC
2018-11,RPT
2018-11,RRD
2018-11,RRGB
2018-11,RTEC
2018-11,RUTH
2018-11,RWT
2018-11,RYAM
2018-11,SAFT
2018-11,SAH
2018-11,SAIA
2018-11,SANM
2018-11,SBCF
2018-11,SBSI
2018-11,SCHL
2018-11,SCL
2018-11,SCSC
2018-11,SCVL
2018-11,SEDG
2018-11,SEM
2018-11,SENEA
2018-11,SFBS
2018-11,SFLY
2018-11,SFNC
2018-11,SHAK
2018-11,SHOO
2018-11,SIGI
2018-11,SJI
2018-11,SKYW
2018-11,SLCA
2018-11,SMP
2018-11,SMTC
2018-11,SNBR
2018-11,SONC
2018-11,SPOK
2018-11,SPPI
2018-11,SPSC
2018-11,SPTN
2018-11,SPXC
2018-11,SR
2018-11,SRCI
2018-11,SRDX
2018-11,SSD
2018-11,SSP
2018-11,SSTK
2018-11,STAR
2018-11,STBA
2018-11,STC
2018-11,STMP
2018-11,STRA
2018-11,SUP
2018-11,SUPN
2018-11,SVU
2018-11,SWM
2018-11,SXC
2018-11,SXI
2018-11,SYKE
2018-11,TBI
2018-11,TG
2018-11,TGI
2018-11,THRM
2018-11,TILE
2018-11,TISI
2018-11,TIVO
2018-11,TLRD
2018-11,TMP
2018-11,TMST
2018-11,TPRE
2018-11,TREX
2018-11,TRST
2018-11,TTEC
2018-11,TTEK
2018-11,TTI
2018-11,TTMI
2018-11,TTS
2018-11,TVPT
2018-11,TVTY
2018-11,TWI
2018-11,TYPE
2018-11,UBA
2018-11,UCBI
2018-11,UCTT
2018-11,UEIC
2018-11,UFCS
2018-11,UFI
2018-11,UFPI
2018-11,UHT
2018-11,UIHC
2018-11,UNF
2018-11,UNT
2018-11,USCR
2018-11,USPH
2018-11,UVE
2018-11,UVV
2018-11,VECO
2018-11,VG
2018-11,VIAV
2018-11,VICR
2018-11,VIVO
2018-11,VRA
2018-11,VREX
2018-11,VRTS
2018-11,VRTU
2018-11,VRTV
2018-11,VSI
2018-11,VSTO
2018-11,VVI
2018-11,WABC
2018-11,WAGE
2018-11,WCG
2018-11,WD
2018-11,WDFC
2018-11,WDR
2018-11,WETF
2018-11,WGO
2018-11,WH
2018-11,WING
2018-11,WIRE
2018-11,WLH
2018-11,WNC
2018-11,WPG
2018-11,WRLD
2018-11,WSR
2018-11,WTS
2018-11,WWW
2018-11,XOXO
2018-11,XPER
2018-11,ZEUS
2018-11,ZUMZ
2018-12,AAOI
2018-12,AAON
2018-12,AAT
2018-12,AAWW
2018-12,AAXN
2018-12,ABCB
2018-12,ABG
2018-12,ABM
2018-12,ACET
2018-12,ACLS
2018-12,ACOR
2018-12,ACXM
2018-12,ADC
2018-12,ADTN
2018-12,AEGN
2018-12,AEIS
2018-12,AEL
2018-12,AGYS
2018-12,AHH
2018-12,AIN
2018-12,AIR
2018-12,AIT
2018-12,AJRD
2018-12,AKR
2018-12,AKS
2018-12,ALG
2018-12,ALGT
2018-12,ALRM
2018-12,AMAG
2018-12,AMBC
2018-12,AMED
2018-12,AMN
2018-12,AMPH
2018-12,AMSF
2018-12,AMWD
2018-12,ANDE
2018-12,ANF
2018-12,ANGO
2018-12,ANIK
2018-12,ANIP
2018-12,APEI
2018-12,APOG
2018-12,ARCB
2018-12,ARI
2018-12,AROC
2018-12,ARR
2018-12,ASIX
2018-12,ASNA
2018-12,ASRT
2018-12,ASTE
2018-12,ATNI
2018-12,ATU
2018-12,AVA
2018-12,AVAV
2018-12,AVD
2018-12,AVP
2018-12,AWR
2018-12,AXE
2018-12,AXL
2018-12,AZZ
2018-12,B
2018-12,BABY
2018-12,BANC
2018-12,BANR
2018-12,BCC
2018-12,BCEI
2018-12,BCOR
2018-12,BCPC
2018-12,BEAT
2018-12,BEL
2018-12,BELFB
2018-12,BFS
2018-12,BGFV
2018-12,BGG
2018-12,BGS
2018-12,BHE
2018-12,BHLB
2018-12,BJRI
2018-12,BKE
2018-12,BKS
2018-12,BLD
2018-12,BMI
2018-12,BNED
2018-12,BOFI
2018-12,BPFH
2018-12,BRC
2018-12,BRKL
2018-12,BRKS
2018-12,BRS
2018-12,CACI
2018-12,CAL
2018-12,CALM
2018-12,CAMP
2018-12,CASH
2018-12,CATM
2018-12,CATO
2018-12,CBB
2018-12,CBL
2018-12,CBM
2018-12,CBU
2018-12,CCMP
2018-12,CCOI
2018-12,CCRN
2018-12,CDR
2018-12,CECO
2018-12,CEIX
2018-12,CENT
2018-12,CENTA
2018-12,CENX
2018-12,CEVA
2018-12,CHCO
2018-12,CHCT
2018-12,CHS
2018-12,CHSP
2018-12,CHUY
2018-12,CIR
2018-12,CJ
2018-12,CKH
2018-12,CLD
2018-12,CLDT
2018-12,CLW
2018-12,CMO
2018-12,CMTL
2018-12,CNMD
2018-12,CNSL
2018-12,COHU
2018-12,COKE
2018-12,COLB
2018-12,CORE
2018-12,CORT
2018-12,CPF
2018-12,CPS
2018-12,CPSI
2018-12,CRAY
2018-12,CROX
2018-12,CRR
2018-12,CRVL
2018-12,CRY
2018-12,CRZO
2018-12,CSGS
2018-12,CTB
2018-12,CTRE
2018-12,CTRL
2018-12,CTS
2018-12,CUB
2018-12,CUBI
2018-12,CUTR
2018-12,CVBF
2018-12,CVCO
2018-12,CVG
2018-12,CVGW
2018-12,CWT
2018-12,CYH
2018-12,CYTK
2018-12,DAKT
2018-12,DAR
2018-12,DBD
2018-12,DCOM
2018-12,DDD
2018-12,DEA
2018-12,DF
2018-12,DFIN
2018-12,DGII
2018-12,DIN
2018-12,DIOD
2018-12,DNR
2018-12,DORM
2018-12,DPLO
2018-12,DRH
2018-12,DSPG
2018-12,DSW
2018-12,DXPE
2018-12,EBIX
2018-12,EBS
2018-12,ECHO
2018-12,ECOL
2018-12,ECPG
2018-12,EDR
2018-12,EE
2018-12,EFII
2018-12,EGHT
2018-12,EGL
2018-12,EGOV
2018-12,EGP
2018-12,EGRX
2018-12,EHTH
2018-12,EIG
2018-12,ELY
2018-12,ENDP
2018-12,ENSG
2018-12,ENTA
2018-12,ENVA
2018-12,EPAY
2018-12,ERA
2018-12,ESE
2018-12,ESIO
2018-12,ESND
2018-12,ETH
2018-12,EVTC
2018-12,EXLS
2018-12,EXPO
2018-12,EXPR
2018-12,EXTN
2018-12,EXTR
2018-12,EZPW
2018-12,FARO
2018-12,FBP
2018-12,FCF
2018-12,FCFS
2018-12,FCN
2018-12,FCPT
2018-12,FELE
2018-12,FF
2018-12,FFBC
2018-12,FFIN
2018-12,FIX
2018-12,FLOW
2018-12,FMBI
2018-12,FN
2018-12,FNSR
2018-12,FORM
2018-12,FORR
2018-12,FOSL
2018-12,FOXF
2018-12,FRAN
2018-12,FRGI
2018-12,FSB
2018-12,FSP
2018-12,FSS
2018-12,FTD
2018-12,FTK
2018-12,FTNT
2018-12,FTR
2018-12,FUL
2018-12,FWRD
2018-12,GBCI
2018-12,GBX
2018-12,GCI
2018-12,GCO
2018-12,GDOT
2018-12,GEOS
2018-12,GES
2018-12,GFF
2018-12,GHL
2018-12,GIFI
2018-12,GIII
2018-12,GLT
2018-12,GNBC
2018-12,GNL
2018-12,GOV
2018-12,GPI
2018-12,GPRE
2018-12,GTLS
2018-12,GTY
2018-12,GWB
2018-12,HA
2018-12,HAFC
2018-12,HAYN
2018-12,HBHC
2018-12,HCI
2018-12,HF
2018-12,HFWA
2018-12,HI
2018-12,HIBB
2018-12,HLIT
2018-12,HLX
2018-12,HMN
2018-12,HMST
2018-12,HMSY
2018-12,HOPE
2018-12,HPR
2018-12,HSC
2018-12,HSII
2018-12,HSKA
2018-12,HSTM
2018-12,HT
2018-12,HTLD
2018-12,HUBG
2018-12,HVT
2018-12,HWKN
2018-12,HYH
2018-12,HZO
2018-12,IBP
2018-12,IIIN
2018-12,IIVI
2018-12,ILG
2018-12,INDB
2018-12,INGN
2018-12,INN
2018-12,INTL
2018-12,INVA
2018-12,IOSP
2018-12,IPAR
2018-12,IPHS
2018-12,IRBT
2018-12,IRDM
2018-12,IRT
2018-12,ITG
2018-12,ITGR
2018-12,ITRI
2018-12,IVC
2018-12,IVR
2018-12,JBSS
2018-12,JBT
2018-12,JCP
2018-12,JJSF
2018-12,JRVR
2018-12,KALU
2018-12,KAMN
2018-12,KELYA
2018-12,KEM
2018-12,KEYS
2018-12,KFY
2018-12,KIRK
2018-12,KLIC
2018-12,KLXI
2018-12,KN
2018-12,KOP
2018-12,KOPN
2018-12,KRA
2018-12,KRG
2018-12,KS
2018-12,KWR
2018-12,LABL
2018-12,LAD
2018-12,LCI
2018-12,LCII
2018-12,LDL
2018-12,LGIH
2018-12,LHCG
2018-12,LION
2018-12,LKSD
2018-12,LL
2018-12,LMAT
2018-12,LMNX
2018-12,LNN
2018-12,LNTH
2018-12,LOCO
2018-12,LPSN
2018-12,LQDT
2018-12,LTC
2018-12,LTXB
2018-12,LXP
2018-12,LXU
2018-12,LZB
2018-12,MANT
2018-12,MATW
2018-12,MATX
2018-12,MCRI
2018-12,MCS
2018-12,MDC
2018-12,MDCO
2018-12,MDXG
2018-12,MED
2018-12,MEI
2018-12,MGLN
2018-12,MGPI
2018-12,MHLD
2018-12,MHO
2018-12,MINI
2018-12,MLI
2018-12,MMSI
2018-12,MNRO
2018-12,MNTA
2018-12,MOG.A
2018-12,MOV
2018-12,MPAA
2018-12,MSTR
2018-12,MTH
2018-12,MTRN
2018-12,MTRX
2018-12,MTSC
2018-12,MXL
2018-12,MYE
2018-12,MYGN
2018-12,MYRG
2018-12,NANO
2018-12,NAVG
2018-12,NBHC
2018-12,NBTB
2018-12,NCI
2018-12,NE
2018-12,NEOG
2018-12,NEWM
2018-12,NFBK
2018-12,NGVT
2018-12,NLS
2018-12,NMIH
2018-12,NP
2018-12,NPK
2018-12,NPO
2018-12,NR
2018-12,NSA
2018-12,NSIT
2018-12,NSP
2018-12,NTGR
2018-12,NTRI
2018-12,NWBI
2018-12,NWN
2018-12,NX
2018-12,NYMT
2018-12,OCLR
2018-12,OFG
2018-12,OFIX
2018-12,OIS
2018-12,OMCL
2018-12,OMI
2018-12,ONB
2018-12,OPB
2018-12,ORIT
2018-12,ORN
2018-12,OSIS
2018-12,OSPN
2018-12,OSUR
2018-12,OXM
2018-12,PAHC
2018-12,PARR
2018-12,PATK
2018-12,PAY
2018-12,PDCE
2018-12,PDFS
2018-12,PEI
2018-12,PERY
2018-12,PES
2018-12,PETS
2018-12,PFBC
2018-12,PFS
2018-12,PGNX
2018-12,PGTI
2018-12,PJC
2018-12,PKE
2018-12,PLAB
2018-12,PLAY
2018-12,PLCE
2018-12,PLUS
2018-12,PLXS
2018-12,PMT
2018-12,POWI
2018-12,POWL
2018-12,PPBI
2018-12,PRA
2018-12,PRAA
2018-12,PRFT
2018-12,PRGS
2018-12,PRLB
2018-12,PRSC
2018-12,PRSP
2018-12,PSB
2018-12,PUMP
2018-12,PVAC
2018-12,QHC
2018-12,QLYS
2018-12,QNST
2018-12,RAVN
2018-12,RCII
2018-12,RECN
2018-12,REGI
2018-12,REI
2018-12,REX
2018-12,RGEN
2018-12,RGNX
2018-12,RGR
2018-12,RGS
2018-12,RH
2018-12,RLI
2018-12,RMAX
2018-12,RMBS
2018-12,ROCK
2018-12,ROG
2018-12,ROIC
2018-12,RPT
2018-12,RRD
2018-12,RRGB
2018-12,RTEC
2018-12,RUTH
2018-12,RWT
2018-12,RYAM
2018-12,SAFT
2018-12,SAH
2018-12,SAIA
2018-12,SANM
2018-12,SBCF
2018-12,SBSI
2018-12,SCHL
2018-12,SCL
2018-12,SCSC
2018-12,SCVL
2018-12,SEDG
2018-12,SEM
2018-12,SENEA
2018-12,SFBS
2018-12,SFLY
2018-12,SFNC
2018-12,SHAK
2018-12,SHOO
2018-12,SIGI
2018-12,SJI
2018-12,SKYW
2018-12,SLCA
2018-12,SMP
2018-12,SMTC
2018-12,SNBR
2018-12,SONC
2018-12,SPOK
2018-12,SPPI
2018-12,SPSC
2018-12,SPTN
2018-12,SPXC
2018-12,SR
2018-12,SRCI
2018-12,SRDX
2018-12,SSD
2018-12,SSP
2018-12,SSTK
2018-12,STAR
2018-12,STBA
2018-12,STC
2018-12,STMP
2018-12,STRA
2018-12,SUP
2018-12,SUPN
2018-12,SVU
2018-12,SWM
2018-12,SXC
2018-12,SXI
2018-12,SYKE
2018-12,TBI
2018-12,TG
2018-12,TGI
2018-12,THRM
2018-12,TILE
2018-12,TISI
2018-12,TIVO
2018-12,TLRD
2018-12,TMP
2018-12,TMST
2018-12,TPRE
2018-12,TREX
2018-12,TRST
2018-12,TTEC
2018-12,TTEK
2018-12,TTI
2018-12,TTMI
2018-12,TTS
2018-12,TVPT
2018-12,TVTY
2018-12,TWI
2018-12,TYPE
2018-12,UBA
2018-12,UCBI
2018-12,UCTT
2018-12,UEIC
2018-12,UFCS
2018-12,UFI
2018-12,UFPI
2018-12,UHT
2018-12,UIHC
2018-12,UNF
2018-12,UNT
2018-12,USCR
2018-12,USPH
2018-12,UVE
2018-12,UVV
2018-12,VECO
2018-12,VG
2018-12,VIAV
2018-12,VICR
2018-12,VIVO
2018-12,VRA
2018-12,VREX
2018-12,VRTS
2018-12,VRTU
2018-12,VRTV
2018-12,VSI
2018-12,VSTO
2018-12,VVI
2018-12,WABC
2018-12,WAGE
2018-12,WCG
2018-12,WD
2018-12,WDFC
2018-12,WDR
2018-12,WETF
2018-12,WGO
2018-12,WH
2018-12,WING
2018-12,WIRE
2018-12,WLH
2018-12,WNC
2018-12,WPG
2018-12,WRLD
2018-12,WSR
2018-12,WTS
2018-12,WWW
2018-12,XOXO
2018-12,XPER
2018-12,ZEUS
2018-12,ZUMZ
2019-01,AAOI
2019-01,AAON
2019-01,AAT
2019-01,AAWW
2019-01,AAXN
2019-01,ABCB
2019-01,ABG
2019-01,ABM
2019-01,ACET
2019-01,ACLS
2019-01,ACOR
2019-01,ACXM
2019-01,ADC
2019-01,ADTN
2019-01,AEGN
2019-01,AEIS
2019-01,AEL
2019-01,AGYS
2019-01,AHH
2019-01,AIN
2019-01,AIR
2019-01,AIT
2019-01,AJRD
2019-01,AKR
2019-01,AKS
2019-01,ALG
2019-01,ALGT
2019-01,ALRM
2019-01,AMAG
2019-01,AMBC
2019-01,AMED
2019-01,AMN
2019-01,AMPH
2019-01,AMSF
2019-01,AMWD
2019-01,ANDE
2019-01,ANF
2019-01,ANGO
2019-01,ANIK
2019-01,ANIP
2019-01,APEI
2019-01,APOG
2019-01,ARCB
2019-01,ARI
2019-01,AROC
2019-01,ARR
2019-01,ASIX
2019-01,ASNA
2019-01,ASRT
2019-01,ASTE
2019-01,ATNI
2019-01,ATU
2019-01,AVA
2019-01,AVAV
2019-01,AVD
2019-01,AVP
2019-01,AWR
2019-01,AXE
2019-01,AXL
2019-01,AZZ
2019-01,B
2019-01,BABY
2019-01,BANC
2019-01,BANR
2019-01,BCC
2019-01,BCEI
2019-01,BCOR
2019-01,BCPC
2019-01,BEAT
2019-01,BEL
2019-01,BELFB
2019-01,BFS
2019-01,BGFV
2019-01,BGG
2019-01,BGS
2019-01,BHE
2019-01,BHLB
2019-01,BJRI
2019-01,BKE
2019-01,BKS
2019-01,BLD
2019-01,BMI
2019-01,BNED
2019-01,BOFI
2019-01,BPFH
2019-01,BRC
2019-01,BRKL
2019-01,BRKS
2019-01,BRS
2019-01,CACI
2019-01,CAL
2019-01,CALM
2019-01,CAMP
2019-01,CASH
2019-01,CATM
2019-01,CATO
2019-01,CBB
2019-01,CBL
2019-01,CBM
2019-01,CBU
2019-01,CCMP
2019-01,CCOI
2019-01,CCRN
2019-01,CDR
2019-01,CECO
2019-01,CEIX
2019-01,CENT
2019-01,CENTA
2019-01,CENX
2019-01,CEVA
2019-01,CHCO
2019-01,CHCT
2019-01,CHS
2019-01,CHSP
2019-01,CHUY
2019-01,CIR
2019-01,CJ
2019-01,CKH
2019-01,CLD
2019-01,CLDT
2019-01,CLW
2019-01,CMO
2019-01,CMTL
2019-01,CNMD
2019-01,CNSL
2019-01,COHU
2019-01,COKE
2019-01,COLB
2019-01,CORE
2019-01,CORT
2019-01,CPF
2019-01,CPS
2019-01,CPSI
2019-01,CRAY
2019-01,CROX
2019-01,CRR
2019-01,CRVL
2019-01,CRY
2019-01,CRZO
2019-01,CSGS
2019-01,CTB
2019-01,CTRE
2019-01,CTRL
2019-01,CTS
2019-01,CUB
2019-01,CUBI
2019-01,CUTR
2019-01,CVBF
2019-01,CVCO
2019-01,CVG
2019-01,CVGW
2019-01,CWT
2019-01,CYH
2019-01,CYTK
2019-01,DAKT
2019-01,DAR
2019-01,DBD
2019-01,DCOM
2019-01,DDD
2019-01,DEA
2019-01,DF
2019-01,DFIN
2019-01,DGII
2019-01,DIN
2019-01,DIOD
2019-01,DNR
2019-01,DORM
2019-01,DPLO
2019-01,DRH
2019-01,DSPG
2019-01,DSW
2019-01,DXPE
2019-01,EBIX
2019-01,EBS
2019-01,ECHO
2019-01,ECOL
2019-01,ECPG
2019-01,EDR
2019-01,EE
2019-01,EFII
2019-01,EGHT
2019-01,EGL
2019-01,EGOV
2019-01,EGP
2019-01,EGRX
2019-01,EHTH
2019-01,EIG
2019-01,ELY
2019-01,ENDP
2019-01,ENSG
2019-01,ENTA
2019-01,ENVA
2019-01,EPAY
2019-01,ERA
2019-01,ESE
2019-01,ESIO
2019-01,ESND
2019-01,ETH
2019-01,EVTC
2019-01,EXLS
2019-01,EXPO
2019-01,EXPR
2019-01,EXTN
2019-01,EXTR
2019-01,EZPW
2019-01,FARO
2019-01,FBP
2019-01,FCF
2019-01,FCFS
2019-01,FCN
2019-01,FCPT
2019-01,FELE
2019-01,FF
2019-01,FFBC
2019-01,FFIN
2019-01,FIX
2019-01,FLOW
2019-01,FMBI
2019-01,FN
2019-01,FNSR
2019-01,FORM
2019-01,FORR
2019-01,FOSL
2019-01,FOXF
2019-01,FRAN
2019-01,FRGI
2019-01,FSB
2019-01,FSP
2019-01,FSS
2019-01,FTD
2019-01,FTK
2019-01,FTNT
2019-01,FTR
2019-01,FUL
2019-01,FWRD
2019-01,GBCI
2019-01,GBX
2019-01,GCI
2019-01,GCO
2019-01,GDOT
2019-01,GEOS
2019-01,GES
2019-01,GFF
2019-01,GHL
2019-01,GIFI
2019-01,GIII
2019-01,GLT
2019-01,GNBC
2019-01,GNL
2019-01,GOV
2019-01,GPI
2019-01,GPRE
2019-01,GTLS
2019-01,GTY
2019-01,GWB
2019-01,HA
2019-01,HAFC
2019-01,HAYN
2019-01,HBHC
2019-01,HCI
2019-01,HF
2019-01,HFWA
2019-01,HI
2019-01,HIBB
2019-01,HLIT
2019-01,HLX
2019-01,HMN
2019-01,HMST
2019-01,HMSY
2019-01,HOPE
2019-01,HPR
2019-01,HSC
2019-01,HSII
2019-01,HSKA
2019-01,HSTM
2019-01,HT
2019-01,HTLD
2019-01,HUBG
2019-01,HVT
2019-01,HWKN
2019-01,HYH
2019-01,HZO
2019-01,IBKR
2019-01,IBP
2019-01,IIIN
2019-01,IIVI
2019-01,ILG
2019-01,INDB
2019-01,INGN
2019-01,INN
2019-01,INTL
2019-01,INVA
2019-01,IOSP
2019-01,IPAR
2019-01,IPHS
2019-01,IRBT
2019-01,IRDM
2019-01,IRT
2019-01,ITG
2019-01,ITGR
2019-01,ITRI
2019-01,IVC
2019-01,IVR
2019-01,JBSS
2019-01,JBT
2019-01,JCP
2019-01,JJSF
2019-01,JRVR
2019-01,KALU
2019-01,KAMN
2019-01,KELYA
2019-01,KEM
2019-01,KEYS
2019-01,KFY
2019-01,KIRK
2019-01,KLIC
2019-01,KLXI
2019-01,KN
2019-01,KOP
2019-01,KOPN
2019-01,KRA
2019-01,KRG
2019-01,KS
2019-01,KWR
2019-01,LABL
2019-01,LAD
2019-01,LCI
2019-01,LCII
2019-01,LDL
2019-01,LGIH
2019-01,LHCG
2019-01,LION
2019-01,LKSD
2019-01,LL
2019-01,LMAT
2019-01,LMNX
2019-01,LNN
2019-01,LNTH
2019-01,LOCO
2019-01,LPSN
2019-01,LQDT
2019-01,LTC
2019-01,LTXB
2019-01,LXP
2019-01,LXU
2019-01,LZB
2019-01,MANT
2019-01,MATW
2019-01,MATX
2019-01,MCRI
2019-01,MCS
2019-01,MDC
2019-01,MDCO
2019-01,MDXG
2019-01,MED
2019-01,MEI
2019-01,MGLN
2019-01,MGPI
2019-01,MHLD
2019-01,MHO
2019-01,MINI
2019-01,MLI
2019-01,MMSI
2019-01,MNRO
2019-01,MNTA
2019-01,MOG.A
2019-01,MOV
2019-01,MPAA
2019-01,MSTR
2019-01,MTH
2019-01,MTRN
2019-01,MTRX
2019-01,MTSC
2019-01,MXL
2019-01,MYE
2019-01,MYGN
2019-01,MYRG
2019-01,NANO
2019-01,NAVG
2019-01,NBHC
2019-01,NBTB
2019-01,NCI
2019-01,NE
2019-01,NEOG
2019-01,NEWM
2019-01,NFBK
2019-01,NGVT
2019-01,NLS
2019-01,NMIH
2019-01,NP
2019-01,NPK
2019-01,NPO
2019-01,NR
2019-01,NSA
2019-01,NSIT
2019-01,NSP
2019-01,NTGR
2019-01,NTRI
2019-01,NWBI
2019-01,NWN
2019-01,NX
2019-01,NYMT
2019-01,OCLR
2019-01,OFG
2019-01,OFIX
2019-01,OIS
2019-01,OMCL
2019-01,OMI
2019-01,ONB
2019-01,OPB
2019-01,ORIT
2019-01,ORN
2019-01,OSIS
2019-01,OSPN
2019-01,OSUR
2019-01,OXM
2019-01,PAHC
2019-01,PARR
2019-01,PATK
2019-01,PAY
2019-01,PDCE
2019-01,PDFS
2019-01,PEI
2019-01,PERY
2019-01,PES
2019-01,PETS
2019-01,PFBC
2019-01,PFS
2019-01,PGNX
2019-01,PGTI
2019-01,PJC
2019-01,PKE
2019-01,PLAB
2019-01,PLAY
2019-01,PLCE
2019-01,PLUS
2019-01,PLXS
2019-01,PMT
2019-01,POWI
2019-01,POWL
2019-01,PPBI
2019-01,PRA
2019-01,PRAA
2019-01,PRFT
2019-01,PRGS
2019-01,PRLB
2019-01,PRSC
2019-01,PRSP
2019-01,PSB
2019-01,PUMP
2019-01,PVAC
2019-01,QHC
2019-01,QLYS
2019-01,QNST
2019-01,RAVN
2019-01,RCII
2019-01,RECN
2019-01,REGI
2019-01,REI
2019-01,REX
2019-01,RGEN
2019-01,RGNX
2019-01,RGR
2019-01,RGS
2019-01,RH
2019-01,RLI
2019-01,RMAX
2019-01,RMBS
2019-01,ROCK
2019-01,ROG
2019-01,ROIC
2019-01,RPT
2019-01,RRD
2019-01,RRGB
2019-01,RTEC
2019-01,RUTH
2019-01,RWT
2019-01,RYAM
2019-01,SAFT
2019-01,SAH
2019-01,SAIA
2019-01,SANM
2019-01,SBCF
2019-01,SBSI
2019-01,SCHL
2019-01,SCL
2019-01,SCSC
2019-01,SCVL
2019-01,SEDG
2019-01,SEM
2019-01,SENEA
2019-01,SFBS
2019-01,SFLY
2019-01,SFNC
2019-01,SHAK
2019-01,SHOO
2019-01,SIGI
2019-01,SJI
2019-01,SKYW
2019-01,SLCA
2019-01,SMP
2019-01,SMTC
2019-01,SNBR
2019-01,SONC
2019-01,SPOK
2019-01,SPPI
2019-01,SPSC
2019-01,SPTN
2019-01,SPXC
2019-01,SR
2019-01,SRCI
2019-01,SRDX
2019-01,SSD
2019-01,SSP
2019-01,SSTK
2019-01,STAR
2019-01,STBA
2019-01,STC
2019-01,STMP
2019-01,STRA
2019-01,SUP
2019-01,SUPN
2019-01,SVU
2019-01,SWM
2019-01,SXC
2019-01,SXI
2019-01,SYKE
2019-01,TBI
2019-01,TG
2019-01,TGI
2019-01,THRM
2019-01,TILE
2019-01,TISI
2019-01,TIVO
2019-01,TLRD
2019-01,TMP
2019-01,TMST
2019-01,TPRE
2019-01,TREX
2019-01,TRST
2019-01,TTEC
2019-01,TTEK
2019-01,TTI
2019-01,TTMI
2019-01,TTS
2019-01,TVPT
2019-01,TVTY
2019-01,TWI
2019-01,TYPE
2019-01,UBA
2019-01,UCBI
2019-01,UCTT
2019-01,UEIC
2019-01,UFCS
2019-01,UFI
2019-01,UFPI
2019-01,UHT
2019-01,UIHC
2019-01,UNF
2019-01,UNT
2019-01,USCR
2019-01,USPH
2019-01,UVE
2019-01,UVV
2019-01,VECO
2019-01,VG
2019-01,VIAV
2019-01,VICR
2019-01,VIVO
2019-01,VRA
2019-01,VREX
2019-01,VRTS
2019-01,VRTU
2019-01,VRTV
2019-01,VSI
2019-01,VSTO
2019-01,VVI
2019-01,WABC
2019-01,WAGE
2019-01,WCG
2019-01,WD
2019-01,WDFC
2019-01,WDR
2019-01,WETF
2019-01,WGO
2019-01,WH
2019-01,WING
2019-01,WIRE
2019-01,WLH
2019-01,WNC
2019-01,WPG
2019-01,WRLD
2019-01,WSR
2019-01,WTS
2019-01,WWW
2019-01,XOXO
2019-01,XPER
2019-01,ZEUS
2019-01,ZUMZ
2019-02,AAOI
2019-02,AAON
2019-02,AAT
2019-02,AAWW
2019-02,AAXN
2019-02,ABCB
2019-02,ABG
2019-02,ABM
2019-02,ACET
2019-02,ACLS
2019-02,ACOR
2019-02,ACXM
2019-02,ADC
2019-02,ADTN
2019-02,AEGN
2019-02,AEIS
2019-02,AEL
2019-02,AGYS
2019-02,AHH
2019-02,AIN
2019-02,AIR
2019-02,AIT
2019-02,AJRD
2019-02,AKR
2019-02,AKS
2019-02,ALG
2019-02,ALGT
2019-02,ALRM
2019-02,AMAG
2019-02,AMBC
2019-02,AMED
2019-02,AMN
2019-02,AMPH
2019-02,AMSF
2019-02,AMWD
2019-02,ANDE
2019-02,ANF
2019-02,ANGO
2019-02,ANIK
2019-02,ANIP
2019-02,APEI
2019-02,APOG
2019-02,ARCB
2019-02,ARI
2019-02,AROC
2019-02,ARR
2019-02,ASIX
2019-02,ASNA
2019-02,ASRT
2019-02,ASTE
2019-02,ATNI
2019-02,ATU
2019-02,AVA
2019-02,AVAV
2019-02,AVD
2019-02,AVP
2019-02,AWR
2019-02,AXE
2019-02,AXL
2019-02,AZZ
2019-02,B
2019-02,BABY
2019-02,BANC
2019-02,BANR
2019-02,BCC
2019-02,BCEI
2019-02,BCOR
2019-02,BCPC
2019-02,BEAT
2019-02,BEL
2019-02,BELFB
2019-02,BFS
2019-02,BGFV
2019-02,BGG
2019-02,BGS
2019-02,BHE
2019-02,BHLB
2019-02,BJRI
2019-02,BKE
2019-02,BKS
2019-02,BLD
2019-02,BMI
2019-02,BNED
2019-02,BOFI
2019-02,BPFH
2019-02,BRC
2019-02,BRKL
2019-02,BRKS
2019-02,BRS
2019-02,CACI
2019-02,CAL
2019-02,CALM
2019-02,CAMP
2019-02,CASH
2019-02,CATM
2019-02,CATO
2019-02,CBB
2019-02,CBL
2019-02,CBM
2019-02,CBU
2019-02,CCMP
2019-02,CCOI
2019-02,CCRN
2019-02,CDR
2019-02,CECO
2019-02,CEIX
2019-02,CENT
2019-02,CENTA
2019-02,CENX
2019-02,CEVA
2019-02,CHCO
2019-02,CHCT
2019-02,CHS
2019-02,CHSP
2019-02,CHUY
2019-02,CIR
2019-02,CJ
2019-02,CKH
2019-02,CLD
2019-02,CLDT
2019-02,CLW
2019-02,CMO
2019-02,CMTL
2019-02,CNMD
2019-02,CNSL
2019-02,COHU
2019-02,COKE
2019-02,COLB
2019-02,CORE
2019-02,CORT
2019-02,CPF
2019-02,CPS
2019-02,CPSI
2019-02,CRAY
2019-02,CROX
2019-02,CRR
2019-02,CRVL
2019-02,CRY
2019-02,CRZO
2019-02,CSGS
2019-02,CTB
2019-02,CTRE
2019-02,CTRL
2019-02,CTS
2019-02,CUB
2019-02,CUBI
2019-02,CUTR
2019-02,CVBF
2019-02,CVCO
2019-02,CVG
2019-02,CVGW
2019-02,CWT
2019-02,CYH
2019-02,CYTK
2019-02,DAKT
2019-02,DAR
2019-02,DBD
2019-02,DCOM
2019-02,DDD
2019-02,DEA
2019-02,DF
2019-02,DFIN
2019-02,DGII
2019-02,DIN
2019-02,DIOD
2019-02,DNR
2019-02,DORM
2019-02,DPLO
2019-02,DRH
2019-02,DSPG
2019-02,DSW
2019-02,DXPE
2019-02,EBIX
2019-02,EBS
2019-02,ECHO
2019-02,ECOL
2019-02,ECPG
2019-02,EDR
2019-02,EE
2019-02,EFII
2019-02,EGHT
2019-02,EGL
2019-02,EGOV
2019-02,EGP
2019-02,EGRX
2019-02,EHTH
2019-02,EIG
2019-02,ELY
2019-02,ENDP
2019-02,ENSG
2019-02,ENTA
2019-02,ENVA
2019-02,EPAY
2019-02,ERA
2019-02,ESE
2019-02,ESIO
2019-02,ESND
2019-02,ETH
2019-02,EVTC
2019-02,EXLS
2019-02,EXPO
2019-02,EXPR
2019-02,EXTN
2019-02,EXTR
2019-02,EZPW
2019-02,FARO
2019-02,FBP
2019-02,FCF
2019-02,FCFS
2019-02,FCN
2019-02,FCPT
2019-02,FELE
2019-02,FF
2019-02,FFBC
2019-02,FFIN
2019-02,FIX
2019-02,FLOW
2019-02,FMBI
2019-02,FN
2019-02,FNSR
2019-02,FORM
2019-02,FORR
2019-02,FOSL
2019-02,FOXF
2019-02,FRAN
2019-02,FRGI
2019-02,FSB
2019-02,FSP
2019-02,FSS
2019-02,FTD
2019-02,FTK
2019-02,FTNT
2019-02,FTR
2019-02,FUL
2019-02,FWRD
2019-02,GBCI
2019-02,GBX
2019-02,GCI
2019-02,GCO
2019-02,GDOT
2019-02,GEOS
2019-02,GES
2019-02,GFF
2019-02,GHL
2019-02,GIFI
2019-02,GIII
2019-02,GLT
2019-02,GNBC
2019-02,GNL
2019-02,GOV
2019-02,GPI
2019-02,GPRE
2019-02,GTLS
2019-02,GTY
2019-02,GWB
2019-02,HA
2019-02,HAFC
2019-02,HAYN
2019-02,HBHC
2019-02,HCI
2019-02,HF
2019-02,HFWA
2019-02,HI
2019-02,HIBB
2019-02,HLIT
2019-02,HLX
2019-02,HMN
2019-02,HMST
2019-02,HMSY
2019-02,HOPE
2019-02,HPR
2019-02,HSC
2019-02,HSII
2019-02,HSKA
2019-02,HSTM
2019-02,HT
2019-02,HTLD
2019-02,HUBG
2019-02,HVT
2019-02,HWKN
2019-02,HYH
2019-02,HZO
2019-02,IBKR
2019-02,IBP
2019-02,IIIN
2019-02,IIVI
2019-02,ILG
2019-02,INDB
2019-02,INGN
2019-02,INN
2019-02,INTL
2019-02,INVA
2019-02,IOSP
2019-02,IPAR
2019-02,IPHS
2019-02,IRBT
2019-02,IRDM
2019-02,IRT
2019-02,ITG
2019-02,ITGR
2019-02,ITRI
2019-02,IVC
2019-02,IVR
2019-02,JBSS
2019-02,JBT
2019-02,JCP
2019-02,JJSF
2019-02,JRVR
2019-02,KALU
2019-02,KAMN
2019-02,KELYA
2019-02,KEM
2019-02,KEYS
2019-02,KFY
2019-02,KIRK
2019-02,KLIC
2019-02,KLXI
2019-02,KN
2019-02,KOP
2019-02,KOPN
2019-02,KRA
2019-02,KRG
2019-02,KS
2019-02,KWR
2019-02,LABL
2019-02,LAD
2019-02,LCI
2019-02,LCII
2019-02,LDL
2019-02,LGIH
2019-02,LHCG
2019-02,LION
2019-02,LKSD
2019-02,LL
2019-02,LMAT
2019-02,LMNX
2019-02,LNN
2019-02,LNTH
2019-02,LOCO
2019-02,LPSN
2019-02,LQDT
2019-02,LTC
2019-02,LTXB
2019-02,LXP
2019-02,LXU
2019-02,LZB
2019-02,MANT
2019-02,MATW
2019-02,MATX
2019-02,MCRI
2019-02,MCS
2019-02,MDC
2019-02,MDCO
2019-02,MDXG
2019-02,MED
2019-02,MEI
2019-02,MGLN
2019-02,MGPI
2019-02,MHLD
2019-02,MHO
2019-02,MINI
2019-02,MLI
2019-02,MMSI
2019-02,MNRO
2019-02,MNTA
2019-02,MOG.A
2019-02,MOV
2019-02,MPAA
2019-02,MSTR
2019-02,MTH
2019-02,MTRN
2019-02,MTRX
2019-02,MTSC
2019-02,MXL
2019-02,MYE
2019-02,MYGN
2019-02,MYRG
2019-02,NANO
2019-02,NAVG
2019-02,NBHC
2019-02,NBTB
2019-02,NCI
2019-02,NE
2019-02,NEOG
2019-02,NEWM
2019-02,NFBK
2019-02,NGVT
2019-02,NLS
2019-02,NMIH
2019-02,NP
2019-02,NPK
2019-02,NPO
2019-02,NR
2019-02,NSA
2019-02,NSIT
2019-02,NSP
2019-02,NTGR
2019-02,NTRI
2019-02,NWBI
2019-02,NWN
2019-02,NX
2019-02,NYMT
2019-02,OCLR
2019-02,OFG
2019-02,OFIX
2019-02,OIS
2019-02,OMCL
2019-02,OMI
2019-02,ONB
2019-02,OPB
2019-02,ORIT
2019-02,ORN
2019-02,OSIS
2019-02,OSPN
2019-02,OSUR
2019-02,OXM
2019-02,PAHC
2019-02,PARR
2019-02,PATK
2019-02,PAY
2019-02,PDCE
2019-02,PDFS
2019-02,PEI
2019-02,PERY
2019-02,PES
2019-02,PETS
2019-02,PFBC
2019-02,PFS
2019-02,PGNX
2019-02,PGTI
2019-02,PJC
2019-02,PKE
2019-02,PLAB
2019-02,PLAY
2019-02,PLCE
2019-02,PLUS
2019-02,PLXS
2019-02,PMT
2019-02,POWI
2019-02,POWL
2019-02,PPBI
2019-02,PRA
2019-02,PRAA
2019-02,PRFT
2019-02,PRGS
2019-02,PRLB
2019-02,PRSC
2019-02,PRSP
2019-02,PSB
2019-02,PUMP
2019-02,PVAC
2019-02,QHC
2019-02,QLYS
2019-02,QNST
2019-02,RAVN
2019-02,RCII
2019-02,RECN
2019-02,REGI
2019-02,REI
2019-02,REX
2019-02,RGEN
2019-02,RGNX
2019-02,RGR
2019-02,RGS
2019-02,RH
2019-02,RLI
2019-02,RMAX
2019-02,RMBS
2019-02,ROCK
2019-02,ROG
2019-02,ROIC
2019-02,RPT
2019-02,RRD
2019-02,RRGB
2019-02,RTEC
2019-02,RUTH
2019-02,RWT
2019-02,RYAM
2019-02,SAFT
2019-02,SAH
2019-02,SAIA
2019-02,SANM
2019-02,SBCF
2019-02,SBSI
2019-02,SCHL
2019-02,SCL
2019-02,SCSC
2019-02,SCVL
2019-02,SEDG
2019-02,SEM
2019-02,SENEA
2019-02,SFBS
2019-02,SFLY
2019-02,SFNC
2019-02,SHAK
2019-02,SHOO
2019-02,SIGI
2019-02,SJI
2019-02,SKYW
2019-02,SLCA
2019-02,SMP
2019-02,SMTC
2019-02,SNBR
2019-02,SONC
2019-02,SPOK
2019-02,SPPI
2019-02,SPSC
2019-02,SPTN
2019-02,SPXC
2019-02,SR
2019-02,SRCI
2019-02,SRDX
2019-02,SSD
2019-02,SSP
2019-02,SSTK
2019-02,STAR
2019-02,STBA
2019-02,STC
2019-02,STMP
2019-02,STRA
2019-02,SUP
2019-02,SUPN
2019-02,SVU
2019-02,SWM
2019-02,SXC
2019-02,SXI
2019-02,SYKE
2019-02,TBI
2019-02,TG
2019-02,TGI
2019-02,THRM
2019-02,TILE
2019-02,TISI
2019-02,TIVO
2019-02,TLRD
2019-02,TMP
2019-02,TMST
2019-02,TPRE
2019-02,TREX
2019-02,TRST
2019-02,TTEC
2019-02,TTEK
2019-02,TTI
2019-02,TTMI
2019-02,TTS
2019-02,TVPT
2019-02,TVTY
2019-02,TWI
2019-02,TYPE
2019-02,UBA
2019-02,UCBI
2019-02,UCTT
2019-02,UEIC
2019-02,UFCS
2019-02,UFI
2019-02,UFPI
2019-02,UHT
2019-02,UIHC
2019-02,UNF
2019-02,UNT
2019-02,USCR
2019-02,USPH
2019-02,UVE
2019-02,UVV
2019-02,VECO
2019-02,VG
2019-02,VIAV
2019-02,VICR
2019-02,VIVO
2019-02,VRA
2019-02,VREX
2019-02,VRTS
2019-02,VRTU
2019-02,VRTV
2019-02,VSI
2019-02,VSTO
2019-02,VVI
2019-02,WABC
2019-02,WAGE
2019-02,WCG
2019-02,WD
2019-02,WDFC
2019-02,WDR
2019-02,WETF
2019-02,WGO
2019-02,WH
2019-02,WING
2019-02,WIRE
2019-02,WLH
2019-02,WNC
2019-02,WPG
2019-02,WRLD
2019-02,WSR
2019-02,WTS
2019-02,WWW
2019-02,XOXO
2019-02,XPER
2019-02,ZEUS
2019-02,ZUMZ
2019-03,AAOI
2019-03,AAON
2019-03,AAT
2019-03,AAWW
2019-03,AAXN
2019-03,ABCB
2019-03,ABG
2019-03,ABM
2019-03,ACET
2019-03,ACLS
2019-03,ACOR
2019-03,ACXM
2019-03,ADC
2019-03,ADTN
2019-03,AEGN
2019-03,AEIS
2019-03,AEL
2019-03,AGYS
2019-03,AHH
2019-03,AIN
2019-03,AIR
2019-03,AIT
2019-03,AJRD
2019-03,AKR
2019-03,AKS
2019-03,ALG
2019-03,ALGT
2019-03,ALRM
2019-03,AMAG
2019-03,AMBC
2019-03,AMED
2019-03,AMN
2019-03,AMPH
2019-03,AMSF
2019-03,AMWD
2019-03,ANDE
2019-03,ANF
2019-03,ANGO
2019-03,ANIK
2019-03,ANIP
2019-03,APEI
2019-03,APOG
2019-03,ARCB
2019-03,ARI
2019-03,AROC
2019-03,ARR
2019-03,ASIX
2019-03,ASNA
2019-03,ASRT
2019-03,ASTE
2019-03,ATNI
2019-03,ATU
2019-03,AVA
2019-03,AVAV
2019-03,AVD
2019-03,AVP
2019-03,AWR
2019-03,AXE
2019-03,AXL
2019-03,AZZ
2019-03,B
2019-03,BABY
2019-03,BANC
2019-03,BANR
2019-03,BCC
2019-03,BCEI
2019-03,BCOR
2019-03,BCPC
2019-03,BEAT
2019-03,BEL
2019-03,BELFB
2019-03,BFS
2019-03,BGFV
2019-03,BGG
2019-03,BGS
2019-03,BHE
2019-03,BHLB
2019-03,BJRI
2019-03,BKE
2019-03,BKS
2019-03,BLD
2019-03,BMI
2019-03,BNED
2019-03,BOFI
2019-03,BPFH
2019-03,BRC
2019-03,BRKL
2019-03,BRKS
2019-03,BRS
2019-03,CACI
2019-03,CAL
2019-03,CALM
2019-03,CAMP
2019-03,CASH
2019-03,CATM
2019-03,CATO
2019-03,CBB
2019-03,CBL
2019-03,CBM
2019-03,CBU
2019-03,CCMP
2019-03,CCOI
2019-03,CCRN
2019-03,CDR
2019-03,CECO
2019-03,CEIX
2019-03,CENT
2019-03,CENTA
2019-03,CENX
2019-03,CEVA
2019-03,CHCO
2019-03,CHCT
2019-03,CHS
2019-03,CHSP
2019-03,CHUY
2019-03,CIR
2019-03,CJ
2019-03,CKH
2019-03,CLD
2019-03,CLDT
2019-03,CLW
2019-03,CMO
2019-03,CMTL
2019-03,CNMD
2019-03,CNSL
2019-03,COHU
2019-03,COKE
2019-03,COLB
2019-03,CORE
2019-03,CORT
2019-03,CPF
2019-03,CPS
2019-03,CPSI
2019-03,CRAY
2019-03,CROX
2019-03,CRR
2019-03,CRVL
2019-03,CRY
2019-03,CRZO
2019-03,CSGS
2019-03,CTB
2019-03,CTRE
2019-03,CTRL
2019-03,CTS
2019-03,CUB
2019-03,CUBI
2019-03,CUTR
2019-03,CVBF
2019-03,CVCO
2019-03,CVG
2019-03,CVGW
2019-03,CWT
2019-03,CYH
2019-03,CYTK
2019-03,DAKT
2019-03,DAR
2019-03,DBD
2019-03,DCOM
2019-03,DDD
2019-03,DEA
2019-03,DF
2019-03,DFIN
2019-03,DGII
2019-03,DIN
2019-03,DIOD
2019-03,DNR
2019-03,DORM
2019-03,DPLO
2019-03,DRH
2019-03,DSPG
2019-03,DSW
2019-03,DXPE
2019-03,EBIX
2019-03,EBS
2019-03,ECHO
2019-03,ECOL
2019-03,ECPG
2019-03,EDR
2019-03,EE
2019-03,EFII
2019-03,EGHT
2019-03,EGL
2019-03,EGOV
2019-03,EGP
2019-03,EGRX
2019-03,EHTH
2019-03,EIG
2019-03,ELY
2019-03,ENDP
2019-03,ENSG
2019-03,ENTA
2019-03,ENVA
2019-03,EPAY
2019-03,ERA
2019-03,ESE
2019-03,ESIO
2019-03,ESND
2019-03,ETH
2019-03,EVTC
2019-03,EXLS
2019-03,EXPO
2019-03,EXPR
2019-03,EXTN
2019-03,EXTR
2019-03,EZPW
2019-03,FARO
2019-03,FBP
2019-03,FCF
2019-03,FCFS
2019-03,FCN
2019-03,FCPT
2019-03,FELE
2019-03,FF
2019-03,FFBC
2019-03,FFIN
2019-03,FIX
2019-03,FLOW
2019-03,FMBI
2019-03,FN
2019-03,FNSR
2019-03,FORM
2019-03,FORR
2019-03,FOSL
2019-03,FOXF
2019-03,FRAN
2019-03,FRGI
2019-03,FSB
2019-03,FSP
2019-03,FSS
2019-03,FTD
2019-03,FTK
2019-03,FTNT
2019-03,FTR
2019-03,FUL
2019-03,FWRD
2019-03,GBCI
2019-03,GBX
2019-03,GCI
2019-03,GCO
2019-03,GDOT
2019-03,GEOS
2019-03,GES
2019-03,GFF
2019-03,GHL
2019-03,GIFI
2019-03,GIII
2019-03,GLT
2019-03,GNBC
2019-03,GNL
2019-03,GOV
2019-03,GPI
2019-03,GPRE
2019-03,GTLS
2019-03,GTY
2019-03,GWB
2019-03,HA
2019-03,HAFC
2019-03,HAYN
2019-03,HBHC
2019-03,HCI
2019-03,HF
2019-03,HFWA
2019-03,HI
2019-03,HIBB
2019-03,HLIT
2019-03,HLX
2019-03,HMN
2019-03,HMST
2019-03,HMSY
2019-03,HOPE
2019-03,HPR
2019-03,HSC
2019-03,HSII
2019-03,HSKA
2019-03,HSTM
2019-03,HT
2019-03,HTLD
2019-03,HUBG
2019-03,HVT
2019-03,HWKN
2019-03,HYH
2019-03,HZO
2019-03,IBKR
2019-03,IBP
2019-03,IIIN
2019-03,IIVI
2019-03,ILG
2019-03,INDB
2019-03,INGN
2019-03,INN
2019-03,INTL
2019-03,INVA
2019-03,IOSP
2019-03,IPAR
2019-03,IPHS
2019-03,IRBT
2019-03,IRDM
2019-03,IRT
2019-03,ITG
2019-03,ITGR
2019-03,ITRI
2019-03,IVC
2019-03,IVR
2019-03,JBSS
2019-03,JBT
2019-03,JCP
2019-03,JJSF
2019-03,JRVR
2019-03,KALU
2019-03,KAMN
2019-03,KELYA
2019-03,KEM
2019-03,KEYS
2019-03,KFY
2019-03,KIRK
2019-03,KLIC
2019-03,KLXI
2019-03,KN
2019-03,KOP
2019-03,KOPN
2019-03,KRA
2019-03,KRG
2019-03,KS
2019-03,KWR
2019-03,LABL
2019-03,LAD
2019-03,LCI
2019-03,LCII
2019-03,LDL
2019-03,LGIH
2019-03,LHCG
2019-03,LION
2019-03,LKSD
2019-03,LL
2019-03,LMAT
2019-03,LMNX
2019-03,LNN
2019-03,LNTH
2019-03,LOCO
2019-03,LPSN
2019-03,LQDT
2019-03,LTC
2019-03,LTXB
2019-03,LXP
2019-03,LXU
2019-03,LZB
2019-03,MANT
2019-03,MATW
2019-03,MATX
2019-03,MCRI
2019-03,MCS
2019-03,MDC
2019-03,MDCO
2019-03,MDXG
2019-03,MED
2019-03,MEI
2019-03,MGLN
2019-03,MGPI
2019-03,MHLD
2019-03,MHO
2019-03,MINI
2019-03,MLI
2019-03,MMSI
2019-03,MNRO
2019-03,MNTA
2019-03,MOG.A
2019-03,MOV
2019-03,MPAA
2019-03,MSTR
2019-03,MTH
2019-03,MTRN
2019-03,MTRX
2019-03,MTSC
2019-03,MXL
2019-03,MYE
2019-03,MYGN
2019-03,MYRG
2019-03,NANO
2019-03,NAVG
2019-03,NBHC
2019-03,NBTB
2019-03,NCI
2019-03,NE
2019-03,NEOG
2019-03,NEWM
2019-03,NFBK
2019-03,NGVT
2019-03,NLS
2019-03,NMIH
2019-03,NP
2019-03,NPK
2019-03,NPO
2019-03,NR
2019-03,NSA
2019-03,NSIT
2019-03,NSP
2019-03,NTGR
2019-03,NTRI
2019-03,NWBI
2019-03,NWN
2019-03,NX
2019-03,NYMT
2019-03,OCLR
2019-03,OFG
2019-03,OFIX
2019-03,OIS
2019-03,OMCL
2019-03,OMI
2019-03,ONB
2019-03,OPB
2019-03,ORIT
2019-03,ORN
2019-03,OSIS
2019-03,OSPN
2019-03,OSUR
2019-03,OXM
2019-03,PAHC
2019-03,PARR
2019-03,PATK
2019-03,PAY
2019-03,PDCE
2019-03,PDFS
2019-03,PEI
2019-03,PERY
2019-03,PES
2019-03,PETS
2019-03,PFBC
2019-03,PFS
2019-03,PGNX
2019-03,PGTI
2019-03,PJC
2019-03,PKE
2019-03,PLAB
2019-03,PLAY
2019-03,PLCE
2019-03,PLUS
2019-03,PLXS
2019-03,PMT
2019-03,POWI
2019-03,POWL
2019-03,PPBI
2019-03,PRA
2019-03,PRAA
2019-03,PRFT
2019-03,PRGS
2019-03,PRLB
2019-03,PRSC
2019-03,PRSP
2019-03,PSB
2019-03,PUMP
2019-03,PVAC
2019-03,QHC
2019-03,QLYS
2019-03,QNST
2019-03,RAVN
2019-03,RCII
2019-03,RECN
2019-03,REGI
2019-03,REI
2019-03,REX
2019-03,RGEN
2019-03,RGNX
2019-03,RGR
2019-03,RGS
2019-03,RH
2019-03,RLI
2019-03,RMAX
2019-03,RMBS
2019-03,ROCK
2019-03,ROG
2019-03,ROIC
2019-03,RPT
2019-03,RRD
2019-03,RRGB
2019-03,RTEC
2019-03,RUTH
2019-03,RWT
2019-03,RYAM
2019-03,SAFT
2019-03,SAH
2019-03,SAIA
2019-03,SANM
2019-03,SBCF
2019-03,SBSI
2019-03,SCHL
2019-03,SCL
2019-03,SCSC
2019-03,SCVL
2019-03,SEDG
2019-03,SEM
2019-03,SENEA
2019-03,SFBS
2019-03,SFLY
2019-03,SFNC
2019-03,SHAK
2019-03,SHOO
2019-03,SIGI
2019-03,SJI
2019-03,SKYW
2019-03,SLCA
2019-03,SMP
2019-03,SMTC
2019-03,SNBR
2019-03,SONC
2019-03,SPOK
2019-03,SPPI
2019-03,SPSC
2019-03,SPTN
2019-03,SPXC
2019-03,SR
2019-03,SRCI
2019-03,SRDX
2019-03,SSD
2019-03,SSP
2019-03,SSTK
2019-03,STAR
2019-03,STBA
2019-03,STC
2019-03,STMP
2019-03,STRA
2019-03,SUP
2019-03,SUPN
2019-03,SVU
2019-03,SWM
2019-03,SXC
2019-03,SXI
2019-03,SYKE
2019-03,TBI
2019-03,TG
2019-03,TGI
2019-03,THRM
2019-03,TILE
2019-03,TISI
2019-03,TIVO
2019-03,TLRD
2019-03,TMP
2019-03,TMST
2019-03,TPRE
2019-03,TREX
2019-03,TRST
2019-03,TTEC
2019-03,TTEK
2019-03,TTI
2019-03,TTMI
2019-03,TTS
2019-03,TVPT
2019-03,TVTY
2019-03,TWI
2019-03,TYPE
2019-03,UBA
2019-03,UCBI
2019-03,UCTT
2019-03,UEIC
2019-03,UFCS
2019-03,UFI
2019-03,UFPI
2019-03,UHT
2019-03,UIHC
2019-03,UNF
2019-03,UNT
2019-03,USCR
2019-03,USPH
2019-03,UVE
2019-03,UVV
2019-03,VECO
2019-03,VG
2019-03,VIAV
2019-03,VICR
2019-03,VIVO
2019-03,VRA
2019-03,VREX
2019-03,VRTS
2019-03,VRTU
2019-03,VRTV
2019-03,VSI
2019-03,VSTO
2019-03,VVI
2019-03,WABC
2019-03,WAGE
2019-03,WCG
2019-03,WD
2019-03,WDFC
2019-03,WDR
2019-03,WETF
2019-03,WGO
2019-03,WH
2019-03,WING
2019-03,WIRE
2019-03,WLH
2019-03,WNC
2019-03,WPG
2019-03,WRLD
2019-03,WSR
2019-03,WTS
2019-03,WWW
2019-03,XOXO
2019-03,XPER
2019-03,ZEUS
2019-03,ZUMZ
2019-04,AAOI
2019-04,AAON
2019-04,AAT
2019-04,AAWW
2019-04,AAXN
2019-04,ABCB
2019-04,ABG
2019-04,ABM
2019-04,ACET
2019-04,ACLS
2019-04,ACOR
2019-04,ACXM
2019-04,ADC
2019-04,ADTN
2019-04,AEGN
2019-04,AEIS
2019-04,AEL
2019-04,AGYS
2019-04,AHH
2019-04,AIN
2019-04,AIR
2019-04,AIT
2019-04,AJRD
2019-04,AKR
2019-04,AKS
2019-04,ALG
2019-04,ALGT
2019-04,ALRM
2019-04,AMAG
2019-04,AMBC
2019-04,AMED
2019-04,AMN
2019-04,AMPH
2019-04,AMSF
2019-04,AMWD
2019-04,ANDE
2019-04,ANF
2019-04,ANGO
2019-04,ANIK
2019-04,ANIP
2019-04,APEI
2019-04,APOG
2019-04,ARCB
2019-04,ARI
2019-04,AROC
2019-04,ARR
2019-04,ASIX
2019-04,ASNA
2019-04,ASRT
2019-04,ASTE
2019-04,ATNI
2019-04,ATU
2019-04,AVA
2019-04,AVAV
2019-04,AVD
2019-04,AVP
2019-04,AWR
2019-04,AXE
2019-04,AXL
2019-04,AZZ
2019-04,B
2019-04,BABY
2019-04,BANC
2019-04,BANR
2019-04,BCC
2019-04,BCEI
2019-04,BCOR
2019-04,BCPC
2019-04,BEAT
2019-04,BEL
2019-04,BELFB
2019-04,BFS
2019-04,BGFV
2019-04,BGG
2019-04,BGS
2019-04,BHE
2019-04,BHLB
2019-04,BJRI
2019-04,BKE
2019-04,BKS
2019-04,BLD
2019-04,BMI
2019-04,BNED
2019-04,BOFI
2019-04,BPFH
2019-04,BRC
2019-04,BRKL
2019-04,BRKS
2019-04,BRS
2019-04,CACI
2019-04,CAL
2019-04,CALM
2019-04,CAMP
2019-04,CASH
2019-04,CATM
2019-04,CATO
2019-04,CBB
2019-04,CBL
2019-04,CBM
2019-04,CBU
2019-04,CCMP
2019-04,CCOI
2019-04,CCRN
2019-04,CDR
2019-04,CECO
2019-04,CEIX
2019-04,CENT
2019-04,CENTA
2019-04,CENX
2019-04,CEVA
2019-04,CHCO
2019-04,CHCT
2019-04,CHS
2019-04,CHSP
2019-04,CHUY
2019-04,CIR
2019-04,CJ
2019-04,CKH
2019-04,CLD
2019-04,CLDT
2019-04,CLW
2019-04,CMO
2019-04,CMTL
2019-04,CNMD
2019-04,CNSL
2019-04,COHU
2019-04,COKE
2019-04,COLB
2019-04,CORE
2019-04,CORT
2019-04,CPF
2019-04,CPS
2019-04,CPSI
2019-04,CRAY
2019-04,CROX
2019-04,CRR
2019-04,CRVL
2019-04,CRY
2019-04,CRZO
2019-04,CSGS
2019-04,CTB
2019-04,CTRE
2019-04,CTRL
2019-04,CTS
2019-04,CUB
2019-04,CUBI
2019-04,CUTR
2019-04,CVBF
2019-04,CVCO
2019-04,CVG
2019-04,CVGW
2019-04,CWT
2019-04,CYH
2019-04,CYTK
2019-04,DAKT
2019-04,DAR
2019-04,DBD
2019-04,DCOM
2019-04,DDD
2019-04,DEA
2019-04,DF
2019-04,DFIN
2019-04,DGII
2019-04,DIN
2019-04,DIOD
2019-04,DNR
2019-04,DORM
2019-04,DPLO
2019-04,DRH
2019-04,DSPG
2019-04,DSW
2019-04,DXPE
2019-04,EBIX
2019-04,EBS
2019-04,ECHO
2019-04,ECOL
2019-04,ECPG
2019-04,EDR
2019-04,EE
2019-04,EFII
2019-04,EGHT
2019-04,EGL
2019-04,EGOV
2019-04,EGP
2019-04,EGRX
2019-04,EHTH
2019-04,EIG
2019-04,ELY
2019-04,ENDP
2019-04,ENSG
2019-04,ENTA
2019-04,ENVA
2019-04,EPAY
2019-04,ERA
2019-04,ESE
2019-04,ESIO
2019-04,ESND
2019-04,ETH
2019-04,EVTC
2019-04,EXLS
2019-04,EXPO
2019-04,EXPR
2019-04,EXTN
2019-04,EXTR
2019-04,EZPW
2019-04,FARO
2019-04,FBP
2019-04,FCF
2019-04,FCFS
2019-04,FCN
2019-04,FCPT
2019-04,FELE
2019-04,FF
2019-04,FFBC
2019-04,FFIN
2019-04,FIX
2019-04,FLOW
2019-04,FMBI
2019-04,FN
2019-04,FNSR
2019-04,FORM
2019-04,FORR
2019-04,FOSL
2019-04,FOXF
2019-04,FRAN
2019-04,FRGI
2019-04,FSB
2019-04,FSP
2019-04,FSS
2019-04,FTD
2019-04,FTK
2019-04,FTNT
2019-04,FTR
2019-04,FUL
2019-04,FWRD
2019-04,GBCI
2019-04,GBX
2019-04,GCI
2019-04,GCO
2019-04,GDOT
2019-04,GEOS
2019-04,GES
2019-04,GFF
2019-04,GHL
2019-04,GIFI
2019-04,GIII
2019-04,GLT
2019-04,GNBC
2019-04,GNL
2019-04,GOV
2019-04,GPI
2019-04,GPRE
2019-04,GTLS
2019-04,GTY
2019-04,GWB
2019-04,HA
2019-04,HAFC
2019-04,HAYN
2019-04,HBHC
2019-04,HCI
2019-04,HF
2019-04,HFWA
2019-04,HI
2019-04,HIBB
2019-04,HLIT
2019-04,HLX
2019-04,HMN
2019-04,HMST
2019-04,HMSY
2019-04,HOPE
2019-04,HPR
2019-04,HSC
2019-04,HSII
2019-04,HSKA
2019-04,HSTM
2019-04,HT
2019-04,HTLD
2019-04,HUBG
2019-04,HVT
2019-04,HWKN
2019-04,HYH
2019-04,HZO
2019-04,IBKR
2019-04,IBP
2019-04,IIIN
2019-04,IIVI
2019-04,ILG
2019-04,INDB
2019-04,INGN
2019-04,INN
2019-04,INTL
2019-04,INVA
2019-04,IOSP
2019-04,IPAR
2019-04,IPHS
2019-04,IRBT
2019-04,IRDM
2019-04,IRT
2019-04,ITG
2019-04,ITGR
2019-04,ITRI
2019-04,IVC
2019-04,IVR
2019-04,JBSS
2019-04,JBT
2019-04,JCP
2019-04,JJSF
2019-04,JRVR
2019-04,KALU
2019-04,KAMN
2019-04,KELYA
2019-04,KEM
2019-04,KEYS
2019-04,KFY
2019-04,KIRK
2019-04,KLIC
2019-04,KLXI
2019-04,KN
2019-04,KOP
2019-04,KOPN
2019-04,KRA
2019-04,KRG
2019-04,KS
2019-04,KWR
2019-04,LABL
2019-04,LAD
2019-04,LCI
2019-04,LCII
2019-04,LDL
2019-04,LGIH
2019-04,LHCG
2019-04,LION
2019-04,LKSD
2019-04,LL
2019-04,LMAT
2019-04,LMNX
2019-04,LNN
2019-04,LNTH
2019-04,LOCO
2019-04,LPSN
2019-04,LQDT
2019-04,LTC
2019-04,LTXB
2019-04,LXP
2019-04,LXU
2019-04,LZB
2019-04,MANT
2019-04,MATW
2019-04,MATX
2019-04,MCRI
2019-04,MCS
2019-04,MDC
2019-04,MDCO
2019-04,MDXG
2019-04,MED
2019-04,MEI
2019-04,MGLN
2019-04,MGPI
2019-04,MHLD
2019-04,MHO
2019-04,MINI
2019-04,MLI
2019-04,MMSI
2019-04,MNRO
2019-04,MNTA
2019-04,MOG.A
2019-04,MOV
2019-04,MPAA
2019-04,MSTR
2019-04,MTH
2019-04,MTRN
2019-04,MTRX
2019-04,MTSC
2019-04,MXL
2019-04,MYE
2019-04,MYGN
2019-04,MYRG
2019-04,NANO
2019-04,NAVG
2019-04,NBHC
2019-04,NBTB
2019-04,NCI
2019-04,NE
2019-04,NEOG
2019-04,NEWM
2019-04,NFBK
2019-04,NGVT
2019-04,NLS
2019-04,NMIH
2019-04,NP
2019-04,NPK
2019-04,NPO
2019-04,NR
2019-04,NSA
2019-04,NSIT
2019-04,NSP
2019-04,NTGR
2019-04,NTRI
2019-04,NWBI
2019-04,NWN
2019-04,NX
2019-04,NYMT
2019-04,OCLR
2019-04,OFG
2019-04,OFIX
2019-04,OIS
2019-04,OMCL
2019-04,OMI
2019-04,ONB
2019-04,OPB
2019-04,ORIT
2019-04,ORN
2019-04,OSIS
2019-04,OSPN
2019-04,OSUR
2019-04,OXM
2019-04,PAHC
2019-04,PARR
2019-04,PATK
2019-04,PAY
2019-04,PDCE
2019-04,PDFS
2019-04,PEI
2019-04,PERY
2019-04,PES
2019-04,PETS
2019-04,PFBC
2019-04,PFS
2019-04,PGNX
2019-04,PGTI
2019-04,PJC
2019-04,PKE
2019-04,PLAB
2019-04,PLAY
2019-04,PLCE
2019-04,PLUS
2019-04,PLXS
2019-04,PMT
2019-04,POWI
2019-04,POWL
2019-04,PPBI
2019-04,PRA
2019-04,PRAA
2019-04,PRFT
2019-04,PRGS
2019-04,PRLB
2019-04,PRSC
2019-04,PRSP
2019-04,PSB
2019-04,PUMP
2019-04,PVAC
2019-04,QHC
2019-04,QLYS
2019-04,QNST
2019-04,RAVN
2019-04,RCII
2019-04,RECN
2019-04,REGI
2019-04,REI
2019-04,REX
2019-04,RGEN
2019-04,RGNX
2019-04,RGR
2019-04,RGS
2019-04,RH
2019-04,RLI
2019-04,RMAX
2019-04,RMBS
2019-04,ROCK
2019-04,ROG
2019-04,ROIC
2019-04,RPT
2019-04,RRD
2019-04,RRGB
2019-04,RTEC
2019-04,RUTH
2019-04,RWT
2019-04,RYAM
2019-04,SAFT
2019-04,SAH
2019-04,SAIA
2019-04,SANM
2019-04,SBCF
2019-04,SBSI
2019-04,SCHL
2019-04,SCL
2019-04,SCSC
2019-04,SCVL
2019-04,SEDG
2019-04,SEM
2019-04,SENEA
2019-04,SFBS
2019-04,SFLY
2019-04,SFNC
2019-04,SHAK
2019-04,SHOO
2019-04,SIGI
2019-04,SJI
2019-04,SKYW
2019-04,SLCA
2019-04,SMP
2019-04,SMTC
2019-04,SNBR
2019-04,SONC
2019-04,SPOK
2019-04,SPPI
2019-04,SPSC
2019-04,SPTN
2019-04,SPXC
2019-04,SR
2019-04,SRCI
2019-04,SRDX
2019-04,SSD
2019-04,SSP
2019-04,SSTK
2019-04,STAR
2019-04,STBA
2019-04,STC
2019-04,STMP
2019-04,STRA
2019-04,SUP
2019-04,SUPN
2019-04,SVU
2019-04,SWM
2019-04,SXC
2019-04,SXI
2019-04,SYKE
2019-04,TBI
2019-04,TG
2019-04,TGI
2019-04,THRM
2019-04,TILE
2019-04,TISI
2019-04,TIVO
2019-04,TLRD
2019-04,TMP
2019-04,TMST
2019-04,TPRE
2019-04,TREX
2019-04,TRST
2019-04,TTEC
2019-04,TTEK
2019-04,TTI
2019-04,TTMI
2019-04,TTS
2019-04,TVPT
2019-04,TVTY
2019-04,TWI
2019-04,TYPE
2019-04,UBA
2019-04,UCBI
2019-04,UCTT
2019-04,UEIC
2019-04,UFCS
2019-04,UFI
2019-04,UFPI
2019-04,UHT
2019-04,UIHC
2019-04,UNF
2019-04,UNT
2019-04,USCR
2019-04,USPH
2019-04,UVE
2019-04,UVV
2019-04,VECO
2019-04,VG
2019-04,VIAV
2019-04,VICR
2019-04,VIVO
2019-04,VRA
2019-04,VREX
2019-04,VRTS
2019-04,VRTU
2019-04,VRTV
2019-04,VSI
2019-04,VSTO
2019-04,VVI
2019-04,WABC
2019-04,WAGE
2019-04,WCG
2019-04,WD
2019-04,WDFC
2019-04,WDR
2019-04,WETF
2019-04,WGO
2019-04,WH
2019-04,WING
2019-04,WIRE
2019-04,WLH
2019-04,WNC
2019-04,WPG
2019-04,WRLD
2019-04,WSR
2019-04,WTS
2019-04,WWW
2019-04,XOXO
2019-04,XPER
2019-04,ZEUS
2019-04,ZUMZ
2019-05,AAOI
2019-05,AAON
2019-05,AAT
2019-05,AAWW
2019-05,AAXN
2019-05,ABCB
2019-05,ABG
2019-05,ABM
2019-05,ACET
2019-05,ACLS
2019-05,ACOR
2019-05,ACXM
2019-05,ADC
2019-05,ADTN
2019-05,AEGN
2019-05,AEIS
2019-05,AEL
2019-05,AGYS
2019-05,AHH
2019-05,AIN
2019-05,AIR
2019-05,AIT
2019-05,AJRD
2019-05,AKR
2019-05,AKS
2019-05,ALG
2019-05,ALGT
2019-05,ALRM
2019-05,AMAG
2019-05,AMBC
2019-05,AMED
2019-05,AMN
2019-05,AMPH
2019-05,AMSF
2019-05,AMWD
2019-05,ANDE
2019-05,ANF
2019-05,ANGO
2019-05,ANIK
2019-05,ANIP
2019-05,APEI
2019-05,APOG
2019-05,ARCB
2019-05,ARI
2019-05,AROC
2019-05,ARR
2019-05,ASIX
2019-05,ASNA
2019-05,ASRT
2019-05,ASTE
2019-05,ATNI
2019-05,ATU
2019-05,AVA
2019-05,AVAV
2019-05,AVD
2019-05,AVP
2019-05,AWR
2019-05,AXE
2019-05,AXL
2019-05,AZZ
2019-05,B
2019-05,BABY
2019-05,BANC
2019-05,BANR
2019-05,BCC
2019-05,BCEI
2019-05,BCOR
2019-05,BCPC
2019-05,BEAT
2019-05,BEL
2019-05,BELFB
2019-05,BFS
2019-05,BGFV
2019-05,BGG
2019-05,BGS
2019-05,BHE
2019-05,BHLB
2019-05,BJRI
2019-05,BKE
2019-05,BKS
2019-05,BLD
2019-05,BMI
2019-05,BNED
2019-05,BOFI
2019-05,BPFH
2019-05,BRC
2019-05,BRKL
2019-05,BRKS
2019-05,BRS
2019-05,CACI
2019-05,CAL
2019-05,CALM
2019-05,CAMP
2019-05,CASH
2019-05,CATM
2019-05,CATO
2019-05,CBB
2019-05,CBL
2019-05,CBM
2019-05,CBU
2019-05,CCMP
2019-05,CCOI
2019-05,CCRN
2019-05,CDR
2019-05,CECO
2019-05,CEIX
2019-05,CENT
2019-05,CENTA
2019-05,CENX
2019-05,CEVA
2019-05,CHCO
2019-05,CHCT
2019-05,CHS
2019-05,CHSP
2019-05,CHUY
2019-05,CIR
2019-05,CJ
2019-05,CKH
2019-05,CLD
2019-05,CLDT
2019-05,CLW
2019-05,CMO
2019-05,CMTL
2019-05,CNMD
2019-05,CNSL
2019-05,COHU
2019-05,COKE
2019-05,COLB
2019-05,CORE
2019-05,CORT
2019-05,CPF
2019-05,CPS
2019-05,CPSI
2019-05,CRAY
2019-05,CROX
2019-05,CRR
2019-05,CRVL
2019-05,CRY
2019-05,CRZO
2019-05,CSGS
2019-05,CTB
2019-05,CTRE
2019-05,CTRL
2019-05,CTS
2019-05,CUB
2019-05,CUBI
2019-05,CUTR
2019-05,CVBF
2019-05,CVCO
2019-05,CVG
2019-05,CVGW
2019-05,CWT
2019-05,CYH
2019-05,CYTK
2019-05,DAKT
2019-05,DAR
2019-05,DBD
2019-05,DCOM
2019-05,DDD
2019-05,DEA
2019-05,DF
2019-05,DFIN
2019-05,DGII
2019-05,DIN
2019-05,DIOD
2019-05,DNR
2019-05,DORM
2019-05,DPLO
2019-05,DRH
2019-05,DSPG
2019-05,DSW
2019-05,DXPE
2019-05,EBIX
2019-05,EBS
2019-05,ECHO
2019-05,ECOL
2019-05,ECPG
2019-05,EDR
2019-05,EE
2019-05,EFII
2019-05,EGHT
2019-05,EGL
2019-05,EGOV
2019-05,EGP
2019-05,EGRX
2019-05,EHTH
2019-05,EIG
2019-05,ELY
2019-05,ENDP
2019-05,ENSG
2019-05,ENTA
2019-05,ENVA
2019-05,EPAY
2019-05,ERA
2019-05,ESE
2019-05,ESIO
2019-05,ESND
2019-05,ETH
2019-05,EVTC
2019-05,EXLS
2019-05,EXPO
2019-05,EXPR
2019-05,EXTN
2019-05,EXTR
2019-05,EZPW
2019-05,FARO
2019-05,FBP
2019-05,FCF
2019-05,FCFS
2019-05,FCN
2019-05,FCPT
2019-05,FELE
2019-05,FF
2019-05,FFBC
2019-05,FFIN
2019-05,FIX
2019-05,FLOW
2019-05,FMBI
2019-05,FN
2019-05,FNSR
2019-05,FORM
2019-05,FORR
2019-05,FOSL
2019-05,FOXF
2019-05,FRAN
2019-05,FRGI
2019-05,FSB
2019-05,FSP
2019-05,FSS
2019-05,FTD
2019-05,FTK
2019-05,FTNT
2019-05,FTR
2019-05,FUL
2019-05,FWRD
2019-05,GBCI
2019-05,GBX
2019-05,GCI
2019-05,GCO
2019-05,GDOT
2019-05,GEOS
2019-05,GES
2019-05,GFF
2019-05,GHL
2019-05,GIFI
2019-05,GIII
2019-05,GLT
2019-05,GNBC
2019-05,GNL
2019-05,GOV
2019-05,GPI
2019-05,GPRE
2019-05,GTLS
2019-05,GTY
2019-05,GWB
2019-05,HA
2019-05,HAFC
2019-05,HAYN
2019-05,HBHC
2019-05,HCI
2019-05,HF
2019-05,HFWA
2019-05,HI
2019-05,HIBB
2019-05,HLIT
2019-05,HLX
2019-05,HMN
2019-05,HMST
2019-05,HMSY
2019-05,HOPE
2019-05,HPR
2019-05,HSC
2019-05,HSII
2019-05,HSKA
2019-05,HSTM
2019-05,HT
2019-05,HTLD
2019-05,HUBG
2019-05,HVT
2019-05,HWKN
2019-05,HYH
2019-05,HZO
2019-05,IBKR
2019-05,IBP
2019-05,IIIN
2019-05,IIVI
2019-05,ILG
2019-05,INDB
2019-05,INGN
2019-05,INN
2019-05,INTL
2019-05,INVA
2019-05,IOSP
2019-05,IPAR
2019-05,IPHS
2019-05,IRBT
2019-05,IRDM
2019-05,IRT
2019-05,ITG
2019-05,ITGR
2019-05,ITRI
2019-05,IVC
2019-05,IVR
2019-05,JBSS
2019-05,JBT
2019-05,JCP
2019-05,JJSF
2019-05,JRVR
2019-05,KALU
2019-05,KAMN
2019-05,KELYA
2019-05,KEM
2019-05,KEYS
2019-05,KFY
2019-05,KIRK
2019-05,KLIC
2019-05,KLXI
2019-05,KN
2019-05,KOP
2019-05,KOPN
2019-05,KRA
2019-05,KRG
2019-05,KS
2019-05,KWR
2019-05,LABL
2019-05,LAD
2019-05,LCI
2019-05,LCII
2019-05,LDL
2019-05,LGIH
2019-05,LHCG
2019-05,LION
2019-05,LKSD
2019-05,LL
2019-05,LMAT
2019-05,LMNX
2019-05,LNN
2019-05,LNTH
2019-05,LOCO
2019-05,LPSN
2019-05,LQDT
2019-05,LTC
2019-05,LTXB
2019-05,LXP
2019-05,LXU
2019-05,LZB
2019-05,MANT
2019-05,MATW
2019-05,MATX
2019-05,MCRI
2019-05,MCS
2019-05,MDC
2019-05,MDCO
2019-05,MDXG
2019-05,MED
2019-05,MEI
2019-05,MGLN
2019-05,MGPI
2019-05,MHLD
2019-05,MHO
2019-05,MINI
2019-05,MLI
2019-05,MMSI
2019-05,MNRO
2019-05,MNTA
2019-05,MOG.A
2019-05,MOV
2019-05,MPAA
2019-05,MSTR
2019-05,MTH
2019-05,MTRN
2019-05,MTRX
2019-05,MTSC
2019-05,MXL
2019-05,MYE
2019-05,MYGN
2019-05,MYRG
2019-05,NANO
2019-05,NAVG
2019-05,NBHC
2019-05,NBTB
2019-05,NCI
2019-05,NE
2019-05,NEOG
2019-05,NEWM
2019-05,NFBK
2019-05,NGVT
2019-05,NLS
2019-05,NMIH
2019-05,NP
2019-05,NPK
2019-05,NPO
2019-05,NR
2019-05,NSA
2019-05,NSIT
2019-05,NSP
2019-05,NTGR
2019-05,NTRI
2019-05,NWBI
2019-05,NWN
2019-05,NX
2019-05,NYMT
2019-05,OCLR
2019-05,OFG
2019-05,OFIX
2019-05,OIS
2019-05,OMCL
2019-05,OMI
2019-05,ONB
2019-05,OPB
2019-05,ORIT
2019-05,ORN
2019-05,OSIS
2019-05,OSPN
2019-05,OSUR
2019-05,OXM
2019-05,PAHC
2019-05,PARR
2019-05,PATK
2019-05,PAY
2019-05,PDCE
2019-05,PDFS
2019-05,PEI
2019-05,PERY
2019-05,PES
2019-05,PETS
2019-05,PFBC
2019-05,PFS
2019-05,PGNX
2019-05,PGTI
2019-05,PJC
2019-05,PKE
2019-05,PLAB
2019-05,PLAY
2019-05,PLCE
2019-05,PLUS
2019-05,PLXS
2019-05,PMT
2019-05,POWI
2019-05,POWL
2019-05,PPBI
2019-05,PRA
2019-05,PRAA
2019-05,PRFT
2019-05,PRGS
2019-05,PRLB
2019-05,PRSC
2019-05,PRSP
2019-05,PSB
2019-05,PUMP
2019-05,PVAC
2019-05,QHC
2019-05,QLYS
2019-05,QNST
2019-05,RAVN
2019-05,RCII
2019-05,RECN
2019-05,REGI
2019-05,REI
2019-05,REX
2019-05,RGEN
2019-05,RGNX
2019-05,RGR
2019-05,RGS
2019-05,RH
2019-05,RLI
2019-05,RMAX
2019-05,RMBS
2019-05,ROCK
2019-05,ROG
2019-05,ROIC
2019-05,RPT
2019-05,RRD
2019-05,RRGB
2019-05,RTEC
2019-05,RUTH
2019-05,RWT
2019-05,RYAM
2019-05,SAFT
2019-05,SAH
2019-05,SAIA
2019-05,SANM
2019-05,SBCF
2019-05,SBSI
2019-05,SCHL
2019-05,SCL
2019-05,SCSC
2019-05,SCVL
2019-05,SEDG
2019-05,SEM
2019-05,SENEA
2019-05,SFBS
2019-05,SFLY
2019-05,SFNC
2019-05,SHAK
2019-05,SHOO
2019-05,SIGI
2019-05,SJI
2019-05,SKYW
2019-05,SLCA
2019-05,SMP
2019-05,SMTC
2019-05,SNBR
2019-05,SONC
2019-05,SPOK
2019-05,SPPI
2019-05,SPSC
2019-05,SPTN
2019-05,SPXC
2019-05,SR
2019-05,SRCI
2019-05,SRDX
2019-05,SSD
2019-05,SSP
2019-05,SSTK
2019-05,STAR
2019-05,STBA
2019-05,STC
2019-05,STMP
2019-05,STRA
2019-05,SUP
2019-05,SUPN
2019-05,SVU
2019-05,SWM
2019-05,SXC
2019-05,SXI
2019-05,SYKE
2019-05,TBI
2019-05,TG
2019-05,TGI
2019-05,THRM
2019-05,TILE
2019-05,TISI
2019-05,TIVO
2019-05,TLRD
2019-05,TMP
2019-05,TMST
2019-05,TPRE
2019-05,TREX
2019-05,TRST
2019-05,TTEC
2019-05,TTEK
2019-05,TTI
2019-05,TTMI
2019-05,TTS
2019-05,TVPT
2019-05,TVTY
2019-05,TWI
2019-05,TYPE
2019-05,UBA
2019-05,UCBI
2019-05,UCTT
2019-05,UEIC
2019-05,UFCS
2019-05,UFI
2019-05,UFPI
2019-05,UHT
2019-05,UIHC
2019-05,UNF
2019-05,UNT
2019-05,USCR
2019-05,USPH
2019-05,UVE
2019-05,UVV
2019-05,VECO
2019-05,VG
2019-05,VIAV
2019-05,VICR
2019-05,VIVO
2019-05,VRA
2019-05,VREX
2019-05,VRTS
2019-05,VRTU
2019-05,VRTV
2019-05,VSI
2019-05,VSTO
2019-05,VVI
2019-05,WABC
2019-05,WAGE
2019-05,WCG
2019-05,WD
2019-05,WDFC
2019-05,WDR
2019-05,WETF
2019-05,WGO
2019-05,WH
2019-05,WING
2019-05,WIRE
2019-05,WLH
2019-05,WNC
2019-05,WPG
2019-05,WRLD
2019-05,WSR
2019-05,WTS
2019-05,WWW
2019-05,XOXO
2019-05,XPER
2019-05,ZEUS
2019-05,ZUMZ
2019-06,AAOI
2019-06,AAON
2019-06,AAT
2019-06,AAWW
2019-06,AAXN
2019-06,ABCB
2019-06,ABG
2019-06,ABM
2019-06,ACET
2019-06,ACLS
2019-06,ACOR
2019-06,ACXM
2019-06,ADC
2019-06,ADTN
2019-06,AEGN
2019-06,AEIS
2019-06,AEL
2019-06,AGYS
2019-06,AHH
2019-06,AIN
2019-06,AIR
2019-06,AIT
2019-06,AJRD
2019-06,AKR
2019-06,AKS
2019-06,ALG
2019-06,ALGT
2019-06,ALRM
2019-06,AMAG
2019-06,AMBC
2019-06,AMED
2019-06,AMN
2019-06,AMPH
2019-06,AMSF
2019-06,AMWD
2019-06,ANDE
2019-06,ANF
2019-06,ANGO
2019-06,ANIK
2019-06,ANIP
2019-06,APEI
2019-06,APOG
2019-06,ARCB
2019-06,ARI
2019-06,AROC
2019-06,ARR
2019-06,ASIX
2019-06,ASNA
2019-06,ASRT
2019-06,ASTE
2019-06,ATNI
2019-06,ATU
2019-06,AVA
2019-06,AVAV
2019-06,AVD
2019-06,AVP
2019-06,AWR
2019-06,AXE
2019-06,AXL
2019-06,AZZ
2019-06,B
2019-06,BABY
2019-06,BANC
2019-06,BANR
2019-06,BCC
2019-06,BCEI
2019-06,BCOR
2019-06,BCPC
2019-06,BEAT
2019-06,BEL
2019-06,BELFB
2019-06,BFS
2019-06,BGFV
2019-06,BGG
2019-06,BGS
2019-06,BHE
2019-06,BHLB
2019-06,BJRI
2019-06,BKE
2019-06,BKS
2019-06,BLD
2019-06,BMI
2019-06,BNED
2019-06,BOFI
2019-06,BPFH
2019-06,BRC
2019-06,BRKL
2019-06,BRKS
2019-06,BRS
2019-06,CACI
2019-06,CAL
2019-06,CALM
2019-06,CAMP
2019-06,CASH
2019-06,CATM
2019-06,CATO
2019-06,CBB
2019-06,CBL
2019-06,CBM
2019-06,CBU
2019-06,CCMP
2019-06,CCOI
2019-06,CCRN
2019-06,CDR
2019-06,CECO
2019-06,CEIX
2019-06,CENT
2019-06,CENTA
2019-06,CENX
2019-06,CEVA
2019-06,CHCO
2019-06,CHCT
2019-06,CHS
2019-06,CHSP
2019-06,CHUY
2019-06,CIR
2019-06,CJ
2019-06,CKH
2019-06,CLD
2019-06,CLDT
2019-06,CLW
2019-06,CMO
2019-06,CMTL
2019-06,CNMD
2019-06,CNSL
2019-06,COHU
2019-06,COKE
2019-06,COLB
2019-06,CORE
2019-06,CORT
2019-06,CPF
2019-06,CPS
2019-06,CPSI
2019-06,CRAY
2019-06,CROX
2019-06,CRR
2019-06,CRVL
2019-06,CRY
2019-06,CRZO
2019-06,CSGS
2019-06,CTB
2019-06,CTRE
2019-06,CTRL
2019-06,CTS
2019-06,CUB
2019-06,CUBI
2019-06,CUTR
2019-06,CVBF
2019-06,CVCO
2019-06,CVG
2019-06,CVGW
2019-06,CWT
2019-06,CYH
2019-06,CYTK
2019-06,DAKT
2019-06,DAR
2019-06,DBD
2019-06,DCOM
2019-06,DDD
2019-06,DEA
2019-06,DF
2019-06,DFIN
2019-06,DGII
2019-06,DIN
2019-06,DIOD
2019-06,DNR
2019-06,DORM
2019-06,DPLO
2019-06,DRH
2019-06,DSPG
2019-06,DSW
2019-06,DXPE
2019-06,EBIX
2019-06,EBS
2019-06,ECHO
2019-06,ECOL
2019-06,ECPG
2019-06,EDR
2019-06,EE
2019-06,EFII
2019-06,EGHT
2019-06,EGL
2019-06,EGOV
2019-06,EGP
2019-06,EGRX
2019-06,EHTH
2019-06,EIG
2019-06,ELY
2019-06,ENDP
2019-06,ENSG
2019-06,ENTA
2019-06,ENVA
2019-06,EPAY
2019-06,ERA
2019-06,ESE
2019-06,ESIO
2019-06,ESND
2019-06,ETH
2019-06,EVTC
2019-06,EXLS
2019-06,EXPO
2019-06,EXPR
2019-06,EXTN
2019-06,EXTR
2019-06,EZPW
2019-06,FARO
2019-06,FBP
2019-06,FCF
2019-06,FCFS
2019-06,FCN
2019-06,FCPT
2019-06,FELE
2019-06,FF
2019-06,FFBC
2019-06,FFIN
2019-06,FIX
2019-06,FLOW
2019-06,FMBI
2019-06,FN
2019-06,FNSR
2019-06,FORM
2019-06,FORR
2019-06,FOSL
2019-06,FOXF
2019-06,FRAN
2019-06,FRGI
2019-06,FSB
2019-06,FSP
2019-06,FSS
2019-06,FTD
2019-06,FTK
2019-06,FTNT
2019-06,FTR
2019-06,FUL
2019-06,FWRD
2019-06,GBCI
2019-06,GBX
2019-06,GCI
2019-06,GCO
2019-06,GDOT
2019-06,GEOS
2019-06,GES
2019-06,GFF
2019-06,GHL
2019-06,GIFI
2019-06,GIII
2019-06,GLT
2019-06,GNBC
2019-06,GNL
2019-06,GOV
2019-06,GPI
2019-06,GPRE
2019-06,GTLS
2019-06,GTY
2019-06,GWB
2019-06,HA
2019-06,HAFC
2019-06,HAYN
2019-06,HBHC
2019-06,HCI
2019-06,HF
2019-06,HFWA
2019-06,HI
2019-06,HIBB
2019-06,HLIT
2019-06,HLX
2019-06,HMN
2019-06,HMST
2019-06,HMSY
2019-06,HOPE
2019-06,HPR
2019-06,HSC
2019-06,HSII
2019-06,HSKA
2019-06,HSTM
2019-06,HT
2019-06,HTLD
2019-06,HUBG
2019-06,HVT
2019-06,HWKN
2019-06,HYH
2019-06,HZO
2019-06,IBKR
2019-06,IBP
2019-06,IIIN
2019-06,IIVI
2019-06,ILG
2019-06,INDB
2019-06,INGN
2019-06,INN
2019-06,INTL
2019-06,INVA
2019-06,IOSP
2019-06,IPAR
2019-06,IPHS
2019-06,IRBT
2019-06,IRDM
2019-06,IRT
2019-06,ITG
2019-06,ITGR
2019-06,ITRI
2019-06,IVC
2019-06,IVR
2019-06,JBSS
2019-06,JBT
2019-06,JCP
2019-06,JJSF
2019-06,JRVR
2019-06,KALU
2019-06,KAMN
2019-06,KELYA
2019-06,KEM
2019-06,KEYS
2019-06,KFY
2019-06,KIRK
2019-06,KLIC
2019-06,KLXI
2019-06,KN
2019-06,KOP
2019-06,KOPN
2019-06,KRA
2019-06,KRG
2019-06,KS
2019-06,KWR
2019-06,LABL
2019-06,LAD
2019-06,LCI
2019-06,LCII
2019-06,LDL
2019-06,LGIH
2019-06,LHCG
2019-06,LION
2019-06,LKSD
2019-06,LL
2019-06,LMAT
2019-06,LMNX
2019-06,LNN
2019-06,LNTH
2019-06,LOCO
2019-06,LPSN
2019-06,LQDT
2019-06,LTC
2019-06,LTXB
2019-06,LXP
2019-06,LXU
2019-06,LZB
2019-06,MANT
2019-06,MATW
2019-06,MATX
2019-06,MCRI
2019-06,MCS
2019-06,MDC
2019-06,MDCO
2019-06,MDXG
2019-06,MED
2019-06,MEI
2019-06,MGLN
2019-06,MGPI
2019-06,MHLD
2019-06,MHO
2019-06,MINI
2019-06,MLI
2019-06,MMSI
2019-06,MNRO
2019-06,MNTA
2019-06,MOG.A
2019-06,MOV
2019-06,MPAA
2019-06,MSTR
2019-06,MTH
2019-06,MTRN
2019-06,MTRX
2019-06,MTSC
2019-06,MXL
2019-06,MYE
2019-06,MYGN
2019-06,MYRG
2019-06,NANO
2019-06,NAVG
2019-06,NBHC
2019-06,NBTB
2019-06,NCI
2019-06,NE
2019-06,NEOG
2019-06,NEWM
2019-06,NFBK
2019-06,NGVT
2019-06,NLS
2019-06,NMIH
2019-06,NP
2019-06,NPK
2019-06,NPO
2019-06,NR
2019-06,NSA
2019-06,NSIT
2019-06,NSP
2019-06,NTGR
2019-06,NTRI
2019-06,NWBI
2019-06,NWN
2019-06,NX
2019-06,NYMT
2019-06,OCLR
2019-06,OFG
2019-06,OFIX
2019-06,OIS
2019-06,OMCL
2019-06,OMI
2019-06,ONB
2019-06,OPB
2019-06,ORIT
2019-06,ORN
2019-06,OSIS
2019-06,OSPN
2019-06,OSUR
2019-06,OXM
2019-06,PAHC
2019-06,PARR
2019-06,PATK
2019-06,PAY
2019-06,PDCE
2019-06,PDFS
2019-06,PEI
2019-06,PERY
2019-06,PES
2019-06,PETS
2019-06,PFBC
2019-06,PFS
2019-06,PGNX
2019-06,PGTI
2019-06,PJC
2019-06,PKE
2019-06,PLAB
2019-06,PLAY
2019-06,PLCE
2019-06,PLUS
2019-06,PLXS
2019-06,PMT
2019-06,POWI
2019-06,POWL
2019-06,PPBI
2019-06,PRA
2019-06,PRAA
2019-06,PRFT
2019-06,PRGS
2019-06,PRLB
2019-06,PRSC
2019-06,PRSP
2019-06,PSB
2019-06,PUMP
2019-06,PVAC
2019-06,QHC
2019-06,QLYS
2019-06,QNST
2019-06,RAVN
2019-06,RCII
2019-06,RECN
2019-06,REGI
2019-06,REI
2019-06,REX
2019-06,RGEN
2019-06,RGNX
2019-06,RGR
2019-06,RGS
2019-06,RH
2019-06,RLI
2019-06,RMAX
2019-06,RMBS
2019-06,ROCK
2019-06,ROG
2019-06,ROIC
2019-06,RPT
2019-06,RRD
2019-06,RRGB
2019-06,RTEC
2019-06,RUTH
2019-06,RWT
2019-06,RYAM
2019-06,SAFT
2019-06,SAH
2019-06,SAIA
2019-06,SANM
2019-06,SBCF
2019-06,SBSI
2019-06,SCHL
2019-06,SCL
2019-06,SCSC
2019-06,SCVL
2019-06,SEDG
2019-06,SEM
2019-06,SENEA
2019-06,SFBS
2019-06,SFLY
2019-06,SFNC
2019-06,SHAK
2019-06,SHOO
2019-06,SIGI
2019-06,SJI
2019-06,SKYW
2019-06,SLCA
2019-06,SMP
2019-06,SMTC
2019-06,SNBR
2019-06,SONC
2019-06,SPOK
2019-06,SPPI
2019-06,SPSC
2019-06,SPTN
2019-06,SPXC
2019-06,SR
2019-06,SRCI
2019-06,SRDX
2019-06,SSD
2019-06,SSP
2019-06,SSTK
2019-06,STAR
2019-06,STBA
2019-06,STC
2019-06,STMP
2019-06,STRA
2019-06,SUP
2019-06,SUPN
2019-06,SVU
2019-06,SWM
2019-06,SXC
2019-06,SXI
2019-06,SYKE
2019-06,TBI
2019-06,TG
2019-06,TGI
2019-06,THRM
2019-06,TILE
2019-06,TISI
2019-06,TIVO
2019-06,TLRD
2019-06,TMP
2019-06,TMST
2019-06,TPRE
2019-06,TREX
2019-06,TRST
2019-06,TTEC
2019-06,TTEK
2019-06,TTI
2019-06,TTMI
2019-06,TTS
2019-06,TVPT
2019-06,TVTY
2019-06,TWI
2019-06,TYPE
2019-06,UBA
2019-06,UCBI
2019-06,UCTT
2019-06,UEIC
2019-06,UFCS
2019-06,UFI
2019-06,UFPI
2019-06,UHT
2019-06,UIHC
2019-06,UNF
2019-06,UNT
2019-06,USCR
2019-06,USPH
2019-06,UVE
2019-06,UVV
2019-06,VECO
2019-06,VG
2019-06,VIAV
2019-06,VICR
2019-06,VIVO
2019-06,VRA
2019-06,VREX
2019-06,VRTS
2019-06,VRTU
2019-06,VRTV
2019-06,VSI
2019-06,VSTO
2019-06,VVI
2019-06,WABC
2019-06,WAGE
2019-06,WCG
2019-06,WD
2019-06,WDFC
2019-06,WDR
2019-06,WETF
2019-06,WGO
2019-06,WH
2019-06,WING
2019-06,WIRE
2019-06,WLH
2019-06,WNC
2019-06,WPG
2019-06,WRLD
2019-06,WSR
2019-06,WTS
2019-06,WWW
2019-06,XOXO
2019-06,XPER
2019-06,ZEUS
2019-06,ZUMZ
2019-07,AAOI
2019-07,AAON
2019-07,AAT
2019-07,AAWW
2019-07,AAXN
2019-07,ABCB
2019-07,ABG
2019-07,ABM
2019-07,ACET
2019-07,ACLS
2019-07,ACOR
2019-07,ACXM
2019-07,ADC
2019-07,ADTN
2019-07,AEGN
2019-07,AEIS
2019-07,AEL
2019-07,AGYS
2019-07,AHH
2019-07,AIN
2019-07,AIR
2019-07,AIT
2019-07,AJRD
2019-07,AKR
2019-07,AKS
2019-07,ALG
2019-07,ALGT
2019-07,ALRM
2019-07,AMAG
2019-07,AMBC
2019-07,AMED
2019-07,AMN
2019-07,AMPH
2019-07,AMSF
2019-07,AMWD
2019-07,ANDE
2019-07,ANF
2019-07,ANGO
2019-07,ANIK
2019-07,ANIP
2019-07,APEI
2019-07,APOG
2019-07,ARCB
2019-07,ARI
2019-07,AROC
2019-07,ARR
2019-07,ASIX
2019-07,ASNA
2019-07,ASRT
2019-07,ASTE
2019-07,ATNI
2019-07,ATU
2019-07,AVA
2019-07,AVAV
2019-07,AVD
2019-07,AVP
2019-07,AWR
2019-07,AXE
2019-07,AXL
2019-07,AZZ
2019-07,B
2019-07,BABY
2019-07,BANC
2019-07,BANR
2019-07,BCC
2019-07,BCEI
2019-07,BCOR
2019-07,BCPC
2019-07,BEAT
2019-07,BEL
2019-07,BELFB
2019-07,BFS
2019-07,BGFV
2019-07,BGG
2019-07,BGS
2019-07,BHE
2019-07,BHLB
2019-07,BJRI
2019-07,BKE
2019-07,BKS
2019-07,BLD
2019-07,BMI
2019-07,BNED
2019-07,BOFI
2019-07,BPFH
2019-07,BRC
2019-07,BRKL
2019-07,BRKS
2019-07,BRS
2019-07,CACI
2019-07,CAL
2019-07,CALM
2019-07,CAMP
2019-07,CASH
2019-07,CATM
2019-07,CATO
2019-07,CBB
2019-07,CBL
2019-07,CBM
2019-07,CBU
2019-07,CCMP
2019-07,CCOI
2019-07,CCRN
2019-07,CDR
2019-07,CECO
2019-07,CEIX
2019-07,CENT
2019-07,CENTA
2019-07,CENX
2019-07,CEVA
2019-07,CHCO
2019-07,CHCT
2019-07,CHS
2019-07,CHSP
2019-07,CHUY
2019-07,CIR
2019-07,CJ
2019-07,CKH
2019-07,CLD
2019-07,CLDT
2019-07,CLW
2019-07,CMO
2019-07,CMTL
2019-07,CNMD
2019-07,CNSL
2019-07,COHU
2019-07,COKE
2019-07,COLB
2019-07,CORE
2019-07,CORT
2019-07,CPF
2019-07,CPS
2019-07,CPSI
2019-07,CRAY
2019-07,CROX
2019-07,CRR
2019-07,CRVL
2019-07,CRY
2019-07,CRZO
2019-07,CSGS
2019-07,CTB
2019-07,CTRE
2019-07,CTRL
2019-07,CTS
2019-07,CUB
2019-07,CUBI
2019-07,CUTR
2019-07,CVBF
2019-07,CVCO
2019-07,CVG
2019-07,CVGW
2019-07,CWT
2019-07,CYH
2019-07,CYTK
2019-07,DAKT
2019-07,DAR
2019-07,DBD
2019-07,DCOM
2019-07,DDD
2019-07,DEA
2019-07,DF
2019-07,DFIN
2019-07,DGII
2019-07,DIN
2019-07,DIOD
2019-07,DNR
2019-07,DORM
2019-07,DPLO
2019-07,DRH
2019-07,DSPG
2019-07,DSW
2019-07,DXPE
2019-07,EBIX
2019-07,EBS
2019-07,ECHO
2019-07,ECOL
2019-07,ECPG
2019-07,EDR
2019-07,EE
2019-07,EFII
2019-07,EGHT
2019-07,EGL
2019-07,EGOV
2019-07,EGP
2019-07,EGRX
2019-07,EHTH
2019-07,EIG
2019-07,ELY
2019-07,ENDP
2019-07,ENSG
2019-07,ENTA
2019-07,ENVA
2019-07,EPAY
2019-07,ERA
2019-07,ESE
2019-07,ESIO
2019-07,ESND
2019-07,ETH
2019-07,EVTC
2019-07,EXLS
2019-07,EXPO
2019-07,EXPR
2019-07,EXTN
2019-07,EXTR
2019-07,EZPW
2019-07,FARO
2019-07,FBP
2019-07,FCF
2019-07,FCFS
2019-07,FCN
2019-07,FCPT
2019-07,FELE
2019-07,FF
2019-07,FFBC
2019-07,FFIN
2019-07,FIX
2019-07,FLOW
2019-07,FMBI
2019-07,FN
2019-07,FNSR
2019-07,FORM
2019-07,FORR
2019-07,FOSL
2019-07,FOXF
2019-07,FRAN
2019-07,FRGI
2019-07,FSB
2019-07,FSP
2019-07,FSS
2019-07,FTD
2019-07,FTK
2019-07,FTNT
2019-07,FTR
2019-07,FUL
2019-07,FWRD
2019-07,GBCI
2019-07,GBX
2019-07,GCI
2019-07,GCO
2019-07,GDOT
2019-07,GEOS
2019-07,GES
2019-07,GFF
2019-07,GHL
2019-07,GIFI
2019-07,GIII
2019-07,GLT
2019-07,GNBC
2019-07,GNL
2019-07,GOV
2019-07,GPI
2019-07,GPRE
2019-07,GTLS
2019-07,GTY
2019-07,GWB
2019-07,HA
2019-07,HAFC
2019-07,HAYN
2019-07,HBHC
2019-07,HCI
2019-07,HFWA
2019-07,HI
2019-07,HIBB
2019-07,HLIT
2019-07,HLX
2019-07,HMN
2019-07,HMST
2019-07,HMSY
2019-07,HOPE
2019-07,HPR
2019-07,HSC
2019-07,HSII
2019-07,HSKA
2019-07,HSTM
2019-07,HT
2019-07,HTLD
2019-07,HUBG
2019-07,HVT
2019-07,HWKN
2019-07,HYH
2019-07,HZO
2019-07,IBKR
2019-07,IBP
2019-07,IIIN
2019-07,IIVI
2019-07,ILG
2019-07,INDB
2019-07,INGN
2019-07,INN
2019-07,INTL
2019-07,INVA
2019-07,IOSP
2019-07,IPAR
2019-07,IPHS
2019-07,IRBT
2019-07,IRDM
2019-07,IRT
2019-07,ITG
2019-07,ITGR
2019-07,ITRI
2019-07,IVC
2019-07,IVR
2019-07,JBSS
2019-07,JBT
2019-07,JCP
2019-07,JJSF
2019-07,JRVR
2019-07,KALU
2019-07,KAMN
2019-07,KELYA
2019-07,KEM
2019-07,KEYS
2019-07,KFY
2019-07,KIRK
2019-07,KLIC
2019-07,KLXI
2019-07,KN
2019-07,KOP
2019-07,KOPN
2019-07,KRA
2019-07,KRG
2019-07,KS
2019-07,KWR
2019-07,LABL
2019-07,LAD
2019-07,LCI
2019-07,LCII
2019-07,LDL
2019-07,LGIH
2019-07,LHCG
2019-07,LION
2019-07,LKSD
2019-07,LL
2019-07,LMAT
2019-07,LMNX
2019-07,LNN
2019-07,LNTH
2019-07,LOCO
2019-07,LPSN
2019-07,LQDT
2019-07,LTC
2019-07,LTXB
2019-07,LXP
2019-07,LXU
2019-07,LZB
2019-07,MANT
2019-07,MATW
2019-07,MATX
2019-07,MCRI
2019-07,MCS
2019-07,MDC
2019-07,MDCO
2019-07,MDXG
2019-07,MED
2019-07,MEI
2019-07,MGLN
2019-07,MGPI
2019-07,MHLD
2019-07,MHO
2019-07,MINI
2019-07,MLI
2019-07,MMSI
2019-07,MNRO
2019-07,MNTA
2019-07,MOG.A
2019-07,MOV
2019-07,MPAA
2019-07,MSTR
2019-07,MTH
2019-07,MTRN
2019-07,MTRX
2019-07,MTSC
2019-07,MXL
2019-07,MYE
2019-07,MYGN
2019-07,MYRG
2019-07,NANO
2019-07,NAVG
2019-07,NBHC
2019-07,NBTB
2019-07,NCI
2019-07,NE
2019-07,NEOG
2019-07,NEWM
2019-07,NFBK
2019-07,NGVT
2019-07,NLS
2019-07,NMIH
2019-07,NP
2019-07,NPK
2019-07,NPO
2019-07,NR
2019-07,NSA
2019-07,NSIT
2019-07,NSP
2019-07,NTGR
2019-07,NTRI
2019-07,NWBI
2019-07,NWN
2019-07,NX
2019-07,NYMT
2019-07,OCLR
2019-07,OFG
2019-07,OFIX
2019-07,OIS
2019-07,OMCL
2019-07,OMI
2019-07,ONB
2019-07,OPB
2019-07,ORIT
2019-07,ORN
2019-07,OSIS
2019-07,OSPN
2019-07,OSUR
2019-07,OXM
2019-07,PAHC
2019-07,PARR
2019-07,PATK
2019-07,PAY
2019-07,PDCE
2019-07,PDFS
2019-07,PEI
2019-07,PERY
2019-07,PES
2019-07,PETS
2019-07,PFBC
2019-07,PFS
2019-07,PGNX
2019-07,PGTI
2019-07,PJC
2019-07,PKE
2019-07,PLAB
2019-07,PLAY
2019-07,PLCE
2019-07,PLUS
2019-07,PLXS
2019-07,PMT
2019-07,POWI
2019-07,POWL
2019-07,PPBI
2019-07,PRA
2019-07,PRAA
2019-07,PRFT
2019-07,PRGS
2019-07,PRLB
2019-07,PRSC
2019-07,PRSP
2019-07,PSB
2019-07,PUMP
2019-07,PVAC
2019-07,QHC
2019-07,QLYS
2019-07,QNST
2019-07,RAVN
2019-07,RCII
2019-07,RECN
2019-07,REGI
2019-07,REI
2019-07,REX
2019-07,RGEN
2019-07,RGNX
2019-07,RGR
2019-07,RGS
2019-07,RH
2019-07,RLI
2019-07,RMAX
2019-07,RMBS
2019-07,ROCK
2019-07,ROG
2019-07,ROIC
2019-07,RPT
2019-07,RRD
2019-07,RRGB
2019-07,RTEC
2019-07,RUTH
2019-07,RWT
2019-07,RYAM
2019-07,SAFT
2019-07,SAH
2019-07,SAIA
2019-07,SANM
2019-07,SBCF
2019-07,SBSI
2019-07,SCHL
2019-07,SCL
2019-07,SCSC
2019-07,SCVL
2019-07,SEDG
2019-07,SEM
2019-07,SENEA
2019-07,SFBS
2019-07,SFLY
2019-07,SFNC
2019-07,SHAK
2019-07,SHOO
2019-07,SIGI
2019-07,SJI
2019-07,SKYW
2019-07,SLCA
2019-07,SMP
2019-07,SMTC
2019-07,SNBR
2019-07,SONC
2019-07,SPOK
2019-07,SPPI
2019-07,SPSC
2019-07,SPTN
2019-07,SPXC
2019-07,SR
2019-07,SRCI
2019-07,SRDX
2019-07,SSD
2019-07,SSP
2019-07,SSTK
2019-07,STAR
2019-07,STBA
2019-07,STC
2019-07,STMP
2019-07,STRA
2019-07,SUP
2019-07,SUPN
2019-07,SVU
2019-07,SWM
2019-07,SXC
2019-07,SXI
2019-07,SYKE
2019-07,TBI
2019-07,TG
2019-07,TGI
2019-07,THRM
2019-07,TILE
2019-07,TISI
2019-07,TIVO
2019-07,TLRD
2019-07,TMP
2019-07,TMST
2019-07,TPRE
2019-07,TREX
2019-07,TRST
2019-07,TTEC
2019-07,TTEK
2019-07,TTI
2019-07,TTMI
2019-07,TTS
2019-07,TVPT
2019-07,TVTY
2019-07,TWI
2019-07,TYPE
2019-07,UBA
2019-07,UCBI
2019-07,UCTT
2019-07,UEIC
2019-07,UFCS
2019-07,UFI
2019-07,UFPI
2019-07,UHT
2019-07,UIHC
2019-07,UNF
2019-07,UNT
2019-07,USCR
2019-07,USPH
2019-07,UVE
2019-07,UVV
2019-07,VECO
2019-07,VG
2019-07,VIAV
2019-07,VICR
2019-07,VIVO
2019-07,VRA
2019-07,VREX
2019-07,VRTS
2019-07,VRTU
2019-07,VRTV
2019-07,VSI
2019-07,VSTO
2019-07,VVI
2019-07,WABC
2019-07,WAGE
2019-07,WCG
2019-07,WD
2019-07,WDFC
2019-07,WDR
2019-07,WETF
2019-07,WGO
2019-07,WH
2019-07,WING
2019-07,WIRE
2019-07,WLH
2019-07,WNC
2019-07,WPG
2019-07,WRLD
2019-07,WSR
2019-07,WTS
2019-07,WWW
2019-07,XOXO
2019-07,XPER
2019-07,ZEUS
2019-07,ZUMZ
2019-08,AAOI
2019-08,AAON
2019-08,AAT
2019-08,AAWW
2019-08,AAXN
2019-08,ABCB
2019-08,ABG
2019-08,ABM
2019-08,ACET
2019-08,ACLS
2019-08,ACOR
2019-08,ACXM
2019-08,ADC
2019-08,ADTN
2019-08,AEGN
2019-08,AEIS
2019-08,AEL
2019-08,AGYS
2019-08,AHH
2019-08,AIN
2019-08,AIR
2019-08,AIT
2019-08,AJRD
2019-08,AKR
2019-08,AKS
2019-08,ALG
2019-08,ALGT
2019-08,ALRM
2019-08,AMAG
2019-08,AMBC
2019-08,AMED
2019-08,AMN
2019-08,AMPH
2019-08,AMSF
2019-08,AMWD
2019-08,ANDE
2019-08,ANF
2019-08,ANGO
2019-08,ANIK
2019-08,ANIP
2019-08,APEI
2019-08,APOG
2019-08,ARCB
2019-08,ARI
2019-08,AROC
2019-08,ARR
2019-08,ASIX
2019-08,ASNA
2019-08,ASRT
2019-08,ASTE
2019-08,ATNI
2019-08,ATU
2019-08,AVA
2019-08,AVAV
2019-08,AVD
2019-08,AVP
2019-08,AWR
2019-08,AXE
2019-08,AXL
2019-08,AZZ
2019-08,B
2019-08,BABY
2019-08,BANC
2019-08,BANR
2019-08,BCC
2019-08,BCEI
2019-08,BCOR
2019-08,BCPC
2019-08,BEAT
2019-08,BEL
2019-08,BELFB
2019-08,BFS
2019-08,BGFV
2019-08,BGG
2019-08,BGS
2019-08,BHE
2019-08,BHLB
2019-08,BJRI
2019-08,BKE
2019-08,BKS
2019-08,BLD
2019-08,BMI
2019-08,BNED
2019-08,BOFI
2019-08,BPFH
2019-08,BRC
2019-08,BRKL
2019-08,BRKS
2019-08,BRS
2019-08,CACI
2019-08,CAL
2019-08,CALM
2019-08,CAMP
2019-08,CASH
2019-08,CATM
2019-08,CATO
2019-08,CBB
2019-08,CBL
2019-08,CBM
2019-08,CBU
2019-08,CCMP
2019-08,CCOI
2019-08,CCRN
2019-08,CDR
2019-08,CECO
2019-08,CEIX
2019-08,CENT
2019-08,CENTA
2019-08,CENX
2019-08,CEVA
2019-08,CHCO
2019-08,CHCT
2019-08,CHS
2019-08,CHSP
2019-08,CHUY
2019-08,CIR
2019-08,CJ
2019-08,CKH
2019-08,CLD
2019-08,CLDT
2019-08,CLW
2019-08,CMO
2019-08,CMTL
2019-08,CNMD
2019-08,CNSL
2019-08,COHU
2019-08,COKE
2019-08,COLB
2019-08,CORE
2019-08,CORT
2019-08,CPF
2019-08,CPS
2019-08,CPSI
2019-08,CRAY
2019-08,CROX
2019-08,CRR
2019-08,CRVL
2019-08,CRY
2019-08,CRZO
2019-08,CSGS
2019-08,CTB
2019-08,CTRE
2019-08,CTRL
2019-08,CTS
2019-08,CUB
2019-08,CUBI
2019-08,CUTR
2019-08,CVBF
2019-08,CVCO
2019-08,CVG
2019-08,CVGW
2019-08,CWT
2019-08,CYH
2019-08,CYTK
2019-08,DAKT
2019-08,DAR
2019-08,DBD
2019-08,DCOM
2019-08,DDD
2019-08,DEA
2019-08,DF
2019-08,DFIN
2019-08,DGII
2019-08,DIN
2019-08,DIOD
2019-08,DNR
2019-08,DORM
2019-08,DPLO
2019-08,DRH
2019-08,DSPG
2019-08,DSW
2019-08,DXPE
2019-08,EBIX
2019-08,EBS
2019-08,ECHO
2019-08,ECOL
2019-08,ECPG
2019-08,EDR
2019-08,EE
2019-08,EFII
2019-08,EGHT
2019-08,EGL
2019-08,EGOV
2019-08,EGP
2019-08,EGRX
2019-08,EHTH
2019-08,EIG
2019-08,ELY
2019-08,ENDP
2019-08,ENSG
2019-08,ENTA
2019-08,ENVA
2019-08,EPAY
2019-08,ERA
2019-08,ESE
2019-08,ESIO
2019-08,ESND
2019-08,ETH
2019-08,EVTC
2019-08,EXLS
2019-08,EXPO
2019-08,EXPR
2019-08,EXTN
2019-08,EXTR
2019-08,EZPW
2019-08,FARO
2019-08,FBP
2019-08,FCF
2019-08,FCFS
2019-08,FCN
2019-08,FCPT
2019-08,FELE
2019-08,FF
2019-08,FFBC
2019-08,FFIN
2019-08,FIX
2019-08,FLOW
2019-08,FMBI
2019-08,FN
2019-08,FNSR
2019-08,FORM
2019-08,FORR
2019-08,FOSL
2019-08,FOXF
2019-08,FRAN
2019-08,FRGI
2019-08,FSB
2019-08,FSP
2019-08,FSS
2019-08,FTD
2019-08,FTK
2019-08,FTNT
2019-08,FTR
2019-08,FUL
2019-08,FWRD
2019-08,GBCI
2019-08,GBX
2019-08,GCI
2019-08,GCO
2019-08,GDOT
2019-08,GEOS
2019-08,GES
2019-08,GFF
2019-08,GHL
2019-08,GIFI
2019-08,GIII
2019-08,GLT
2019-08,GNBC
2019-08,GNL
2019-08,GOV
2019-08,GPI
2019-08,GPRE
2019-08,GTLS
2019-08,GTY
2019-08,GWB
2019-08,HA
2019-08,HAFC
2019-08,HAYN
2019-08,HBHC
2019-08,HCI
2019-08,HFWA
2019-08,HI
2019-08,HIBB
2019-08,HLIT
2019-08,HLX
2019-08,HMN
2019-08,HMST
2019-08,HMSY
2019-08,HOPE
2019-08,HPR
2019-08,HSC
2019-08,HSII
2019-08,HSKA
2019-08,HSTM
2019-08,HT
2019-08,HTLD
2019-08,HUBG
2019-08,HVT
2019-08,HWKN
2019-08,HYH
2019-08,HZO
2019-08,IBKR
2019-08,IBP
2019-08,IIIN
2019-08,IIVI
2019-08,ILG
2019-08,INDB
2019-08,INGN
2019-08,INN
2019-08,INTL
2019-08,INVA
2019-08,IOSP
2019-08,IPAR
2019-08,IPHS
2019-08,IRBT
2019-08,IRDM
2019-08,IRT
2019-08,ITG
2019-08,ITGR
2019-08,ITRI
2019-08,IVC
2019-08,IVR
2019-08,JBSS
2019-08,JBT
2019-08,JCP
2019-08,JJSF
2019-08,JRVR
2019-08,KALU
2019-08,KAMN
2019-08,KELYA
2019-08,KEM
2019-08,KEYS
2019-08,KFY
2019-08,KIRK
2019-08,KLIC
2019-08,KLXI
2019-08,KN
2019-08,KOP
2019-08,KOPN
2019-08,KRA
2019-08,KRG
2019-08,KS
2019-08,KWR
2019-08,LABL
2019-08,LAD
2019-08,LCI
2019-08,LCII
2019-08,LDL
2019-08,LGIH
2019-08,LHCG
2019-08,LION
2019-08,LKSD
2019-08,LL
2019-08,LMAT
2019-08,LMNX
2019-08,LNN
2019-08,LNTH
2019-08,LOCO
2019-08,LPSN
2019-08,LQDT
2019-08,LTC
2019-08,LTXB
2019-08,LXP
2019-08,LXU
2019-08,LZB
2019-08,MANT
2019-08,MATW
2019-08,MATX
2019-08,MCRI
2019-08,MCS
2019-08,MDC
2019-08,MDCO
2019-08,MDXG
2019-08,MED
2019-08,MEI
2019-08,MGLN
2019-08,MGPI
2019-08,MHLD
2019-08,MHO
2019-08,MINI
2019-08,MLI
2019-08,MMSI
2019-08,MNRO
2019-08,MNTA
2019-08,MOG.A
2019-08,MOV
2019-08,MPAA
2019-08,MSTR
2019-08,MTH
2019-08,MTRN
2019-08,MTRX
2019-08,MTSC
2019-08,MXL
2019-08,MYE
2019-08,MYGN
2019-08,MYRG
2019-08,NANO
2019-08,NAVG
2019-08,NBHC
2019-08,NBTB
2019-08,NCI
2019-08,NE
2019-08,NEOG
2019-08,NEWM
2019-08,NFBK
2019-08,NGVT
2019-08,NLS
2019-08,NMIH
2019-08,NP
2019-08,NPK
2019-08,NPO
2019-08,NR
2019-08,NSA
2019-08,NSIT
2019-08,NSP
2019-08,NTGR
2019-08,NTRI
2019-08,NWBI
2019-08,NWN
2019-08,NX
2019-08,NYMT
2019-08,OCLR
2019-08,OFG
2019-08,OFIX
2019-08,OIS
2019-08,OMCL
2019-08,OMI
2019-08,ONB
2019-08,OPB
2019-08,ORIT
2019-08,ORN
2019-08,OSIS
2019-08,OSPN
2019-08,OSUR
2019-08,OXM
2019-08,PAHC
2019-08,PARR
2019-08,PATK
2019-08,PAY
2019-08,PDCE
2019-08,PDFS
2019-08,PEI
2019-08,PERY
2019-08,PES
2019-08,PETS
2019-08,PFBC
2019-08,PFS
2019-08,PGNX
2019-08,PGTI
2019-08,PJC
2019-08,PKE
2019-08,PLAB
2019-08,PLAY
2019-08,PLCE
2019-08,PLUS
2019-08,PLXS
2019-08,PMT
2019-08,POWI
2019-08,POWL
2019-08,PPBI
2019-08,PRA
2019-08,PRAA
2019-08,PRFT
2019-08,PRGS
2019-08,PRLB
2019-08,PRSC
2019-08,PRSP
2019-08,PSB
2019-08,PUMP
2019-08,PVAC
2019-08,QHC
2019-08,QLYS
2019-08,QNST
2019-08,RAVN
2019-08,RCII
2019-08,RECN
2019-08,REGI
2019-08,REI
2019-08,REX
2019-08,RGEN
2019-08,RGNX
2019-08,RGR
2019-08,RGS
2019-08,RH
2019-08,RLI
2019-08,RMAX
2019-08,RMBS
2019-08,ROCK
2019-08,ROG
2019-08,ROIC
2019-08,RPT
2019-08,RRD
2019-08,RRGB
2019-08,RTEC
2019-08,RUTH
2019-08,RWT
2019-08,RYAM
2019-08,SAFT
2019-08,SAH
2019-08,SAIA
2019-08,SANM
2019-08,SBCF
2019-08,SBSI
2019-08,SCHL
2019-08,SCL
2019-08,SCSC
2019-08,SCVL
2019-08,SEDG
2019-08,SEM
2019-08,SENEA
2019-08,SFBS
2019-08,SFLY
2019-08,SFNC
2019-08,SHAK
2019-08,SHOO
2019-08,SIGI
2019-08,SJI
2019-08,SKYW
2019-08,SLCA
2019-08,SMP
2019-08,SMTC
2019-08,SNBR
2019-08,SONC
2019-08,SPOK
2019-08,SPPI
2019-08,SPSC
2019-08,SPTN
2019-08,SPXC
2019-08,SR
2019-08,SRCI
2019-08,SRDX
2019-08,SSD
2019-08,SSP
2019-08,SSTK
2019-08,STAR
2019-08,STBA
2019-08,STC
2019-08,STMP
2019-08,STRA
2019-08,SUP
2019-08,SUPN
2019-08,SVU
2019-08,SWM
2019-08,SXC
2019-08,SXI
2019-08,SYKE
2019-08,TBI
2019-08,TG
2019-08,TGI
2019-08,THRM
2019-08,TILE
2019-08,TISI
2019-08,TIVO
2019-08,TLRD
2019-08,TMP
2019-08,TMST
2019-08,TPRE
2019-08,TREX
2019-08,TRST
2019-08,TTEC
2019-08,TTI
2019-08,TTMI
2019-08,TTS
2019-08,TVPT
2019-08,TVTY
2019-08,TWI
2019-08,TYPE
2019-08,UBA
2019-08,UCBI
2019-08,UCTT
2019-08,UEIC
2019-08,UFCS
2019-08,UFI
2019-08,UFPI
2019-08,UHT
2019-08,UIHC
2019-08,UNF
2019-08,UNT
2019-08,USCR
2019-08,USPH
2019-08,UVE
2019-08,UVV
2019-08,VECO
2019-08,VG
2019-08,VGR
2019-08,VIAV
2019-08,VICR
2019-08,VIVO
2019-08,VRA
2019-08,VREX
2019-08,VRTS
2019-08,VRTU
2019-08,VRTV
2019-08,VSI
2019-08,VSTO
2019-08,VVI
2019-08,WABC
2019-08,WAGE
2019-08,WCG
2019-08,WD
2019-08,WDFC
2019-08,WDR
2019-08,WETF
2019-08,WGO
2019-08,WH
2019-08,WING
2019-08,WIRE
2019-08,WLH
2019-08,WNC
2019-08,WPG
2019-08,WRLD
2019-08,WSR
2019-08,WTS
2019-08,WWW
2019-08,XOXO
2019-08,XPER
2019-08,ZEUS
2019-08,ZUMZ
2019-09,AAOI
2019-09,AAON
2019-09,AAT
2019-09,AAWW
2019-09,ABCB
2019-09,ABG
2019-09,ABM
2019-09,ACET
2019-09,ACLS
2019-09,ACOR
2019-09,ACXM
2019-09,ADC
2019-09,ADTN
2019-09,AEGN
2019-09,AEIS
2019-09,AEL
2019-09,AGYS
2019-09,AHH
2019-09,AHL
2019-09,AIN
2019-09,AIR
2019-09,AIT
2019-09,AJRD
2019-09,AKR
2019-09,AKS
2019-09,ALG
2019-09,ALGT
2019-09,ALRM
2019-09,AMAG
2019-09,AMBC
2019-09,AMN
2019-09,AMPH
2019-09,AMSF
2019-09,AMWD
2019-09,ANDE
2019-09,ANF
2019-09,ANGO
2019-09,ANIK
2019-09,ANIP
2019-09,APEI
2019-09,APOG
2019-09,ARCB
2019-09,ARI
2019-09,AROC
2019-09,ARR
2019-09,ARRS
2019-09,ASIX
2019-09,ASNA
2019-09,ASRT
2019-09,ASTE
2019-09,ATNI
2019-09,ATU
2019-09,AVA
2019-09,AVAV
2019-09,AVD
2019-09,AVP
2019-09,AWR
2019-09,AXE
2019-09,AXL
2019-09,AZZ
2019-09,B
2019-09,BABY
2019-09,BANC
2019-09,BANR
2019-09,BCC
2019-09,BCEI
2019-09,BCOR
2019-09,BCPC
2019-09,BEAT
2019-09,BEL
2019-09,BELFB
2019-09,BFS
2019-09,BGFV
2019-09,BGG
2019-09,BGS
2019-09,BHE
2019-09,BHLB
2019-09,BIG
2019-09,BJRI
2019-09,BKE
2019-09,BKS
2019-09,BLD
2019-09,BMI
2019-09,BMS
2019-09,BNED
2019-09,BOFI
2019-09,BPFH
2019-09,BRC
2019-09,BRKL
2019-09,BRKS
2019-09,BRS
2019-09,CAL
2019-09,CALM
2019-09,CAMP
2019-09,CASH
2019-09,CATM
2019-09,CATO
2019-09,CBB
2019-09,CBL
2019-09,CBM
2019-09,CBU
2019-09,CCMP
2019-09,CCOI
2019-09,CCRN
2019-09,CDR
2019-09,CECO
2019-09,CEIX
2019-09,CENT
2019-09,CENTA
2019-09,CENX
2019-09,CEVA
2019-09,CHCO
2019-09,CHCT
2019-09,CHS
2019-09,CHSP
2019-09,CHUY
2019-09,CIR
2019-09,CJ
2019-09,CKH
2019-09,CLD
2019-09,CLDT
2019-09,CLW
2019-09,CMO
2019-09,CMTL
2019-09,CNMD
2019-09,CNSL
2019-09,COHU
2019-09,COKE
2019-09,COLB
2019-09,CORE
2019-09,CORT
2019-09,CPF
2019-09,CPS
2019-09,CPSI
2019-09,CRAY
2019-09,CROX
2019-09,CRR
2019-09,CRVL
2019-09,CRY
2019-09,CRZO
2019-09,CSGS
2019-09,CTB
2019-09,CTRE
2019-09,CTRL
2019-09,CTS
2019-09,CUB
2019-09,CUBI
2019-09,CUTR
2019-09,CVBF
2019-09,CVCO
2019-09,CVG
2019-09,CVGW
2019-09,CWT
2019-09,CYH
2019-09,CYTK
2019-09,DAKT
2019-09,DAR
2019-09,DBD
2019-09,DCOM
2019-09,DDD
2019-09,DEA
2019-09,DF
2019-09,DFIN
2019-09,DGII
2019-09,DIN
2019-09,DIOD
2019-09,DNB
2019-09,DNR
2019-09,DO
2019-09,DORM
2019-09,DPLO
2019-09,DRH
2019-09,DRQ
2019-09,DSPG
2019-09,DSW
2019-09,DXPE
2019-09,EBIX
2019-09,EBS
2019-09,ECHO
2019-09,ECOL
2019-09,ECPG
2019-09,EDR
2019-09,EE
2019-09,EFII
2019-09,EGHT
2019-09,EGL
2019-09,EGN
2019-09,EGOV
2019-09,EGRX
2019-09,EHTH
2019-09,EIG
2019-09,ELY
2019-09,ENDP
2019-09,ENSG
2019-09,ENTA
2019-09,ENVA
2019-09,EPAY
2019-09,ERA
2019-09,ESE
2019-09,ESIO
2019-09,ESL
2019-09,ESND
2019-09,ETH
2019-09,EVTC
2019-09,EXLS
2019-09,EXPO
2019-09,EXPR
2019-09,EXTN
2019-09,EXTR
2019-09,EZPW
2019-09,FARO
2019-09,FBP
2019-09,FCF
2019-09,FCFS
2019-09,FCN
2019-09,FCPT
2019-09,FELE
2019-09,FF
2019-09,FFBC
2019-09,FIX
2019-09,FLOW
2019-09,FMBI
2019-09,FN
2019-09,FNSR
2019-09,FORM
2019-09,FORR
2019-09,FOSL
2019-09,FOXF
2019-09,FRAN
2019-09,FRGI
2019-09,FSB
2019-09,FSP
2019-09,FSS
2019-09,FTD
2019-09,FTK
2019-09,FTNT
2019-09,FTR
2019-09,FUL
2019-09,FWRD
2019-09,GBCI
2019-09,GBX
2019-09,GCI
2019-09,GCO
2019-09,GEOS
2019-09,GES
2019-09,GFF
2019-09,GHL
2019-09,GIFI
2019-09,GIII
2019-09,GLT
2019-09,GNBC
2019-09,GNL
2019-09,GOV
2019-09,GPI
2019-09,GPOR
2019-09,GPRE
2019-09,GTLS
2019-09,GTY
2019-09,GWB
2019-09,HA
2019-09,HAFC
2019-09,HAYN
2019-09,HBHC
2019-09,HCI
2019-09,HFWA
2019-09,HI
2019-09,HIBB
2019-09,HLIT
2019-09,HLX
2019-09,HMN
2019-09,HMST
2019-09,HMSY
2019-09,HOPE
2019-09,HPR
2019-09,HSC
2019-09,HSII
2019-09,HSKA
2019-09,HSTM
2019-09,HT
2019-09,HTLD
2019-09,HUBG
2019-09,HVT
2019-09,HWKN
2019-09,HYH
2019-09,HZO
2019-09,IBP
2019-09,IDTI
2019-09,IEX
2019-09,IIIN
2019-09,IIVI
2019-09,ILG
2019-09,INDB
2019-09,INGN
2019-09,INN
2019-09,INTL
2019-09,INVA
2019-09,IOSP
2019-09,IPAR
2019-09,IPHS
2019-09,IRBT
2019-09,IRDM
2019-09,IRT
2019-09,ITG
2019-09,ITGR
2019-09,ITRI
2019-09,IVC
2019-09,IVR
2019-09,JBSS
2019-09,JBT
2019-09,JCP
2019-09,JJSF
2019-09,JKHY
2019-09,JRVR
2019-09,KALU
2019-09,KAMN
2019-09,KELYA
2019-09,KEM
2019-09,KEYS
2019-09,KFY
2019-09,KIRK
2019-09,KLIC
2019-09,KLXI
2019-09,KN
2019-09,KOP
2019-09,KOPN
2019-09,KRA
2019-09,KRG
2019-09,KS
2019-09,KWR
2019-09,LABL
2019-09,LAD
2019-09,LCI
2019-09,LCII
2019-09,LDL
2019-09,LDOS
2019-09,LGIH
2019-09,LHCG
2019-09,LHO
2019-09,LION
2019-09,LKSD
2019-09,LL
2019-09,LMAT
2019-09,LMNX
2019-09,LNN
2019-09,LNTH
2019-09,LOCO
2019-09,LPNT
2019-09,LPSN
2019-09,LQDT
2019-09,LTC
2019-09,LTXB
2019-09,LW
2019-09,LXP
2019-09,LXU
2019-09,LZB
2019-09,MANT
2019-09,MATW
2019-09,MATX
2019-09,MBFI
2019-09,MCRI
2019-09,MCS
2019-09,MDC
2019-09,MDCO
2019-09,MDXG
2019-09,MED
2019-09,MEI
2019-09,MGLN
2019-09,MGPI
2019-09,MHLD
2019-09,MHO
2019-09,MINI
2019-09,MKTX
2019-09,MLI
2019-09,MMSI
2019-09,MNRO
2019-09,MNTA
2019-09,MOG.A
2019-09,MOV
2019-09,MPAA
2019-09,MSTR
2019-09,MTH
2019-09,MTRN
2019-09,MTRX
2019-09,MTSC
2019-09,MXL
2019-09,MYE
2019-09,MYGN
2019-09,MYRG
2019-09,NANO
2019-09,NAVG
2019-09,NBHC
2019-09,NBR
2019-09,NBTB
2019-09,NCI
2019-09,NE
2019-09,NEOG
2019-09,NEWM
2019-09,NFBK
2019-09,NLS
2019-09,NMIH
2019-09,NP
2019-09,NPK
2019-09,NPO
2019-09,NR
2019-09,NSA
2019-09,NSIT
2019-09,NTGR
2019-09,NTRI
2019-09,NWBI
2019-09,NWN
2019-09,NX
2019-09,NYMT
2019-09,OCLR
2019-09,OFG
2019-09,OFIX
2019-09,OIS
2019-09,OMCL
2019-09,OMI
2019-09,ONB
2019-09,OPB
2019-09,ORIT
2019-09,ORN
2019-09,OSIS
2019-09,OSPN
2019-09,OSUR
2019-09,OXM
2019-09,PAHC
2019-09,PARR
2019-09,PATK
2019-09,PAY
2019-09,PBI
2019-09,PDCE
2019-09,PDFS
2019-09,PEI
2019-09,PERY
2019-09,PES
2019-09,PETS
2019-09,PFBC
2019-09,PFS
2019-09,PGNX
2019-09,PGTI
2019-09,PJC
2019-09,PKE
2019-09,PLAB
2019-09,PLAY
2019-09,PLCE
2019-09,PLUS
2019-09,PLXS
2019-09,PMT
2019-09,POWI
2019-09,POWL
2019-09,PPBI
2019-09,PRA
2019-09,PRAA
2019-09,PRFT
2019-09,PRGS
2019-09,PRLB
2019-09,PRSC
2019-09,PRSP
2019-09,PUMP
2019-09,PVAC
2019-09,QHC
2019-09,QLYS
2019-09,QNST
2019-09,RAVN
2019-09,RCII
2019-09,RECN
2019-09,REGI
2019-09,REI
2019-09,REX
2019-09,RGEN
2019-09,RGNX
2019-09,RGR
2019-09,RGS
2019-09,RH
2019-09,RLI
2019-09,RMAX
2019-09,RMBS
2019-09,ROCK
2019-09,ROG
2019-09,ROIC
2019-09,RPT
2019-09,RRD
2019-09,RRGB
2019-09,RTEC
2019-09,RUTH
2019-09,RWT
2019-09,RYAM
2019-09,SAFT
2019-09,SAH
2019-09,SAIA
2019-09,SANM
2019-09,SBCF
2019-09,SBSI
2019-09,SCHL
2019-09,SCL
2019-09,SCSC
2019-09,SCVL
2019-09,SEDG
2019-09,SEM
2019-09,SENEA
2019-09,SFBS
2019-09,SFLY
2019-09,SFNC
2019-09,SHAK
2019-09,SHOO
2019-09,SIGI
2019-09,SJI
2019-09,SKYW
2019-09,SLCA
2019-09,SM
2019-09,SMP
2019-09,SNBR
2019-09,SONC
2019-09,SPN
2019-09,SPOK
2019-09,SPPI
2019-09,SPSC
2019-09,SPTN
2019-09,SPXC
2019-09,SR
2019-09,SRCI
2019-09,SRDX
2019-09,SSD
2019-09,SSP
2019-09,SSTK
2019-09,STAR
2019-09,STBA
2019-09,STC
2019-09,STMP
2019-09,STRA
2019-09,SUP
2019-09,SUPN
2019-09,SVU
2019-09,SWM
2019-09,SXC
2019-09,SXI
2019-09,SYKE
2019-09,TBI
2019-09,TCF
2019-09,TFX
2019-09,TG
2019-09,TGI
2019-09,THRM
2019-09,TILE
2019-09,TISI
2019-09,TIVO
2019-09,TLRD
2019-09,TMP
2019-09,TMST
2019-09,TPRE
2019-09,TRST
2019-09,TTEC
2019-09,TTI
2019-09,TTMI
2019-09,TTS
2019-09,TVPT
2019-09,TVTY
2019-09,TWI
2019-09,TYPE
2019-09,UBA
2019-09,UCBI
2019-09,UCTT
2019-09,UEIC
2019-09,UFCS
2019-09,UFI
2019-09,UFPI
2019-09,UHT
2019-09,UIHC
2019-09,ULTI
2019-09,UNF
2019-09,UNT
2019-09,USCR
2019-09,USPH
2019-09,UVE
2019-09,UVV
2019-09,VECO
2019-09,VG
2019-09,VGR
2019-09,VIAV
2019-09,VICR
2019-09,VIVO
2019-09,VRA
2019-09,VREX
2019-09,VRTS
2019-09,VRTU
2019-09,VRTV
2019-09,VSI
2019-09,VSTO
2019-09,VVC
2019-09,VVI
2019-09,WAB
2019-09,WABC
2019-09,WAGE
2019-09,WCG
2019-09,WD
2019-09,WDFC
2019-09,WDR
2019-09,WETF
2019-09,WGO
2019-09,WH
2019-09,WING
2019-09,WIRE
2019-09,WLH
2019-09,WNC
2019-09,WPG
2019-09,WRLD
2019-09,WSR
2019-09,WTS
2019-09,WWW
2019-09,XOXO
2019-09,XPER
2019-09,ZEUS
2019-09,ZUMZ
2019-10,AAOI
2019-10,AAON
2019-10,AAT
2019-10,AAWW
2019-10,ABCB
2019-10,ABG
2019-10,ABM
2019-10,ACET
2019-10,ACLS
2019-10,ACOR
2019-10,ACXM
2019-10,ADC
2019-10,ADTN
2019-10,AEGN
2019-10,AEIS
2019-10,AEL
2019-10,AGYS
2019-10,AHH
2019-10,AHL
2019-10,AIN
2019-10,AIR
2019-10,AIT
2019-10,AJRD
2019-10,AKR
2019-10,AKS
2019-10,ALG
2019-10,ALGT
2019-10,ALRM
2019-10,AMAG
2019-10,AMBC
2019-10,AMN
2019-10,AMPH
2019-10,AMSF
2019-10,AMWD
2019-10,ANDE
2019-10,ANF
2019-10,ANGO
2019-10,ANIK
2019-10,ANIP
2019-10,APEI
2019-10,APOG
2019-10,ARCB
2019-10,ARI
2019-10,AROC
2019-10,ARR
2019-10,ARRS
2019-10,ASIX
2019-10,ASNA
2019-10,ASRT
2019-10,ASTE
2019-10,ATNI
2019-10,ATU
2019-10,AVA
2019-10,AVAV
2019-10,AVD
2019-10,AVP
2019-10,AWR
2019-10,AXE
2019-10,AXL
2019-10,AZZ
2019-10,B
2019-10,BABY
2019-10,BANC
2019-10,BANR
2019-10,BCC
2019-10,BCEI
2019-10,BCOR
2019-10,BCPC
2019-10,BEAT
2019-10,BEL
2019-10,BELFB
2019-10,BFS
2019-10,BGFV
2019-10,BGG
2019-10,BGS
2019-10,BHE
2019-10,BHLB
2019-10,BID
2019-10,BIG
2019-10,BJRI
2019-10,BKE
2019-10,BKS
2019-10,BLD
2019-10,BMI
2019-10,BMS
2019-10,BNED
2019-10,BOFI
2019-10,BPFH
2019-10,BRC
2019-10,BRKL
2019-10,BRKS
2019-10,BRS
2019-10,CAL
2019-10,CALM
2019-10,CAMP
2019-10,CARS
2019-10,CASH
2019-10,CATM
2019-10,CATO
2019-10,CBB
2019-10,CBL
2019-10,CBM
2019-10,CBU
2019-10,CCMP
2019-10,CCOI
2019-10,CCRN
2019-10,CDR
2019-10,CECO
2019-10,CEIX
2019-10,CENT
2019-10,CENTA
2019-10,CENX
2019-10,CEVA
2019-10,CHCO
2019-10,CHCT
2019-10,CHS
2019-10,CHSP
2019-10,CHUY
2019-10,CIR
2019-10,CJ
2019-10,CKH
2019-10,CLD
2019-10,CLDT
2019-10,CLW
2019-10,CMO
2019-10,CMTL
2019-10,CNMD
2019-10,CNSL
2019-10,COHU
2019-10,COKE
2019-10,COLB
2019-10,CORE
2019-10,CORT
2019-10,CPE
2019-10,CPF
2019-10,CPS
2019-10,CPSI
2019-10,CRAY
2019-10,CROX
2019-10,CRR
2019-10,CRVL
2019-10,CRY
2019-10,CRZO
2019-10,CSGS
2019-10,CTB
2019-10,CTRE
2019-10,CTRL
2019-10,CTS
2019-10,CUB
2019-10,CUBI
2019-10,CUTR
2019-10,CVBF
2019-10,CVCO
2019-10,CVG
2019-10,CVGW
2019-10,CWT
2019-10,CYH
2019-10,CYTK
2019-10,DAKT
2019-10,DAR
2019-10,DBD
2019-10,DCOM
2019-10,DDD
2019-10,DEA
2019-10,DF
2019-10,DFIN
2019-10,DGII
2019-10,DIN
2019-10,DIOD
2019-10,DNB
2019-10,DNR
2019-10,DO
2019-10,DORM
2019-10,DPLO
2019-10,DRH
2019-10,DRQ
2019-10,DSPG
2019-10,DSW
2019-10,DXPE
2019-10,EBIX
2019-10,EBS
2019-10,ECHO
2019-10,ECOL
2019-10,ECPG
2019-10,EDR
2019-10,EE
2019-10,EFII
2019-10,EGHT
2019-10,EGL
2019-10,EGN
2019-10,EGOV
2019-10,EGRX
2019-10,EHTH
2019-10,EIG
2019-10,ELY
2019-10,ENDP
2019-10,ENSG
2019-10,ENTA
2019-10,ENVA
2019-10,EPAY
2019-10,ERA
2019-10,ESE
2019-10,ESIO
2019-10,ESL
2019-10,ESND
2019-10,ETH
2019-10,EVTC
2019-10,EXLS
2019-10,EXPO
2019-10,EXPR
2019-10,EXTN
2019-10,EXTR
2019-10,EZPW
2019-10,FARO
2019-10,FBP
2019-10,FCF
2019-10,FCN
2019-10,FCPT
2019-10,FELE
2019-10,FF
2019-10,FFBC
2019-10,FIX
2019-10,FLOW
2019-10,FMBI
2019-10,FN
2019-10,FNSR
2019-10,FORM
2019-10,FORR
2019-10,FOSL
2019-10,FOXF
2019-10,FRAN
2019-10,FRGI
2019-10,FSB
2019-10,FSP
2019-10,FSS
2019-10,FTD
2019-10,FTK
2019-10,FTNT
2019-10,FTR
2019-10,FUL
2019-10,FWRD
2019-10,GBCI
2019-10,GBX
2019-10,GCI
2019-10,GCO
2019-10,GEOS
2019-10,GES
2019-10,GFF
2019-10,GHL
2019-10,GIFI
2019-10,GIII
2019-10,GLT
2019-10,GNBC
2019-10,GNL
2019-10,GOV
2019-10,GPI
2019-10,GPOR
2019-10,GPRE
2019-10,GTLS
2019-10,GTY
2019-10,GWB
2019-10,HA
2019-10,HAFC
2019-10,HAYN
2019-10,HBHC
2019-10,HCI
2019-10,HFWA
2019-10,HI
2019-10,HIBB
2019-10,HLIT
2019-10,HLX
2019-10,HMN
2019-10,HMST
2019-10,HMSY
2019-10,HOPE
2019-10,HPR
2019-10,HSC
2019-10,HSII
2019-10,HSKA
2019-10,HSTM
2019-10,HT
2019-10,HTLD
2019-10,HUBG
2019-10,HVT
2019-10,HWKN
2019-10,HYH
2019-10,HZO
2019-10,IBP
2019-10,IDTI
2019-10,IEX
2019-10,IIIN
2019-10,ILG
2019-10,INDB
2019-10,INGN
2019-10,INN
2019-10,INTL
2019-10,INVA
2019-10,IOSP
2019-10,IPAR
2019-10,IPHS
2019-10,IRBT
2019-10,IRDM
2019-10,IRT
2019-10,ISCA
2019-10,ITG
2019-10,ITGR
2019-10,ITRI
2019-10,IVC
2019-10,IVR
2019-10,JBSS
2019-10,JBT
2019-10,JCP
2019-10,JJSF
2019-10,JKHY
2019-10,JRVR
2019-10,KALU
2019-10,KAMN
2019-10,KELYA
2019-10,KEM
2019-10,KEYS
2019-10,KFY
2019-10,KIRK
2019-10,KLIC
2019-10,KLXI
2019-10,KN
2019-10,KOP
2019-10,KOPN
2019-10,KRA
2019-10,KRG
2019-10,KS
2019-10,KWR
2019-10,LABL
2019-10,LAD
2019-10,LCI
2019-10,LCII
2019-10,LDL
2019-10,LDOS
2019-10,LGIH
2019-10,LHCG
2019-10,LHO
2019-10,LION
2019-10,LKSD
2019-10,LL
2019-10,LMAT
2019-10,LMNX
2019-10,LNN
2019-10,LNTH
2019-10,LOCO
2019-10,LPNT
2019-10,LPSN
2019-10,LQDT
2019-10,LTC
2019-10,LTXB
2019-10,LW
2019-10,LXP
2019-10,LXU
2019-10,LZB
2019-10,MANT
2019-10,MATW
2019-10,MATX
2019-10,MBFI
2019-10,MCRI
2019-10,MCS
2019-10,MDC
2019-10,MDCO
2019-10,MDR
2019-10,MDXG
2019-10,MED
2019-10,MEI
2019-10,MGLN
2019-10,MGPI
2019-10,MHLD
2019-10,MHO
2019-10,MIK
2019-10,MINI
2019-10,MKTX
2019-10,MLI
2019-10,MMSI
2019-10,MNK
2019-10,MNRO
2019-10,MNTA
2019-10,MOG.A
2019-10,MOV
2019-10,MPAA
2019-10,MSTR
2019-10,MTH
2019-10,MTRN
2019-10,MTRX
2019-10,MTSC
2019-10,MXL
2019-10,MYE
2019-10,MYGN
2019-10,MYRG
2019-10,NANO
2019-10,NAVG
2019-10,NBHC
2019-10,NBR
2019-10,NBTB
2019-10,NCI
2019-10,NE
2019-10,NEOG
2019-10,NEWM
2019-10,NFBK
2019-10,NLS
2019-10,NMIH
2019-10,NP
2019-10,NPK
2019-10,NPO
2019-10,NR
2019-10,NSA
2019-10,NSIT
2019-10,NTGR
2019-10,NTRI
2019-10,NVR
2019-10,NWBI
2019-10,NWN
2019-10,NX
2019-10,NYMT
2019-10,OCLR
2019-10,OFG
2019-10,OFIX
2019-10,OIS
2019-10,OMCL
2019-10,OMI
2019-10,ONB
2019-10,OPB
2019-10,ORIT
2019-10,ORN
2019-10,OSIS
2019-10,OSPN
2019-10,OSUR
2019-10,OXM
2019-10,PAHC
2019-10,PARR
2019-10,PATK
2019-10,PAY
2019-10,PBI
2019-10,PDCE
2019-10,PDFS
2019-10,PEI
2019-10,PERY
2019-10,PES
2019-10,PETS
2019-10,PFBC
2019-10,PFS
2019-10,PGNX
2019-10,PGTI
2019-10,PJC
2019-10,PKE
2019-10,PLAB
2019-10,PLAY
2019-10,PLCE
2019-10,PLUS
2019-10,PLXS
2019-10,PMT
2019-10,POWI
2019-10,POWL
2019-10,PPBI
2019-10,PRA
2019-10,PRAA
2019-10,PRFT
2019-10,PRGS
2019-10,PRLB
2019-10,PRSC
2019-10,PRSP
2019-10,PUMP
2019-10,PVAC
2019-10,QEP
2019-10,QHC
2019-10,QLYS
2019-10,QNST
2019-10,RAVN
2019-10,RCII
2019-10,RECN
2019-10,REGI
2019-10,REI
2019-10,REX
2019-10,RGNX
2019-10,RGR
2019-10,RGS
2019-10,RH
2019-10,RLI
2019-10,RMAX
2019-10,RMBS
2019-10,ROCK
2019-10,ROG
2019-10,ROIC
2019-10,RPT
2019-10,RRC
2019-10,RRD
2019-10,RRGB
2019-10,RTEC
2019-10,RUTH
2019-10,RWT
2019-10,RYAM
2019-10,SAFT
2019-10,SAH
2019-10,SAIA
2019-10,SANM
2019-10,SBCF
2019-10,SBSI
2019-10,SCHL
2019-10,SCL
2019-10,SCSC
2019-10,SCVL
2019-10,SEM
2019-10,SENEA
2019-10,SFBS
2019-10,SFLY
2019-10,SFNC
2019-10,SHAK
2019-10,SHOO
2019-10,SIG
2019-10,SJI
2019-10,SKYW
2019-10,SLCA
2019-10,SM
2019-10,SMP
2019-10,SNBR
2019-10,SONC
2019-10,SPN
2019-10,SPOK
2019-10,SPPI
2019-10,SPSC
2019-10,SPTN
2019-10,SPXC
2019-10,SR
2019-10,SRCI
2019-10,SRDX
2019-10,SSD
2019-10,SSP
2019-10,SSTK
2019-10,STAR
2019-10,STBA
2019-10,STC
2019-10,STMP
2019-10,STRA
2019-10,SUP
2019-10,SUPN
2019-10,SVU
2019-10,SWM
2019-10,SXC
2019-10,SXI
2019-10,SYKE
2019-10,TBI
2019-10,TCF
2019-10,TFX
2019-10,TG
2019-10,TGI
2019-10,THRM
2019-10,TILE
2019-10,TISI
2019-10,TIVO
2019-10,TLRD
2019-10,TMP
2019-10,TMST
2019-10,TPRE
2019-10,TRST
2019-10,TTEC
2019-10,TTI
2019-10,TTMI
2019-10,TTS
2019-10,TUP
2019-10,TVPT
2019-10,TVTY
2019-10,TWI
2019-10,TYPE
2019-10,UBA
2019-10,UCBI
2019-10,UCTT
2019-10,UEIC
2019-10,UFCS
2019-10,UFI
2019-10,UFPI
2019-10,UHT
2019-10,UIHC
2019-10,ULTI
2019-10,UNF
2019-10,UNT
2019-10,USCR
2019-10,USPH
2019-10,UVE
2019-10,UVV
2019-10,VAL
2019-10,VECO
2019-10,VG
2019-10,VGR
2019-10,VIAV
2019-10,VICR
2019-10,VIVO
2019-10,VRA
2019-10,VREX
2019-10,VRTS
2019-10,VRTU
2019-10,VRTV
2019-10,VSI
2019-10,VSM
2019-10,VSTO
2019-10,VVC
2019-10,VVI
2019-10,WAB
2019-10,WABC
2019-10,WAGE
2019-10,WCG
2019-10,WD
2019-10,WDFC
2019-10,WDR
2019-10,WETF
2019-10,WGO
2019-10,WH
2019-10,WING
2019-10,WIRE
2019-10,WLH
2019-10,WNC
2019-10,WPG
2019-10,WRLD
2019-10,WSR
2019-10,WTS
2019-10,WWW
2019-10,XOXO
2019-10,XPER
2019-10,ZEUS
2019-10,ZUMZ
2019-11,AAOI
2019-11,AAON
2019-11,AAT
2019-11,AAWW
2019-11,ABCB
2019-11,ABG
2019-11,ABM
2019-11,ACET
2019-11,ACLS
2019-11,ACOR
2019-11,ACXM
2019-11,ADC
2019-11,ADTN
2019-11,AEGN
2019-11,AEIS
2019-11,AEL
2019-11,AGYS
2019-11,AHH
2019-11,AHL
2019-11,AIN
2019-11,AIR
2019-11,AIT
2019-11,AJRD
2019-11,AKR
2019-11,AKS
2019-11,ALG
2019-11,ALGT
2019-11,ALRM
2019-11,AMAG
2019-11,AMBC
2019-11,AMN
2019-11,AMPH
2019-11,AMSF
2019-11,AMWD
2019-11,ANDE
2019-11,ANF
2019-11,ANGO
2019-11,ANIK
2019-11,ANIP
2019-11,APEI
2019-11,APOG
2019-11,ARCB
2019-11,ARI
2019-11,AROC
2019-11,ARR
2019-11,ARRS
2019-11,ASIX
2019-11,ASNA
2019-11,ASRT
2019-11,ASTE
2019-11,ATNI
2019-11,ATU
2019-11,AVA
2019-11,AVAV
2019-11,AVD
2019-11,AVP
2019-11,AWR
2019-11,AXE
2019-11,AXL
2019-11,AZZ
2019-11,B
2019-11,BABY
2019-11,BANC
2019-11,BANR
2019-11,BCC
2019-11,BCEI
2019-11,BCOR
2019-11,BCPC
2019-11,BEAT
2019-11,BEL
2019-11,BELFB
2019-11,BFS
2019-11,BGFV
2019-11,BGG
2019-11,BGS
2019-11,BHE
2019-11,BHLB
2019-11,BID
2019-11,BIG
2019-11,BJRI
2019-11,BKE
2019-11,BKS
2019-11,BLD
2019-11,BMI
2019-11,BMS
2019-11,BNED
2019-11,BOFI
2019-11,BPFH
2019-11,BRC
2019-11,BRKL
2019-11,BRKS
2019-11,BRS
2019-11,CAL
2019-11,CALM
2019-11,CAMP
2019-11,CARS
2019-11,CASH
2019-11,CATM
2019-11,CATO
2019-11,CBB
2019-11,CBL
2019-11,CBM
2019-11,CBU
2019-11,CCMP
2019-11,CCOI
2019-11,CCRN
2019-11,CDR
2019-11,CECO
2019-11,CEIX
2019-11,CENT
2019-11,CENTA
2019-11,CENX
2019-11,CEVA
2019-11,CHCO
2019-11,CHCT
2019-11,CHS
2019-11,CHSP
2019-11,CHUY
2019-11,CIR
2019-11,CJ
2019-11,CKH
2019-11,CLD
2019-11,CLDT
2019-11,CLW
2019-11,CMO
2019-11,CMTL
2019-11,CNMD
2019-11,CNSL
2019-11,COHU
2019-11,COKE
2019-11,COLB
2019-11,CORE
2019-11,CORT
2019-11,CPE
2019-11,CPF
2019-11,CPS
2019-11,CPSI
2019-11,CRAY
2019-11,CROX
2019-11,CRR
2019-11,CRVL
2019-11,CRY
2019-11,CRZO
2019-11,CSGS
2019-11,CTB
2019-11,CTRE
2019-11,CTRL
2019-11,CTS
2019-11,CUB
2019-11,CUBI
2019-11,CUTR
2019-11,CVBF
2019-11,CVCO
2019-11,CVG
2019-11,CVGW
2019-11,CWT
2019-11,CYH
2019-11,CYTK
2019-11,DAKT
2019-11,DAR
2019-11,DBD
2019-11,DCOM
2019-11,DDD
2019-11,DEA
2019-11,DF
2019-11,DFIN
2019-11,DGII
2019-11,DIN
2019-11,DIOD
2019-11,DNB
2019-11,DNR
2019-11,DO
2019-11,DORM
2019-11,DPLO
2019-11,DRH
2019-11,DRQ
2019-11,DSPG
2019-11,DSW
2019-11,DXPE
2019-11,EBIX
2019-11,EBS
2019-11,ECHO
2019-11,ECOL
2019-11,ECPG
2019-11,EDR
2019-11,EE
2019-11,EFII
2019-11,EGHT
2019-11,EGL
2019-11,EGN
2019-11,EGOV
2019-11,EGRX
2019-11,EHTH
2019-11,EIG
2019-11,ELY
2019-11,ENDP
2019-11,ENSG
2019-11,ENTA
2019-11,ENVA
2019-11,EPAY
2019-11,ERA
2019-11,ESE
2019-11,ESIO
2019-11,ESL
2019-11,ESND
2019-11,ETH
2019-11,EVTC
2019-11,EXLS
2019-11,EXPO
2019-11,EXPR
2019-11,EXTN
2019-11,EXTR
2019-11,EZPW
2019-11,FARO
2019-11,FBP
2019-11,FCF
2019-11,FCN
2019-11,FCPT
2019-11,FELE
2019-11,FF
2019-11,FFBC
2019-11,FIX
2019-11,FLOW
2019-11,FMBI
2019-11,FN
2019-11,FNSR
2019-11,FORM
2019-11,FORR
2019-11,FOSL
2019-11,FOXF
2019-11,FRAN
2019-11,FRGI
2019-11,FSB
2019-11,FSP
2019-11,FSS
2019-11,FTD
2019-11,FTK
2019-11,FTNT
2019-11,FTR
2019-11,FUL
2019-11,FWRD
2019-11,GBCI
2019-11,GBX
2019-11,GCI
2019-11,GCO
2019-11,GEOS
2019-11,GES
2019-11,GFF
2019-11,GHL
2019-11,GIFI
2019-11,GIII
2019-11,GLT
2019-11,GNBC
2019-11,GNL
2019-11,GOV
2019-11,GPI
2019-11,GPOR
2019-11,GPRE
2019-11,GTLS
2019-11,GTY
2019-11,GWB
2019-11,HA
2019-11,HAFC
2019-11,HAYN
2019-11,HBHC
2019-11,HCI
2019-11,HFWA
2019-11,HI
2019-11,HIBB
2019-11,HLIT
2019-11,HLX
2019-11,HMN
2019-11,HMST
2019-11,HMSY
2019-11,HOPE
2019-11,HPR
2019-11,HSC
2019-11,HSII
2019-11,HSKA
2019-11,HSTM
2019-11,HT
2019-11,HTLD
2019-11,HUBG
2019-11,HVT
2019-11,HWKN
2019-11,HYH
2019-11,HZO
2019-11,IBP
2019-11,IDTI
2019-11,IEX
2019-11,IIIN
2019-11,ILG
2019-11,INDB
2019-11,INGN
2019-11,INN
2019-11,INTL
2019-11,INVA
2019-11,IOSP
2019-11,IPAR
2019-11,IPHS
2019-11,IRBT
2019-11,IRDM
2019-11,IRT
2019-11,ISCA
2019-11,ITG
2019-11,ITGR
2019-11,ITRI
2019-11,IVC
2019-11,IVR
2019-11,JBSS
2019-11,JBT
2019-11,JCP
2019-11,JJSF
2019-11,JKHY
2019-11,JRVR
2019-11,KALU
2019-11,KAMN
2019-11,KELYA
2019-11,KEM
2019-11,KEYS
2019-11,KFY
2019-11,KIRK
2019-11,KLIC
2019-11,KLXI
2019-11,KN
2019-11,KOP
2019-11,KOPN
2019-11,KRA
2019-11,KRG
2019-11,KS
2019-11,KWR
2019-11,LABL
2019-11,LAD
2019-11,LCI
2019-11,LCII
2019-11,LDL
2019-11,LDOS
2019-11,LGIH
2019-11,LHCG
2019-11,LHO
2019-11,LION
2019-11,LKSD
2019-11,LL
2019-11,LMAT
2019-11,LMNX
2019-11,LNN
2019-11,LNTH
2019-11,LOCO
2019-11,LPNT
2019-11,LPSN
2019-11,LQDT
2019-11,LTC
2019-11,LTXB
2019-11,LW
2019-11,LXP
2019-11,LXU
2019-11,LZB
2019-11,MANT
2019-11,MATW
2019-11,MATX
2019-11,MBFI
2019-11,MCRI
2019-11,MCS
2019-11,MDC
2019-11,MDCO
2019-11,MDR
2019-11,MDXG
2019-11,MED
2019-11,MEI
2019-11,MGLN
2019-11,MGPI
2019-11,MHLD
2019-11,MHO
2019-11,MIK
2019-11,MINI
2019-11,MKTX
2019-11,MLI
2019-11,MMSI
2019-11,MNK
2019-11,MNRO
2019-11,MNTA
2019-11,MOG.A
2019-11,MOV
2019-11,MPAA
2019-11,MSTR
2019-11,MTH
2019-11,MTRN
2019-11,MTRX
2019-11,MTSC
2019-11,MXL
2019-11,MYE
2019-11,MYGN
2019-11,MYRG
2019-11,NANO
2019-11,NAVG
2019-11,NBHC
2019-11,NBR
2019-11,NBTB
2019-11,NCI
2019-11,NE
2019-11,NEOG
2019-11,NEWM
2019-11,NFBK
2019-11,NLS
2019-11,NMIH
2019-11,NP
2019-11,NPK
2019-11,NPO
2019-11,NR
2019-11,NSA
2019-11,NSIT
2019-11,NTGR
2019-11,NTRI
2019-11,NVR
2019-11,NWBI
2019-11,NWN
2019-11,NX
2019-11,NYMT
2019-11,OCLR
2019-11,OFG
2019-11,OFIX
2019-11,OIS
2019-11,OMCL
2019-11,OMI
2019-11,ONB
2019-11,OPB
2019-11,ORIT
2019-11,ORN
2019-11,OSIS
2019-11,OSPN
2019-11,OSUR
2019-11,OXM
2019-11,PAHC
2019-11,PARR
2019-11,PATK
2019-11,PAY
2019-11,PBI
2019-11,PDCE
2019-11,PDFS
2019-11,PEI
2019-11,PERY
2019-11,PES
2019-11,PETS
2019-11,PFBC
2019-11,PFS
2019-11,PGNX
2019-11,PGTI
2019-11,PJC
2019-11,PKE
2019-11,PLAB
2019-11,PLAY
2019-11,PLCE
2019-11,PLUS
2019-11,PLXS
2019-11,PMT
2019-11,POWI
2019-11,POWL
2019-11,PPBI
2019-11,PRA
2019-11,PRAA
2019-11,PRFT
2019-11,PRGS
2019-11,PRLB
2019-11,PRSC
2019-11,PRSP
2019-11,PUMP
2019-11,PVAC
2019-11,QEP
2019-11,QHC
2019-11,QLYS
2019-11,QNST
2019-11,RAVN
2019-11,RCII
2019-11,RECN
2019-11,REGI
2019-11,REI
2019-11,REX
2019-11,RGNX
2019-11,RGR
2019-11,RGS
2019-11,RH
2019-11,RLI
2019-11,RMAX
2019-11,RMBS
2019-11,ROCK
2019-11,ROG
2019-11,ROIC
2019-11,RPT
2019-11,RRC
2019-11,RRD
2019-11,RRGB
2019-11,RTEC
2019-11,RUTH
2019-11,RWT
2019-11,RYAM
2019-11,SAFT
2019-11,SAH
2019-11,SAIA
2019-11,SANM
2019-11,SBCF
2019-11,SBSI
2019-11,SCHL
2019-11,SCL
2019-11,SCSC
2019-11,SCVL
2019-11,SEM
2019-11,SENEA
2019-11,SFBS
2019-11,SFLY
2019-11,SFNC
2019-11,SHAK
2019-11,SHOO
2019-11,SIG
2019-11,SJI
2019-11,SKYW
2019-11,SLCA
2019-11,SM
2019-11,SMP
2019-11,SNBR
2019-11,SONC
2019-11,SPN
2019-11,SPOK
2019-11,SPPI
2019-11,SPSC
2019-11,SPTN
2019-11,SPXC
2019-11,SR
2019-11,SRCI
2019-11,SRDX
2019-11,SSD
2019-11,SSP
2019-11,SSTK
2019-11,STAR
2019-11,STBA
2019-11,STC
2019-11,STMP
2019-11,STRA
2019-11,SUP
2019-11,SUPN
2019-11,SVU
2019-11,SWM
2019-11,SXC
2019-11,SXI
2019-11,SYKE
2019-11,TBI
2019-11,TCF
2019-11,TFX
2019-11,TG
2019-11,TGI
2019-11,THRM
2019-11,TILE
2019-11,TISI
2019-11,TIVO
2019-11,TLRD
2019-11,TMP
2019-11,TMST
2019-11,TPRE
2019-11,TRST
2019-11,TTEC
2019-11,TTI
2019-11,TTMI
2019-11,TTS
2019-11,TUP
2019-11,TVPT
2019-11,TVTY
2019-11,TWI
2019-11,TYPE
2019-11,UBA
2019-11,UCBI
2019-11,UCTT
2019-11,UEIC
2019-11,UFCS
2019-11,UFI
2019-11,UFPI
2019-11,UHT
2019-11,UIHC
2019-11,ULTI
2019-11,UNF
2019-11,UNT
2019-11,USCR
2019-11,USPH
2019-11,UVE
2019-11,UVV
2019-11,VAL
2019-11,VECO
2019-11,VG
2019-11,VGR
2019-11,VIAV
2019-11,VICR
2019-11,VIVO
2019-11,VRA
2019-11,VREX
2019-11,VRTS
2019-11,VRTU
2019-11,VRTV
2019-11,VSI
2019-11,VSM
2019-11,VSTO
2019-11,VVC
2019-11,VVI
2019-11,WAB
2019-11,WABC
2019-11,WAGE
2019-11,WCG
2019-11,WD
2019-11,WDFC
2019-11,WDR
2019-11,WETF
2019-11,WGO
2019-11,WH
2019-11,WING
2019-11,WIRE
2019-11,WLH
2019-11,WNC
2019-11,WPG
2019-11,WRLD
2019-11,WSR
2019-11,WTS
2019-11,WWW
2019-11,XOXO
2019-11,XPER
2019-11,ZEUS
2019-11,ZUMZ
2019-12,AAOI
2019-12,AAON
2019-12,AAT
2019-12,AAWW
2019-12,ABCB
2019-12,ABG
2019-12,ABM
2019-12,ACET
2019-12,ACLS
2019-12,ACOR
2019-12,ACXM
2019-12,ADC
2019-12,ADTN
2019-12,AEGN
2019-12,AEIS
2019-12,AEL
2019-12,AGYS
2019-12,AHH
2019-12,AHL
2019-12,AIN
2019-12,AIR
2019-12,AIT
2019-12,AJRD
2019-12,AKR
2019-12,AKRX
2019-12,AKS
2019-12,ALG
2019-12,ALGT
2019-12,ALRM
2019-12,AMAG
2019-12,AMBC
2019-12,AMN
2019-12,AMPH
2019-12,AMSF
2019-12,AMWD
2019-12,ANDE
2019-12,ANF
2019-12,ANGO
2019-12,ANIK
2019-12,ANIP
2019-12,APEI
2019-12,APOG
2019-12,ARCB
2019-12,ARI
2019-12,AROC
2019-12,ARR
2019-12,ARRS
2019-12,ASIX
2019-12,ASNA
2019-12,ASRT
2019-12,ASTE
2019-12,ATNI
2019-12,ATU
2019-12,AVA
2019-12,AVAV
2019-12,AVD
2019-12,AVP
2019-12,AWR
2019-12,AXE
2019-12,AXL
2019-12,AZZ
2019-12,B
2019-12,BABY
2019-12,BANC
2019-12,BANR
2019-12,BCC
2019-12,BCEI
2019-12,BCOR
2019-12,BCPC
2019-12,BEAT
2019-12,BEL
2019-12,BELFB
2019-12,BFS
2019-12,BGFV
2019-12,BGG
2019-12,BGS
2019-12,BHE
2019-12,BHLB
2019-12,BID
2019-12,BIG
2019-12,BJRI
2019-12,BKE
2019-12,BKS
2019-12,BLD
2019-12,BMI
2019-12,BMS
2019-12,BNED
2019-12,BOFI
2019-12,BPFH
2019-12,BRC
2019-12,BRKL
2019-12,BRKS
2019-12,BRS
2019-12,CAL
2019-12,CALM
2019-12,CAMP
2019-12,CARS
2019-12,CASH
2019-12,CATM
2019-12,CATO
2019-12,CBB
2019-12,CBL
2019-12,CBM
2019-12,CBU
2019-12,CCMP
2019-12,CCOI
2019-12,CCRN
2019-12,CDR
2019-12,CECO
2019-12,CEIX
2019-12,CENT
2019-12,CENTA
2019-12,CENX
2019-12,CEVA
2019-12,CHCO
2019-12,CHCT
2019-12,CHS
2019-12,CHSP
2019-12,CHUY
2019-12,CIR
2019-12,CJ
2019-12,CKH
2019-12,CLD
2019-12,CLDT
2019-12,CLW
2019-12,CMO
2019-12,CMTL
2019-12,CNMD
2019-12,CNSL
2019-12,COHU
2019-12,COKE
2019-12,COLB
2019-12,CORE
2019-12,CORT
2019-12,CPE
2019-12,CPF
2019-12,CPS
2019-12,CPSI
2019-12,CRAY
2019-12,CROX
2019-12,CRR
2019-12,CRVL
2019-12,CRY
2019-12,CRZO
2019-12,CSGS
2019-12,CTB
2019-12,CTRE
2019-12,CTRL
2019-12,CTS
2019-12,CUB
2019-12,CUBI
2019-12,CUTR
2019-12,CVBF
2019-12,CVCO
2019-12,CVG
2019-12,CVGW
2019-12,CWT
2019-12,CYH
2019-12,CYTK
2019-12,DAKT
2019-12,DAR
2019-12,DBD
2019-12,DCOM
2019-12,DDD
2019-12,DEA
2019-12,DF
2019-12,DFIN
2019-12,DGII
2019-12,DIN
2019-12,DIOD
2019-12,DNB
2019-12,DNR
2019-12,DO
2019-12,DORM
2019-12,DPLO
2019-12,DRH
2019-12,DRQ
2019-12,DSPG
2019-12,DSW
2019-12,DXPE
2019-12,EBIX
2019-12,EBS
2019-12,ECHO
2019-12,ECOL
2019-12,ECPG
2019-12,EDR
2019-12,EE
2019-12,EFII
2019-12,EGHT
2019-12,EGL
2019-12,EGN
2019-12,EGOV
2019-12,EGRX
2019-12,EHTH
2019-12,EIG
2019-12,ELY
2019-12,ENDP
2019-12,ENSG
2019-12,ENTA
2019-12,ENVA
2019-12,EPAY
2019-12,ERA
2019-12,ESE
2019-12,ESIO
2019-12,ESL
2019-12,ESND
2019-12,ETH
2019-12,EVTC
2019-12,EXLS
2019-12,EXPO
2019-12,EXPR
2019-12,EXTN
2019-12,EXTR
2019-12,EZPW
2019-12,FARO
2019-12,FBP
2019-12,FCF
2019-12,FCN
2019-12,FCPT
2019-12,FELE
2019-12,FF
2019-12,FFBC
2019-12,FIX
2019-12,FLOW
2019-12,FMBI
2019-12,FN
2019-12,FNSR
2019-12,FORM
2019-12,FORR
2019-12,FOSL
2019-12,FOXF
2019-12,FRAN
2019-12,FRGI
2019-12,FSB
2019-12,FSP
2019-12,FSS
2019-12,FTD
2019-12,FTK
2019-12,FTNT
2019-12,FTR
2019-12,FUL
2019-12,FWRD
2019-12,GBCI
2019-12,GBX
2019-12,GCI
2019-12,GCO
2019-12,GEOS
2019-12,GES
2019-12,GFF
2019-12,GHL
2019-12,GIFI
2019-12,GIII
2019-12,GLT
2019-12,GNBC
2019-12,GNL
2019-12,GOV
2019-12,GPI
2019-12,GPOR
2019-12,GPRE
2019-12,GTLS
2019-12,GTY
2019-12,GWB
2019-12,HA
2019-12,HAFC
2019-12,HAYN
2019-12,HBHC
2019-12,HCI
2019-12,HFWA
2019-12,HI
2019-12,HIBB
2019-12,HLIT
2019-12,HLX
2019-12,HMN
2019-12,HMST
2019-12,HMSY
2019-12,HOPE
2019-12,HPR
2019-12,HSC
2019-12,HSII
2019-12,HSKA
2019-12,HSTM
2019-12,HT
2019-12,HTLD
2019-12,HUBG
2019-12,HVT
2019-12,HWKN
2019-12,HYH
2019-12,HZO
2019-12,IBP
2019-12,IDTI
2019-12,IEX
2019-12,IIIN
2019-12,ILG
2019-12,INDB
2019-12,INGN
2019-12,INN
2019-12,INTL
2019-12,INVA
2019-12,IOSP
2019-12,IPAR
2019-12,IPHS
2019-12,IRBT
2019-12,IRDM
2019-12,IRT
2019-12,ISCA
2019-12,ITG
2019-12,ITGR
2019-12,ITRI
2019-12,IVC
2019-12,IVR
2019-12,JBSS
2019-12,JBT
2019-12,JCP
2019-12,JJSF
2019-12,JKHY
2019-12,JRVR
2019-12,KALU
2019-12,KAMN
2019-12,KELYA
2019-12,KEM
2019-12,KEYS
2019-12,KFY
2019-12,KIRK
2019-12,KLIC
2019-12,KLXI
2019-12,KN
2019-12,KOP
2019-12,KOPN
2019-12,KRA
2019-12,KRG
2019-12,KS
2019-12,KWR
2019-12,LABL
2019-12,LAD
2019-12,LCI
2019-12,LCII
2019-12,LDL
2019-12,LDOS
2019-12,LGIH
2019-12,LHCG
2019-12,LHO
2019-12,LION
2019-12,LKSD
2019-12,LL
2019-12,LMAT
2019-12,LMNX
2019-12,LNN
2019-12,LNTH
2019-12,LOCO
2019-12,LPNT
2019-12,LPSN
2019-12,LQDT
2019-12,LTC
2019-12,LTXB
2019-12,LW
2019-12,LXP
2019-12,LXU
2019-12,LZB
2019-12,MANT
2019-12,MATW
2019-12,MATX
2019-12,MBFI
2019-12,MCRI
2019-12,MCS
2019-12,MDC
2019-12,MDCO
2019-12,MDR
2019-12,MDXG
2019-12,MED
2019-12,MEI
2019-12,MGLN
2019-12,MGPI
2019-12,MHLD
2019-12,MHO
2019-12,MIK
2019-12,MINI
2019-12,MKTX
2019-12,MLI
2019-12,MMSI
2019-12,MNK
2019-12,MNRO
2019-12,MNTA
2019-12,MOG.A
2019-12,MOV
2019-12,MPAA
2019-12,MSTR
2019-12,MTH
2019-12,MTRN
2019-12,MTRX
2019-12,MTSC
2019-12,MXL
2019-12,MYE
2019-12,MYGN
2019-12,MYRG
2019-12,NANO
2019-12,NAVG
2019-12,NBHC
2019-12,NBR
2019-12,NBTB
2019-12,NCI
2019-12,NE
2019-12,NEOG
2019-12,NEWM
2019-12,NFBK
2019-12,NLS
2019-12,NMIH
2019-12,NP
2019-12,NPK
2019-12,NPO
2019-12,NR
2019-12,NSA
2019-12,NSIT
2019-12,NTGR
2019-12,NTRI
2019-12,NVR
2019-12,NWBI
2019-12,NWN
2019-12,NX
2019-12,NYMT
2019-12,OCLR
2019-12,OFG
2019-12,OFIX
2019-12,OIS
2019-12,OMCL
2019-12,OMI
2019-12,ONB
2019-12,OPB
2019-12,ORIT
2019-12,ORN
2019-12,OSIS
2019-12,OSPN
2019-12,OSUR
2019-12,OXM
2019-12,PAHC
2019-12,PARR
2019-12,PATK
2019-12,PAY
2019-12,PBI
2019-12,PDCE
2019-12,PDFS
2019-12,PEI
2019-12,PERY
2019-12,PES
2019-12,PETS
2019-12,PFBC
2019-12,PFS
2019-12,PGNX
2019-12,PGTI
2019-12,PJC
2019-12,PKE
2019-12,PLAB
2019-12,PLAY
2019-12,PLCE
2019-12,PLUS
2019-12,PLXS
2019-12,PMT
2019-12,POWI
2019-12,POWL
2019-12,PPBI
2019-12,PRA
2019-12,PRAA
2019-12,PRFT
2019-12,PRGS
2019-12,PRLB
2019-12,PRSC
2019-12,PRSP
2019-12,PUMP
2019-12,PVAC
2019-12,QEP
2019-12,QHC
2019-12,QLYS
2019-12,QNST
2019-12,RAVN
2019-12,RCII
2019-12,RECN
2019-12,REGI
2019-12,REI
2019-12,REX
2019-12,RGNX
2019-12,RGR
2019-12,RGS
2019-12,RH
2019-12,RLI
2019-12,RMAX
2019-12,RMBS
2019-12,ROCK
2019-12,ROG
2019-12,ROIC
2019-12,RPT
2019-12,RRC
2019-12,RRD
2019-12,RRGB
2019-12,RTEC
2019-12,RUTH
2019-12,RWT
2019-12,RYAM
2019-12,SAFT
2019-12,SAH
2019-12,SAIA
2019-12,SANM
2019-12,SBCF
2019-12,SBSI
2019-12,SCHL
2019-12,SCL
2019-12,SCSC
2019-12,SCVL
2019-12,SEM
2019-12,SENEA
2019-12,SFBS
2019-12,SFLY
2019-12,SFNC
2019-12,SHAK
2019-12,SHOO
2019-12,SIG
2019-12,SJI
2019-12,SKYW
2019-12,SLCA
2019-12,SM
2019-12,SMP
2019-12,SNBR
2019-12,SONC
2019-12,SPN
2019-12,SPOK
2019-12,SPPI
2019-12,SPSC
2019-12,SPTN
2019-12,SPXC
2019-12,SR
2019-12,SRCI
2019-12,SRDX
2019-12,SSD
2019-12,SSP
2019-12,SSTK
2019-12,STAR
2019-12,STBA
2019-12,STC
2019-12,STMP
2019-12,STRA
2019-12,SUP
2019-12,SUPN
2019-12,SVU
2019-12,SWM
2019-12,SXC
2019-12,SXI
2019-12,SYKE
2019-12,TBI
2019-12,TCF
2019-12,TFX
2019-12,TG
2019-12,TGI
2019-12,THRM
2019-12,TILE
2019-12,TISI
2019-12,TIVO
2019-12,TLRD
2019-12,TMP
2019-12,TMST
2019-12,TPRE
2019-12,TRST
2019-12,TTEC
2019-12,TTI
2019-12,TTMI
2019-12,TTS
2019-12,TUP
2019-12,TVPT
2019-12,TVTY
2019-12,TWI
2019-12,TYPE
2019-12,UBA
2019-12,UCBI
2019-12,UCTT
2019-12,UEIC
2019-12,UFCS
2019-12,UFI
2019-12,UFPI
2019-12,UHT
2019-12,UIHC
2019-12,ULTI
2019-12,UNF
2019-12,UNT
2019-12,USCR
2019-12,USPH
2019-12,UVE
2019-12,UVV
2019-12,VAL
2019-12,VECO
2019-12,VG
2019-12,VGR
2019-12,VIAV
2019-12,VICR
2019-12,VIVO
2019-12,VRA
2019-12,VREX
2019-12,VRTS
2019-12,VRTU
2019-12,VRTV
2019-12,VSI
2019-12,VSM
2019-12,VSTO
2019-12,VVC
2019-12,VVI
2019-12,WAB
2019-12,WABC
2019-12,WAGE
2019-12,WCG
2019-12,WD
2019-12,WDFC
2019-12,WDR
2019-12,WETF
2019-12,WGO
2019-12,WH
2019-12,WING
2019-12,WIRE
2019-12,WLH
2019-12,WNC
2019-12,WPG
2019-12,WRLD
2019-12,WSR
2019-12,WTS
2019-12,WWW
2019-12,XOXO
2019-12,XPER
2019-12,ZEUS
2019-12,ZUMZ
2020-01,AAOI
2020-01,AAON
2020-01,AAT
2020-01,AAWW
2020-01,ABCB
2020-01,ABG
2020-01,ABM
2020-01,ACET
2020-01,ACLS
2020-01,ACOR
2020-01,ACXM
2020-01,ADC
2020-01,ADTN
2020-01,AEGN
2020-01,AEIS
2020-01,AEL
2020-01,AGYS
2020-01,AHH
2020-01,AHL
2020-01,AIN
2020-01,AIR
2020-01,AIT
2020-01,AJRD
2020-01,AKR
2020-01,AKRX
2020-01,AKS
2020-01,ALG
2020-01,ALGT
2020-01,ALRM
2020-01,AMAG
2020-01,AMBC
2020-01,AMN
2020-01,AMPH
2020-01,AMSF
2020-01,AMWD
2020-01,ANDE
2020-01,ANF
2020-01,ANGO
2020-01,ANIK
2020-01,ANIP
2020-01,APEI
2020-01,APOG
2020-01,ARCB
2020-01,ARI
2020-01,AROC
2020-01,ARR
2020-01,ARRS
2020-01,ASIX
2020-01,ASNA
2020-01,ASRT
2020-01,ASTE
2020-01,ATNI
2020-01,ATU
2020-01,AVA
2020-01,AVAV
2020-01,AVD
2020-01,AVP
2020-01,AWR
2020-01,AXE
2020-01,AXL
2020-01,AZZ
2020-01,B
2020-01,BABY
2020-01,BANC
2020-01,BANR
2020-01,BCC
2020-01,BCEI
2020-01,BCOR
2020-01,BCPC
2020-01,BEAT
2020-01,BEL
2020-01,BELFB
2020-01,BFS
2020-01,BGFV
2020-01,BGG
2020-01,BGS
2020-01,BHE
2020-01,BHLB
2020-01,BID
2020-01,BIG
2020-01,BJRI
2020-01,BKE
2020-01,BKS
2020-01,BLD
2020-01,BMI
2020-01,BMS
2020-01,BNED
2020-01,BOFI
2020-01,BPFH
2020-01,BRC
2020-01,BRKL
2020-01,BRKS
2020-01,BRS
2020-01,CAL
2020-01,CALM
2020-01,CAMP
2020-01,CARS
2020-01,CASH
2020-01,CATM
2020-01,CATO
2020-01,CBB
2020-01,CBL
2020-01,CBM
2020-01,CBU
2020-01,CCMP
2020-01,CCOI
2020-01,CCRN
2020-01,CDR
2020-01,CECO
2020-01,CEIX
2020-01,CENT
2020-01,CENTA
2020-01,CENX
2020-01,CEVA
2020-01,CHCO
2020-01,CHCT
2020-01,CHS
2020-01,CHSP
2020-01,CHUY
2020-01,CIR
2020-01,CJ
2020-01,CKH
2020-01,CLD
2020-01,CLDT
2020-01,CLW
2020-01,CMO
2020-01,CMTL
2020-01,CNMD
2020-01,CNSL
2020-01,COHU
2020-01,COKE
2020-01,COLB
2020-01,CORE
2020-01,CORT
2020-01,CPE
2020-01,CPF
2020-01,CPS
2020-01,CPSI
2020-01,CRAY
2020-01,CROX
2020-01,CRR
2020-01,CRVL
2020-01,CRY
2020-01,CRZO
2020-01,CSGS
2020-01,CTB
2020-01,CTRE
2020-01,CTRL
2020-01,CTS
2020-01,CUB
2020-01,CUBI
2020-01,CUTR
2020-01,CVBF
2020-01,CVCO
2020-01,CVG
2020-01,CVGW
2020-01,CWT
2020-01,CYH
2020-01,CYTK
2020-01,DAKT
2020-01,DAR
2020-01,DBD
2020-01,DCOM
2020-01,DDD
2020-01,DEA
2020-01,DF
2020-01,DFIN
2020-01,DGII
2020-01,DIN
2020-01,DIOD
2020-01,DNB
2020-01,DNR
2020-01,DO
2020-01,DORM
2020-01,DPLO
2020-01,DRH
2020-01,DRQ
2020-01,DSPG
2020-01,DSW
2020-01,DXPE
2020-01,EBIX
2020-01,EBS
2020-01,ECHO
2020-01,ECOL
2020-01,ECPG
2020-01,EDR
2020-01,EE
2020-01,EFII
2020-01,EGHT
2020-01,EGL
2020-01,EGN
2020-01,EGOV
2020-01,EGRX
2020-01,EHTH
2020-01,EIG
2020-01,ELY
2020-01,ENDP
2020-01,ENSG
2020-01,ENTA
2020-01,ENVA
2020-01,EPAY
2020-01,ERA
2020-01,ESE
2020-01,ESIO
2020-01,ESL
2020-01,ESND
2020-01,ETH
2020-01,EVTC
2020-01,EXLS
2020-01,EXPO
2020-01,EXPR
2020-01,EXTN
2020-01,EXTR
2020-01,EZPW
2020-01,FARO
2020-01,FBP
2020-01,FCF
2020-01,FCN
2020-01,FCPT
2020-01,FELE
2020-01,FF
2020-01,FFBC
2020-01,FIX
2020-01,FLOW
2020-01,FMBI
2020-01,FN
2020-01,FNSR
2020-01,FORM
2020-01,FORR
2020-01,FOSL
2020-01,FOXF
2020-01,FRAN
2020-01,FRGI
2020-01,FSB
2020-01,FSP
2020-01,FSS
2020-01,FTD
2020-01,FTK
2020-01,FTNT
2020-01,FTR
2020-01,FUL
2020-01,FWRD
2020-01,GBCI
2020-01,GBX
2020-01,GCI
2020-01,GCO
2020-01,GEOS
2020-01,GES
2020-01,GFF
2020-01,GHL
2020-01,GIFI
2020-01,GIII
2020-01,GLT
2020-01,GNBC
2020-01,GNL
2020-01,GOV
2020-01,GPI
2020-01,GPOR
2020-01,GPRE
2020-01,GTLS
2020-01,GTY
2020-01,GWB
2020-01,HA
2020-01,HAFC
2020-01,HAYN
2020-01,HBHC
2020-01,HCI
2020-01,HFWA
2020-01,HI
2020-01,HIBB
2020-01,HLIT
2020-01,HLX
2020-01,HMN
2020-01,HMST
2020-01,HMSY
2020-01,HOPE
2020-01,HPR
2020-01,HSC
2020-01,HSII
2020-01,HSKA
2020-01,HSTM
2020-01,HT
2020-01,HTLD
2020-01,HUBG
2020-01,HVT
2020-01,HWKN
2020-01,HYH
2020-01,HZO
2020-01,IBP
2020-01,IDTI
2020-01,IEX
2020-01,IIIN
2020-01,ILG
2020-01,INDB
2020-01,INGN
2020-01,INN
2020-01,INTL
2020-01,INVA
2020-01,IOSP
2020-01,IPAR
2020-01,IPHS
2020-01,IRBT
2020-01,IRDM
2020-01,IRT
2020-01,ISCA
2020-01,ITG
2020-01,ITGR
2020-01,ITRI
2020-01,IVC
2020-01,IVR
2020-01,JBSS
2020-01,JBT
2020-01,JCP
2020-01,JJSF
2020-01,JKHY
2020-01,JRVR
2020-01,KALU
2020-01,KAMN
2020-01,KELYA
2020-01,KEM
2020-01,KEYS
2020-01,KFY
2020-01,KIRK
2020-01,KLIC
2020-01,KLXI
2020-01,KN
2020-01,KOP
2020-01,KOPN
2020-01,KRA
2020-01,KRG
2020-01,KS
2020-01,KWR
2020-01,LABL
2020-01,LAD
2020-01,LCI
2020-01,LCII
2020-01,LDL
2020-01,LDOS
2020-01,LGIH
2020-01,LHCG
2020-01,LHO
2020-01,LION
2020-01,LKSD
2020-01,LL
2020-01,LMAT
2020-01,LMNX
2020-01,LNN
2020-01,LNTH
2020-01,LOCO
2020-01,LPNT
2020-01,LPSN
2020-01,LQDT
2020-01,LTC
2020-01,LTXB
2020-01,LW
2020-01,LXP
2020-01,LXU
2020-01,LZB
2020-01,MANT
2020-01,MATW
2020-01,MATX
2020-01,MBFI
2020-01,MCRI
2020-01,MCS
2020-01,MDC
2020-01,MDCO
2020-01,MDR
2020-01,MDXG
2020-01,MED
2020-01,MEI
2020-01,MGLN
2020-01,MGPI
2020-01,MHLD
2020-01,MHO
2020-01,MIK
2020-01,MINI
2020-01,MKTX
2020-01,MLI
2020-01,MMSI
2020-01,MNK
2020-01,MNRO
2020-01,MNTA
2020-01,MOG.A
2020-01,MOV
2020-01,MPAA
2020-01,MSTR
2020-01,MTH
2020-01,MTRN
2020-01,MTRX
2020-01,MTSC
2020-01,MXL
2020-01,MYE
2020-01,MYGN
2020-01,MYRG
2020-01,NANO
2020-01,NAVG
2020-01,NBHC
2020-01,NBR
2020-01,NBTB
2020-01,NCI
2020-01,NE
2020-01,NEOG
2020-01,NEWM
2020-01,NFBK
2020-01,NLS
2020-01,NMIH
2020-01,NP
2020-01,NPK
2020-01,NPO
2020-01,NR
2020-01,NSA
2020-01,NSIT
2020-01,NTGR
2020-01,NTRI
2020-01,NVR
2020-01,NWBI
2020-01,NWN
2020-01,NX
2020-01,NYMT
2020-01,OCLR
2020-01,OFG
2020-01,OFIX
2020-01,OIS
2020-01,OMCL
2020-01,OMI
2020-01,ONB
2020-01,OPB
2020-01,ORIT
2020-01,ORN
2020-01,OSIS
2020-01,OSPN
2020-01,OSUR
2020-01,OXM
2020-01,PAHC
2020-01,PARR
2020-01,PATK
2020-01,PAY
2020-01,PBI
2020-01,PDCE
2020-01,PDFS
2020-01,PEI
2020-01,PERY
2020-01,PES
2020-01,PETS
2020-01,PFBC
2020-01,PFS
2020-01,PGNX
2020-01,PGTI
2020-01,PJC
2020-01,PKE
2020-01,PLAB
2020-01,PLAY
2020-01,PLCE
2020-01,PLUS
2020-01,PLXS
2020-01,PMT
2020-01,POWI
2020-01,POWL
2020-01,PPBI
2020-01,PRA
2020-01,PRAA
2020-01,PRFT
2020-01,PRGS
2020-01,PRLB
2020-01,PRSC
2020-01,PRSP
2020-01,PUMP
2020-01,PVAC
2020-01,QEP
2020-01,QHC
2020-01,QLYS
2020-01,QNST
2020-01,RAVN
2020-01,RCII
2020-01,RECN
2020-01,REGI
2020-01,REI
2020-01,REX
2020-01,RGNX
2020-01,RGR
2020-01,RGS
2020-01,RH
2020-01,RLI
2020-01,RMAX
2020-01,RMBS
2020-01,ROCK
2020-01,ROG
2020-01,ROIC
2020-01,RPT
2020-01,RRC
2020-01,RRD
2020-01,RRGB
2020-01,RTEC
2020-01,RUTH
2020-01,RWT
2020-01,RYAM
2020-01,SAFT
2020-01,SAH
2020-01,SAIA
2020-01,SANM
2020-01,SBCF
2020-01,SBSI
2020-01,SCHL
2020-01,SCL
2020-01,SCSC
2020-01,SCVL
2020-01,SEM
2020-01,SENEA
2020-01,SFBS
2020-01,SFLY
2020-01,SFNC
2020-01,SHAK
2020-01,SHOO
2020-01,SIG
2020-01,SJI
2020-01,SKYW
2020-01,SLCA
2020-01,SM
2020-01,SMP
2020-01,SNBR
2020-01,SONC
2020-01,SPN
2020-01,SPOK
2020-01,SPPI
2020-01,SPSC
2020-01,SPTN
2020-01,SPXC
2020-01,SR
2020-01,SRCI
2020-01,SRDX
2020-01,SSD
2020-01,SSP
2020-01,SSTK
2020-01,STAR
2020-01,STBA
2020-01,STC
2020-01,STMP
2020-01,STRA
2020-01,SUP
2020-01,SUPN
2020-01,SVU
2020-01,SWM
2020-01,SXC
2020-01,SXI
2020-01,SYKE
2020-01,TBI
2020-01,TCF
2020-01,TFX
2020-01,TG
2020-01,TGI
2020-01,THRM
2020-01,TILE
2020-01,TISI
2020-01,TIVO
2020-01,TLRD
2020-01,TMP
2020-01,TMST
2020-01,TPRE
2020-01,TRST
2020-01,TTEC
2020-01,TTI
2020-01,TTMI
2020-01,TTS
2020-01,TUP
2020-01,TVPT
2020-01,TVTY
2020-01,TWI
2020-01,TYPE
2020-01,UBA
2020-01,UCBI
2020-01,UCTT
2020-01,UEIC
2020-01,UFCS
2020-01,UFI
2020-01,UFPI
2020-01,UHT
2020-01,UIHC
2020-01,ULTI
2020-01,UNF
2020-01,UNT
2020-01,USCR
2020-01,USPH
2020-01,UVE
2020-01,UVV
2020-01,VAL
2020-01,VECO
2020-01,VG
2020-01,VGR
2020-01,VIAV
2020-01,VICR
2020-01,VIVO
2020-01,VRA
2020-01,VREX
2020-01,VRTS
2020-01,VRTU
2020-01,VRTV
2020-01,VSI
2020-01,VSM
2020-01,VSTO
2020-01,VVC
2020-01,VVI
2020-01,WAB
2020-01,WABC
2020-01,WAGE
2020-01,WCG
2020-01,WD
2020-01,WDFC
2020-01,WDR
2020-01,WETF
2020-01,WGO
2020-01,WH
2020-01,WING
2020-01,WIRE
2020-01,WLH
2020-01,WNC
2020-01,WPG
2020-01,WRLD
2020-01,WSR
2020-01,WTS
2020-01,WWW
2020-01,XOXO
2020-01,XPER
2020-01,ZEUS
2020-01,ZUMZ
2020-02,AAOI
2020-02,AAON
2020-02,AAT
2020-02,AAWW
2020-02,ABCB
2020-02,ABG
2020-02,ABM
2020-02,ACET
2020-02,ACLS
2020-02,ACOR
2020-02,ACXM
2020-02,ADC
2020-02,ADTN
2020-02,AEGN
2020-02,AEIS
2020-02,AEL
2020-02,AGYS
2020-02,AHH
2020-02,AHL
2020-02,AIN
2020-02,AIR
2020-02,AIT
2020-02,AJRD
2020-02,AKR
2020-02,AKRX
2020-02,AKS
2020-02,ALG
2020-02,ALGT
2020-02,ALRM
2020-02,AMAG
2020-02,AMBC
2020-02,AMN
2020-02,AMPH
2020-02,AMSF
2020-02,AMWD
2020-02,ANDE
2020-02,ANF
2020-02,ANGO
2020-02,ANIK
2020-02,ANIP
2020-02,APEI
2020-02,APOG
2020-02,ARCB
2020-02,ARI
2020-02,AROC
2020-02,ARR
2020-02,ARRS
2020-02,ASIX
2020-02,ASNA
2020-02,ASRT
2020-02,ASTE
2020-02,ATNI
2020-02,ATU
2020-02,AVA
2020-02,AVAV
2020-02,AVD
2020-02,AVP
2020-02,AWR
2020-02,AXE
2020-02,AXL
2020-02,AZZ
2020-02,B
2020-02,BABY
2020-02,BANC
2020-02,BANR
2020-02,BCC
2020-02,BCEI
2020-02,BCOR
2020-02,BCPC
2020-02,BEAT
2020-02,BEL
2020-02,BELFB
2020-02,BFS
2020-02,BGFV
2020-02,BGG
2020-02,BGS
2020-02,BHE
2020-02,BHLB
2020-02,BID
2020-02,BIG
2020-02,BJRI
2020-02,BKE
2020-02,BKS
2020-02,BLD
2020-02,BMI
2020-02,BMS
2020-02,BNED
2020-02,BOFI
2020-02,BPFH
2020-02,BRC
2020-02,BRKL
2020-02,BRKS
2020-02,BRS
2020-02,CAL
2020-02,CALM
2020-02,CAMP
2020-02,CARS
2020-02,CASH
2020-02,CATM
2020-02,CATO
2020-02,CBB
2020-02,CBL
2020-02,CBM
2020-02,CBU
2020-02,CCMP
2020-02,CCOI
2020-02,CCRN
2020-02,CDR
2020-02,CECO
2020-02,CEIX
2020-02,CENT
2020-02,CENTA
2020-02,CENX
2020-02,CEVA
2020-02,CHCO
2020-02,CHCT
2020-02,CHS
2020-02,CHSP
2020-02,CHUY
2020-02,CIR
2020-02,CJ
2020-02,CKH
2020-02,CLD
2020-02,CLDT
2020-02,CLW
2020-02,CMO
2020-02,CMTL
2020-02,CNMD
2020-02,CNSL
2020-02,COHU
2020-02,COKE
2020-02,COLB
2020-02,CORE
2020-02,CORT
2020-02,CPE
2020-02,CPF
2020-02,CPS
2020-02,CPSI
2020-02,CRAY
2020-02,CROX
2020-02,CRR
2020-02,CRVL
2020-02,CRY
2020-02,CRZO
2020-02,CSGS
2020-02,CTB
2020-02,CTRE
2020-02,CTRL
2020-02,CTS
2020-02,CUB
2020-02,CUBI
2020-02,CUTR
2020-02,CVBF
2020-02,CVCO
2020-02,CVG
2020-02,CVGW
2020-02,CWT
2020-02,CYH
2020-02,CYTK
2020-02,DAKT
2020-02,DAR
2020-02,DBD
2020-02,DCOM
2020-02,DDD
2020-02,DEA
2020-02,DF
2020-02,DFIN
2020-02,DGII
2020-02,DIN
2020-02,DIOD
2020-02,DNB
2020-02,DNR
2020-02,DO
2020-02,DORM
2020-02,DPLO
2020-02,DRH
2020-02,DRQ
2020-02,DSPG
2020-02,DSW
2020-02,DXPE
2020-02,EBIX
2020-02,EBS
2020-02,ECHO
2020-02,ECOL
2020-02,ECPG
2020-02,EDR
2020-02,EE
2020-02,EFII
2020-02,EGHT
2020-02,EGL
2020-02,EGN
2020-02,EGOV
2020-02,EGRX
2020-02,EHTH
2020-02,EIG
2020-02,ELY
2020-02,ENDP
2020-02,ENSG
2020-02,ENTA
2020-02,ENVA
2020-02,EPAY
2020-02,ERA
2020-02,ESE
2020-02,ESIO
2020-02,ESL
2020-02,ESND
2020-02,ETH
2020-02,EVTC
2020-02,EXLS
2020-02,EXPO
2020-02,EXPR
2020-02,EXTN
2020-02,EXTR
2020-02,EZPW
2020-02,FARO
2020-02,FBP
2020-02,FCF
2020-02,FCN
2020-02,FCPT
2020-02,FELE
2020-02,FF
2020-02,FFBC
2020-02,FIX
2020-02,FLOW
2020-02,FMBI
2020-02,FN
2020-02,FNSR
2020-02,FORM
2020-02,FORR
2020-02,FOSL
2020-02,FOXF
2020-02,FRAN
2020-02,FRGI
2020-02,FSB
2020-02,FSP
2020-02,FSS
2020-02,FTD
2020-02,FTK
2020-02,FTNT
2020-02,FTR
2020-02,FUL
2020-02,FWRD
2020-02,GBCI
2020-02,GBX
2020-02,GCI
2020-02,GCO
2020-02,GEOS
2020-02,GES
2020-02,GFF
2020-02,GHL
2020-02,GIFI
2020-02,GIII
2020-02,GLT
2020-02,GNBC
2020-02,GNL
2020-02,GOV
2020-02,GPI
2020-02,GPOR
2020-02,GPRE
2020-02,GTLS
2020-02,GTY
2020-02,GWB
2020-02,HA
2020-02,HAFC
2020-02,HAYN
2020-02,HBHC
2020-02,HCI
2020-02,HFWA
2020-02,HI
2020-02,HIBB
2020-02,HLIT
2020-02,HLX
2020-02,HMN
2020-02,HMST
2020-02,HMSY
2020-02,HOPE
2020-02,HPR
2020-02,HSC
2020-02,HSII
2020-02,HSKA
2020-02,HSTM
2020-02,HT
2020-02,HTLD
2020-02,HUBG
2020-02,HVT
2020-02,HWKN
2020-02,HYH
2020-02,HZO
2020-02,IBP
2020-02,IDTI
2020-02,IEX
2020-02,IIIN
2020-02,ILG
2020-02,INDB
2020-02,INGN
2020-02,INN
2020-02,INTL
2020-02,INVA
2020-02,IOSP
2020-02,IPAR
2020-02,IPHS
2020-02,IRBT
2020-02,IRDM
2020-02,IRT
2020-02,ISCA
2020-02,ITG
2020-02,ITGR
2020-02,ITRI
2020-02,IVC
2020-02,IVR
2020-02,JBSS
2020-02,JBT
2020-02,JCP
2020-02,JJSF
2020-02,JKHY
2020-02,JRVR
2020-02,KALU
2020-02,KAMN
2020-02,KELYA
2020-02,KEM
2020-02,KEYS
2020-02,KFY
2020-02,KIRK
2020-02,KLIC
2020-02,KLXI
2020-02,KN
2020-02,KOP
2020-02,KOPN
2020-02,KRA
2020-02,KRG
2020-02,KS
2020-02,KWR
2020-02,LABL
2020-02,LAD
2020-02,LCI
2020-02,LCII
2020-02,LDL
2020-02,LDOS
2020-02,LGIH
2020-02,LHCG
2020-02,LHO
2020-02,LION
2020-02,LKSD
2020-02,LL
2020-02,LMAT
2020-02,LMNX
2020-02,LNN
2020-02,LNTH
2020-02,LOCO
2020-02,LPNT
2020-02,LPSN
2020-02,LQDT
2020-02,LTC
2020-02,LTXB
2020-02,LW
2020-02,LXP
2020-02,LXU
2020-02,LZB
2020-02,MANT
2020-02,MATW
2020-02,MATX
2020-02,MBFI
2020-02,MCRI
2020-02,MCS
2020-02,MDC
2020-02,MDCO
2020-02,MDR
2020-02,MDXG
2020-02,MED
2020-02,MEI
2020-02,MGLN
2020-02,MGPI
2020-02,MHLD
2020-02,MHO
2020-02,MIK
2020-02,MINI
2020-02,MKTX
2020-02,MLI
2020-02,MMSI
2020-02,MNK
2020-02,MNRO
2020-02,MNTA
2020-02,MOG.A
2020-02,MOV
2020-02,MPAA
2020-02,MSTR
2020-02,MTH
2020-02,MTRN
2020-02,MTRX
2020-02,MTSC
2020-02,MXL
2020-02,MYE
2020-02,MYGN
2020-02,MYRG
2020-02,NANO
2020-02,NAVG
2020-02,NBHC
2020-02,NBR
2020-02,NBTB
2020-02,NCI
2020-02,NE
2020-02,NEOG
2020-02,NEWM
2020-02,NFBK
2020-02,NLS
2020-02,NMIH
2020-02,NP
2020-02,NPK
2020-02,NPO
2020-02,NR
2020-02,NSA
2020-02,NSIT
2020-02,NTGR
2020-02,NTRI
2020-02,NVR
2020-02,NWBI
2020-02,NWN
2020-02,NX
2020-02,NYMT
2020-02,OCLR
2020-02,OFG
2020-02,OFIX
2020-02,OIS
2020-02,OMCL
2020-02,OMI
2020-02,ONB
2020-02,OPB
2020-02,ORIT
2020-02,ORN
2020-02,OSIS
2020-02,OSPN
2020-02,OSUR
2020-02,OXM
2020-02,PAHC
2020-02,PARR
2020-02,PATK
2020-02,PAY
2020-02,PBI
2020-02,PDCE
2020-02,PDFS
2020-02,PEI
2020-02,PERY
2020-02,PES
2020-02,PETS
2020-02,PFBC
2020-02,PFS
2020-02,PGNX
2020-02,PGTI
2020-02,PJC
2020-02,PKE
2020-02,PLAB
2020-02,PLAY
2020-02,PLCE
2020-02,PLUS
2020-02,PLXS
2020-02,PMT
2020-02,POWI
2020-02,POWL
2020-02,PPBI
2020-02,PRA
2020-02,PRAA
2020-02,PRFT
2020-02,PRGS
2020-02,PRLB
2020-02,PRSC
2020-02,PRSP
2020-02,PUMP
2020-02,PVAC
2020-02,QEP
2020-02,QHC
2020-02,QLYS
2020-02,QNST
2020-02,RAVN
2020-02,RCII
2020-02,RECN
2020-02,REGI
2020-02,REI
2020-02,REX
2020-02,RGNX
2020-02,RGR
2020-02,RGS
2020-02,RH
2020-02,RLI
2020-02,RMAX
2020-02,RMBS
2020-02,ROCK
2020-02,ROG
2020-02,ROIC
2020-02,RPT
2020-02,RRC
2020-02,RRD
2020-02,RRGB
2020-02,RTEC
2020-02,RUTH
2020-02,RWT
2020-02,RYAM
2020-02,SAFT
2020-02,SAH
2020-02,SAIA
2020-02,SANM
2020-02,SBCF
2020-02,SBSI
2020-02,SCHL
2020-02,SCL
2020-02,SCSC
2020-02,SCVL
2020-02,SEM
2020-02,SENEA
2020-02,SFBS
2020-02,SFLY
2020-02,SFNC
2020-02,SHAK
2020-02,SHOO
2020-02,SIG
2020-02,SJI
2020-02,SKYW
2020-02,SLCA
2020-02,SM
2020-02,SMP
2020-02,SNBR
2020-02,SONC
2020-02,SPN
2020-02,SPOK
2020-02,SPPI
2020-02,SPSC
2020-02,SPTN
2020-02,SPXC
2020-02,SR
2020-02,SRCI
2020-02,SRDX
2020-02,SSD
2020-02,SSP
2020-02,SSTK
2020-02,STAR
2020-02,STBA
2020-02,STC
2020-02,STMP
2020-02,STRA
2020-02,SUP
2020-02,SUPN
2020-02,SVU
2020-02,SWM
2020-02,SXC
2020-02,SXI
2020-02,SYKE
2020-02,TBI
2020-02,TCF
2020-02,TFX
2020-02,TG
2020-02,TGI
2020-02,THRM
2020-02,TILE
2020-02,TISI
2020-02,TIVO
2020-02,TLRD
2020-02,TMP
2020-02,TMST
2020-02,TPRE
2020-02,TRST
2020-02,TTEC
2020-02,TTI
2020-02,TTMI
2020-02,TTS
2020-02,TUP
2020-02,TVPT
2020-02,TVTY
2020-02,TWI
2020-02,TYPE
2020-02,UBA
2020-02,UCBI
2020-02,UCTT
2020-02,UEIC
2020-02,UFCS
2020-02,UFI
2020-02,UFPI
2020-02,UHT
2020-02,UIHC
2020-02,ULTI
2020-02,UNF
2020-02,UNT
2020-02,USCR
2020-02,USPH
2020-02,UVE
2020-02,UVV
2020-02,VAL
2020-02,VECO
2020-02,VG
2020-02,VGR
2020-02,VIAV
2020-02,VICR
2020-02,VIVO
2020-02,VRA
2020-02,VREX
2020-02,VRTS
2020-02,VRTU
2020-02,VRTV
2020-02,VSI
2020-02,VSM
2020-02,VSTO
2020-02,VVC
2020-02,VVI
2020-02,WAB
2020-02,WABC
2020-02,WAGE
2020-02,WCG
2020-02,WD
2020-02,WDFC
2020-02,WDR
2020-02,WETF
2020-02,WGO
2020-02,WH
2020-02,WING
2020-02,WIRE
2020-02,WLH
2020-02,WNC
2020-02,WPG
2020-02,WRLD
2020-02,WSR
2020-02,WTS
2020-02,WWW
2020-02,XOXO
2020-02,XPER
2020-02,ZEUS
2020-02,ZUMZ
2020-03,AAOI
2020-03,AAON
2020-03,AAT
2020-03,AAWW
2020-03,ABCB
2020-03,ABG
2020-03,ABM
2020-03,ACET
2020-03,ACLS
2020-03,ACOR
2020-03,ACXM
2020-03,ADC
2020-03,ADTN
2020-03,AEGN
2020-03,AEIS
2020-03,AEL
2020-03,AGYS
2020-03,AHH
2020-03,AHL
2020-03,AIN
2020-03,AIR
2020-03,AIT
2020-03,AJRD
2020-03,AKR
2020-03,AKRX
2020-03,AKS
2020-03,ALG
2020-03,ALGT
2020-03,ALRM
2020-03,AMAG
2020-03,AMBC
2020-03,AMN
2020-03,AMPH
2020-03,AMSF
2020-03,AMWD
2020-03,ANDE
2020-03,ANF
2020-03,ANGO
2020-03,ANIK
2020-03,ANIP
2020-03,APEI
2020-03,APOG
2020-03,ARCB
2020-03,ARI
2020-03,AROC
2020-03,ARR
2020-03,ARRS
2020-03,ASIX
2020-03,ASNA
2020-03,ASRT
2020-03,ASTE
2020-03,ATNI
2020-03,ATU
2020-03,AVA
2020-03,AVAV
2020-03,AVD
2020-03,AVP
2020-03,AWR
2020-03,AXE
2020-03,AXL
2020-03,AZZ
2020-03,B
2020-03,BABY
2020-03,BANC
2020-03,BANR
2020-03,BCC
2020-03,BCEI
2020-03,BCOR
2020-03,BCPC
2020-03,BEAT
2020-03,BEL
2020-03,BELFB
2020-03,BFS
2020-03,BGFV
2020-03,BGG
2020-03,BGS
2020-03,BHE
2020-03,BHLB
2020-03,BID
2020-03,BIG
2020-03,BJRI
2020-03,BKE
2020-03,BKS
2020-03,BLD
2020-03,BMI
2020-03,BMS
2020-03,BNED
2020-03,BOFI
2020-03,BPFH
2020-03,BRC
2020-03,BRKL
2020-03,BRKS
2020-03,BRS
2020-03,CAL
2020-03,CALM
2020-03,CAMP
2020-03,CARS
2020-03,CASH
2020-03,CATM
2020-03,CATO
2020-03,CBB
2020-03,CBL
2020-03,CBM
2020-03,CBU
2020-03,CCMP
2020-03,CCOI
2020-03,CCRN
2020-03,CDR
2020-03,CECO
2020-03,CEIX
2020-03,CENT
2020-03,CENTA
2020-03,CENX
2020-03,CEVA
2020-03,CHCO
2020-03,CHCT
2020-03,CHS
2020-03,CHSP
2020-03,CHUY
2020-03,CIR
2020-03,CJ
2020-03,CKH
2020-03,CLD
2020-03,CLDT
2020-03,CLW
2020-03,CMO
2020-03,CMTL
2020-03,CNMD
2020-03,CNSL
2020-03,COHU
2020-03,COKE
2020-03,COLB
2020-03,CORE
2020-03,CORT
2020-03,CPE
2020-03,CPF
2020-03,CPS
2020-03,CPSI
2020-03,CRAY
2020-03,CROX
2020-03,CRR
2020-03,CRVL
2020-03,CRY
2020-03,CRZO
2020-03,CSGS
2020-03,CTB
2020-03,CTRE
2020-03,CTRL
2020-03,CTS
2020-03,CUB
2020-03,CUBI
2020-03,CUTR
2020-03,CVBF
2020-03,CVCO
2020-03,CVG
2020-03,CVGW
2020-03,CWT
2020-03,CYH
2020-03,CYTK
2020-03,DAKT
2020-03,DAR
2020-03,DBD
2020-03,DCOM
2020-03,DDD
2020-03,DEA
2020-03,DF
2020-03,DFIN
2020-03,DGII
2020-03,DIN
2020-03,DIOD
2020-03,DNB
2020-03,DNR
2020-03,DO
2020-03,DORM
2020-03,DPLO
2020-03,DRH
2020-03,DRQ
2020-03,DSPG
2020-03,DSW
2020-03,DXPE
2020-03,EBIX
2020-03,EBS
2020-03,ECHO
2020-03,ECOL
2020-03,ECPG
2020-03,EDR
2020-03,EE
2020-03,EFII
2020-03,EGHT
2020-03,EGL
2020-03,EGN
2020-03,EGOV
2020-03,EGRX
2020-03,EHTH
2020-03,EIG
2020-03,ELY
2020-03,ENDP
2020-03,ENSG
2020-03,ENTA
2020-03,ENVA
2020-03,EPAY
2020-03,ERA
2020-03,ESE
2020-03,ESIO
2020-03,ESL
2020-03,ESND
2020-03,ETH
2020-03,EVTC
2020-03,EXLS
2020-03,EXPO
2020-03,EXPR
2020-03,EXTN
2020-03,EXTR
2020-03,EZPW
2020-03,FARO
2020-03,FBP
2020-03,FCF
2020-03,FCN
2020-03,FCPT
2020-03,FELE
2020-03,FF
2020-03,FFBC
2020-03,FIX
2020-03,FLOW
2020-03,FMBI
2020-03,FN
2020-03,FNSR
2020-03,FORM
2020-03,FORR
2020-03,FOSL
2020-03,FOXF
2020-03,FRAN
2020-03,FRGI
2020-03,FSB
2020-03,FSP
2020-03,FSS
2020-03,FTD
2020-03,FTK
2020-03,FTNT
2020-03,FTR
2020-03,FUL
2020-03,FWRD
2020-03,GBCI
2020-03,GBX
2020-03,GCI
2020-03,GCO
2020-03,GEOS
2020-03,GES
2020-03,GFF
2020-03,GHL
2020-03,GIFI
2020-03,GIII
2020-03,GLT
2020-03,GNBC
2020-03,GNL
2020-03,GOV
2020-03,GPI
2020-03,GPOR
2020-03,GPRE
2020-03,GTLS
2020-03,GTY
2020-03,GWB
2020-03,HA
2020-03,HAFC
2020-03,HAYN
2020-03,HBHC
2020-03,HCI
2020-03,HFWA
2020-03,HI
2020-03,HIBB
2020-03,HLIT
2020-03,HLX
2020-03,HMN
2020-03,HMST
2020-03,HMSY
2020-03,HOPE
2020-03,HPR
2020-03,HPT
2020-03,HSC
2020-03,HSII
2020-03,HSKA
2020-03,HSTM
2020-03,HT
2020-03,HTLD
2020-03,HUBG
2020-03,HVT
2020-03,HWKN
2020-03,HYH
2020-03,HZO
2020-03,IBP
2020-03,IDTI
2020-03,IEX
2020-03,IIIN
2020-03,ILG
2020-03,INDB
2020-03,INGN
2020-03,INN
2020-03,INTL
2020-03,INVA
2020-03,IOSP
2020-03,IPAR
2020-03,IPHS
2020-03,IRBT
2020-03,IRDM
2020-03,IRT
2020-03,ISCA
2020-03,ITG
2020-03,ITGR
2020-03,ITRI
2020-03,IVC
2020-03,IVR
2020-03,JBSS
2020-03,JBT
2020-03,JCP
2020-03,JJSF
2020-03,JKHY
2020-03,JRVR
2020-03,KALU
2020-03,KAMN
2020-03,KELYA
2020-03,KEM
2020-03,KEYS
2020-03,KFY
2020-03,KIRK
2020-03,KLIC
2020-03,KLXI
2020-03,KN
2020-03,KOP
2020-03,KOPN
2020-03,KRA
2020-03,KRG
2020-03,KS
2020-03,KWR
2020-03,LABL
2020-03,LAD
2020-03,LCI
2020-03,LCII
2020-03,LDL
2020-03,LDOS
2020-03,LGIH
2020-03,LHCG
2020-03,LHO
2020-03,LION
2020-03,LKSD
2020-03,LL
2020-03,LMAT
2020-03,LMNX
2020-03,LNN
2020-03,LNTH
2020-03,LOCO
2020-03,LPNT
2020-03,LPSN
2020-03,LQDT
2020-03,LTC
2020-03,LTXB
2020-03,LW
2020-03,LXP
2020-03,LXU
2020-03,LZB
2020-03,MANT
2020-03,MATW
2020-03,MATX
2020-03,MBFI
2020-03,MCRI
2020-03,MCS
2020-03,MDC
2020-03,MDCO
2020-03,MDR
2020-03,MDXG
2020-03,MED
2020-03,MEI
2020-03,MGLN
2020-03,MGPI
2020-03,MHLD
2020-03,MHO
2020-03,MIK
2020-03,MINI
2020-03,MKTX
2020-03,MLI
2020-03,MMSI
2020-03,MNK
2020-03,MNRO
2020-03,MNTA
2020-03,MOG.A
2020-03,MOV
2020-03,MPAA
2020-03,MSTR
2020-03,MTH
2020-03,MTRN
2020-03,MTRX
2020-03,MTSC
2020-03,MXL
2020-03,MYE
2020-03,MYGN
2020-03,MYRG
2020-03,NANO
2020-03,NAVG
2020-03,NBHC
2020-03,NBR
2020-03,NBTB
2020-03,NCI
2020-03,NE
2020-03,NEOG
2020-03,NEWM
2020-03,NFBK
2020-03,NLS
2020-03,NMIH
2020-03,NP
2020-03,NPK
2020-03,NPO
2020-03,NR
2020-03,NSA
2020-03,NSIT
2020-03,NTGR
2020-03,NTRI
2020-03,NVR
2020-03,NWBI
2020-03,NWN
2020-03,NX
2020-03,NYMT
2020-03,OCLR
2020-03,OFG
2020-03,OFIX
2020-03,OIS
2020-03,OMCL
2020-03,OMI
2020-03,ONB
2020-03,OPB
2020-03,ORIT
2020-03,ORN
2020-03,OSIS
2020-03,OSPN
2020-03,OSUR
2020-03,OXM
2020-03,PAHC
2020-03,PARR
2020-03,PATK
2020-03,PAY
2020-03,PBI
2020-03,PDCE
2020-03,PDFS
2020-03,PEI
2020-03,PERY
2020-03,PES
2020-03,PETS
2020-03,PFBC
2020-03,PFS
2020-03,PGNX
2020-03,PGTI
2020-03,PJC
2020-03,PKE
2020-03,PLAB
2020-03,PLAY
2020-03,PLCE
2020-03,PLUS
2020-03,PLXS
2020-03,PMT
2020-03,POWI
2020-03,POWL
2020-03,PPBI
2020-03,PRA
2020-03,PRAA
2020-03,PRFT
2020-03,PRGS
2020-03,PRLB
2020-03,PRSC
2020-03,PRSP
2020-03,PUMP
2020-03,PVAC
2020-03,QEP
2020-03,QHC
2020-03,QLYS
2020-03,QNST
2020-03,RAVN
2020-03,RCII
2020-03,RECN
2020-03,REGI
2020-03,REI
2020-03,REX
2020-03,RGNX
2020-03,RGR
2020-03,RGS
2020-03,RH
2020-03,RLI
2020-03,RMAX
2020-03,RMBS
2020-03,ROCK
2020-03,ROG
2020-03,ROIC
2020-03,RPT
2020-03,RRC
2020-03,RRD
2020-03,RRGB
2020-03,RTEC
2020-03,RUTH
2020-03,RWT
2020-03,RYAM
2020-03,SAFT
2020-03,SAH
2020-03,SAIA
2020-03,SANM
2020-03,SBCF
2020-03,SBSI
2020-03,SCHL
2020-03,SCL
2020-03,SCSC
2020-03,SCVL
2020-03,SEM
2020-03,SENEA
2020-03,SFBS
2020-03,SFLY
2020-03,SFNC
2020-03,SHAK
2020-03,SHOO
2020-03,SIG
2020-03,SJI
2020-03,SKYW
2020-03,SLCA
2020-03,SM
2020-03,SMP
2020-03,SNBR
2020-03,SONC
2020-03,SPN
2020-03,SPOK
2020-03,SPPI
2020-03,SPSC
2020-03,SPTN
2020-03,SPXC
2020-03,SR
2020-03,SRCI
2020-03,SRDX
2020-03,SSD
2020-03,SSP
2020-03,SSTK
2020-03,STAR
2020-03,STBA
2020-03,STC
2020-03,STMP
2020-03,STRA
2020-03,SUP
2020-03,SUPN
2020-03,SVU
2020-03,SWM
2020-03,SXC
2020-03,SXI
2020-03,SYKE
2020-03,TBI
2020-03,TCF
2020-03,TFX
2020-03,TG
2020-03,TGI
2020-03,THRM
2020-03,TILE
2020-03,TISI
2020-03,TIVO
2020-03,TLRD
2020-03,TMP
2020-03,TMST
2020-03,TPRE
2020-03,TRST
2020-03,TTEC
2020-03,TTI
2020-03,TTMI
2020-03,TTS
2020-03,TUP
2020-03,TVPT
2020-03,TVTY
2020-03,TWI
2020-03,TYPE
2020-03,UBA
2020-03,UCBI
2020-03,UCTT
2020-03,UEIC
2020-03,UFCS
2020-03,UFI
2020-03,UFPI
2020-03,UHT
2020-03,UIHC
2020-03,ULTI
2020-03,UNF
2020-03,UNT
2020-03,USCR
2020-03,USPH
2020-03,UVE
2020-03,UVV
2020-03,VAL
2020-03,VECO
2020-03,VG
2020-03,VGR
2020-03,VIAV
2020-03,VICR
2020-03,VIVO
2020-03,VRA
2020-03,VREX
2020-03,VRTS
2020-03,VRTU
2020-03,VRTV
2020-03,VSI
2020-03,VSM
2020-03,VSTO
2020-03,VVC
2020-03,VVI
2020-03,WAB
2020-03,WABC
2020-03,WAGE
2020-03,WCG
2020-03,WD
2020-03,WDFC
2020-03,WDR
2020-03,WETF
2020-03,WGO
2020-03,WH
2020-03,WING
2020-03,WIRE
2020-03,WLH
2020-03,WNC
2020-03,WPG
2020-03,WRLD
2020-03,WSR
2020-03,WTR
2020-03,WTS
2020-03,WWW
2020-03,XOXO
2020-03,XPER
2020-03,ZEUS
2020-03,ZUMZ
2020-04,AAOI
2020-04,AAON
2020-04,AAT
2020-04,AAWW
2020-04,ABCB
2020-04,ABG
2020-04,ABM
2020-04,ACET
2020-04,ACLS
2020-04,ACOR
2020-04,ACXM
2020-04,ADC
2020-04,ADTN
2020-04,AEGN
2020-04,AEIS
2020-04,AEL
2020-04,AGYS
2020-04,AHH
2020-04,AHL
2020-04,AIN
2020-04,AIR
2020-04,AIT
2020-04,AJRD
2020-04,AKR
2020-04,AKRX
2020-04,AKS
2020-04,ALG
2020-04,ALGT
2020-04,ALRM
2020-04,AMAG
2020-04,AMBC
2020-04,AMN
2020-04,AMPH
2020-04,AMSF
2020-04,AMWD
2020-04,ANDE
2020-04,ANF
2020-04,ANGO
2020-04,ANIK
2020-04,ANIP
2020-04,APEI
2020-04,APOG
2020-04,ARCB
2020-04,ARI
2020-04,AROC
2020-04,ARR
2020-04,ARRS
2020-04,ASIX
2020-04,ASNA
2020-04,ASRT
2020-04,ASTE
2020-04,ATNI
2020-04,ATU
2020-04,AVA
2020-04,AVAV
2020-04,AVD
2020-04,AVP
2020-04,AWR
2020-04,AXE
2020-04,AXL
2020-04,AZZ
2020-04,B
2020-04,BABY
2020-04,BANC
2020-04,BANR
2020-04,BCC
2020-04,BCEI
2020-04,BCOR
2020-04,BCPC
2020-04,BEAT
2020-04,BEL
2020-04,BELFB
2020-04,BFS
2020-04,BGFV
2020-04,BGG
2020-04,BGS
2020-04,BHE
2020-04,BHLB
2020-04,BID
2020-04,BIG
2020-04,BJRI
2020-04,BKE
2020-04,BKS
2020-04,BLD
2020-04,BMI
2020-04,BMS
2020-04,BNED
2020-04,BOFI
2020-04,BPFH
2020-04,BRC
2020-04,BRKL
2020-04,BRKS
2020-04,BRS
2020-04,CAL
2020-04,CALM
2020-04,CAMP
2020-04,CARS
2020-04,CASH
2020-04,CATM
2020-04,CATO
2020-04,CBB
2020-04,CBL
2020-04,CBM
2020-04,CBU
2020-04,CCMP
2020-04,CCOI
2020-04,CCRN
2020-04,CDR
2020-04,CECO
2020-04,CEIX
2020-04,CENT
2020-04,CENTA
2020-04,CENX
2020-04,CEVA
2020-04,CHCO
2020-04,CHCT
2020-04,CHS
2020-04,CHSP
2020-04,CHUY
2020-04,CIR
2020-04,CJ
2020-04,CKH
2020-04,CLD
2020-04,CLDT
2020-04,CLW
2020-04,CMO
2020-04,CMTL
2020-04,CNMD
2020-04,CNSL
2020-04,COHU
2020-04,COKE
2020-04,COLB
2020-04,CORE
2020-04,CORT
2020-04,CPE
2020-04,CPF
2020-04,CPS
2020-04,CPSI
2020-04,CRAY
2020-04,CROX
2020-04,CRR
2020-04,CRVL
2020-04,CRY
2020-04,CRZO
2020-04,CSGS
2020-04,CTB
2020-04,CTRE
2020-04,CTRL
2020-04,CTS
2020-04,CUB
2020-04,CUBI
2020-04,CUTR
2020-04,CVBF
2020-04,CVCO
2020-04,CVG
2020-04,CVGW
2020-04,CWT
2020-04,CYH
2020-04,CYTK
2020-04,DAKT
2020-04,DAR
2020-04,DBD
2020-04,DCOM
2020-04,DDD
2020-04,DEA
2020-04,DF
2020-04,DFIN
2020-04,DGII
2020-04,DIN
2020-04,DIOD
2020-04,DNB
2020-04,DNR
2020-04,DO
2020-04,DORM
2020-04,DPLO
2020-04,DRH
2020-04,DRQ
2020-04,DSPG
2020-04,DSW
2020-04,DXPE
2020-04,EBIX
2020-04,EBS
2020-04,ECHO
2020-04,ECOL
2020-04,ECPG
2020-04,EDR
2020-04,EE
2020-04,EFII
2020-04,EGHT
2020-04,EGL
2020-04,EGN
2020-04,EGOV
2020-04,EGRX
2020-04,EHTH
2020-04,EIG
2020-04,ELY
2020-04,ENDP
2020-04,ENSG
2020-04,ENTA
2020-04,ENVA
2020-04,EPAY
2020-04,ERA
2020-04,ESE
2020-04,ESIO
2020-04,ESL
2020-04,ESND
2020-04,ETH
2020-04,EVTC
2020-04,EXLS
2020-04,EXPO
2020-04,EXPR
2020-04,EXTN
2020-04,EXTR
2020-04,EZPW
2020-04,FARO
2020-04,FBP
2020-04,FCF
2020-04,FCN
2020-04,FCPT
2020-04,FELE
2020-04,FF
2020-04,FFBC
2020-04,FIX
2020-04,FLOW
2020-04,FMBI
2020-04,FN
2020-04,FNSR
2020-04,FORM
2020-04,FORR
2020-04,FOSL
2020-04,FOXF
2020-04,FRAN
2020-04,FRGI
2020-04,FSB
2020-04,FSP
2020-04,FSS
2020-04,FTD
2020-04,FTK
2020-04,FTNT
2020-04,FTR
2020-04,FUL
2020-04,FWRD
2020-04,GBCI
2020-04,GBX
2020-04,GCI
2020-04,GCO
2020-04,GEOS
2020-04,GES
2020-04,GFF
2020-04,GHL
2020-04,GIFI
2020-04,GIII
2020-04,GLT
2020-04,GNBC
2020-04,GNL
2020-04,GOV
2020-04,GPI
2020-04,GPOR
2020-04,GPRE
2020-04,GTLS
2020-04,GTY
2020-04,GWB
2020-04,HA
2020-04,HAFC
2020-04,HAYN
2020-04,HBHC
2020-04,HCI
2020-04,HFWA
2020-04,HI
2020-04,HIBB
2020-04,HLIT
2020-04,HLX
2020-04,HMN
2020-04,HMST
2020-04,HMSY
2020-04,HOPE
2020-04,HPR
2020-04,HPT
2020-04,HSC
2020-04,HSII
2020-04,HSKA
2020-04,HSTM
2020-04,HT
2020-04,HTLD
2020-04,HUBG
2020-04,HVT
2020-04,HWKN
2020-04,HYH
2020-04,HZO
2020-04,IBP
2020-04,IDTI
2020-04,IEX
2020-04,IIIN
2020-04,ILG
2020-04,INDB
2020-04,INGN
2020-04,INN
2020-04,INTL
2020-04,INVA
2020-04,IOSP
2020-04,IPAR
2020-04,IPHS
2020-04,IRBT
2020-04,IRDM
2020-04,IRT
2020-04,ISCA
2020-04,ITG
2020-04,ITGR
2020-04,ITRI
2020-04,IVC
2020-04,IVR
2020-04,JBSS
2020-04,JBT
2020-04,JCP
2020-04,JJSF
2020-04,JKHY
2020-04,JRVR
2020-04,KALU
2020-04,KAMN
2020-04,KELYA
2020-04,KEM
2020-04,KEYS
2020-04,KFY
2020-04,KIRK
2020-04,KLIC
2020-04,KLXI
2020-04,KN
2020-04,KOP
2020-04,KOPN
2020-04,KRA
2020-04,KRG
2020-04,KS
2020-04,KWR
2020-04,LABL
2020-04,LAD
2020-04,LCI
2020-04,LCII
2020-04,LDL
2020-04,LDOS
2020-04,LGIH
2020-04,LHCG
2020-04,LHO
2020-04,LION
2020-04,LKSD
2020-04,LL
2020-04,LMAT
2020-04,LMNX
2020-04,LNN
2020-04,LNTH
2020-04,LOCO
2020-04,LPNT
2020-04,LPSN
2020-04,LQDT
2020-04,LTC
2020-04,LTXB
2020-04,LW
2020-04,LXP
2020-04,LXU
2020-04,LZB
2020-04,MANT
2020-04,MATW
2020-04,MATX
2020-04,MBFI
2020-04,MCRI
2020-04,MCS
2020-04,MDC
2020-04,MDCO
2020-04,MDR
2020-04,MDXG
2020-04,MED
2020-04,MEI
2020-04,MGLN
2020-04,MGPI
2020-04,MHLD
2020-04,MHO
2020-04,MIK
2020-04,MINI
2020-04,MKTX
2020-04,MLI
2020-04,MMSI
2020-04,MNK
2020-04,MNRO
2020-04,MNTA
2020-04,MOG.A
2020-04,MOV
2020-04,MPAA
2020-04,MSTR
2020-04,MTH
2020-04,MTRN
2020-04,MTRX
2020-04,MTSC
2020-04,MXL
2020-04,MYE
2020-04,MYGN
2020-04,MYRG
2020-04,NANO
2020-04,NAVG
2020-04,NBHC
2020-04,NBR
2020-04,NBTB
2020-04,NCI
2020-04,NE
2020-04,NEOG
2020-04,NEWM
2020-04,NFBK
2020-04,NLS
2020-04,NMIH
2020-04,NP
2020-04,NPK
2020-04,NPO
2020-04,NR
2020-04,NSA
2020-04,NSIT
2020-04,NTGR
2020-04,NTRI
2020-04,NVR
2020-04,NWBI
2020-04,NWN
2020-04,NX
2020-04,NYMT
2020-04,OCLR
2020-04,OFG
2020-04,OFIX
2020-04,OIS
2020-04,OMCL
2020-04,OMI
2020-04,ONB
2020-04,OPB
2020-04,ORIT
2020-04,ORN
2020-04,OSIS
2020-04,OSPN
2020-04,OSUR
2020-04,OXM
2020-04,PAHC
2020-04,PARR
2020-04,PATK
2020-04,PAY
2020-04,PBI
2020-04,PDCE
2020-04,PDFS
2020-04,PEI
2020-04,PERY
2020-04,PES
2020-04,PETS
2020-04,PFBC
2020-04,PFS
2020-04,PGNX
2020-04,PGTI
2020-04,PJC
2020-04,PKE
2020-04,PLAB
2020-04,PLAY
2020-04,PLCE
2020-04,PLUS
2020-04,PLXS
2020-04,PMT
2020-04,POWI
2020-04,POWL
2020-04,PPBI
2020-04,PRA
2020-04,PRAA
2020-04,PRFT
2020-04,PRGS
2020-04,PRLB
2020-04,PRSC
2020-04,PRSP
2020-04,PUMP
2020-04,PVAC
2020-04,QEP
2020-04,QHC
2020-04,QLYS
2020-04,QNST
2020-04,RAVN
2020-04,RCII
2020-04,RECN
2020-04,REGI
2020-04,REI
2020-04,REX
2020-04,RGNX
2020-04,RGR
2020-04,RGS
2020-04,RH
2020-04,RLI
2020-04,RMAX
2020-04,RMBS
2020-04,ROCK
2020-04,ROG
2020-04,ROIC
2020-04,RPT
2020-04,RRC
2020-04,RRD
2020-04,RRGB
2020-04,RTEC
2020-04,RUTH
2020-04,RWT
2020-04,RYAM
2020-04,SAFT
2020-04,SAH
2020-04,SAIA
2020-04,SANM
2020-04,SBCF
2020-04,SBSI
2020-04,SCHL
2020-04,SCL
2020-04,SCSC
2020-04,SCVL
2020-04,SEM
2020-04,SENEA
2020-04,SFBS
2020-04,SFLY
2020-04,SFNC
2020-04,SHAK
2020-04,SHOO
2020-04,SIG
2020-04,SJI
2020-04,SKYW
2020-04,SLCA
2020-04,SM
2020-04,SMP
2020-04,SNBR
2020-04,SONC
2020-04,SPN
2020-04,SPOK
2020-04,SPPI
2020-04,SPSC
2020-04,SPTN
2020-04,SPXC
2020-04,SR
2020-04,SRCI
2020-04,SRDX
2020-04,SSD
2020-04,SSP
2020-04,SSTK
2020-04,STAR
2020-04,STBA
2020-04,STC
2020-04,STMP
2020-04,STRA
2020-04,SUP
2020-04,SUPN
2020-04,SVU
2020-04,SWM
2020-04,SXC
2020-04,SXI
2020-04,SYKE
2020-04,TBI
2020-04,TCF
2020-04,TFX
2020-04,TG
2020-04,TGI
2020-04,THRM
2020-04,TILE
2020-04,TISI
2020-04,TIVO
2020-04,TLRD
2020-04,TMP
2020-04,TMST
2020-04,TPRE
2020-04,TRST
2020-04,TTEC
2020-04,TTI
2020-04,TTMI
2020-04,TTS
2020-04,TUP
2020-04,TVPT
2020-04,TVTY
2020-04,TWI
2020-04,TYPE
2020-04,UBA
2020-04,UCBI
2020-04,UCTT
2020-04,UEIC
2020-04,UFCS
2020-04,UFI
2020-04,UFPI
2020-04,UHT
2020-04,UIHC
2020-04,ULTI
2020-04,UNF
2020-04,UNT
2020-04,USCR
2020-04,USPH
2020-04,UVE
2020-04,UVV
2020-04,VAL
2020-04,VECO
2020-04,VG
2020-04,VGR
2020-04,VIAV
2020-04,VICR
2020-04,VIVO
2020-04,VRA
2020-04,VREX
2020-04,VRTS
2020-04,VRTU
2020-04,VRTV
2020-04,VSI
2020-04,VSM
2020-04,VSTO
2020-04,VVC
2020-04,VVI
2020-04,WAB
2020-04,WABC
2020-04,WAGE
2020-04,WCG
2020-04,WD
2020-04,WDFC
2020-04,WDR
2020-04,WETF
2020-04,WGO
2020-04,WH
2020-04,WING
2020-04,WIRE
2020-04,WLH
2020-04,WNC
2020-04,WPG
2020-04,WRLD
2020-04,WSR
2020-04,WTR
2020-04,WTS
2020-04,WWW
2020-04,XOXO
2020-04,XPER
2020-04,ZEUS
2020-04,ZUMZ
2020-05,AAOI
2020-05,AAON
2020-05,AAT
2020-05,AAWW
2020-05,ABCB
2020-05,ABG
2020-05,ABM
2020-05,ACET
2020-05,ACLS
2020-05,ACOR
2020-05,ACXM
2020-05,ADC
2020-05,ADTN
2020-05,AEGN
2020-05,AEIS
2020-05,AEL
2020-05,AGYS
2020-05,AHH
2020-05,AHL
2020-05,AIN
2020-05,AIR
2020-05,AIT
2020-05,AJRD
2020-05,AKR
2020-05,AKRX
2020-05,AKS
2020-05,ALG
2020-05,ALGT
2020-05,ALRM
2020-05,AMAG
2020-05,AMBC
2020-05,AMN
2020-05,AMPH
2020-05,AMSF
2020-05,AMWD
2020-05,ANDE
2020-05,ANF
2020-05,ANGO
2020-05,ANIK
2020-05,ANIP
2020-05,APEI
2020-05,APOG
2020-05,ARCB
2020-05,ARI
2020-05,AROC
2020-05,ARR
2020-05,ARRS
2020-05,ASIX
2020-05,ASNA
2020-05,ASRT
2020-05,ASTE
2020-05,ATNI
2020-05,ATU
2020-05,AVA
2020-05,AVAV
2020-05,AVD
2020-05,AVP
2020-05,AWR
2020-05,AXE
2020-05,AXL
2020-05,AZZ
2020-05,B
2020-05,BABY
2020-05,BANC
2020-05,BANR
2020-05,BCC
2020-05,BCEI
2020-05,BCOR
2020-05,BCPC
2020-05,BEAT
2020-05,BEL
2020-05,BELFB
2020-05,BFS
2020-05,BGFV
2020-05,BGG
2020-05,BGS
2020-05,BHE
2020-05,BHLB
2020-05,BID
2020-05,BIG
2020-05,BJRI
2020-05,BKE
2020-05,BKS
2020-05,BLD
2020-05,BMI
2020-05,BMS
2020-05,BNED
2020-05,BOFI
2020-05,BPFH
2020-05,BRC
2020-05,BRKL
2020-05,BRKS
2020-05,BRS
2020-05,CAL
2020-05,CALM
2020-05,CAMP
2020-05,CARS
2020-05,CASH
2020-05,CATM
2020-05,CATO
2020-05,CBB
2020-05,CBL
2020-05,CBM
2020-05,CBU
2020-05,CCMP
2020-05,CCOI
2020-05,CCRN
2020-05,CDR
2020-05,CECO
2020-05,CEIX
2020-05,CENT
2020-05,CENTA
2020-05,CENX
2020-05,CEVA
2020-05,CHCO
2020-05,CHCT
2020-05,CHS
2020-05,CHSP
2020-05,CHUY
2020-05,CIR
2020-05,CJ
2020-05,CKH
2020-05,CLD
2020-05,CLDT
2020-05,CLW
2020-05,CMO
2020-05,CMTL
2020-05,CNMD
2020-05,CNSL
2020-05,COHU
2020-05,COKE
2020-05,COLB
2020-05,CORE
2020-05,CORT
2020-05,CPE
2020-05,CPF
2020-05,CPS
2020-05,CPSI
2020-05,CRAY
2020-05,CROX
2020-05,CRR
2020-05,CRVL
2020-05,CRY
2020-05,CRZO
2020-05,CSGS
2020-05,CTB
2020-05,CTRE
2020-05,CTRL
2020-05,CTS
2020-05,CUB
2020-05,CUBI
2020-05,CUTR
2020-05,CVBF
2020-05,CVCO
2020-05,CVG
2020-05,CVGW
2020-05,CWT
2020-05,CYH
2020-05,CYTK
2020-05,DAKT
2020-05,DAR
2020-05,DBD
2020-05,DCOM
2020-05,DDD
2020-05,DEA
2020-05,DF
2020-05,DFIN
2020-05,DGII
2020-05,DIN
2020-05,DIOD
2020-05,DNB
2020-05,DNR
2020-05,DO
2020-05,DORM
2020-05,DPLO
2020-05,DRH
2020-05,DRQ
2020-05,DSPG
2020-05,DSW
2020-05,DXPE
2020-05,EBIX
2020-05,EBS
2020-05,ECHO
2020-05,ECOL
2020-05,ECPG
2020-05,EDR
2020-05,EE
2020-05,EFII
2020-05,EGHT
2020-05,EGL
2020-05,EGN
2020-05,EGOV
2020-05,EGRX
2020-05,EHTH
2020-05,EIG
2020-05,ELY
2020-05,ENDP
2020-05,ENSG
2020-05,ENTA
2020-05,ENVA
2020-05,EPAY
2020-05,ERA
2020-05,ESE
2020-05,ESIO
2020-05,ESL
2020-05,ESND
2020-05,ETH
2020-05,EVTC
2020-05,EXLS
2020-05,EXPO
2020-05,EXPR
2020-05,EXTN
2020-05,EXTR
2020-05,EZPW
2020-05,FARO
2020-05,FBP
2020-05,FCF
2020-05,FCN
2020-05,FCPT
2020-05,FELE
2020-05,FF
2020-05,FFBC
2020-05,FIX
2020-05,FLOW
2020-05,FMBI
2020-05,FN
2020-05,FNSR
2020-05,FORM
2020-05,FORR
2020-05,FOSL
2020-05,FOXF
2020-05,FRAN
2020-05,FRGI
2020-05,FSB
2020-05,FSP
2020-05,FSS
2020-05,FTD
2020-05,FTK
2020-05,FTNT
2020-05,FTR
2020-05,FUL
2020-05,FWRD
2020-05,GBCI
2020-05,GBX
2020-05,GCI
2020-05,GCO
2020-05,GEOS
2020-05,GES
2020-05,GFF
2020-05,GHL
2020-05,GIFI
2020-05,GIII
2020-05,GLT
2020-05,GNBC
2020-05,GNL
2020-05,GOV
2020-05,GPI
2020-05,GPOR
2020-05,GPRE
2020-05,GTLS
2020-05,GTY
2020-05,GWB
2020-05,HA
2020-05,HAFC
2020-05,HAYN
2020-05,HBHC
2020-05,HCI
2020-05,HFWA
2020-05,HI
2020-05,HIBB
2020-05,HLIT
2020-05,HLX
2020-05,HMN
2020-05,HMST
2020-05,HMSY
2020-05,HOPE
2020-05,HPR
2020-05,HPT
2020-05,HSC
2020-05,HSII
2020-05,HSKA
2020-05,HSTM
2020-05,HT
2020-05,HTLD
2020-05,HUBG
2020-05,HVT
2020-05,HWKN
2020-05,HYH
2020-05,HZO
2020-05,IBP
2020-05,IDTI
2020-05,IEX
2020-05,IIIN
2020-05,ILG
2020-05,INDB
2020-05,INGN
2020-05,INN
2020-05,INTL
2020-05,INVA
2020-05,IOSP
2020-05,IPAR
2020-05,IPHS
2020-05,IRBT
2020-05,IRDM
2020-05,IRT
2020-05,ISCA
2020-05,ITG
2020-05,ITGR
2020-05,ITRI
2020-05,IVC
2020-05,IVR
2020-05,JBSS
2020-05,JBT
2020-05,JCP
2020-05,JJSF
2020-05,JKHY
2020-05,JRVR
2020-05,KALU
2020-05,KAMN
2020-05,KELYA
2020-05,KEM
2020-05,KEYS
2020-05,KFY
2020-05,KIRK
2020-05,KLIC
2020-05,KLXI
2020-05,KN
2020-05,KOP
2020-05,KOPN
2020-05,KRA
2020-05,KRG
2020-05,KS
2020-05,KWR
2020-05,LABL
2020-05,LAD
2020-05,LCI
2020-05,LCII
2020-05,LDL
2020-05,LDOS
2020-05,LGIH
2020-05,LHCG
2020-05,LHO
2020-05,LION
2020-05,LKSD
2020-05,LL
2020-05,LMAT
2020-05,LMNX
2020-05,LNN
2020-05,LNTH
2020-05,LOCO
2020-05,LPNT
2020-05,LPSN
2020-05,LQDT
2020-05,LTC
2020-05,LTXB
2020-05,LW
2020-05,LXP
2020-05,LXU
2020-05,LZB
2020-05,MANT
2020-05,MATW
2020-05,MATX
2020-05,MBFI
2020-05,MCRI
2020-05,MCS
2020-05,MDC
2020-05,MDCO
2020-05,MDR
2020-05,MDXG
2020-05,MED
2020-05,MEI
2020-05,MGLN
2020-05,MGPI
2020-05,MHLD
2020-05,MHO
2020-05,MIK
2020-05,MINI
2020-05,MKTX
2020-05,MLI
2020-05,MMSI
2020-05,MNK
2020-05,MNRO
2020-05,MNTA
2020-05,MOG.A
2020-05,MOV
2020-05,MPAA
2020-05,MSTR
2020-05,MTH
2020-05,MTRN
2020-05,MTRX
2020-05,MTSC
2020-05,MXL
2020-05,MYE
2020-05,MYGN
2020-05,MYRG
2020-05,NANO
2020-05,NAVG
2020-05,NBHC
2020-05,NBR
2020-05,NBTB
2020-05,NCI
2020-05,NE
2020-05,NEOG
2020-05,NEWM
2020-05,NFBK
2020-05,NLS
2020-05,NMIH
2020-05,NP
2020-05,NPK
2020-05,NPO
2020-05,NR
2020-05,NSA
2020-05,NSIT
2020-05,NTGR
2020-05,NTRI
2020-05,NVR
2020-05,NWBI
2020-05,NWN
2020-05,NX
2020-05,NYMT
2020-05,OCLR
2020-05,OFG
2020-05,OFIX
2020-05,OIS
2020-05,OMCL
2020-05,OMI
2020-05,ONB
2020-05,OPB
2020-05,ORIT
2020-05,ORN
2020-05,OSIS
2020-05,OSPN
2020-05,OSUR
2020-05,OXM
2020-05,PAHC
2020-05,PARR
2020-05,PATK
2020-05,PAY
2020-05,PBI
2020-05,PDCE
2020-05,PDFS
2020-05,PEI
2020-05,PERY
2020-05,PES
2020-05,PETS
2020-05,PFBC
2020-05,PFS
2020-05,PGNX
2020-05,PGTI
2020-05,PJC
2020-05,PKE
2020-05,PLAB
2020-05,PLAY
2020-05,PLCE
2020-05,PLUS
2020-05,PLXS
2020-05,PMT
2020-05,POWI
2020-05,POWL
2020-05,PPBI
2020-05,PRA
2020-05,PRAA
2020-05,PRFT
2020-05,PRGS
2020-05,PRLB
2020-05,PRSC
2020-05,PRSP
2020-05,PUMP
2020-05,PVAC
2020-05,QEP
2020-05,QHC
2020-05,QLYS
2020-05,QNST
2020-05,RAVN
2020-05,RCII
2020-05,RECN
2020-05,REGI
2020-05,REI
2020-05,REX
2020-05,RGNX
2020-05,RGR
2020-05,RGS
2020-05,RH
2020-05,RLI
2020-05,RMAX
2020-05,RMBS
2020-05,ROCK
2020-05,ROG
2020-05,ROIC
2020-05,RPT
2020-05,RRC
2020-05,RRD
2020-05,RRGB
2020-05,RTEC
2020-05,RUTH
2020-05,RWT
2020-05,RYAM
2020-05,SAFT
2020-05,SAH
2020-05,SAIA
2020-05,SANM
2020-05,SBCF
2020-05,SBSI
2020-05,SCHL
2020-05,SCL
2020-05,SCSC
2020-05,SCVL
2020-05,SEM
2020-05,SENEA
2020-05,SFBS
2020-05,SFLY
2020-05,SFNC
2020-05,SHAK
2020-05,SHOO
2020-05,SIG
2020-05,SJI
2020-05,SKYW
2020-05,SLCA
2020-05,SM
2020-05,SMP
2020-05,SNBR
2020-05,SONC
2020-05,SPN
2020-05,SPOK
2020-05,SPPI
2020-05,SPSC
2020-05,SPTN
2020-05,SPXC
2020-05,SR
2020-05,SRCI
2020-05,SRDX
2020-05,SSD
2020-05,SSP
2020-05,SSTK
2020-05,STAR
2020-05,STBA
2020-05,STC
2020-05,STMP
2020-05,STRA
2020-05,SUP
2020-05,SUPN
2020-05,SVU
2020-05,SWM
2020-05,SXC
2020-05,SXI
2020-05,SYKE
2020-05,TBI
2020-05,TCF
2020-05,TFX
2020-05,TG
2020-05,TGI
2020-05,THRM
2020-05,TILE
2020-05,TISI
2020-05,TIVO
2020-05,TLRD
2020-05,TMP
2020-05,TMST
2020-05,TPRE
2020-05,TRST
2020-05,TTEC
2020-05,TTI
2020-05,TTMI
2020-05,TTS
2020-05,TUP
2020-05,TVPT
2020-05,TVTY
2020-05,TWI
2020-05,TYPE
2020-05,UBA
2020-05,UCBI
2020-05,UCTT
2020-05,UEIC
2020-05,UFCS
2020-05,UFI
2020-05,UFPI
2020-05,UHT
2020-05,UIHC
2020-05,ULTI
2020-05,UNF
2020-05,UNT
2020-05,USCR
2020-05,USPH
2020-05,UVE
2020-05,UVV
2020-05,VAL
2020-05,VECO
2020-05,VG
2020-05,VGR
2020-05,VIAV
2020-05,VICR
2020-05,VIVO
2020-05,VRA
2020-05,VREX
2020-05,VRTS
2020-05,VRTU
2020-05,VRTV
2020-05,VSI
2020-05,VSM
2020-05,VSTO
2020-05,VVC
2020-05,VVI
2020-05,WAB
2020-05,WABC
2020-05,WAGE
2020-05,WCG
2020-05,WD
2020-05,WDFC
2020-05,WDR
2020-05,WETF
2020-05,WGO
2020-05,WH
2020-05,WING
2020-05,WIRE
2020-05,WLH
2020-05,WNC
2020-05,WPG
2020-05,WRLD
2020-05,WSR
2020-05,WTR
2020-05,WTS
2020-05,WWW
2020-05,XOXO
2020-05,XPER
2020-05,ZEUS
2020-05,ZUMZ
2020-06,AAOI
2020-06,AAON
2020-06,AAT
2020-06,AAWW
2020-06,ABCB
2020-06,ABG
2020-06,ABM
2020-06,ACET
2020-06,ACLS
2020-06,ACOR
2020-06,ACXM
2020-06,ADC
2020-06,ADTN
2020-06,AEGN
2020-06,AEIS
2020-06,AEL
2020-06,AGYS
2020-06,AHH
2020-06,AHL
2020-06,AIN
2020-06,AIR
2020-06,AIT
2020-06,AJRD
2020-06,AKR
2020-06,AKRX
2020-06,AKS
2020-06,ALG
2020-06,ALGT
2020-06,ALRM
2020-06,AMAG
2020-06,AMBC
2020-06,AMN
2020-06,AMPH
2020-06,AMSF
2020-06,AMWD
2020-06,ANDE
2020-06,ANF
2020-06,ANGO
2020-06,ANIK
2020-06,ANIP
2020-06,APEI
2020-06,APOG
2020-06,ARCB
2020-06,ARI
2020-06,AROC
2020-06,ARR
2020-06,ARRS
2020-06,ASIX
2020-06,ASNA
2020-06,ASRT
2020-06,ASTE
2020-06,ATNI
2020-06,ATU
2020-06,AVA
2020-06,AVAV
2020-06,AVD
2020-06,AVP
2020-06,AWR
2020-06,AXE
2020-06,AXL
2020-06,AZZ
2020-06,B
2020-06,BABY
2020-06,BANC
2020-06,BANR
2020-06,BCC
2020-06,BCEI
2020-06,BCOR
2020-06,BCPC
2020-06,BEAT
2020-06,BEL
2020-06,BELFB
2020-06,BFS
2020-06,BGFV
2020-06,BGG
2020-06,BGS
2020-06,BHE
2020-06,BHLB
2020-06,BID
2020-06,BIG
2020-06,BJRI
2020-06,BKE
2020-06,BKS
2020-06,BLD
2020-06,BMI
2020-06,BMS
2020-06,BNED
2020-06,BOFI
2020-06,BPFH
2020-06,BRC
2020-06,BRKL
2020-06,BRKS
2020-06,BRS
2020-06,CAL
2020-06,CALM
2020-06,CAMP
2020-06,CARS
2020-06,CASH
2020-06,CATM
2020-06,CATO
2020-06,CBB
2020-06,CBL
2020-06,CBM
2020-06,CBU
2020-06,CCMP
2020-06,CCOI
2020-06,CCRN
2020-06,CDR
2020-06,CECO
2020-06,CEIX
2020-06,CENT
2020-06,CENTA
2020-06,CENX
2020-06,CEVA
2020-06,CHCO
2020-06,CHCT
2020-06,CHS
2020-06,CHSP
2020-06,CHUY
2020-06,CIR
2020-06,CJ
2020-06,CKH
2020-06,CLD
2020-06,CLDT
2020-06,CLW
2020-06,CMO
2020-06,CMTL
2020-06,CNMD
2020-06,CNSL
2020-06,COHU
2020-06,COKE
2020-06,COLB
2020-06,CORE
2020-06,CORT
2020-06,CPE
2020-06,CPF
2020-06,CPS
2020-06,CPSI
2020-06,CRAY
2020-06,CROX
2020-06,CRR
2020-06,CRVL
2020-06,CRY
2020-06,CRZO
2020-06,CSGS
2020-06,CTB
2020-06,CTRE
2020-06,CTRL
2020-06,CTS
2020-06,CUB
2020-06,CUBI
2020-06,CUTR
2020-06,CVBF
2020-06,CVCO
2020-06,CVG
2020-06,CVGW
2020-06,CWT
2020-06,CYH
2020-06,CYTK
2020-06,DAKT
2020-06,DAR
2020-06,DBD
2020-06,DCOM
2020-06,DDD
2020-06,DEA
2020-06,DF
2020-06,DFIN
2020-06,DGII
2020-06,DIN
2020-06,DIOD
2020-06,DNB
2020-06,DNR
2020-06,DO
2020-06,DORM
2020-06,DPLO
2020-06,DRH
2020-06,DRQ
2020-06,DSPG
2020-06,DSW
2020-06,DXPE
2020-06,EBIX
2020-06,EBS
2020-06,ECHO
2020-06,ECOL
2020-06,ECPG
2020-06,EDR
2020-06,EE
2020-06,EFII
2020-06,EGHT
2020-06,EGL
2020-06,EGN
2020-06,EGOV
2020-06,EGRX
2020-06,EHTH
2020-06,EIG
2020-06,ELY
2020-06,ENDP
2020-06,ENSG
2020-06,ENTA
2020-06,ENVA
2020-06,EPAY
2020-06,ERA
2020-06,ESE
2020-06,ESIO
2020-06,ESL
2020-06,ESND
2020-06,ETH
2020-06,EVTC
2020-06,EXLS
2020-06,EXPO
2020-06,EXPR
2020-06,EXTN
2020-06,EXTR
2020-06,EZPW
2020-06,FARO
2020-06,FBP
2020-06,FCF
2020-06,FCN
2020-06,FCPT
2020-06,FELE
2020-06,FF
2020-06,FFBC
2020-06,FIX
2020-06,FLOW
2020-06,FMBI
2020-06,FN
2020-06,FNSR
2020-06,FORM
2020-06,FORR
2020-06,FOSL
2020-06,FOXF
2020-06,FRAN
2020-06,FRGI
2020-06,FSB
2020-06,FSP
2020-06,FSS
2020-06,FTD
2020-06,FTK
2020-06,FTNT
2020-06,FTR
2020-06,FUL
2020-06,FWRD
2020-06,GBCI
2020-06,GBX
2020-06,GCI
2020-06,GCO
2020-06,GEOS
2020-06,GES
2020-06,GFF
2020-06,GHL
2020-06,GIFI
2020-06,GIII
2020-06,GLT
2020-06,GNBC
2020-06,GNL
2020-06,GOV
2020-06,GPI
2020-06,GPOR
2020-06,GPRE
2020-06,GTLS
2020-06,GTY
2020-06,GWB
2020-06,HA
2020-06,HAFC
2020-06,HAYN
2020-06,HBHC
2020-06,HCI
2020-06,HFWA
2020-06,HI
2020-06,HIBB
2020-06,HLIT
2020-06,HLX
2020-06,HMN
2020-06,HMST
2020-06,HMSY
2020-06,HOPE
2020-06,HPR
2020-06,HPT
2020-06,HSC
2020-06,HSII
2020-06,HSKA
2020-06,HSTM
2020-06,HT
2020-06,HTLD
2020-06,HUBG
2020-06,HVT
2020-06,HWKN
2020-06,HYH
2020-06,HZO
2020-06,IBP
2020-06,IDTI
2020-06,IEX
2020-06,IIIN
2020-06,ILG
2020-06,INDB
2020-06,INGN
2020-06,INN
2020-06,INTL
2020-06,INVA
2020-06,IOSP
2020-06,IPAR
2020-06,IPHS
2020-06,IRBT
2020-06,IRDM
2020-06,IRT
2020-06,ISCA
2020-06,ITG
2020-06,ITGR
2020-06,ITRI
2020-06,IVC
2020-06,IVR
2020-06,JBSS
2020-06,JBT
2020-06,JCP
2020-06,JJSF
2020-06,JKHY
2020-06,JRVR
2020-06,KALU
2020-06,KAMN
2020-06,KELYA
2020-06,KEM
2020-06,KEYS
2020-06,KFY
2020-06,KIRK
2020-06,KLIC
2020-06,KLXI
2020-06,KN
2020-06,KOP
2020-06,KOPN
2020-06,KRA
2020-06,KRG
2020-06,KS
2020-06,KWR
2020-06,LABL
2020-06,LAD
2020-06,LCI
2020-06,LCII
2020-06,LDL
2020-06,LDOS
2020-06,LGIH
2020-06,LHCG
2020-06,LHO
2020-06,LION
2020-06,LKSD
2020-06,LL
2020-06,LMAT
2020-06,LMNX
2020-06,LNN
2020-06,LNTH
2020-06,LOCO
2020-06,LPNT
2020-06,LPSN
2020-06,LQDT
2020-06,LTC
2020-06,LTXB
2020-06,LW
2020-06,LXP
2020-06,LXU
2020-06,LZB
2020-06,MANT
2020-06,MATW
2020-06,MATX
2020-06,MBFI
2020-06,MCRI
2020-06,MCS
2020-06,MDC
2020-06,MDCO
2020-06,MDR
2020-06,MDXG
2020-06,MED
2020-06,MEI
2020-06,MGLN
2020-06,MGPI
2020-06,MHLD
2020-06,MHO
2020-06,MIK
2020-06,MINI
2020-06,MKTX
2020-06,MLI
2020-06,MMSI
2020-06,MNK
2020-06,MNRO
2020-06,MNTA
2020-06,MOG.A
2020-06,MOV
2020-06,MPAA
2020-06,MSTR
2020-06,MTH
2020-06,MTRN
2020-06,MTRX
2020-06,MTSC
2020-06,MXL
2020-06,MYE
2020-06,MYGN
2020-06,MYRG
2020-06,NANO
2020-06,NAVG
2020-06,NBHC
2020-06,NBR
2020-06,NBTB
2020-06,NCI
2020-06,NE
2020-06,NEOG
2020-06,NEWM
2020-06,NFBK
2020-06,NLS
2020-06,NMIH
2020-06,NP
2020-06,NPK
2020-06,NPO
2020-06,NR
2020-06,NSA
2020-06,NSIT
2020-06,NTGR
2020-06,NTRI
2020-06,NVR
2020-06,NWBI
2020-06,NWN
2020-06,NX
2020-06,NYMT
2020-06,OCLR
2020-06,OFG
2020-06,OFIX
2020-06,OIS
2020-06,OMCL
2020-06,OMI
2020-06,ONB
2020-06,OPB
2020-06,ORIT
2020-06,ORN
2020-06,OSIS
2020-06,OSPN
2020-06,OSUR
2020-06,OXM
2020-06,PAHC
2020-06,PARR
2020-06,PATK
2020-06,PAY
2020-06,PBI
2020-06,PDCE
2020-06,PDFS
2020-06,PEI
2020-06,PERY
2020-06,PES
2020-06,PETS
2020-06,PFBC
2020-06,PFS
2020-06,PGNX
2020-06,PGTI
2020-06,PJC
2020-06,PKE
2020-06,PLAB
2020-06,PLAY
2020-06,PLCE
2020-06,PLUS
2020-06,PLXS
2020-06,PMT
2020-06,POWI
2020-06,POWL
2020-06,PPBI
2020-06,PRA
2020-06,PRAA
2020-06,PRFT
2020-06,PRGS
2020-06,PRLB
2020-06,PRSC
2020-06,PRSP
2020-06,PUMP
2020-06,PVAC
2020-06,QEP
2020-06,QHC
2020-06,QLYS
2020-06,QNST
2020-06,RAVN
2020-06,RCII
2020-06,RECN
2020-06,REGI
2020-06,REI
2020-06,REX
2020-06,RGNX
2020-06,RGR
2020-06,RGS
2020-06,RH
2020-06,RLI
2020-06,RMAX
2020-06,RMBS
2020-06,ROCK
2020-06,ROG
2020-06,ROIC
2020-06,RPT
2020-06,RRC
2020-06,RRD
2020-06,RRGB
2020-06,RTEC
2020-06,RUTH
2020-06,RWT
2020-06,RYAM
2020-06,SAFT
2020-06,SAH
2020-06,SAIA
2020-06,SANM
2020-06,SBCF
2020-06,SBSI
2020-06,SCHL
2020-06,SCL
2020-06,SCSC
2020-06,SCVL
2020-06,SEM
2020-06,SENEA
2020-06,SFBS
2020-06,SFLY
2020-06,SFNC
2020-06,SHAK
2020-06,SHOO
2020-06,SIG
2020-06,SJI
2020-06,SKYW
2020-06,SLCA
2020-06,SM
2020-06,SMP
2020-06,SNBR
2020-06,SONC
2020-06,SPN
2020-06,SPOK
2020-06,SPPI
2020-06,SPSC
2020-06,SPTN
2020-06,SPXC
2020-06,SR
2020-06,SRCI
2020-06,SRDX
2020-06,SSD
2020-06,SSP
2020-06,SSTK
2020-06,STAR
2020-06,STBA
2020-06,STC
2020-06,STMP
2020-06,STRA
2020-06,SUP
2020-06,SUPN
2020-06,SVU
2020-06,SWM
2020-06,SXC
2020-06,SXI
2020-06,SYKE
2020-06,TBI
2020-06,TCF
2020-06,TFX
2020-06,TG
2020-06,TGI
2020-06,THRM
2020-06,TILE
2020-06,TISI
2020-06,TIVO
2020-06,TLRD
2020-06,TMP
2020-06,TMST
2020-06,TPRE
2020-06,TRST
2020-06,TTEC
2020-06,TTI
2020-06,TTMI
2020-06,TTS
2020-06,TUP
2020-06,TVPT
2020-06,TVTY
2020-06,TWI
2020-06,TYPE
2020-06,UBA
2020-06,UCBI
2020-06,UCTT
2020-06,UEIC
2020-06,UFCS
2020-06,UFI
2020-06,UFPI
2020-06,UHT
2020-06,UIHC
2020-06,ULTI
2020-06,UNF
2020-06,UNT
2020-06,USCR
2020-06,USPH
2020-06,UVE
2020-06,UVV
2020-06,VAL
2020-06,VECO
2020-06,VG
2020-06,VGR
2020-06,VIAV
2020-06,VICR
2020-06,VIVO
2020-06,VRA
2020-06,VREX
2020-06,VRTS
2020-06,VRTU
2020-06,VRTV
2020-06,VSI
2020-06,VSM
2020-06,VSTO
2020-06,VVC
2020-06,VVI
2020-06,WAB
2020-06,WABC
2020-06,WAGE
2020-06,WCG
2020-06,WD
2020-06,WDFC
2020-06,WDR
2020-06,WETF
2020-06,WGO
2020-06,WH
2020-06,WING
2020-06,WIRE
2020-06,WLH
2020-06,WNC
2020-06,WPG
2020-06,WRLD
2020-06,WSR
2020-06,WTR
2020-06,WTS
2020-06,WWW
2020-06,XOXO
2020-06,XPER
2020-06,ZEUS
2020-06,ZUMZ
2020-07,AAOI
2020-07,AAON
2020-07,AAT
2020-07,AAWW
2020-07,ABCB
2020-07,ABG
2020-07,ABM
2020-07,ACLS
2020-07,ADC
2020-07,ADTN
2020-07,AEGN
2020-07,AEIS
2020-07,AEL
2020-07,AGYS
2020-07,AHH
2020-07,AHL
2020-07,AIN
2020-07,AIR
2020-07,AIT
2020-07,AJRD
2020-07,AKR
2020-07,AKRX
2020-07,AKS
2020-07,ALG
2020-07,ALGT
2020-07,ALRM
2020-07,AMAG
2020-07,AMBC
2020-07,AMN
2020-07,AMPH
2020-07,AMSF
2020-07,AMWD
2020-07,ANDE
2020-07,ANF
2020-07,ANGO
2020-07,ANIK
2020-07,ANIP
2020-07,APEI
2020-07,APOG
2020-07,ARCB
2020-07,ARI
2020-07,AROC
2020-07,ARR
2020-07,ARRS
2020-07,ASIX
2020-07,ASNA
2020-07,ASRT
2020-07,ASTE
2020-07,ATNI
2020-07,ATU
2020-07,AVA
2020-07,AVAV
2020-07,AVD
2020-07,AVP
2020-07,AWR
2020-07,AXE
2020-07,AXL
2020-07,AZZ
2020-07,B
2020-07,BABY
2020-07,BANC
2020-07,BANR
2020-07,BCC
2020-07,BCEI
2020-07,BCOR
2020-07,BCPC
2020-07,BEAT
2020-07,BEL
2020-07,BELFB
2020-07,BFS
2020-07,BGFV
2020-07,BGG
2020-07,BGS
2020-07,BHE
2020-07,BHLB
2020-07,BID
2020-07,BIG
2020-07,BJRI
2020-07,BKE
2020-07,BKS
2020-07,BLD
2020-07,BMI
2020-07,BMS
2020-07,BNED
2020-07,BOFI
2020-07,BPFH
2020-07,BRC
2020-07,BRKL
2020-07,BRKS
2020-07,BRS
2020-07,CAL
2020-07,CALM
2020-07,CAMP
2020-07,CARS
2020-07,CASH
2020-07,CATM
2020-07,CATO
2020-07,CBB
2020-07,CBL
2020-07,CBM
2020-07,CBU
2020-07,CCMP
2020-07,CCOI
2020-07,CCRN
2020-07,CDR
2020-07,CECO
2020-07,CEIX
2020-07,CENT
2020-07,CENTA
2020-07,CENX
2020-07,CEVA
2020-07,CHCO
2020-07,CHCT
2020-07,CHS
2020-07,CHSP
2020-07,CHUY
2020-07,CIR
2020-07,CJ
2020-07,CKH
2020-07,CLD
2020-07,CLDT
2020-07,CLW
2020-07,CMO
2020-07,CMTL
2020-07,CNMD
2020-07,CNSL
2020-07,COHU
2020-07,COKE
2020-07,COLB
2020-07,CORE
2020-07,CORT
2020-07,CPE
2020-07,CPF
2020-07,CPS
2020-07,CPSI
2020-07,CRAY
2020-07,CROX
2020-07,CRR
2020-07,CRVL
2020-07,CRY
2020-07,CRZO
2020-07,CSGS
2020-07,CTB
2020-07,CTRE
2020-07,CTRL
2020-07,CTS
2020-07,CUB
2020-07,CUBI
2020-07,CUTR
2020-07,CVBF
2020-07,CVCO
2020-07,CVG
2020-07,CVGW
2020-07,CWT
2020-07,CYH
2020-07,CYTK
2020-07,DAKT
2020-07,DAR
2020-07,DBD
2020-07,DCOM
2020-07,DDD
2020-07,DEA
2020-07,DF
2020-07,DFIN
2020-07,DGII
2020-07,DIN
2020-07,DIOD
2020-07,DNB
2020-07,DNR
2020-07,DO
2020-07,DORM
2020-07,DPLO
2020-07,DRH
2020-07,DRQ
2020-07,DSPG
2020-07,DSW
2020-07,DXPE
2020-07,EBIX
2020-07,EBS
2020-07,ECHO
2020-07,ECOL
2020-07,ECPG
2020-07,EDR
2020-07,EE
2020-07,EFII
2020-07,EGHT
2020-07,EGL
2020-07,EGN
2020-07,EGOV
2020-07,EGRX
2020-07,EHTH
2020-07,EIG
2020-07,ELY
2020-07,ENDP
2020-07,ENSG
2020-07,ENTA
2020-07,ENVA
2020-07,EPAY
2020-07,ERA
2020-07,ESE
2020-07,ESIO
2020-07,ESL
2020-07,ESND
2020-07,ETH
2020-07,EVTC
2020-07,EXLS
2020-07,EXPO
2020-07,EXPR
2020-07,EXTN
2020-07,EXTR
2020-07,EZPW
2020-07,FARO
2020-07,FBP
2020-07,FCF
2020-07,FCN
2020-07,FCPT
2020-07,FELE
2020-07,FF
2020-07,FFBC
2020-07,FIX
2020-07,FLOW
2020-07,FMBI
2020-07,FN
2020-07,FNSR
2020-07,FORM
2020-07,FORR
2020-07,FOSL
2020-07,FOXF
2020-07,FRAN
2020-07,FRGI
2020-07,FSB
2020-07,FSP
2020-07,FSS
2020-07,FTD
2020-07,FTK
2020-07,FTNT
2020-07,FTR
2020-07,FUL
2020-07,FWRD
2020-07,GBCI
2020-07,GBX
2020-07,GCI
2020-07,GCO
2020-07,GEOS
2020-07,GES
2020-07,GFF
2020-07,GHL
2020-07,GIFI
2020-07,GIII
2020-07,GLT
2020-07,GNBC
2020-07,GNL
2020-07,GOV
2020-07,GPI
2020-07,GPOR
2020-07,GPRE
2020-07,GTLS
2020-07,GTY
2020-07,GWB
2020-07,HA
2020-07,HAFC
2020-07,HAYN
2020-07,HBHC
2020-07,HCI
2020-07,HFWA
2020-07,HI
2020-07,HIBB
2020-07,HLIT
2020-07,HLX
2020-07,HMN
2020-07,HMST
2020-07,HMSY
2020-07,HOPE
2020-07,HPR
2020-07,HPT
2020-07,HSC
2020-07,HSII
2020-07,HSKA
2020-07,HSTM
2020-07,HT
2020-07,HTLD
2020-07,HUBG
2020-07,HVT
2020-07,HWKN
2020-07,HYH
2020-07,HZO
2020-07,IBP
2020-07,IDTI
2020-07,IEX
2020-07,IIIN
2020-07,ILG
2020-07,INDB
2020-07,INGN
2020-07,INN
2020-07,INTL
2020-07,INVA
2020-07,IOSP
2020-07,IPAR
2020-07,IPHS
2020-07,IRBT
2020-07,IRDM
2020-07,IRT
2020-07,ISCA
2020-07,ITG
2020-07,ITGR
2020-07,ITRI
2020-07,IVC
2020-07,IVR
2020-07,JBSS
2020-07,JBT
2020-07,JCP
2020-07,JJSF
2020-07,JKHY
2020-07,JRVR
2020-07,KALU
2020-07,KAMN
2020-07,KELYA
2020-07,KEM
2020-07,KEYS
2020-07,KFY
2020-07,KIRK
2020-07,KLIC
2020-07,KLXI
2020-07,KN
2020-07,KOP
2020-07,KOPN
2020-07,KRA
2020-07,KRG
2020-07,KS
2020-07,KWR
2020-07,LABL
2020-07,LAD
2020-07,LCI
2020-07,LCII
2020-07,LDL
2020-07,LDOS
2020-07,LGIH
2020-07,LHCG
2020-07,LHO
2020-07,LION
2020-07,LKSD
2020-07,LL
2020-07,LMAT
2020-07,LMNX
2020-07,LNN
2020-07,LNTH
2020-07,LOCO
2020-07,LPNT
2020-07,LPSN
2020-07,LQDT
2020-07,LTC
2020-07,LTXB
2020-07,LW
2020-07,LXP
2020-07,LXU
2020-07,LZB
2020-07,MANT
2020-07,MATW
2020-07,MATX
2020-07,MBFI
2020-07,MCRI
2020-07,MCS
2020-07,MDC
2020-07,MDCO
2020-07,MDR
2020-07,MDXG
2020-07,MED
2020-07,MEI
2020-07,MGLN
2020-07,MGPI
2020-07,MHLD
2020-07,MHO
2020-07,MIK
2020-07,MINI
2020-07,MKTX
2020-07,MLI
2020-07,MMSI
2020-07,MNK
2020-07,MNRO
2020-07,MNTA
2020-07,MOG.A
2020-07,MOV
2020-07,MPAA
2020-07,MSTR
2020-07,MTH
2020-07,MTRN
2020-07,MTRX
2020-07,MTSC
2020-07,MXL
2020-07,MYE
2020-07,MYGN
2020-07,MYRG
2020-07,NANO
2020-07,NAVG
2020-07,NBHC
2020-07,NBR
2020-07,NBTB
2020-07,NCI
2020-07,NE
2020-07,NEOG
2020-07,NEWM
2020-07,NFBK
2020-07,NLS
2020-07,NMIH
2020-07,NP
2020-07,NPK
2020-07,NPO
2020-07,NR
2020-07,NSA
2020-07,NSIT
2020-07,NTGR
2020-07,NTRI
2020-07,NVR
2020-07,NWBI
2020-07,NWN
2020-07,NX
2020-07,NYMT
2020-07,OCLR
2020-07,OFG
2020-07,OFIX
2020-07,OIS
2020-07,OMCL
2020-07,OMI
2020-07,ONB
2020-07,OPB
2020-07,ORIT
2020-07,ORN
2020-07,OSIS
2020-07,OSPN
2020-07,OSUR
2020-07,OXM
2020-07,PAHC
2020-07,PARR
2020-07,PATK
2020-07,PAY
2020-07,PBI
2020-07,PDCE
2020-07,PDFS
2020-07,PEI
2020-07,PERY
2020-07,PES
2020-07,PETS
2020-07,PFBC
2020-07,PFS
2020-07,PGNX
2020-07,PGTI
2020-07,PJC
2020-07,PKE
2020-07,PLAB
2020-07,PLAY
2020-07,PLCE
2020-07,PLUS
2020-07,PLXS
2020-07,PMT
2020-07,POWI
2020-07,POWL
2020-07,PPBI
2020-07,PRA
2020-07,PRAA
2020-07,PRFT
2020-07,PRGS
2020-07,PRLB
2020-07,PRSC
2020-07,PRSP
2020-07,PUMP
2020-07,PVAC
2020-07,QEP
2020-07,QHC
2020-07,QLYS
2020-07,QNST
2020-07,RAVN
2020-07,RCII
2020-07,RECN
2020-07,REGI
2020-07,REI
2020-07,REX
2020-07,RGNX
2020-07,RGR
2020-07,RGS
2020-07,RH
2020-07,RLI
2020-07,RMAX
2020-07,RMBS
2020-07,ROCK
2020-07,ROG
2020-07,ROIC
2020-07,RPT
2020-07,RRC
2020-07,RRD
2020-07,RRGB
2020-07,RTEC
2020-07,RUTH
2020-07,RWT
2020-07,RYAM
2020-07,SAFT
2020-07,SAH
2020-07,SAIA
2020-07,SANM
2020-07,SBCF
2020-07,SBSI
2020-07,SCHL
2020-07,SCL
2020-07,SCSC
2020-07,SCVL
2020-07,SEM
2020-07,SENEA
2020-07,SFBS
2020-07,SFLY
2020-07,SFNC
2020-07,SHAK
2020-07,SHOO
2020-07,SIG
2020-07,SJI
2020-07,SKYW
2020-07,SLCA
2020-07,SM
2020-07,SMP
2020-07,SNBR
2020-07,SONC
2020-07,SPN
2020-07,SPOK
2020-07,SPPI
2020-07,SPSC
2020-07,SPTN
2020-07,SPXC
2020-07,SR
2020-07,SRCI
2020-07,SRDX
2020-07,SSD
2020-07,SSP
2020-07,SSTK
2020-07,STAR
2020-07,STBA
2020-07,STC
2020-07,STMP
2020-07,STRA
2020-07,SUP
2020-07,SUPN
2020-07,SVU
2020-07,SWM
2020-07,SXC
2020-07,SXI
2020-07,SYKE
2020-07,TBI
2020-07,TCF
2020-07,TFX
2020-07,TG
2020-07,TGI
2020-07,THRM
2020-07,TILE
2020-07,TISI
2020-07,TIVO
2020-07,TLRD
2020-07,TMP
2020-07,TMST
2020-07,TPRE
2020-07,TRST
2020-07,TTEC
2020-07,TTI
2020-07,TTMI
2020-07,TTS
2020-07,TUP
2020-07,TVPT
2020-07,TVTY
2020-07,TWI
2020-07,TYPE
2020-07,UBA
2020-07,UCBI
2020-07,UCTT
2020-07,UEIC
2020-07,UFCS
2020-07,UFI
2020-07,UFPI
2020-07,UHT
2020-07,UIHC
2020-07,ULTI
2020-07,UNF
2020-07,UNT
2020-07,USCR
2020-07,USPH
2020-07,UVE
2020-07,UVV
2020-07,VAL
2020-07,VECO
2020-07,VG
2020-07,VGR
2020-07,VIAV
2020-07,VICR
2020-07,VIVO
2020-07,VRA
2020-07,VREX
2020-07,VRTS
2020-07,VRTU
2020-07,VRTV
2020-07,VSI
2020-07,VSM
2020-07,VSTO
2020-07,VVC
2020-07,VVI
2020-07,WAB
2020-07,WABC
2020-07,WAGE
2020-07,WCG
2020-07,WD
2020-07,WDFC
2020-07,WDR
2020-07,WETF
2020-07,WGO
2020-07,WH
2020-07,WING
2020-07,WIRE
2020-07,WLH
2020-07,WNC
2020-07,WPG
2020-07,WRLD
2020-07,WSR
2020-07,WTR
2020-07,WTS
2020-07,WWW
2020-07,XOXO
2020-07,XPER
2020-07,ZEUS
2020-07,ZUMZ
2020-08,AAOI
2020-08,AAON
2020-08,AAT
2020-08,AAWW
2020-08,ABCB
2020-08,ABG
2020-08,ABM
2020-08,ACLS
2020-08,ADC
2020-08,ADTN
2020-08,AEGN
2020-08,AEIS
2020-08,AEL
2020-08,AGYS
2020-08,AHH
2020-08,AHL
2020-08,AIN
2020-08,AIR
2020-08,AIT
2020-08,AJRD
2020-08,AKR
2020-08,AKRX
2020-08,AKS
2020-08,ALG
2020-08,ALGT
2020-08,ALRM
2020-08,AMAG
2020-08,AMBC
2020-08,AMN
2020-08,AMPH
2020-08,AMSF
2020-08,AMWD
2020-08,ANDE
2020-08,ANF
2020-08,ANGO
2020-08,ANIK
2020-08,ANIP
2020-08,APEI
2020-08,APOG
2020-08,ARCB
2020-08,ARI
2020-08,AROC
2020-08,ARR
2020-08,ARRS
2020-08,ASIX
2020-08,ASNA
2020-08,ASRT
2020-08,ASTE
2020-08,ATNI
2020-08,ATU
2020-08,AVA
2020-08,AVAV
2020-08,AVD
2020-08,AVP
2020-08,AWR
2020-08,AXE
2020-08,AXL
2020-08,AZZ
2020-08,B
2020-08,BABY
2020-08,BANC
2020-08,BANR
2020-08,BCC
2020-08,BCEI
2020-08,BCOR
2020-08,BCPC
2020-08,BEAT
2020-08,BEL
2020-08,BELFB
2020-08,BFS
2020-08,BGFV
2020-08,BGG
2020-08,BGS
2020-08,BHE
2020-08,BHLB
2020-08,BID
2020-08,BIG
2020-08,BJRI
2020-08,BKE
2020-08,BKS
2020-08,BLD
2020-08,BMI
2020-08,BMS
2020-08,BNED
2020-08,BOFI
2020-08,BPFH
2020-08,BRC
2020-08,BRKL
2020-08,BRKS
2020-08,BRS
2020-08,CAL
2020-08,CALM
2020-08,CAMP
2020-08,CARS
2020-08,CASH
2020-08,CATM
2020-08,CATO
2020-08,CBB
2020-08,CBL
2020-08,CBM
2020-08,CBU
2020-08,CCMP
2020-08,CCOI
2020-08,CCRN
2020-08,CDR
2020-08,CECO
2020-08,CEIX
2020-08,CENT
2020-08,CENTA
2020-08,CENX
2020-08,CEVA
2020-08,CHCO
2020-08,CHCT
2020-08,CHS
2020-08,CHSP
2020-08,CHUY
2020-08,CIR
2020-08,CJ
2020-08,CKH
2020-08,CLD
2020-08,CLDT
2020-08,CLW
2020-08,CMO
2020-08,CMTL
2020-08,CNMD
2020-08,CNSL
2020-08,COHU
2020-08,COKE
2020-08,COLB
2020-08,CORE
2020-08,CORT
2020-08,CPE
2020-08,CPF
2020-08,CPS
2020-08,CPSI
2020-08,CRAY
2020-08,CROX
2020-08,CRR
2020-08,CRVL
2020-08,CRY
2020-08,CRZO
2020-08,CSGS
2020-08,CTB
2020-08,CTRE
2020-08,CTRL
2020-08,CTS
2020-08,CUB
2020-08,CUBI
2020-08,CUTR
2020-08,CVBF
2020-08,CVCO
2020-08,CVG
2020-08,CVGW
2020-08,CWT
2020-08,CYH
2020-08,CYTK
2020-08,DAKT
2020-08,DAR
2020-08,DBD
2020-08,DCOM
2020-08,DDD
2020-08,DEA
2020-08,DF
2020-08,DFIN
2020-08,DGII
2020-08,DIN
2020-08,DIOD
2020-08,DNB
2020-08,DNR
2020-08,DO
2020-08,DORM
2020-08,DPLO
2020-08,DRH
2020-08,DRQ
2020-08,DSPG
2020-08,DSW
2020-08,DXPE
2020-08,EBIX
2020-08,EBS
2020-08,ECHO
2020-08,ECOL
2020-08,ECPG
2020-08,EDR
2020-08,EE
2020-08,EFII
2020-08,EGHT
2020-08,EGL
2020-08,EGN
2020-08,EGOV
2020-08,EGRX
2020-08,EHTH
2020-08,EIG
2020-08,ELY
2020-08,ENDP
2020-08,ENSG
2020-08,ENTA
2020-08,ENVA
2020-08,EPAY
2020-08,ERA
2020-08,ESE
2020-08,ESIO
2020-08,ESL
2020-08,ESND
2020-08,ETH
2020-08,EVTC
2020-08,EXLS
2020-08,EXPO
2020-08,EXPR
2020-08,EXTN
2020-08,EXTR
2020-08,EZPW
2020-08,FARO
2020-08,FBP
2020-08,FCF
2020-08,FCN
2020-08,FCPT
2020-08,FELE
2020-08,FF
2020-08,FFBC
2020-08,FII
2020-08,FIX
2020-08,FLOW
2020-08,FMBI
2020-08,FN
2020-08,FNSR
2020-08,FORM
2020-08,FORR
2020-08,FOSL
2020-08,FOXF
2020-08,FRAN
2020-08,FRGI
2020-08,FSB
2020-08,FSP
2020-08,FSS
2020-08,FTD
2020-08,FTK
2020-08,FTNT
2020-08,FTR
2020-08,FUL
2020-08,FWRD
2020-08,GBCI
2020-08,GBX
2020-08,GCI
2020-08,GCO
2020-08,GEOS
2020-08,GES
2020-08,GFF
2020-08,GHL
2020-08,GIFI
2020-08,GIII
2020-08,GLT
2020-08,GNBC
2020-08,GNL
2020-08,GOV
2020-08,GPI
2020-08,GPOR
2020-08,GPRE
2020-08,GTLS
2020-08,GTY
2020-08,GWB
2020-08,GWR
2020-08,HA
2020-08,HAFC
2020-08,HAYN
2020-08,HBHC
2020-08,HCI
2020-08,HFWA
2020-08,HI
2020-08,HIBB
2020-08,HLIT
2020-08,HLX
2020-08,HMN
2020-08,HMST
2020-08,HMSY
2020-08,HOPE
2020-08,HPR
2020-08,HPT
2020-08,HSC
2020-08,HSII
2020-08,HSKA
2020-08,HSTM
2020-08,HT
2020-08,HTLD
2020-08,HUBG
2020-08,HVT
2020-08,HWKN
2020-08,HYH
2020-08,HZO
2020-08,IBP
2020-08,IDTI
2020-08,IEX
2020-08,IIIN
2020-08,ILG
2020-08,INDB
2020-08,INGN
2020-08,INN
2020-08,INTL
2020-08,INVA
2020-08,IOSP
2020-08,IPAR
2020-08,IPHS
2020-08,IRBT
2020-08,IRDM
2020-08,IRT
2020-08,ISCA
2020-08,ITG
2020-08,ITGR
2020-08,ITRI
2020-08,IVC
2020-08,IVR
2020-08,JBSS
2020-08,JBT
2020-08,JCP
2020-08,JJSF
2020-08,JKHY
2020-08,JRVR
2020-08,KALU
2020-08,KAMN
2020-08,KELYA
2020-08,KEM
2020-08,KEYS
2020-08,KFY
2020-08,KIRK
2020-08,KLIC
2020-08,KLXI
2020-08,KN
2020-08,KOP
2020-08,KOPN
2020-08,KRA
2020-08,KRG
2020-08,KS
2020-08,KWR
2020-08,LABL
2020-08,LAD
2020-08,LCI
2020-08,LCII
2020-08,LDL
2020-08,LDOS
2020-08,LGIH
2020-08,LHCG
2020-08,LHO
2020-08,LION
2020-08,LKSD
2020-08,LL
2020-08,LMAT
2020-08,LMNX
2020-08,LNN
2020-08,LNTH
2020-08,LOCO
2020-08,LPNT
2020-08,LPSN
2020-08,LQDT
2020-08,LTC
2020-08,LTXB
2020-08,LW
2020-08,LXP
2020-08,LXU
2020-08,LZB
2020-08,MANT
2020-08,MATW
2020-08,MATX
2020-08,MBFI
2020-08,MCRI
2020-08,MCS
2020-08,MDC
2020-08,MDCO
2020-08,MDR
2020-08,MDXG
2020-08,MED
2020-08,MEI
2020-08,MGLN
2020-08,MGPI
2020-08,MHLD
2020-08,MHO
2020-08,MIK
2020-08,MINI
2020-08,MKTX
2020-08,MLI
2020-08,MMSI
2020-08,MNK
2020-08,MNRO
2020-08,MNTA
2020-08,MOG.A
2020-08,MOV
2020-08,MPAA
2020-08,MSTR
2020-08,MTH
2020-08,MTRN
2020-08,MTRX
2020-08,MTSC
2020-08,MXL
2020-08,MYE
2020-08,MYGN
2020-08,MYRG
2020-08,NANO
2020-08,NAVG
2020-08,NBHC
2020-08,NBR
2020-08,NBTB
2020-08,NCI
2020-08,NE
2020-08,NEOG
2020-08,NEWM
2020-08,NFBK
2020-08,NLS
2020-08,NMIH
2020-08,NP
2020-08,NPK
2020-08,NPO
2020-08,NR
2020-08,NSA
2020-08,NSIT
2020-08,NTGR
2020-08,NTRI
2020-08,NVR
2020-08,NWBI
2020-08,NWN
2020-08,NX
2020-08,NYMT
2020-08,OCLR
2020-08,OFG
2020-08,OFIX
2020-08,OIS
2020-08,OMCL
2020-08,OMI
2020-08,ONB
2020-08,OPB
2020-08,ORIT
2020-08,ORN
2020-08,OSIS
2020-08,OSPN
2020-08,OSUR
2020-08,OXM
2020-08,PAHC
2020-08,PARR
2020-08,PATK
2020-08,PAY
2020-08,PBI
2020-08,PDCE
2020-08,PDFS
2020-08,PEI
2020-08,PERY
2020-08,PES
2020-08,PETS
2020-08,PFBC
2020-08,PFS
2020-08,PGNX
2020-08,PGTI
2020-08,PJC
2020-08,PKE
2020-08,PLAB
2020-08,PLAY
2020-08,PLCE
2020-08,PLUS
2020-08,PLXS
2020-08,PMT
2020-08,POWI
2020-08,POWL
2020-08,PPBI
2020-08,PRA
2020-08,PRAA
2020-08,PRFT
2020-08,PRGS
2020-08,PRLB
2020-08,PRSC
2020-08,PRSP
2020-08,PUMP
2020-08,PVAC
2020-08,QEP
2020-08,QHC
2020-08,QLYS
2020-08,QNST
2020-08,RAVN
2020-08,RCII
2020-08,RECN
2020-08,REGI
2020-08,REI
2020-08,REX
2020-08,RGNX
2020-08,RGR
2020-08,RGS
2020-08,RH
2020-08,RLI
2020-08,RMAX
2020-08,RMBS
2020-08,ROCK
2020-08,ROG
2020-08,ROIC
2020-08,RPT
2020-08,RRC
2020-08,RRD
2020-08,RRGB
2020-08,RTEC
2020-08,RUTH
2020-08,RWT
2020-08,RYAM
2020-08,SAFT
2020-08,SAH
2020-08,SAIA
2020-08,SANM
2020-08,SBCF
2020-08,SBSI
2020-08,SCHL
2020-08,SCL
2020-08,SCSC
2020-08,SCVL
2020-08,SEM
2020-08,SENEA
2020-08,SFBS
2020-08,SFLY
2020-08,SFNC
2020-08,SHAK
2020-08,SHOO
2020-08,SIG
2020-08,SJI
2020-08,SKYW
2020-08,SLCA
2020-08,SM
2020-08,SMP
2020-08,SNBR
2020-08,SONC
2020-08,SPN
2020-08,SPOK
2020-08,SPPI
2020-08,SPSC
2020-08,SPTN
2020-08,SPXC
2020-08,SR
2020-08,SRCI
2020-08,SRDX
2020-08,SSD
2020-08,SSP
2020-08,SSTK
2020-08,STAR
2020-08,STBA
2020-08,STC
2020-08,STMP
2020-08,STRA
2020-08,SUP
2020-08,SUPN
2020-08,SVU
2020-08,SWM
2020-08,SXC
2020-08,SXI
2020-08,SYKE
2020-08,TBI
2020-08,TCF
2020-08,TFX
2020-08,TG
2020-08,TGI
2020-08,THRM
2020-08,TILE
2020-08,TISI
2020-08,TIVO
2020-08,TLRD
2020-08,TMP
2020-08,TMST
2020-08,TPRE
2020-08,TRST
2020-08,TTEC
2020-08,TTI
2020-08,TTMI
2020-08,TTS
2020-08,TUP
2020-08,TVPT
2020-08,TVTY
2020-08,TWI
2020-08,TYPE
2020-08,UBA
2020-08,UCBI
2020-08,UCTT
2020-08,UEIC
2020-08,UFCS
2020-08,UFI
2020-08,UFPI
2020-08,UHT
2020-08,UIHC
2020-08,ULTI
2020-08,UNF
2020-08,UNT
2020-08,USCR
2020-08,USPH
2020-08,UVE
2020-08,UVV
2020-08,VAL
2020-08,VECO
2020-08,VG
2020-08,VGR
2020-08,VIAV
2020-08,VICR
2020-08,VIVO
2020-08,VRA
2020-08,VREX
2020-08,VRTS
2020-08,VRTU
2020-08,VRTV
2020-08,VSI
2020-08,VSM
2020-08,VSTO
2020-08,VVC
2020-08,VVI
2020-08,WABC
2020-08,WD
2020-08,WDFC
2020-08,WDR
2020-08,WETF
2020-08,WGO
2020-08,WING
2020-08,WIRE
2020-08,WNC
2020-08,WPG
2020-08,WRE
2020-08,WRLD
2020-08,WSR
2020-08,WTS
2020-08,WWW
2020-08,XHR
2020-08,XNCR
2020-08,XPER
2020-08,ZEUS
2020-08,ZUMZ
2020-08,ZYXI
2020-09,AAOI
2020-09,AAON
2020-09,AAT
2020-09,AAWW
2020-09,ABCB
2020-09,ABG
2020-09,ABM
2020-09,ACLS
2020-09,ADC
2020-09,ADTN
2020-09,AEGN
2020-09,AEIS
2020-09,AEL
2020-09,AGYS
2020-09,AHH
2020-09,AHL
2020-09,AIN
2020-09,AIR
2020-09,AIT
2020-09,AJRD
2020-09,AKR
2020-09,AKRX
2020-09,AKS
2020-09,ALG
2020-09,ALGT
2020-09,ALRM
2020-09,AMAG
2020-09,AMBC
2020-09,AMN
2020-09,AMPH
2020-09,AMSF
2020-09,AMWD
2020-09,ANDE
2020-09,ANF
2020-09,ANGO
2020-09,ANIK
2020-09,ANIP
2020-09,APEI
2020-09,APOG
2020-09,ARCB
2020-09,ARI
2020-09,AROC
2020-09,ARR
2020-09,ARRS
2020-09,ASIX
2020-09,ASNA
2020-09,ASRT
2020-09,ASTE
2020-09,ATNI
2020-09,ATU
2020-09,AVA
2020-09,AVAV
2020-09,AVD
2020-09,AVP
2020-09,AWR
2020-09,AXE
2020-09,AXL
2020-09,AZZ
2020-09,B
2020-09,BABY
2020-09,BANC
2020-09,BANR
2020-09,BCC
2020-09,BCEI
2020-09,BCOR
2020-09,BCPC
2020-09,BEAT
2020-09,BEL
2020-09,BELFB
2020-09,BFS
2020-09,BGFV
2020-09,BGG
2020-09,BGS
2020-09,BHE
2020-09,BHLB
2020-09,BID
2020-09,BIG
2020-09,BJRI
2020-09,BKE
2020-09,BKS
2020-09,BLD
2020-09,BMI
2020-09,BMS
2020-09,BNED
2020-09,BOFI
2020-09,BPFH
2020-09,BRC
2020-09,BRKL
2020-09,BRKS
2020-09,BRS
2020-09,CAL
2020-09,CALM
2020-09,CAMP
2020-09,CARS
2020-09,CASH
2020-09,CATM
2020-09,CATO
2020-09,CBB
2020-09,CBL
2020-09,CBM
2020-09,CBU
2020-09,CCMP
2020-09,CCOI
2020-09,CCRN
2020-09,CDR
2020-09,CECO
2020-09,CEIX
2020-09,CENT
2020-09,CENTA
2020-09,CENX
2020-09,CEVA
2020-09,CHCO
2020-09,CHCT
2020-09,CHS
2020-09,CHSP
2020-09,CHUY
2020-09,CIR
2020-09,CJ
2020-09,CKH
2020-09,CLD
2020-09,CLDT
2020-09,CLW
2020-09,CMO
2020-09,CMTL
2020-09,CNMD
2020-09,CNSL
2020-09,COHU
2020-09,COKE
2020-09,COLB
2020-09,CORE
2020-09,CORT
2020-09,CPE
2020-09,CPF
2020-09,CPS
2020-09,CPSI
2020-09,CRAY
2020-09,CROX
2020-09,CRR
2020-09,CRVL
2020-09,CRY
2020-09,CRZO
2020-09,CSGS
2020-09,CTB
2020-09,CTRE
2020-09,CTRL
2020-09,CTS
2020-09,CUB
2020-09,CUBI
2020-09,CUTR
2020-09,CVBF
2020-09,CVCO
2020-09,CVG
2020-09,CVGW
2020-09,CWT
2020-09,CYH
2020-09,CYTK
2020-09,DAKT
2020-09,DAR
2020-09,DBD
2020-09,DCOM
2020-09,DDD
2020-09,DEA
2020-09,DF
2020-09,DFIN
2020-09,DGII
2020-09,DIN
2020-09,DIOD
2020-09,DNB
2020-09,DNR
2020-09,DO
2020-09,DORM
2020-09,DPLO
2020-09,DRH
2020-09,DRQ
2020-09,DSPG
2020-09,DSW
2020-09,DXPE
2020-09,EBIX
2020-09,EBS
2020-09,ECHO
2020-09,ECOL
2020-09,ECPG
2020-09,EDR
2020-09,EE
2020-09,EFII
2020-09,EGHT
2020-09,EGL
2020-09,EGN
2020-09,EGOV
2020-09,EGRX
2020-09,EHTH
2020-09,EIG
2020-09,ELY
2020-09,ENDP
2020-09,ENSG
2020-09,ENTA
2020-09,ENVA
2020-09,EPAY
2020-09,ERA
2020-09,ESE
2020-09,ESIO
2020-09,ESL
2020-09,ESND
2020-09,ETH
2020-09,EVTC
2020-09,EXLS
2020-09,EXPO
2020-09,EXPR
2020-09,EXTN
2020-09,EXTR
2020-09,EZPW
2020-09,FARO
2020-09,FBP
2020-09,FCF
2020-09,FCN
2020-09,FCPT
2020-09,FELE
2020-09,FF
2020-09,FFBC
2020-09,FII
2020-09,FIX
2020-09,FLOW
2020-09,FMBI
2020-09,FN
2020-09,FNSR
2020-09,FORM
2020-09,FORR
2020-09,FOSL
2020-09,FOXF
2020-09,FRAN
2020-09,FRGI
2020-09,FSB
2020-09,FSP
2020-09,FSS
2020-09,FTD
2020-09,FTK
2020-09,FTNT
2020-09,FTR
2020-09,FUL
2020-09,FWRD
2020-09,GBCI
2020-09,GBX
2020-09,GCI
2020-09,GCO
2020-09,GEOS
2020-09,GES
2020-09,GFF
2020-09,GHL
2020-09,GIFI
2020-09,GIII
2020-09,GLT
2020-09,GNBC
2020-09,GNL
2020-09,GOV
2020-09,GPI
2020-09,GPOR
2020-09,GPRE
2020-09,GTLS
2020-09,GTY
2020-09,GWB
2020-09,GWR
2020-09,HA
2020-09,HAFC
2020-09,HAYN
2020-09,HBHC
2020-09,HCI
2020-09,HFWA
2020-09,HI
2020-09,HIBB
2020-09,HLIT
2020-09,HLX
2020-09,HMN
2020-09,HMST
2020-09,HMSY
2020-09,HOPE
2020-09,HPR
2020-09,HPT
2020-09,HSC
2020-09,HSII
2020-09,HSKA
2020-09,HSTM
2020-09,HT
2020-09,HTLD
2020-09,HUBG
2020-09,HVT
2020-09,HWKN
2020-09,HYH
2020-09,HZO
2020-09,IBP
2020-09,IDTI
2020-09,IEX
2020-09,IIIN
2020-09,ILG
2020-09,INDB
2020-09,INGN
2020-09,INN
2020-09,INTL
2020-09,INVA
2020-09,IOSP
2020-09,IPAR
2020-09,IPHS
2020-09,IRBT
2020-09,IRDM
2020-09,IRT
2020-09,ISCA
2020-09,ITG
2020-09,ITGR
2020-09,ITRI
2020-09,IVC
2020-09,IVR
2020-09,JBSS
2020-09,JBT
2020-09,JCP
2020-09,JJSF
2020-09,JKHY
2020-09,JRVR
2020-09,KALU
2020-09,KAMN
2020-09,KELYA
2020-09,KEM
2020-09,KEYS
2020-09,KFY
2020-09,KIRK
2020-09,KLIC
2020-09,KLXI
2020-09,KN
2020-09,KOP
2020-09,KOPN
2020-09,KRA
2020-09,KRG
2020-09,KS
2020-09,KWR
2020-09,LABL
2020-09,LAD
2020-09,LCI
2020-09,LCII
2020-09,LDL
2020-09,LDOS
2020-09,LGIH
2020-09,LHCG
2020-09,LHO
2020-09,LION
2020-09,LKSD
2020-09,LL
2020-09,LMAT
2020-09,LMNX
2020-09,LNN
2020-09,LNTH
2020-09,LOCO
2020-09,LPNT
2020-09,LPSN
2020-09,LQDT
2020-09,LTC
2020-09,LTXB
2020-09,LW
2020-09,LXP
2020-09,LXU
2020-09,LZB
2020-09,MANT
2020-09,MATW
2020-09,MATX
2020-09,MBFI
2020-09,MCRI
2020-09,MCS
2020-09,MDC
2020-09,MDCO
2020-09,MDR
2020-09,MDXG
2020-09,MED
2020-09,MEI
2020-09,MGLN
2020-09,MGPI
2020-09,MHLD
2020-09,MHO
2020-09,MIK
2020-09,MINI
2020-09,MKTX
2020-09,MLI
2020-09,MMSI
2020-09,MNK
2020-09,MNRO
2020-09,MNTA
2020-09,MOG.A
2020-09,MOV
2020-09,MPAA
2020-09,MSTR
2020-09,MTH
2020-09,MTRN
2020-09,MTRX
2020-09,MTSC
2020-09,MXL
2020-09,MYE
2020-09,MYGN
2020-09,MYRG
2020-09,NANO
2020-09,NAVG
2020-09,NBHC
2020-09,NBR
2020-09,NBTB
2020-09,NCI
2020-09,NE
2020-09,NEOG
2020-09,NEWM
2020-09,NFBK
2020-09,NLS
2020-09,NMIH
2020-09,NP
2020-09,NPK
2020-09,NPO
2020-09,NR
2020-09,NSA
2020-09,NSIT
2020-09,NTGR
2020-09,NTRI
2020-09,NVR
2020-09,NWBI
2020-09,NWN
2020-09,NX
2020-09,NYMT
2020-09,OCLR
2020-09,OFG
2020-09,OFIX
2020-09,OIS
2020-09,OMCL
2020-09,OMI
2020-09,ONB
2020-09,OPB
2020-09,ORIT
2020-09,ORN
2020-09,OSIS
2020-09,OSPN
2020-09,OSUR
2020-09,OXM
2020-09,PAHC
2020-09,PARR
2020-09,PATK
2020-09,PAY
2020-09,PBI
2020-09,PDCE
2020-09,PDFS
2020-09,PEI
2020-09,PERY
2020-09,PES
2020-09,PETS
2020-09,PFBC
2020-09,PFS
2020-09,PGNX
2020-09,PGTI
2020-09,PJC
2020-09,PKE
2020-09,PLAB
2020-09,PLAY
2020-09,PLCE
2020-09,PLUS
2020-09,PLXS
2020-09,PMT
2020-09,POWI
2020-09,POWL
2020-09,PPBI
2020-09,PRA
2020-09,PRAA
2020-09,PRFT
2020-09,PRGS
2020-09,PRLB
2020-09,PRSC
2020-09,PRSP
2020-09,PUMP
2020-09,PVAC
2020-09,QEP
2020-09,QHC
2020-09,QLYS
2020-09,QNST
2020-09,RAVN
2020-09,RCII
2020-09,RECN
2020-09,REGI
2020-09,REI
2020-09,REX
2020-09,RGNX
2020-09,RGR
2020-09,RGS
2020-09,RH
2020-09,RLI
2020-09,RMAX
2020-09,RMBS
2020-09,ROCK
2020-09,ROG
2020-09,ROIC
2020-09,RPT
2020-09,RRC
2020-09,RRD
2020-09,RRGB
2020-09,RTEC
2020-09,RUTH
2020-09,RWT
2020-09,RYAM
2020-09,SAFT
2020-09,SAH
2020-09,SAIA
2020-09,SANM
2020-09,SBCF
2020-09,SBSI
2020-09,SCHL
2020-09,SCL
2020-09,SCSC
2020-09,SCVL
2020-09,SEM
2020-09,SENEA
2020-09,SFBS
2020-09,SFLY
2020-09,SFNC
2020-09,SHAK
2020-09,SHOO
2020-09,SIG
2020-09,SJI
2020-09,SKYW
2020-09,SLCA
2020-09,SM
2020-09,SMP
2020-09,SNBR
2020-09,SONC
2020-09,SPN
2020-09,SPOK
2020-09,SPPI
2020-09,SPSC
2020-09,SPTN
2020-09,SPXC
2020-09,SR
2020-09,SRCI
2020-09,SRDX
2020-09,SSD
2020-09,SSP
2020-09,SSTK
2020-09,STAR
2020-09,STBA
2020-09,STC
2020-09,STMP
2020-09,STRA
2020-09,SUP
2020-09,SUPN
2020-09,SVU
2020-09,SWM
2020-09,SXC
2020-09,SXI
2020-09,SYKE
2020-09,TBI
2020-09,TCF
2020-09,TFX
2020-09,TG
2020-09,TGI
2020-09,THRM
2020-09,TILE
2020-09,TISI
2020-09,TIVO
2020-09,TLRD
2020-09,TMP
2020-09,TMST
2020-09,TPRE
2020-09,TRST
2020-09,TTEC
2020-09,TTI
2020-09,TTMI
2020-09,TTS
2020-09,TUP
2020-09,TVPT
2020-09,TVTY
2020-09,TWI
2020-09,TYPE
2020-09,UBA
2020-09,UCBI
2020-09,UCTT
2020-09,UEIC
2020-09,UFCS
2020-09,UFI
2020-09,UFPI
2020-09,UHT
2020-09,UIHC
2020-09,ULTI
2020-09,UNF
2020-09,UNT
2020-09,USCR
2020-09,USPH
2020-09,UVE
2020-09,UVV
2020-09,VAL
2020-09,VECO
2020-09,VG
2020-09,VGR
2020-09,VIAV
2020-09,VICR
2020-09,VIVO
2020-09,VRA
2020-09,VREX
2020-09,VRTS
2020-09,VRTU
2020-09,VRTV
2020-09,VSI
2020-09,VSM
2020-09,VSTO
2020-09,VVC
2020-09,VVI
2020-09,WABC
2020-09,WD
2020-09,WDFC
2020-09,WDR
2020-09,WETF
2020-09,WGO
2020-09,WING
2020-09,WIRE
2020-09,WNC
2020-09,WPG
2020-09,WRE
2020-09,WRLD
2020-09,WSR
2020-09,WTS
2020-09,WWW
2020-09,XHR
2020-09,XNCR
2020-09,XPER
2020-09,ZEUS
2020-09,ZUMZ
2020-09,ZYXI
2020-10,AAOI
2020-10,AAON
2020-10,AAT
2020-10,AAWW
2020-10,ABCB
2020-10,ABG
2020-10,ABM
2020-10,ACLS
2020-10,ADC
2020-10,ADTN
2020-10,AEGN
2020-10,AEIS
2020-10,AEL
2020-10,AGYS
2020-10,AHH
2020-10,AHL
2020-10,AIN
2020-10,AIR
2020-10,AIT
2020-10,AJRD
2020-10,AKR
2020-10,AKS
2020-10,ALG
2020-10,ALGT
2020-10,ALRM
2020-10,AMAG
2020-10,AMBC
2020-10,AMN
2020-10,AMPH
2020-10,AMSF
2020-10,AMWD
2020-10,ANDE
2020-10,ANF
2020-10,ANGO
2020-10,ANIK
2020-10,ANIP
2020-10,APEI
2020-10,APOG
2020-10,ARCB
2020-10,ARI
2020-10,AROC
2020-10,ARR
2020-10,ARRS
2020-10,ASIX
2020-10,ASNA
2020-10,ASRT
2020-10,ASTE
2020-10,ATNI
2020-10,ATU
2020-10,AVA
2020-10,AVAV
2020-10,AVD
2020-10,AVP
2020-10,AWR
2020-10,AXE
2020-10,AXL
2020-10,AZZ
2020-10,B
2020-10,BABY
2020-10,BANC
2020-10,BANR
2020-10,BCC
2020-10,BCEI
2020-10,BCOR
2020-10,BCPC
2020-10,BEAT
2020-10,BEL
2020-10,BELFB
2020-10,BFS
2020-10,BGFV
2020-10,BGG
2020-10,BGS
2020-10,BHE
2020-10,BHLB
2020-10,BIG
2020-10,BJRI
2020-10,BKE
2020-10,BKS
2020-10,BLD
2020-10,BMI
2020-10,BMS
2020-10,BNED
2020-10,BOFI
2020-10,BPFH
2020-10,BRC
2020-10,BRKL
2020-10,BRKS
2020-10,BRS
2020-10,CAL
2020-10,CALM
2020-10,CAMP
2020-10,CARS
2020-10,CASH
2020-10,CATM
2020-10,CATO
2020-10,CBB
2020-10,CBL
2020-10,CBM
2020-10,CBU
2020-10,CCOI
2020-10,CCRN
2020-10,CDR
2020-10,CECO
2020-10,CEIX
2020-10,CENT
2020-10,CENTA
2020-10,CENX
2020-10,CEVA
2020-10,CHCO
2020-10,CHCT
2020-10,CHS
2020-10,CHSP
2020-10,CHUY
2020-10,CIR
2020-10,CJ
2020-10,CKH
2020-10,CLD
2020-10,CLDT
2020-10,CLW
2020-10,CMO
2020-10,CMTL
2020-10,CNMD
2020-10,CNSL
2020-10,COHU
2020-10,COKE
2020-10,COLB
2020-10,CORE
2020-10,CORT
2020-10,CPE
2020-10,CPF
2020-10,CPS
2020-10,CPSI
2020-10,CRAY
2020-10,CROX
2020-10,CRR
2020-10,CRVL
2020-10,CRY
2020-10,CRZO
2020-10,CSGS
2020-10,CTB
2020-10,CTRE
2020-10,CTRL
2020-10,CTS
2020-10,CUB
2020-10,CUBI
2020-10,CUTR
2020-10,CVBF
2020-10,CVCO
2020-10,CVG
2020-10,CVGW
2020-10,CWT
2020-10,CYH
2020-10,CYTK
2020-10,DAKT
2020-10,DAR
2020-10,DBD
2020-10,DCOM
2020-10,DDD
2020-10,DEA
2020-10,DF
2020-10,DFIN
2020-10,DGII
2020-10,DIN
2020-10,DIOD
2020-10,DNB
2020-10,DNR
2020-10,DO
2020-10,DORM
2020-10,DPLO
2020-10,DRH
2020-10,DRQ
2020-10,DSPG
2020-10,DSW
2020-10,DXPE
2020-10,EBIX
2020-10,EBS
2020-10,ECHO
2020-10,ECOL
2020-10,ECPG
2020-10,EDR
2020-10,EE
2020-10,EFII
2020-10,EGHT
2020-10,EGL
2020-10,EGN
2020-10,EGOV
2020-10,EGRX
2020-10,EHTH
2020-10,EIG
2020-10,ELY
2020-10,ENDP
2020-10,ENSG
2020-10,ENTA
2020-10,ENVA
2020-10,EPAY
2020-10,ERA
2020-10,ESE
2020-10,ESIO
2020-10,ESL
2020-10,ESND
2020-10,ETH
2020-10,EVTC
2020-10,EXLS
2020-10,EXPO
2020-10,EXPR
2020-10,EXTN
2020-10,EXTR
2020-10,EZPW
2020-10,FARO
2020-10,FBP
2020-10,FCF
2020-10,FCPT
2020-10,FELE
2020-10,FF
2020-10,FFBC
2020-10,FIX
2020-10,FLOW
2020-10,FMBI
2020-10,FN
2020-10,FNSR
2020-10,FORM
2020-10,FORR
2020-10,FOSL
2020-10,FOXF
2020-10,FRAN
2020-10,FRGI
2020-10,FSB
2020-10,FSP
2020-10,FSS
2020-10,FTD
2020-10,FTK
2020-10,FTNT
2020-10,FTR
2020-10,FUL
2020-10,FWRD
2020-10,GBCI
2020-10,GBX
2020-10,GCI
2020-10,GCO
2020-10,GEOS
2020-10,GES
2020-10,GFF
2020-10,GHL
2020-10,GIFI
2020-10,GIII
2020-10,GLT
2020-10,GNBC
2020-10,GNL
2020-10,GOV
2020-10,GPI
2020-10,GPOR
2020-10,GPRE
2020-10,GTLS
2020-10,GTY
2020-10,GVA
2020-10,GWB
2020-10,HA
2020-10,HAFC
2020-10,HAYN
2020-10,HBHC
2020-10,HCI
2020-10,HFWA
2020-10,HI
2020-10,HIBB
2020-10,HLIT
2020-10,HLX
2020-10,HMN
2020-10,HMST
2020-10,HMSY
2020-10,HOPE
2020-10,HPR
2020-10,HSC
2020-10,HSII
2020-10,HSKA
2020-10,HSTM
2020-10,HT
2020-10,HTLD
2020-10,HUBG
2020-10,HVT
2020-10,HWKN
2020-10,HYH
2020-10,HZO
2020-10,IBP
2020-10,IDTI
2020-10,IEX
2020-10,IIIN
2020-10,ILG
2020-10,INDB
2020-10,INGN
2020-10,INN
2020-10,INTL
2020-10,INVA
2020-10,IOSP
2020-10,IPAR
2020-10,IPHS
2020-10,IRBT
2020-10,IRDM
2020-10,IRT
2020-10,ITG
2020-10,ITGR
2020-10,ITRI
2020-10,IVC
2020-10,IVR
2020-10,JBSS
2020-10,JBT
2020-10,JCP
2020-10,JJSF
2020-10,JKHY
2020-10,JRVR
2020-10,KALU
2020-10,KAMN
2020-10,KELYA
2020-10,KEM
2020-10,KEYS
2020-10,KFY
2020-10,KIRK
2020-10,KLIC
2020-10,KLXI
2020-10,KN
2020-10,KOP
2020-10,KOPN
2020-10,KRA
2020-10,KRG
2020-10,KS
2020-10,KWR
2020-10,LABL
2020-10,LAD
2020-10,LCI
2020-10,LCII
2020-10,LDL
2020-10,LDOS
2020-10,LGIH
2020-10,LHCG
2020-10,LHO
2020-10,LION
2020-10,LKSD
2020-10,LL
2020-10,LMAT
2020-10,LMNX
2020-10,LNN
2020-10,LNTH
2020-10,LOCO
2020-10,LPNT
2020-10,LPSN
2020-10,LQDT
2020-10,LTC
2020-10,LTXB
2020-10,LW
2020-10,LXP
2020-10,LXU
2020-10,LYV
2020-10,LZB
2020-10,MANT
2020-10,MATW
2020-10,MATX
2020-10,MBFI
2020-10,MCRI
2020-10,MCS
2020-10,MDC
2020-10,MDCO
2020-10,MDR
2020-10,MDSO
2020-10,MDXG
2020-10,MED
2020-10,MEI
2020-10,MGLN
2020-10,MGPI
2020-10,MHLD
2020-10,MHO
2020-10,MIK
2020-10,MINI
2020-10,MKTX
2020-10,MLI
2020-10,MMSI
2020-10,MNK
2020-10,MNRO
2020-10,MNTA
2020-10,MOG.A
2020-10,MOV
2020-10,MPAA
2020-10,MSTR
2020-10,MTH
2020-10,MTRN
2020-10,MTRX
2020-10,MTSC
2020-10,MXL
2020-10,MYE
2020-10,MYGN
2020-10,MYRG
2020-10,NANO
2020-10,NAVG
2020-10,NBHC
2020-10,NBR
2020-10,NBTB
2020-10,NCI
2020-10,NEOG
2020-10,NEWM
2020-10,NFBK
2020-10,NLS
2020-10,NMIH
2020-10,NP
2020-10,NPK
2020-10,NPO
2020-10,NR
2020-10,NSA
2020-10,NSIT
2020-10,NTGR
2020-10,NTRI
2020-10,NVR
2020-10,NWBI
2020-10,NWN
2020-10,NX
2020-10,NYMT
2020-10,OAS
2020-10,OCLR
2020-10,ODFL
2020-10,OFG
2020-10,OFIX
2020-10,OII
2020-10,OIS
2020-10,OMCL
2020-10,OMI
2020-10,ONB
2020-10,ORIT
2020-10,ORN
2020-10,OSIS
2020-10,OSPN
2020-10,OSUR
2020-10,OXM
2020-10,PAHC
2020-10,PARR
2020-10,PATK
2020-10,PAY
2020-10,PBI
2020-10,PDCE
2020-10,PDFS
2020-10,PEI
2020-10,PERY
2020-10,PES
2020-10,PETS
2020-10,PFBC
2020-10,PFS
2020-10,PGNX
2020-10,PGTI
2020-10,PJC
2020-10,PKE
2020-10,PLAB
2020-10,PLAY
2020-10,PLCE
2020-10,PLT
2020-10,PLUS
2020-10,PLXS
2020-10,PMT
2020-10,POWI
2020-10,POWL
2020-10,PPBI
2020-10,PRA
2020-10,PRAA
2020-10,PRFT
2020-10,PRGS
2020-10,PRLB
2020-10,PRSC
2020-10,PRSP
2020-10,PUMP
2020-10,PVAC
2020-10,QEP
2020-10,QHC
2020-10,QLYS
2020-10,QNST
2020-10,RAVN
2020-10,RCII
2020-10,RECN
2020-10,REGI
2020-10,REI
2020-10,REX
2020-10,RGNX
2020-10,RGR
2020-10,RGS
2020-10,RH
2020-10,RLI
2020-10,RMAX
2020-10,RMBS
2020-10,ROCK
2020-10,ROG
2020-10,ROIC
2020-10,RPT
2020-10,RRC
2020-10,RRD
2020-10,RRGB
2020-10,RTEC
2020-10,RUTH
2020-10,RWT
2020-10,RYAM
2020-10,SAFT
2020-10,SAH
2020-10,SAIA
2020-10,SANM
2020-10,SBCF
2020-10,SBSI
2020-10,SCHL
2020-10,SCL
2020-10,SCSC
2020-10,SCVL
2020-10,SEDG
2020-10,SEM
2020-10,SENEA
2020-10,SFBS
2020-10,SFLY
2020-10,SFNC
2020-10,SHAK
2020-10,SHOO
2020-10,SIG
2020-10,SJI
2020-10,SKYW
2020-10,SLCA
2020-10,SM
2020-10,SMP
2020-10,SNBR
2020-10,SONC
2020-10,SPN
2020-10,SPOK
2020-10,SPPI
2020-10,SPSC
2020-10,SPTN
2020-10,SPXC
2020-10,SR
2020-10,SRCI
2020-10,SRDX
2020-10,SSD
2020-10,SSP
2020-10,SSTK
2020-10,STAR
2020-10,STBA
2020-10,STC
2020-10,STE
2020-10,STMP
2020-10,STRA
2020-10,SUP
2020-10,SUPN
2020-10,SVU
2020-10,SWM
2020-10,SWN
2020-10,SXC
2020-10,SXI
2020-10,SYKE
2020-10,TBI
2020-10,TCF
2020-10,TFX
2020-10,TG
2020-10,TGI
2020-10,THRM
2020-10,TILE
2020-10,TISI
2020-10,TIVO
2020-10,TLRD
2020-10,TMP
2020-10,TMST
2020-10,TPRE
2020-10,TRST
2020-10,TTEC
2020-10,TTI
2020-10,TTMI
2020-10,TTS
2020-10,TUP
2020-10,TVPT
2020-10,TVTY
2020-10,TWI
2020-10,TYPE
2020-10,UBA
2020-10,UCBI
2020-10,UCTT
2020-10,UEIC
2020-10,UFCS
2020-10,UFI
2020-10,UFPI
2020-10,UHT
2020-10,UIHC
2020-10,ULTI
2020-10,UNF
2020-10,UNT
2020-10,USCR
2020-10,USPH
2020-10,UVE
2020-10,UVV
2020-10,VAL
2020-10,VECO
2020-10,VG
2020-10,VGR
2020-10,VIAV
2020-10,VICR
2020-10,VIVO
2020-10,VRA
2020-10,VREX
2020-10,VRTS
2020-10,VRTU
2020-10,VRTV
2020-10,VSI
2020-10,VSTO
2020-10,VVC
2020-10,VVI
2020-10,WABC
2020-10,WD
2020-10,WDFC
2020-10,WDR
2020-10,WETF
2020-10,WGO
2020-10,WING
2020-10,WIRE
2020-10,WNC
2020-10,WPG
2020-10,WRE
2020-10,WRLD
2020-10,WSR
2020-10,WTS
2020-10,WWW
2020-10,XHR
2020-10,XNCR
2020-10,XPER
2020-10,ZEUS
2020-10,ZUMZ
2020-10,ZYXI
2020-11,AAOI
2020-11,AAON
2020-11,AAT
2020-11,AAWW
2020-11,ABCB
2020-11,ABG
2020-11,ABM
2020-11,ACLS
2020-11,ADC
2020-11,ADTN
2020-11,AEGN
2020-11,AEIS
2020-11,AEL
2020-11,AGYS
2020-11,AHH
2020-11,AHL
2020-11,AIN
2020-11,AIR
2020-11,AIT
2020-11,AJRD
2020-11,AKR
2020-11,AKS
2020-11,ALEX
2020-11,ALG
2020-11,ALGT
2020-11,ALRM
2020-11,AMAG
2020-11,AMBC
2020-11,AMN
2020-11,AMPH
2020-11,AMSF
2020-11,AMWD
2020-11,ANDE
2020-11,ANF
2020-11,ANGO
2020-11,ANIK
2020-11,ANIP
2020-11,APEI
2020-11,APOG
2020-11,ARCB
2020-11,ARI
2020-11,AROC
2020-11,ARR
2020-11,ARRS
2020-11,ASIX
2020-11,ASNA
2020-11,ASRT
2020-11,ASTE
2020-11,ATNI
2020-11,ATU
2020-11,AVA
2020-11,AVAV
2020-11,AVD
2020-11,AVP
2020-11,AWR
2020-11,AXE
2020-11,AXL
2020-11,AZZ
2020-11,B
2020-11,BABY
2020-11,BANC
2020-11,BANR
2020-11,BCC
2020-11,BCEI
2020-11,BCOR
2020-11,BCPC
2020-11,BEAT
2020-11,BEL
2020-11,BELFB
2020-11,BFS
2020-11,BGFV
2020-11,BGG
2020-11,BGS
2020-11,BHE
2020-11,BHLB
2020-11,BIG
2020-11,BJRI
2020-11,BKE
2020-11,BKS
2020-11,BLD
2020-11,BMI
2020-11,BMS
2020-11,BNED
2020-11,BOFI
2020-11,BPFH
2020-11,BRC
2020-11,BRKL
2020-11,BRKS
2020-11,BRS
2020-11,CAL
2020-11,CALM
2020-11,CAMP
2020-11,CARS
2020-11,CASH
2020-11,CATM
2020-11,CATO
2020-11,CBB
2020-11,CBL
2020-11,CBM
2020-11,CBU
2020-11,CCOI
2020-11,CCRN
2020-11,CDR
2020-11,CECO
2020-11,CEIX
2020-11,CENT
2020-11,CENTA
2020-11,CENX
2020-11,CEVA
2020-11,CHCO
2020-11,CHCT
2020-11,CHK
2020-11,CHS
2020-11,CHSP
2020-11,CHUY
2020-11,CIR
2020-11,CJ
2020-11,CKH
2020-11,CLD
2020-11,CLDT
2020-11,CLW
2020-11,CMO
2020-11,CMTL
2020-11,CNMD
2020-11,CNSL
2020-11,COHU
2020-11,COKE
2020-11,COLB
2020-11,CORE
2020-11,CORT
2020-11,CPE
2020-11,CPF
2020-11,CPS
2020-11,CPSI
2020-11,CRAY
2020-11,CROX
2020-11,CRR
2020-11,CRVL
2020-11,CRY
2020-11,CRZO
2020-11,CSGS
2020-11,CTB
2020-11,CTRE
2020-11,CTRL
2020-11,CTS
2020-11,CUB
2020-11,CUBI
2020-11,CUTR
2020-11,CVBF
2020-11,CVCO
2020-11,CVG
2020-11,CVGW
2020-11,CWT
2020-11,CY
2020-11,CYH
2020-11,CYTK
2020-11,DAKT
2020-11,DBD
2020-11,DCOM
2020-11,DDD
2020-11,DEA
2020-11,DF
2020-11,DFIN
2020-11,DGII
2020-11,DIN
2020-11,DIOD
2020-11,DNB
2020-11,DNR
2020-11,DO
2020-11,DORM
2020-11,DPLO
2020-11,DRH
2020-11,DRQ
2020-11,DSPG
2020-11,DSW
2020-11,DXPE
2020-11,EBIX
2020-11,EBS
2020-11,ECHO
2020-11,ECOL
2020-11,ECPG
2020-11,EDR
2020-11,EE
2020-11,EFII
2020-11,EGHT
2020-11,EGL
2020-11,EGN
2020-11,EGOV
2020-11,EGRX
2020-11,EHTH
2020-11,EIG
2020-11,ELY
2020-11,ENDP
2020-11,ENSG
2020-11,ENTA
2020-11,ENVA
2020-11,EPAY
2020-11,ERA
2020-11,ESE
2020-11,ESIO
2020-11,ESL
2020-11,ESND
2020-11,ETH
2020-11,EVTC
2020-11,EXLS
2020-11,EXPO
2020-11,EXPR
2020-11,EXTN
2020-11,EXTR
2020-11,EZPW
2020-11,FARO
2020-11,FBP
2020-11,FCF
2020-11,FCPT
2020-11,FELE
2020-11,FF
2020-11,FFBC
2020-11,FIX
2020-11,FLOW
2020-11,FMBI
2020-11,FN
2020-11,FNSR
2020-11,FORM
2020-11,FORR
2020-11,FOSL
2020-11,FOXF
2020-11,FRAN
2020-11,FRGI
2020-11,FSB
2020-11,FSP
2020-11,FSS
2020-11,FTD
2020-11,FTK
2020-11,FTNT
2020-11,FTR
2020-11,FUL
2020-11,FWRD
2020-11,GBCI
2020-11,GBX
2020-11,GCI
2020-11,GCO
2020-11,GDOT
2020-11,GEOS
2020-11,GES
2020-11,GFF
2020-11,GHL
2020-11,GIFI
2020-11,GIII
2020-11,GLT
2020-11,GNBC
2020-11,GNL
2020-11,GOV
2020-11,GPI
2020-11,GPOR
2020-11,GPRE
2020-11,GTLS
2020-11,GTY
2020-11,GVA
2020-11,GWB
2020-11,GWR
2020-11,HA
2020-11,HAFC
2020-11,HAYN
2020-11,HBHC
2020-11,HCI
2020-11,HFWA
2020-11,HI
2020-11,HIBB
2020-11,HLIT
2020-11,HLX
2020-11,HMN
2020-11,HMST
2020-11,HMSY
2020-11,HOPE
2020-11,HPR
2020-11,HSC
2020-11,HSII
2020-11,HSKA
2020-11,HSTM
2020-11,HT
2020-11,HTLD
2020-11,HUBG
2020-11,HVT
2020-11,HWKN
2020-11,HYH
2020-11,HZO
2020-11,IBP
2020-11,IDTI
2020-11,IEX
2020-11,IIIN
2020-11,ILG
2020-11,INDB
2020-11,INGN
2020-11,INN
2020-11,INTL
2020-11,INVA
2020-11,IOSP
2020-11,IPAR
2020-11,IPHS
2020-11,IRBT
2020-11,IRDM
2020-11,IRT
2020-11,ITG
2020-11,ITGR
2020-11,ITRI
2020-11,IVC
2020-11,IVR
2020-11,JBSS
2020-11,JBT
2020-11,JCP
2020-11,JJSF
2020-11,JKHY
2020-11,JRVR
2020-11,KALU
2020-11,KAMN
2020-11,KELYA
2020-11,KEM
2020-11,KEYS
2020-11,KFY
2020-11,KIRK
2020-11,KLIC
2020-11,KLXI
2020-11,KN
2020-11,KOP
2020-11,KOPN
2020-11,KRA
2020-11,KRG
2020-11,KS
2020-11,KWR
2020-11,LABL
2020-11,LAD
2020-11,LCI
2020-11,LCII
2020-11,LDL
2020-11,LDOS
2020-11,LGIH
2020-11,LHO
2020-11,LION
2020-11,LKSD
2020-11,LL
2020-11,LMAT
2020-11,LMNX
2020-11,LNN
2020-11,LNTH
2020-11,LOCO
2020-11,LOGM
2020-11,LPNT
2020-11,LPSN
2020-11,LPT
2020-11,LQDT
2020-11,LTC
2020-11,LTXB
2020-11,LW
2020-11,LXP
2020-11,LXU
2020-11,LYV
2020-11,LZB
2020-11,MANT
2020-11,MATW
2020-11,MATX
2020-11,MBFI
2020-11,MCRI
2020-11,MCS
2020-11,MDC
2020-11,MDCO
2020-11,MDR
2020-11,MDSO
2020-11,MDXG
2020-11,MED
2020-11,MEI
2020-11,MGLN
2020-11,MGPI
2020-11,MHLD
2020-11,MHO
2020-11,MIK
2020-11,MINI
2020-11,MKTX
2020-11,MLI
2020-11,MMSI
2020-11,MNK
2020-11,MNRO
2020-11,MNTA
2020-11,MOG.A
2020-11,MOV
2020-11,MPAA
2020-11,MSTR
2020-11,MTH
2020-11,MTRN
2020-11,MTRX
2020-11,MTSC
2020-11,MXL
2020-11,MYE
2020-11,MYGN
2020-11,MYRG
2020-11,NANO
2020-11,NAVG
2020-11,NBHC
2020-11,NBR
2020-11,NBTB
2020-11,NCI
2020-11,NEOG
2020-11,NEWM
2020-11,NFBK
2020-11,NLS
2020-11,NMIH
2020-11,NP
2020-11,NPK
2020-11,NPO
2020-11,NR
2020-11,NSA
2020-11,NSIT
2020-11,NTGR
2020-11,NTRI
2020-11,NVR
2020-11,NWBI
2020-11,NWN
2020-11,NX
2020-11,NYMT
2020-11,OAS
2020-11,OCLR
2020-11,ODFL
2020-11,OFG
2020-11,OFIX
2020-11,OII
2020-11,OIS
2020-11,OMCL
2020-11,OMI
2020-11,ONB
2020-11,ORIT
2020-11,ORN
2020-11,OSIS
2020-11,OSPN
2020-11,OSUR
2020-11,OXM
2020-11,PAHC
2020-11,PARR
2020-11,PATK
2020-11,PAY
2020-11,PBI
2020-11,PDCE
2020-11,PDFS
2020-11,PEI
2020-11,PERY
2020-11,PES
2020-11,PETS
2020-11,PFBC
2020-11,PFS
2020-11,PGNX
2020-11,PGTI
2020-11,PJC
2020-11,PKE
2020-11,PLAB
2020-11,PLAY
2020-11,PLCE
2020-11,PLT
2020-11,PLUS
2020-11,PLXS
2020-11,PMT
2020-11,POWI
2020-11,POWL
2020-11,PPBI
2020-11,PRA
2020-11,PRAA
2020-11,PRFT
2020-11,PRGS
2020-11,PRLB
2020-11,PRSC
2020-11,PRSP
2020-11,PUMP
2020-11,PVAC
2020-11,QEP
2020-11,QHC
2020-11,QLYS
2020-11,QNST
2020-11,RAVN
2020-11,RCII
2020-11,RECN
2020-11,REGI
2020-11,REI
2020-11,REX
2020-11,RGNX
2020-11,RGR
2020-11,RGS
2020-11,RLI
2020-11,RMAX
2020-11,RMBS
2020-11,ROCK
2020-11,ROG
2020-11,ROIC
2020-11,RPT
2020-11,RRC
2020-11,RRD
2020-11,RRGB
2020-11,RTEC
2020-11,RUTH
2020-11,RWT
2020-11,RYAM
2020-11,SAFT
2020-11,SAH
2020-11,SAIA
2020-11,SANM
2020-11,SBCF
2020-11,SBSI
2020-11,SCHL
2020-11,SCL
2020-11,SCSC
2020-11,SCVL
2020-11,SEDG
2020-11,SEM
2020-11,SENEA
2020-11,SFBS
2020-11,SFLY
2020-11,SFNC
2020-11,SHAK
2020-11,SHOO
2020-11,SIG
2020-11,SJI
2020-11,SKT
2020-11,SKYW
2020-11,SLCA
2020-11,SM
2020-11,SMP
2020-11,SNBR
2020-11,SONC
2020-11,SPN
2020-11,SPOK
2020-11,SPPI
2020-11,SPSC
2020-11,SPTN
2020-11,SPXC
2020-11,SR
2020-11,SRCI
2020-11,SRDX
2020-11,SSD
2020-11,SSP
2020-11,SSTK
2020-11,STAR
2020-11,STBA
2020-11,STC
2020-11,STE
2020-11,STMP
2020-11,STRA
2020-11,SUP
2020-11,SUPN
2020-11,SVU
2020-11,SWM
2020-11,SWN
2020-11,SXC
2020-11,SXI
2020-11,SYKE
2020-11,TBI
2020-11,TCF
2020-11,TFX
2020-11,TG
2020-11,TGI
2020-11,THRM
2020-11,TILE
2020-11,TISI
2020-11,TIVO
2020-11,TLRD
2020-11,TMP
2020-11,TMST
2020-11,TPRE
2020-11,TRST
2020-11,TTEC
2020-11,TTI
2020-11,TTMI
2020-11,TTS
2020-11,TUP
2020-11,TVPT
2020-11,TVTY
2020-11,TWI
2020-11,TYPE
2020-11,UBA
2020-11,UCBI
2020-11,UCTT
2020-11,UEIC
2020-11,UFCS
2020-11,UFI
2020-11,UFPI
2020-11,UHT
2020-11,UIHC
2020-11,ULTI
2020-11,UNF
2020-11,UNIT
2020-11,UNT
2020-11,USCR
2020-11,USPH
2020-11,UVE
2020-11,UVV
2020-11,VAL
2020-11,VECO
2020-11,VG
2020-11,VGR
2020-11,VIAV
2020-11,VICR
2020-11,VIVO
2020-11,VRA
2020-11,VREX
2020-11,VRTS
2020-11,VRTU
2020-11,VRTV
2020-11,VSI
2020-11,VSTO
2020-11,VVC
2020-11,VVI
2020-11,WABC
2020-11,WD
2020-11,WDFC
2020-11,WDR
2020-11,WETF
2020-11,WGO
2020-11,WING
2020-11,WIRE
2020-11,WNC
2020-11,WPG
2020-11,WRE
2020-11,WRLD
2020-11,WSR
2020-11,WTS
2020-11,WWW
2020-11,XHR
2020-11,XNCR
2020-11,XPER
2020-11,ZEUS
2020-11,ZUMZ
2020-11,ZYXI
2020-12,AAOI
2020-12,AAON
2020-12,AAT
2020-12,AAWW
2020-12,ABCB
2020-12,ABG
2020-12,ABM
2020-12,ACLS
2020-12,ADC
2020-12,ADTN
2020-12,AEGN
2020-12,AEIS
2020-12,AEL
2020-12,AGYS
2020-12,AHH
2020-12,AHL
2020-12,AIN
2020-12,AIR
2020-12,AIT
2020-12,AJRD
2020-12,AKR
2020-12,AKRX
2020-12,AKS
2020-12,ALEX
2020-12,ALG
2020-12,ALGT
2020-12,ALRM
2020-12,AMAG
2020-12,AMBC
2020-12,AMCX
2020-12,AMN
2020-12,AMPH
2020-12,AMSF
2020-12,AMWD
2020-12,ANDE
2020-12,ANF
2020-12,ANGO
2020-12,ANIK
2020-12,ANIP
2020-12,APEI
2020-12,APOG
2020-12,ARCB
2020-12,ARI
2020-12,AROC
2020-12,ARR
2020-12,ARRS
2020-12,ASIX
2020-12,ASNA
2020-12,ASRT
2020-12,ASTE
2020-12,ATI
2020-12,ATNI
2020-12,ATO
2020-12,ATU
2020-12,AVA
2020-12,AVAV
2020-12,AVD
2020-12,AVNT
2020-12,AVP
2020-12,AWR
2020-12,AXE
2020-12,AXL
2020-12,AZZ
2020-12,B
2020-12,BABY
2020-12,BANC
2020-12,BANR
2020-12,BBBY
2020-12,BCC
2020-12,BCEI
2020-12,BCOR
2020-12,BCPC
2020-12,BEAT
2020-12,BEL
2020-12,BELFB
2020-12,BFS
2020-12,BGFV
2020-12,BGG
2020-12,BGS
2020-12,BHE
2020-12,BHLB
2020-12,BID
2020-12,BIG
2020-12,BIO
2020-12,BJRI
2020-12,BKE
2020-12,BKS
2020-12,BLD
2020-12,BMI
2020-12,BMS
2020-12,BNED
2020-12,BOFI
2020-12,BPFH
2020-12,BRC
2020-12,BRKL
2020-12,BRKS
2020-12,BRS
2020-12,CAKE
2020-12,CAL
2020-12,CALM
2020-12,CAMP
2020-12,CARS
2020-12,CASH
2020-12,CATM
2020-12,CATO
2020-12,CBB
2020-12,CBL
2020-12,CBM
2020-12,CBU
2020-12,CCOI
2020-12,CCRN
2020-12,CDR
2020-12,CECO
2020-12,CEIX
2020-12,CENT
2020-12,CENTA
2020-12,CENX
2020-12,CEVA
2020-12,CHCO
2020-12,CHCT
2020-12,CHK
2020-12,CHS
2020-12,CHSP
2020-12,CHUY
2020-12,CHX
2020-12,CIR
2020-12,CJ
2020-12,CKH
2020-12,CLB
2020-12,CLD
2020-12,CLDT
2020-12,CLI
2020-12,CLW
2020-12,CMO
2020-12,CMTL
2020-12,CNMD
2020-12,CNSL
2020-12,COHU
2020-12,COKE
2020-12,COLB
2020-12,CORE
2020-12,CORT
2020-12,CPE
2020-12,CPF
2020-12,CPS
2020-12,CPSI
2020-12,CRAY
2020-12,CROX
2020-12,CRR
2020-12,CRS
2020-12,CRVL
2020-12,CRY
2020-12,CRZO
2020-12,CSGS
2020-12,CSR
2020-12,CTB
2020-12,CTLT
2020-12,CTRE
2020-12,CTRL
2020-12,CTS
2020-12,CUB
2020-12,CUBI
2020-12,CUTR
2020-12,CVBF
2020-12,CVCO
2020-12,CVG
2020-12,CVGW
2020-12,CWT
2020-12,CXW
2020-12,CY
2020-12,CYH
2020-12,CYTK
2020-12,DAKT
2020-12,DBD
2020-12,DCOM
2020-12,DDD
2020-12,DDS
2020-12,DEA
2020-12,DEN
2020-12,DF
2020-12,DFIN
2020-12,DGII
2020-12,DIN
2020-12,DIOD
2020-12,DLPH
2020-12,DLX
2020-12,DNB
2020-12,DNKN
2020-12,DNOW
2020-12,DO
2020-12,DORM
2020-12,DPLO
2020-12,DPZ
2020-12,DRH
2020-12,DRQ
2020-12,DSPG
2020-12,DSW
2020-12,DXPE
2020-12,EAT
2020-12,EBIX
2020-12,EBS
2020-12,ECHO
2020-12,ECOL
2020-12,ECPG
2020-12,EDR
2020-12,EE
2020-12,EFII
2020-12,EGHT
2020-12,EGL
2020-12,EGN
2020-12,EGOV
2020-12,EGRX
2020-12,EHTH
2020-12,EIG
2020-12,ELY
2020-12,ENDP
2020-12,ENSG
2020-12,ENTA
2020-12,ENVA
2020-12,EPAY
2020-12,ERA
2020-12,ESE
2020-12,ESIO
2020-12,ESL
2020-12,ESND
2020-12,ETH
2020-12,EVTC
2020-12,EXLS
2020-12,EXPO
2020-12,EXPR
2020-12,EXTN
2020-12,EXTR
2020-12,EZPW
2020-12,FARO
2020-12,FBP
2020-12,FCF
2020-12,FCPT
2020-12,FELE
2020-12,FF
2020-12,FFBC
2020-12,FHI
2020-12,FIX
2020-12,FLOW
2020-12,FMBI
2020-12,FN
2020-12,FNSR
2020-12,FORM
2020-12,FORR
2020-12,FOSL
2020-12,FOXF
2020-12,FRAN
2020-12,FRGI
2020-12,FSB
2020-12,FSP
2020-12,FSS
2020-12,FTD
2020-12,FTK
2020-12,FTNT
2020-12,FTR
2020-12,FUL
2020-12,FWRD
2020-12,GBX
2020-12,GCI
2020-12,GCO
2020-12,GDOT
2020-12,GEO
2020-12,GEOS
2020-12,GES
2020-12,GFF
2020-12,GHL
2020-12,GIFI
2020-12,GIII
2020-12,GLT
2020-12,GME
2020-12,GNBC
2020-12,GNL
2020-12,GOV
2020-12,GPI
2020-12,GPOR
2020-12,GPRE
2020-12,GTLS
2020-12,GTY
2020-12,GVA
2020-12,GWB
2020-12,GWR
2020-12,HA
2020-12,HAFC
2020-12,HAYN
2020-12,HBHC
2020-12,HCI
2020-12,HFWA
2020-12,HI
2020-12,HIBB
2020-12,HLIT
2020-12,HLX
2020-12,HMN
2020-12,HMST
2020-12,HMSY
2020-12,HOPE
2020-12,HPR
2020-12,HSC
2020-12,HSII
2020-12,HSKA
2020-12,HSTM
2020-12,HT
2020-12,HTLD
2020-12,HUBG
2020-12,HVT
2020-12,HWKN
2020-12,HYH
2020-12,HZO
2020-12,IBP
2020-12,IDTI
2020-12,IEX
2020-12,IIIN
2020-12,ILG
2020-12,INDB
2020-12,INGN
2020-12,INN
2020-12,INTL
2020-12,INVA
2020-12,IOSP
2020-12,IPAR
2020-12,IPHS
2020-12,IRBT
2020-12,IRDM
2020-12,IRT
2020-12,ISCA
2020-12,ITG
2020-12,ITGR
2020-12,ITRI
2020-12,IVC
2020-12,IVR
2020-12,JBSS
2020-12,JBT
2020-12,JCP
2020-12,JJSF
2020-12,JKHY
2020-12,JRVR
2020-12,KALU
2020-12,KAMN
2020-12,KELYA
2020-12,KEM
2020-12,KEYS
2020-12,KFY
2020-12,KIRK
2020-12,KLIC
2020-12,KLXI
2020-12,KN
2020-12,KOP
2020-12,KOPN
2020-12,KRA
2020-12,KRG
2020-12,KS
2020-12,KWR
2020-12,LABL
2020-12,LAD
2020-12,LCI
2020-12,LCII
2020-12,LDL
2020-12,LDOS
2020-12,LGIH
2020-12,LHO
2020-12,LION
2020-12,LKSD
2020-12,LL
2020-12,LM
2020-12,LMAT
2020-12,LMNX
2020-12,LNN
2020-12,LNTH
2020-12,LOCO
2020-12,LOGM
2020-12,LPNT
2020-12,LPSN
2020-12,LPT
2020-12,LQDT
2020-12,LTC
2020-12,LTXB
2020-12,LW
2020-12,LXP
2020-12,LXU
2020-12,LYV
2020-12,LZB
2020-12,MANT
2020-12,MATW
2020-12,MATX
2020-12,MBFI
2020-12,MCRI
2020-12,MCS
2020-12,MD
2020-12,MDC
2020-12,MDCO
2020-12,MDP
2020-12,MDR
2020-12,MDRX
2020-12,MDSO
2020-12,MDXG
2020-12,MED
2020-12,MEI
2020-12,MGLN
2020-12,MGPI
2020-12,MHLD
2020-12,MHO
2020-12,MIK
2020-12,MINI
2020-12,MKTX
2020-12,MLI
2020-12,MMSI
2020-12,MNK
2020-12,MNRO
2020-12,MNTA
2020-12,MOG.A
2020-12,MOV
2020-12,MPAA
2020-12,MSTR
2020-12,MTDR
2020-12,MTH
2020-12,MTRN
2020-12,MTRX
2020-12,MTSC
2020-12,MXL
2020-12,MYE
2020-12,MYGN
2020-12,MYRG
2020-12,NANO
2020-12,NAVG
2020-12,NBHC
2020-12,NBR
2020-12,NBTB
2020-12,NCI
2020-12,NEOG
2020-12,NEWM
2020-12,NFBK
2020-12,NLS
2020-12,NMIH
2020-12,NP
2020-12,NPK
2020-12,NPO
2020-12,NR
2020-12,NSA
2020-12,NSIT
2020-12,NTGR
2020-12,NTRI
2020-12,NVR
2020-12,NWBI
2020-12,NWN
2020-12,NX
2020-12,NYMT
2020-12,OAS
2020-12,OCLR
2020-12,ODFL
2020-12,ODP
2020-12,OFG
2020-12,OFIX
2020-12,OII
2020-12,OIS
2020-12,OMCL
2020-12,OMI
2020-12,ONB
2020-12,ORIT
2020-12,ORN
2020-12,OSIS
2020-12,OSPN
2020-12,OSUR
2020-12,OXM
2020-12,PAHC
2020-12,PARR
2020-12,PATK
2020-12,PAY
2020-12,PBF
2020-12,PBI
2020-12,PDCE
2020-12,PDFS
2020-12,PEI
2020-12,PERY
2020-12,PES
2020-12,PETS
2020-12,PFBC
2020-12,PFS
2020-12,PGNX
2020-12,PGTI
2020-12,PJC
2020-12,PKE
2020-12,PLAB
2020-12,PLAY
2020-12,PLCE
2020-12,PLT
2020-12,PLUS
2020-12,PLXS
2020-12,PMT
2020-12,POOL
2020-12,POWI
2020-12,POWL
2020-12,PPBI
2020-12,PRA
2020-12,PRAA
2020-12,PRFT
2020-12,PRGS
2020-12,PRLB
2020-12,PRSC
2020-12,PRSP
2020-12,PTEN
2020-12,PUMP
2020-12,PVAC
2020-12,QEP
2020-12,QHC
2020-12,QNST
2020-12,RAVN
2020-12,RCII
2020-12,RECN
2020-12,REGI
2020-12,REI
2020-12,REX
2020-12,RGNX
2020-12,RGR
2020-12,RGS
2020-12,RIG
2020-12,RLI
2020-12,RMAX
2020-12,RMBS
2020-12,ROCK
2020-12,ROG
2020-12,ROIC
2020-12,ROL
2020-12,RPT
2020-12,RRC
2020-12,RRD
2020-12,RRGB
2020-12,RTEC
2020-12,RUTH
2020-12,RWT
2020-12,RYAM
2020-12,SAFT
2020-12,SAH
2020-12,SAIA
2020-12,SANM
2020-12,SBCF
2020-12,SBH
2020-12,SBSI
2020-12,SCHL
2020-12,SCL
2020-12,SCSC
2020-12,SCVL
2020-12,SEDG
2020-12,SEM
2020-12,SENEA
2020-12,SFBS
2020-12,SFLY
2020-12,SFNC
2020-12,SHAK
2020-12,SHOO
2020-12,SIG
2020-12,SJI
2020-12,SKT
2020-12,SKYW
2020-12,SLCA
2020-12,SM
2020-12,SMP
2020-12,SNBR
2020-12,SNH
2020-12,SONC
2020-12,SPN
2020-12,SPOK
2020-12,SPPI
2020-12,SPSC
2020-12,SPTN
2020-12,SPXC
2020-12,SR
2020-12,SRCI
2020-12,SRDX
2020-12,SSD
2020-12,SSP
2020-12,SSTK
2020-12,STAR
2020-12,STBA
2020-12,STC
2020-12,STE
2020-12,STMP
2020-12,SUP
2020-12,SUPN
2020-12,SVC
2020-12,SVU
2020-12,SWM
2020-12,SWN
2020-12,SXC
2020-12,SXI
2020-12,SYKE
2020-12,TBI
2020-12,TCF
2020-12,TDY
2020-12,TECD
2020-12,TER
2020-12,TFX
2020-12,TG
2020-12,TGI
2020-12,THRM
2020-12,TILE
2020-12,TISI
2020-12,TIVO
2020-12,TLRD
2020-12,TMP
2020-12,TMST
2020-12,TPRE
2020-12,TRST
2020-12,TTEC
2020-12,TTI
2020-12,TTMI
2020-12,TTS
2020-12,TUP
2020-12,TVPT
2020-12,TVTY
2020-12,TWI
2020-12,TYL
2020-12,TYPE
2020-12,UBA
2020-12,UCBI
2020-12,UCTT
2020-12,UEIC
2020-12,UFCS
2020-12,UFI
2020-12,UFPI
2020-12,UHT
2020-12,UIHC
2020-12,ULTI
2020-12,UNF
2020-12,UNFI
2020-12,UNIT
2020-12,UNT
2020-12,USCR
2020-12,USPH
2020-12,UVE
2020-12,UVV
2020-12,VAL
2020-12,VECO
2020-12,VG
2020-12,VGR
2020-12,VIAV
2020-12,VICR
2020-12,VIVO
2020-12,VRA
2020-12,VREX
2020-12,VRTS
2020-12,VRTU
2020-12,VRTV
2020-12,VSI
2020-12,VSM
2020-12,VSTO
2020-12,VVC
2020-12,VVI
2020-12,WABC
2020-12,WD
2020-12,WDFC
2020-12,WDR
2020-12,WETF
2020-12,WGO
2020-12,WING
2020-12,WIRE
2020-12,WNC
2020-12,WPG
2020-12,WRE
2020-12,WRLD
2020-12,WSR
2020-12,WTS
2020-12,WWW
2020-12,XHR
2020-12,XNCR
2020-12,XPER
2020-12,ZEUS
2020-12,ZUMZ
2020-12,ZYXI
2021-01,AAOI
2021-01,AAON
2021-01,AAT
2021-01,AAWW
2021-01,ABCB
2021-01,ABG
2021-01,ABM
2021-01,ACLS
2021-01,ADC
2021-01,ADTN
2021-01,AEGN
2021-01,AEIS
2021-01,AEL
2021-01,AGYS
2021-01,AHH
2021-01,AHL
2021-01,AIN
2021-01,AIR
2021-01,AIT
2021-01,AJRD
2021-01,AKR
2021-01,AKRX
2021-01,AKS
2021-01,ALEX
2021-01,ALG
2021-01,ALGT
2021-01,ALRM
2021-01,AMAG
2021-01,AMBC
2021-01,AMCX
2021-01,AMN
2021-01,AMPH
2021-01,AMSF
2021-01,AMWD
2021-01,ANDE
2021-01,ANF
2021-01,ANGO
2021-01,ANIK
2021-01,ANIP
2021-01,APEI
2021-01,APOG
2021-01,ARCB
2021-01,ARI
2021-01,AROC
2021-01,ARR
2021-01,ARRS
2021-01,ASIX
2021-01,ASNA
2021-01,ASRT
2021-01,ASTE
2021-01,ATI
2021-01,ATNI
2021-01,ATO
2021-01,ATU
2021-01,AVA
2021-01,AVAV
2021-01,AVD
2021-01,AVP
2021-01,AWR
2021-01,AXE
2021-01,AXL
2021-01,AZZ
2021-01,B
2021-01,BABY
2021-01,BANC
2021-01,BANR
2021-01,BBBY
2021-01,BCC
2021-01,BCEI
2021-01,BCOR
2021-01,BCPC
2021-01,BEAT
2021-01,BEL
2021-01,BELFB
2021-01,BFS
2021-01,BGFV
2021-01,BGG
2021-01,BGS
2021-01,BHE
2021-01,BHLB
2021-01,BID
2021-01,BIG
2021-01,BIO
2021-01,BJRI
2021-01,BKE
2021-01,BKS
2021-01,BLD
2021-01,BMI
2021-01,BMS
2021-01,BNED
2021-01,BOFI
2021-01,BPFH
2021-01,BRC
2021-01,BRKL
2021-01,BRKS
2021-01,BRS
2021-01,CAKE
2021-01,CAL
2021-01,CALM
2021-01,CAMP
2021-01,CARS
2021-01,CASH
2021-01,CATM
2021-01,CATO
2021-01,CBB
2021-01,CBL
2021-01,CBM
2021-01,CBU
2021-01,CCOI
2021-01,CCRN
2021-01,CDR
2021-01,CECO
2021-01,CEIX
2021-01,CENT
2021-01,CENTA
2021-01,CENX
2021-01,CEVA
2021-01,CHCO
2021-01,CHCT
2021-01,CHK
2021-01,CHS
2021-01,CHSP
2021-01,CHUY
2021-01,CIR
2021-01,CJ
2021-01,CKH
2021-01,CLB
2021-01,CLD
2021-01,CLDT
2021-01,CLI
2021-01,CLW
2021-01,CMO
2021-01,CMTL
2021-01,CNMD
2021-01,CNSL
2021-01,COHU
2021-01,COKE
2021-01,COLB
2021-01,CORE
2021-01,CORT
2021-01,CPE
2021-01,CPF
2021-01,CPS
2021-01,CPSI
2021-01,CRAY
2021-01,CROX
2021-01,CRR
2021-01,CRS
2021-01,CRVL
2021-01,CRY
2021-01,CRZO
2021-01,CSGS
2021-01,CSR
2021-01,CTB
2021-01,CTLT
2021-01,CTRE
2021-01,CTRL
2021-01,CTS
2021-01,CUB
2021-01,CUBI
2021-01,CUTR
2021-01,CVBF
2021-01,CVCO
2021-01,CVG
2021-01,CVGW
2021-01,CWT
2021-01,CXW
2021-01,CY
2021-01,CYH
2021-01,CYTK
2021-01,DAKT
2021-01,DBD
2021-01,DCOM
2021-01,DDD
2021-01,DDS
2021-01,DEA
2021-01,DEN
2021-01,DF
2021-01,DFIN
2021-01,DGII
2021-01,DHC
2021-01,DIN
2021-01,DIOD
2021-01,DLPH
2021-01,DLX
2021-01,DNB
2021-01,DNKN
2021-01,DNOW
2021-01,DO
2021-01,DORM
2021-01,DPLO
2021-01,DPZ
2021-01,DRH
2021-01,DRQ
2021-01,DSPG
2021-01,DSW
2021-01,DXPE
2021-01,EAT
2021-01,EBIX
2021-01,EBS
2021-01,ECHO
2021-01,ECOL
2021-01,ECPG
2021-01,EDR
2021-01,EE
2021-01,EFII
2021-01,EGHT
2021-01,EGL
2021-01,EGN
2021-01,EGOV
2021-01,EGRX
2021-01,EHTH
2021-01,EIG
2021-01,ELY
2021-01,ENDP
2021-01,ENSG
2021-01,ENTA
2021-01,ENVA
2021-01,EPAY
2021-01,ERA
2021-01,ESE
2021-01,ESIO
2021-01,ESL
2021-01,ESND
2021-01,ETH
2021-01,EVTC
2021-01,EXLS
2021-01,EXPO
2021-01,EXPR
2021-01,EXTN
2021-01,EXTR
2021-01,EZPW
2021-01,FARO
2021-01,FBP
2021-01,FCF
2021-01,FCPT
2021-01,FELE
2021-01,FF
2021-01,FFBC
2021-01,FIX
2021-01,FLOW
2021-01,FMBI
2021-01,FN
2021-01,FNSR
2021-01,FORM
2021-01,FORR
2021-01,FOSL
2021-01,FOXF
2021-01,FRAN
2021-01,FRGI
2021-01,FSB
2021-01,FSP
2021-01,FSS
2021-01,FTD
2021-01,FTK
2021-01,FTNT
2021-01,FTR
2021-01,FUL
2021-01,FWRD
2021-01,GBX
2021-01,GCI
2021-01,GCO
2021-01,GDOT
2021-01,GEO
2021-01,GEOS
2021-01,GES
2021-01,GFF
2021-01,GHL
2021-01,GIFI
2021-01,GIII
2021-01,GLT
2021-01,GME
2021-01,GNBC
2021-01,GNL
2021-01,GOV
2021-01,GPI
2021-01,GPOR
2021-01,GPRE
2021-01,GTLS
2021-01,GTY
2021-01,GVA
2021-01,GWB
2021-01,GWR
2021-01,HA
2021-01,HAFC
2021-01,HAYN
2021-01,HBHC
2021-01,HCI
2021-01,HFWA
2021-01,HI
2021-01,HIBB
2021-01,HLIT
2021-01,HLX
2021-01,HMN
2021-01,HMST
2021-01,HMSY
2021-01,HOPE
2021-01,HPR
2021-01,HSC
2021-01,HSII
2021-01,HSKA
2021-01,HSTM
2021-01,HT
2021-01,HTLD
2021-01,HUBG
2021-01,HVT
2021-01,HWKN
2021-01,HYH
2021-01,HZO
2021-01,IBP
2021-01,IDTI
2021-01,IEX
2021-01,IIIN
2021-01,ILG
2021-01,INDB
2021-01,INGN
2021-01,INN
2021-01,INTL
2021-01,INVA
2021-01,IOSP
2021-01,IPAR
2021-01,IPHS
2021-01,IRBT
2021-01,IRDM
2021-01,IRT
2021-01,ISCA
2021-01,ITG
2021-01,ITGR
2021-01,ITRI
2021-01,IVC
2021-01,IVR
2021-01,JBSS
2021-01,JBT
2021-01,JCP
2021-01,JJSF
2021-01,JKHY
2021-01,JRVR
2021-01,KALU
2021-01,KAMN
2021-01,KELYA
2021-01,KEM
2021-01,KEYS
2021-01,KFY
2021-01,KIRK
2021-01,KLIC
2021-01,KLXI
2021-01,KN
2021-01,KOP
2021-01,KOPN
2021-01,KRA
2021-01,KRG
2021-01,KS
2021-01,KWR
2021-01,LABL
2021-01,LAD
2021-01,LCI
2021-01,LCII
2021-01,LDL
2021-01,LDOS
2021-01,LGIH
2021-01,LHO
2021-01,LION
2021-01,LKSD
2021-01,LL
2021-01,LM
2021-01,LMAT
2021-01,LMNX
2021-01,LNN
2021-01,LNTH
2021-01,LOCO
2021-01,LOGM
2021-01,LPNT
2021-01,LPSN
2021-01,LPT
2021-01,LQDT
2021-01,LTC
2021-01,LTXB
2021-01,LW
2021-01,LXP
2021-01,LXU
2021-01,LYV
2021-01,LZB
2021-01,MANT
2021-01,MATW
2021-01,MATX
2021-01,MBFI
2021-01,MCRI
2021-01,MCS
2021-01,MD
2021-01,MDC
2021-01,MDCO
2021-01,MDP
2021-01,MDR
2021-01,MDRX
2021-01,MDSO
2021-01,MDXG
2021-01,MED
2021-01,MEI
2021-01,MGLN
2021-01,MGPI
2021-01,MHLD
2021-01,MHO
2021-01,MIK
2021-01,MINI
2021-01,MKTX
2021-01,MLI
2021-01,MMSI
2021-01,MNK
2021-01,MNRO
2021-01,MNTA
2021-01,MOG.A
2021-01,MOV
2021-01,MPAA
2021-01,MSTR
2021-01,MTDR
2021-01,MTH
2021-01,MTRN
2021-01,MTRX
2021-01,MTSC
2021-01,MXL
2021-01,MYE
2021-01,MYGN
2021-01,MYRG
2021-01,NANO
2021-01,NAVG
2021-01,NBHC
2021-01,NBR
2021-01,NBTB
2021-01,NCI
2021-01,NEOG
2021-01,NEWM
2021-01,NFBK
2021-01,NLS
2021-01,NMIH
2021-01,NP
2021-01,NPK
2021-01,NPO
2021-01,NR
2021-01,NSA
2021-01,NSIT
2021-01,NTGR
2021-01,NTRI
2021-01,NVR
2021-01,NWBI
2021-01,NWN
2021-01,NX
2021-01,NYMT
2021-01,OAS
2021-01,OCLR
2021-01,ODFL
2021-01,ODP
2021-01,OFG
2021-01,OFIX
2021-01,OII
2021-01,OIS
2021-01,OMCL
2021-01,OMI
2021-01,ONB
2021-01,ORIT
2021-01,ORN
2021-01,OSIS
2021-01,OSPN
2021-01,OSUR
2021-01,OXM
2021-01,PAHC
2021-01,PARR
2021-01,PATK
2021-01,PAY
2021-01,PBF
2021-01,PBI
2021-01,PDCE
2021-01,PDFS
2021-01,PEI
2021-01,PERY
2021-01,PES
2021-01,PETS
2021-01,PFBC
2021-01,PFS
2021-01,PGNX
2021-01,PGTI
2021-01,PJC
2021-01,PKE
2021-01,PLAB
2021-01,PLAY
2021-01,PLCE
2021-01,PLT
2021-01,PLUS
2021-01,PLXS
2021-01,PMT
2021-01,POOL
2021-01,POWI
2021-01,POWL
2021-01,PPBI
2021-01,PRA
2021-01,PRAA
2021-01,PRFT
2021-01,PRGS
2021-01,PRLB
2021-01,PRSC
2021-01,PRSP
2021-01,PTEN
2021-01,PUMP
2021-01,PVAC
2021-01,QEP
2021-01,QHC
2021-01,QNST
2021-01,RAVN
2021-01,RCII
2021-01,RECN
2021-01,REGI
2021-01,REI
2021-01,REX
2021-01,RGNX
2021-01,RGR
2021-01,RGS
2021-01,RIG
2021-01,RLI
2021-01,RMAX
2021-01,RMBS
2021-01,ROCK
2021-01,ROG
2021-01,ROIC
2021-01,ROL
2021-01,RPT
2021-01,RRC
2021-01,RRD
2021-01,RRGB
2021-01,RTEC
2021-01,RUTH
2021-01,RWT
2021-01,RYAM
2021-01,SAFT
2021-01,SAH
2021-01,SAIA
2021-01,SANM
2021-01,SBCF
2021-01,SBH
2021-01,SBSI
2021-01,SCHL
2021-01,SCL
2021-01,SCSC
2021-01,SCVL
2021-01,SEDG
2021-01,SEM
2021-01,SENEA
2021-01,SFBS
2021-01,SFLY
2021-01,SFNC
2021-01,SHAK
2021-01,SHOO
2021-01,SIG
2021-01,SJI
2021-01,SKT
2021-01,SKYW
2021-01,SLCA
2021-01,SM
2021-01,SMP
2021-01,SNBR
2021-01,SNH
2021-01,SONC
2021-01,SPN
2021-01,SPOK
2021-01,SPPI
2021-01,SPSC
2021-01,SPTN
2021-01,SPXC
2021-01,SR
2021-01,SRCI
2021-01,SRDX
2021-01,SSD
2021-01,SSP
2021-01,SSTK
2021-01,STAR
2021-01,STBA
2021-01,STC
2021-01,STE
2021-01,STMP
2021-01,SUP
2021-01,SUPN
2021-01,SVU
2021-01,SWM
2021-01,SWN
2021-01,SXC
2021-01,SXI
2021-01,SYKE
2021-01,TBI
2021-01,TCF
2021-01,TCO
2021-01,TDY
2021-01,TECD
2021-01,TER
2021-01,TFX
2021-01,TG
2021-01,TGI
2021-01,THRM
2021-01,TILE
2021-01,TISI
2021-01,TIVO
2021-01,TLRD
2021-01,TMP
2021-01,TMST
2021-01,TPRE
2021-01,TRMB
2021-01,TRST
2021-01,TTEC
2021-01,TTI
2021-01,TTMI
2021-01,TTS
2021-01,TUP
2021-01,TVPT
2021-01,TVTY
2021-01,TWI
2021-01,TYL
2021-01,TYPE
2021-01,UBA
2021-01,UCBI
2021-01,UCTT
2021-01,UEIC
2021-01,UFCS
2021-01,UFI
2021-01,UFPI
2021-01,UHT
2021-01,UIHC
2021-01,ULTI
2021-01,UNF
2021-01,UNFI
2021-01,UNIT
2021-01,UNT
2021-01,USCR
2021-01,USPH
2021-01,UVE
2021-01,UVV
2021-01,VAL
2021-01,VECO
2021-01,VG
2021-01,VGR
2021-01,VIAV
2021-01,VICR
2021-01,VIVO
2021-01,VRA
2021-01,VREX
2021-01,VRTS
2021-01,VRTU
2021-01,VRTV
2021-01,VSI
2021-01,VSM
2021-01,VSTO
2021-01,VVC
2021-01,VVI
2021-01,WABC
2021-01,WD
2021-01,WDFC
2021-01,WDR
2021-01,WETF
2021-01,WGO
2021-01,WING
2021-01,WIRE
2021-01,WNC
2021-01,WPG
2021-01,WRE
2021-01,WRLD
2021-01,WSR
2021-01,WTS
2021-01,WWW
2021-01,XHR
2021-01,XNCR
2021-01,XPER
2021-01,ZEUS
2021-01,ZUMZ
2021-01,ZYXI
2021-02,AAN
2021-02,AAOI
2021-02,AAON
2021-02,AAT
2021-02,AAWW
2021-02,ABCB
2021-02,ABG
2021-02,ABM
2021-02,ABTX
2021-02,ACA
2021-02,ACLS
2021-02,ADC
2021-02,ADTN
2021-02,ADUS
2021-02,AEGN
2021-02,AEIS
2021-02,AEL
2021-02,AGO
2021-02,AGYS
2021-02,AHH
2021-02,AIN
2021-02,AIR
2021-02,AIT
2021-02,AJRD
2021-02,AKR
2021-02,AKRX
2021-02,AKS
2021-02,ALEX
2021-02,ALG
2021-02,ALGT
2021-02,ALRM
2021-02,AMAG
2021-02,AMBC
2021-02,AMCX
2021-02,AMN
2021-02,AMPH
2021-02,AMSF
2021-02,AMWD
2021-02,ANDE
2021-02,ANF
2021-02,ANGO
2021-02,ANIK
2021-02,ANIP
2021-02,APEI
2021-02,APOG
2021-02,ARCB
2021-02,ARI
2021-02,ARLO
2021-02,ARNC
2021-02,AROC
2021-02,ARR
2021-02,ARRS
2021-02,ASIX
2021-02,ASNA
2021-02,ASRT
2021-02,ASTE
2021-02,ATI
2021-02,ATU
2021-02,AVA
2021-02,AVAV
2021-02,AVD
2021-02,AWR
2021-02,AX
2021-02,AXL
2021-02,AZZ
2021-02,B
2021-02,BANC
2021-02,BANF
2021-02,BANR
2021-02,BBBY
2021-02,BCC
2021-02,BCEI
2021-02,BCOR
2021-02,BCPC
2021-02,BELFB
2021-02,BFS
2021-02,BGS
2021-02,BHE
2021-02,BHLB
2021-02,BIG
2021-02,BJRI
2021-02,BKE
2021-02,BMI
2021-02,BNED
2021-02,BPFH
2021-02,BRC
2021-02,BRKL
2021-02,CADE
2021-02,CAKE
2021-02,CAL
2021-02,CALM
2021-02,CAMP
2021-02,CASH
2021-02,CATM
2021-02,CATO
2021-02,CBB
2021-02,CBU
2021-02,CCOI
2021-02,CCRN
2021-02,CEIX
2021-02,CENT
2021-02,CENTA
2021-02,CENX
2021-02,CEVA
2021-02,CHCO
2021-02,CHCT
2021-02,CHS
2021-02,CHUY
2021-02,CIR
2021-02,CKH
2021-02,CLB
2021-02,CLDT
2021-02,CLI
2021-02,CLW
2021-02,CMO
2021-02,CMTL
2021-02,CNMD
2021-02,CNSL
2021-02,COHU
2021-02,COKE
2021-02,COLB
2021-02,CORE
2021-02,CORT
2021-02,CPE
2021-02,CPF
2021-02,CPS
2021-02,CPSI
2021-02,CROX
2021-02,CRR
2021-02,CRVL
2021-02,CRY
2021-02,CSGS
2021-02,CSR
2021-02,CTB
2021-02,CTRE
2021-02,CTS
2021-02,CUB
2021-02,CUBI
2021-02,CUTR
2021-02,CVBF
2021-02,CVCO
2021-02,CVGW
2021-02,CWT
2021-02,CXW
2021-02,CYH
2021-02,CYTK
2021-02,DAKT
2021-02,DBD
2021-02,DCOM
2021-02,DDD
2021-02,DDS
2021-02,DEA
2021-02,DEN
2021-02,DF
2021-02,DFIN
2021-02,DGII
2021-02,DHC
2021-02,DIN
2021-02,DIOD
2021-02,DLPH
2021-02,DLX
2021-02,DNB
2021-02,DNKN
2021-02,DNOW
2021-02,DO
2021-02,DORM
2021-02,DPLO
2021-02,DPZ
2021-02,DRH
2021-02,DRQ
2021-02,DSPG
2021-02,DSW
2021-02,DXPE
2021-02,EAT
2021-02,EBIX
2021-02,ECHO
2021-02,ECOL
2021-02,ECPG
2021-02,EDR
2021-02,EE
2021-02,EFII
2021-02,EGHT
2021-02,EGL
2021-02,EGN
2021-02,EGOV
2021-02,EGRX
2021-02,EHTH
2021-02,EIG
2021-02,ELY
2021-02,ENDP
2021-02,ENSG
2021-02,ENTA
2021-02,ENVA
2021-02,EPAY
2021-02,ERA
2021-02,ESE
2021-02,ESIO
2021-02,ESL
2021-02,ESND
2021-02,ETH
2021-02,EVTC
2021-02,EXLS
2021-02,EXPO
2021-02,EXPR
2021-02,EXTN
2021-02,EXTR
2021-02,EZPW
2021-02,FARO
2021-02,FBP
2021-02,FCF
2021-02,FCPT
2021-02,FELE
2021-02,FF
2021-02,FFBC
2021-02,FIX
2021-02,FLOW
2021-02,FMBI
2021-02,FN
2021-02,FNSR
2021-02,FORM
2021-02,FORR
2021-02,FOSL
2021-02,FRAN
2021-02,FRGI
2021-02,FSB
2021-02,FSP
2021-02,FSS
2021-02,FTD
2021-02,FTK
2021-02,FTR
2021-02,FUL
2021-02,FWRD
2021-02,GBX
2021-02,GCI
2021-02,GCO
2021-02,GDOT
2021-02,GEO
2021-02,GEOS
2021-02,GES
2021-02,GFF
2021-02,GHL
2021-02,GIFI
2021-02,GIII
2021-02,GLT
2021-02,GME
2021-02,GNBC
2021-02,GNL
2021-02,GOV
2021-02,GPI
2021-02,GPOR
2021-02,GPRE
2021-02,GTLS
2021-02,GTY
2021-02,GVA
2021-02,GWB
2021-02,GWR
2021-02,HA
2021-02,HAFC
2021-02,HAYN
2021-02,HBHC
2021-02,HCI
2021-02,HFWA
2021-02,HI
2021-02,HIBB
2021-02,HLIT
2021-02,HLX
2021-02,HMN
2021-02,HMST
2021-02,HMSY
2021-02,HOPE
2021-02,HPR
2021-02,HSC
2021-02,HSII
2021-02,HSKA
2021-02,HSTM
2021-02,HT
2021-02,HTLD
2021-02,HUBG
2021-02,HVT
2021-02,HWKN
2021-02,HYH
2021-02,HZO
2021-02,IBP
2021-02,IDTI
2021-02,IIIN
2021-02,ILG
2021-02,INDB
2021-02,INGN
2021-02,INN
2021-02,INTL
2021-02,INVA
2021-02,IOSP
2021-02,IPAR
2021-02,IPHS
2021-02,IRBT
2021-02,IRDM
2021-02,IRT
2021-02,ISCA
2021-02,ITG
2021-02,ITGR
2021-02,ITRI
2021-02,IVC
2021-02,IVR
2021-02,JBSS
2021-02,JBT
2021-02,JCP
2021-02,JJSF
2021-02,JKHY
2021-02,JRVR
2021-02,KALU
2021-02,KAMN
2021-02,KELYA
2021-02,KEM
2021-02,KFY
2021-02,KIRK
2021-02,KLIC
2021-02,KLXI
2021-02,KN
2021-02,KOP
2021-02,KOPN
2021-02,KRA
2021-02,KRG
2021-02,KS
2021-02,KWR
2021-02,LABL
2021-02,LCI
2021-02,LCII
2021-02,LDL
2021-02,LDOS
2021-02,LGIH
2021-02,LHO
2021-02,LION
2021-02,LKSD
2021-02,LL
2021-02,LM
2021-02,LMAT
2021-02,LMNX
2021-02,LNN
2021-02,LNTH
2021-02,LOCO
2021-02,LOGM
2021-02,LPNT
2021-02,LPSN
2021-02,LPT
2021-02,LQDT
2021-02,LTC
2021-02,LTXB
2021-02,LXP
2021-02,LXU
2021-02,LYV
2021-02,LZB
2021-02,MANT
2021-02,MATW
2021-02,MATX
2021-02,MBFI
2021-02,MCRI
2021-02,MCS
2021-02,MD
2021-02,MDC
2021-02,MDCO
2021-02,MDP
2021-02,MDR
2021-02,MDRX
2021-02,MDSO
2021-02,MDXG
2021-02,MED
2021-02,MEI
2021-02,MGLN
2021-02,MGPI
2021-02,MHLD
2021-02,MHO
2021-02,MIK
2021-02,MINI
2021-02,MKTX
2021-02,MLI
2021-02,MMSI
2021-02,MNK
2021-02,MNRO
2021-02,MNTA
2021-02,MOG.A
2021-02,MOV
2021-02,MPAA
2021-02,MSTR
2021-02,MTDR
2021-02,MTH
2021-02,MTRN
2021-02,MTRX
2021-02,MTSC
2021-02,MXL
2021-02,MYE
2021-02,MYGN
2021-02,MYRG
2021-02,NANO
2021-02,NAVG
2021-02,NBHC
2021-02,NBR
2021-02,NBTB
2021-02,NCI
2021-02,NEWM
2021-02,NFBK
2021-02,NLS
2021-02,NMIH
2021-02,NP
2021-02,NPK
2021-02,NPO
2021-02,NR
2021-02,NSA
2021-02,NSIT
2021-02,NTGR
2021-02,NTRI
2021-02,NTUS
2021-02,NWBI
2021-02,NWN
2021-02,NX
2021-02,NYMT
2021-02,OAS
2021-02,OCLR
2021-02,ODP
2021-02,OFG
2021-02,OFIX
2021-02,OII
2021-02,OIS
2021-02,OMCL
2021-02,OMI
2021-02,ONB
2021-02,ORIT
2021-02,ORN
2021-02,OSIS
2021-02,OSPN
2021-02,OSUR
2021-02,OXM
2021-02,PAHC
2021-02,PARR
2021-02,PATK
2021-02,PAY
2021-02,PBF
2021-02,PBI
2021-02,PDCE
2021-02,PDFS
2021-02,PEI
2021-02,PERY
2021-02,PES
2021-02,PETS
2021-02,PFBC
2021-02,PFS
2021-02,PGNX
2021-02,PGTI
2021-02,PJC
2021-02,PKE
2021-02,PLAB
2021-02,PLAY
2021-02,PLCE
2021-02,PLT
2021-02,PLUS
2021-02,PLXS
2021-02,PMT
2021-02,POOL
2021-02,POWI
2021-02,POWL
2021-02,PPBI
2021-02,PRA
2021-02,PRAA
2021-02,PRFT
2021-02,PRGS
2021-02,PRLB
2021-02,PRSC
2021-02,PTEN
2021-02,PUMP
2021-02,PVAC
2021-02,QEP
2021-02,QHC
2021-02,QNST
2021-02,RAVN
2021-02,RCII
2021-02,RECN
2021-02,REGI
2021-02,REI
2021-02,REX
2021-02,RGNX
2021-02,RGR
2021-02,RGS
2021-02,RIG
2021-02,RMAX
2021-02,RMBS
2021-02,ROCK
2021-02,ROG
2021-02,ROIC
2021-02,RPT
2021-02,RRC
2021-02,RRD
2021-02,RRGB
2021-02,RTEC
2021-02,RUTH
2021-02,RWT
2021-02,RYAM
2021-02,SAFT
2021-02,SAH
2021-02,SAIA
2021-02,SANM
2021-02,SBCF
2021-02,SBH
2021-02,SBSI
2021-02,SCHL
2021-02,SCL
2021-02,SCSC
2021-02,SCVL
2021-02,SEM
2021-02,SENEA
2021-02,SFBS
2021-02,SFLY
2021-02,SFNC
2021-02,SHAK
2021-02,SHOO
2021-02,SIG
2021-02,SJI
2021-02,SKT
2021-02,SKYW
2021-02,SLCA
2021-02,SM
2021-02,SMP
2021-02,SNBR
2021-02,SNH
2021-02,SONC
2021-02,SPN
2021-02,SPOK
2021-02,SPPI
2021-02,SPSC
2021-02,SPTN
2021-02,SPXC
2021-02,SRCI
2021-02,SRDX
2021-02,SSP
2021-02,SSTK
2021-02,STAR
2021-02,STBA
2021-02,STC
2021-02,STE
2021-02,STMP
2021-02,SUP
2021-02,SUPN
2021-02,SVU
2021-02,SWM
2021-02,SWN
2021-02,SXC
2021-02,SXI
2021-02,SYKE
2021-02,TBI
2021-02,TCO
2021-02,TECD
2021-02,TFX
2021-02,TG
2021-02,TGI
2021-02,THRM
2021-02,TILE
2021-02,TISI
2021-02,TIVO
2021-02,TLRD
2021-02,TMP
2021-02,TMST
2021-02,TPRE
2021-02,TRST
2021-02,TTEC
2021-02,TTI
2021-02,TTMI
2021-02,TTS
2021-02,TUP
2021-02,TVPT
2021-02,TVTY
2021-02,TWI
2021-02,TYPE
2021-02,UBA
2021-02,UCBI
2021-02,UCTT
2021-02,UEIC
2021-02,UFCS
2021-02,UFI
2021-02,UFPI
2021-02,UHT
2021-02,UIHC
2021-02,ULTI
2021-02,UNF
2021-02,UNFI
2021-02,UNIT
2021-02,UNT
2021-02,USCR
2021-02,USPH
2021-02,UVE
2021-02,UVV
2021-02,VAL
2021-02,VECO
2021-02,VG
2021-02,VGR
2021-02,VIAV
2021-02,VICR
2021-02,VIVO
2021-02,VRA
2021-02,VREX
2021-02,VRTS
2021-02,VRTU
2021-02,VRTV
2021-02,VSI
2021-02,VSM
2021-02,VSTO
2021-02,VTOL
2021-02,VVC
2021-02,VVI
2021-02,WABC
2021-02,WD
2021-02,WDFC
2021-02,WDR
2021-02,WETF
2021-02,WGO
2021-02,WIRE
2021-02,WNC
2021-02,WPG
2021-02,WRE
2021-02,WRLD
2021-02,WSR
2021-02,WTS
2021-02,WWW
2021-02,XHR
2021-02,XNCR
2021-02,XPER
2021-02,ZEUS
2021-02,ZUMZ
2021-02,ZYXI
2021-03,AAN
2021-03,AAOI
2021-03,AAON
2021-03,AAT
2021-03,AAWW
2021-03,ABCB
2021-03,ABG
2021-03,ABM
2021-03,ABTX
2021-03,ACA
2021-03,ACLS
2021-03,ADC
2021-03,ADTN
2021-03,ADUS
2021-03,AEGN
2021-03,AEIS
2021-03,AEL
2021-03,AGO
2021-03,AGYS
2021-03,AHH
2021-03,AIN
2021-03,AIR
2021-03,AIT
2021-03,AJRD
2021-03,AKR
2021-03,ALEX
2021-03,ALG
2021-03,ALGT
2021-03,ALRM
2021-03,AMBC
2021-03,AMCX
2021-03,AMN
2021-03,AMPH
2021-03,AMSF
2021-03,AMWD
2021-03,ANDE
2021-03,ANF
2021-03,ANGO
2021-03,ANIK
2021-03,ANIP
2021-03,APEI
2021-03,APOG
2021-03,ARCB
2021-03,ARI
2021-03,ARLO
2021-03,ARNC
2021-03,AROC
2021-03,ARR
2021-03,ASIX
2021-03,ASTE
2021-03,ATI
2021-03,ATNI
2021-03,AVA
2021-03,AVAV
2021-03,AVD
2021-03,AWR
2021-03,AX
2021-03,AXL
2021-03,AZZ
2021-03,B
2021-03,BANC
2021-03,BANF
2021-03,BANR
2021-03,BBBY
2021-03,BCC
2021-03,BCEI
2021-03,BCOR
2021-03,BCPC
2021-03,BDN
2021-03,BELFB
2021-03,BFS
2021-03,BGS
2021-03,BHE
2021-03,BHLB
2021-03,BIG
2021-03,BJRI
2021-03,BKE
2021-03,BKU
2021-03,BLMN
2021-03,BMI
2021-03,BNED
2021-03,BOOM
2021-03,BOOT
2021-03,BPFH
2021-03,BRC
2021-03,BRKL
2021-03,BSIG
2021-03,CADE
2021-03,CAKE
2021-03,CAL
2021-03,CALM
2021-03,CAMP
2021-03,CASH
2021-03,CATM
2021-03,CATO
2021-03,CBB
2021-03,CBU
2021-03,CCOI
2021-03,CCRN
2021-03,CCS
2021-03,CEIX
2021-03,CELH
2021-03,CENT
2021-03,CENTA
2021-03,CENX
2021-03,CEVA
2021-03,CFFN
2021-03,CHCO
2021-03,CHCT
2021-03,CHEF
2021-03,CHRS
2021-03,CHS
2021-03,CHUY
2021-03,CIR
2021-03,CKH
2021-03,CLB
2021-03,CLDT
2021-03,CLI
2021-03,CLW
2021-03,CMO
2021-03,CMTL
2021-03,CNMD
2021-03,CNSL
2021-03,CNXN
2021-03,COHU
2021-03,COKE
2021-03,COLB
2021-03,COLL
2021-03,CONN
2021-03,COOP
2021-03,CORE
2021-03,CORT
2021-03,CPE
2021-03,CPF
2021-03,CPK
2021-03,CPS
2021-03,CPSI
2021-03,CRMT
2021-03,CROX
2021-03,CRS
2021-03,CRVL
2021-03,CRY
2021-03,CSGS
2021-03,CSII
2021-03,CSR
2021-03,CTB
2021-03,CTRE
2021-03,CTS
2021-03,CUB
2021-03,CUBI
2021-03,CUTR
2021-03,CVBF
2021-03,CVCO
2021-03,CVET
2021-03,CVGW
2021-03,CWT
2021-03,CXW
2021-03,CYH
2021-03,CYTK
2021-03,DAKT
2021-03,DBD
2021-03,DBI
2021-03,DCOM
2021-03,DDD
2021-03,DEA
2021-03,DFIN
2021-03,DGII
2021-03,DHC
2021-03,DIN
2021-03,DIOD
2021-03,DLX
2021-03,DNOW
2021-03,DORM
2021-03,DRH
2021-03,DRQ
2021-03,DSPG
2021-03,DXPE
2021-03,EAT
2021-03,EBIX
2021-03,ECHO
2021-03,ECOL
2021-03,ECPG
2021-03,EGBN
2021-03,EGHT
2021-03,EGOV
2021-03,EGRX
2021-03,EHTH
2021-03,EIG
2021-03,ELF
2021-03,ELY
2021-03,ENDP
2021-03,ENSG
2021-03,ENTA
2021-03,ENVA
2021-03,EPAC
2021-03,EPAY
2021-03,EPC
2021-03,EPRT
2021-03,ESE
2021-03,ETH
2021-03,EVTC
2021-03,EXLS
2021-03,EXPO
2021-03,EXTR
2021-03,EZPW
2021-03,FARO
2021-03,FBC
2021-03,FBK
2021-03,FBNC
2021-03,FBP
2021-03,FCF
2021-03,FCPT
2021-03,FDP
2021-03,FELE
2021-03,FF
2021-03,FFBC
2021-03,FHB
2021-03,FIX
2021-03,FIZZ
2021-03,FLGT
2021-03,FLOW
2021-03,FMBI
2021-03,FN
2021-03,FOE
2021-03,FORM
2021-03,FORR
2021-03,FOSL
2021-03,FRGI
2021-03,FSP
2021-03,FSS
2021-03,FUL
2021-03,FWRD
2021-03,GBX
2021-03,GCI
2021-03,GCO
2021-03,GCP
2021-03,GDOT
2021-03,GEO
2021-03,GES
2021-03,GFF
2021-03,GHL
2021-03,GIII
2021-03,GKOS
2021-03,GLT
2021-03,GLUU
2021-03,GME
2021-03,GMS
2021-03,GNL
2021-03,GPI
2021-03,GPMT
2021-03,GPRE
2021-03,GTLS
2021-03,GTY
2021-03,GVA
2021-03,GWB
2021-03,HA
2021-03,HAFC
2021-03,HAYN
2021-03,HCC
2021-03,HCI
2021-03,HFWA
2021-03,HI
2021-03,HIBB
2021-03,HLIT
2021-03,HLX
2021-03,HMN
2021-03,HMST
2021-03,HNGR
2021-03,HNI
2021-03,HOPE
2021-03,HP
2021-03,HSC
2021-03,HSII
2021-03,HSKA
2021-03,HSTM
2021-03,HT
2021-03,HTH
2021-03,HTLD
2021-03,HUBG
2021-03,HVT
2021-03,HWKN
2021-03,HZO
2021-03,IBP
2021-03,IBTX
2021-03,ICHR
2021-03,IIIN
2021-03,IIPR
2021-03,ILPT
2021-03,INDB
2021-03,INGN
2021-03,INN
2021-03,INVA
2021-03,IOSP
2021-03,IPAR
2021-03,IRBT
2021-03,IRT
2021-03,ISBC
2021-03,ITGR
2021-03,ITRI
2021-03,IVC
2021-03,IVR
2021-03,JBSS
2021-03,JBT
2021-03,JJSF
2021-03,JOE
2021-03,JRVR
2021-03,KALU
2021-03,KAMN
2021-03,KELYA
2021-03,KFY
2021-03,KLIC
2021-03,KN
2021-03,KOP
2021-03,KRA
2021-03,KREF
2021-03,KRG
2021-03,KTB
2021-03,KWR
2021-03,LCI
2021-03,LCII
2021-03,LDL
2021-03,LGIH
2021-03,LL
2021-03,LMAT
2021-03,LMNX
2021-03,LNN
2021-03,LNTH
2021-03,LOCO
2021-03,LPG
2021-03,LPI
2021-03,LPSN
2021-03,LQDT
2021-03,LTC
2021-03,LTHM
2021-03,LXP
2021-03,LZB
2021-03,M
2021-03,MANT
2021-03,MATW
2021-03,MATX
2021-03,MCRI
2021-03,MCS
2021-03,MD
2021-03,MDC
2021-03,MDP
2021-03,MDRX
2021-03,MED
2021-03,MEI
2021-03,MERC
2021-03,MGLN
2021-03,MGPI
2021-03,MHO
2021-03,MIK
2021-03,MLAB
2021-03,MLI
2021-03,MMI
2021-03,MMSI
2021-03,MNRO
2021-03,MODV
2021-03,MOG.A
2021-03,MOV
2021-03,MPAA
2021-03,MRTN
2021-03,MSTR
2021-03,MTDR
2021-03,MTH
2021-03,MTOR
2021-03,MTRN
2021-03,MTRX
2021-03,MTSC
2021-03,MXL
2021-03,MYE
2021-03,MYGN
2021-03,MYRG
2021-03,NBHC
2021-03,NBR
2021-03,NBTB
2021-03,NEO
2021-03,NFBK
2021-03,NMIH
2021-03,NP
2021-03,NPK
2021-03,NPO
2021-03,NSA
2021-03,NSIT
2021-03,NTGR
2021-03,NTUS
2021-03,NWBI
2021-03,NWN
2021-03,NX
2021-03,NXGN
2021-03,NXRT
2021-03,NYMT
2021-03,ODP
2021-03,OFG
2021-03,OFIX
2021-03,OI
2021-03,OII
2021-03,OIS
2021-03,OMCL
2021-03,OMI
2021-03,ONB
2021-03,ONTO
2021-03,OPI
2021-03,OSIS
2021-03,OSPN
2021-03,OSUR
2021-03,OXM
2021-03,PAHC
2021-03,PARR
2021-03,PATK
2021-03,PBF
2021-03,PBH
2021-03,PBI
2021-03,PCRX
2021-03,PDCE
2021-03,PDFS
2021-03,PETS
2021-03,PFBC
2021-03,PFS
2021-03,PGTI
2021-03,PIPR
2021-03,PKE
2021-03,PLAB
2021-03,PLAY
2021-03,PLCE
2021-03,PLMR
2021-03,PLT
2021-03,PLUS
2021-03,PLXS
2021-03,PMT
2021-03,PNTG
2021-03,POWI
2021-03,POWL
2021-03,PPBI
2021-03,PRA
2021-03,PRAA
2021-03,PRDO
2021-03,PRFT
2021-03,PRGS
2021-03,PRK
2021-03,PRLB
2021-03,PSMT
2021-03,PTEN
2021-03,PUMP
2021-03,PVAC
2021-03,QNST
2021-03,RAVN
2021-03,RC
2021-03,RCII
2021-03,RCM
2021-03,RDNT
2021-03,REGI
2021-03,RES
2021-03,REX
2021-03,REZI
2021-03,RGNX
2021-03,RGP
2021-03,RGR
2021-03,RGS
2021-03,RLGY
2021-03,RMAX
2021-03,RMBS
2021-03,RNST
2021-03,ROCK
2021-03,ROG
2021-03,ROIC
2021-03,RPAI
2021-03,RPT
2021-03,RRC
2021-03,RRGB
2021-03,RUTH
2021-03,RWT
2021-03,RYAM
2021-03,SAFE
2021-03,SAFT
2021-03,SAH
2021-03,SAIA
2021-03,SANM
2021-03,SBCF
2021-03,SBH
2021-03,SBSI
2021-03,SCHL
2021-03,SCL
2021-03,SCSC
2021-03,SCVL
2021-03,SEM
2021-03,SENEA
2021-03,SFBS
2021-03,SFNC
2021-03,SGH
2021-03,SHAK
2021-03,SHEN
2021-03,SHOO
2021-03,SIG
2021-03,SITC
2021-03,SJI
2021-03,SKT
2021-03,SKYW
2021-03,SLCA
2021-03,SLP
2021-03,SM
2021-03,SMP
2021-03,SMPL
2021-03,SNBR
2021-03,SNEX
2021-03,SPOK
2021-03,SPPI
2021-03,SPSC
2021-03,SPTN
2021-03,SPXC
2021-03,SRDX
2021-03,SSP
2021-03,SSTK
2021-03,STAR
2021-03,STBA
2021-03,STC
2021-03,STMP
2021-03,SUPN
2021-03,SWM
2021-03,SWN
2021-03,SXC
2021-03,SXI
2021-03,SYKE
2021-03,TALO
2021-03,TBI
2021-03,TBK
2021-03,TCMD
2021-03,TG
2021-03,TGI
2021-03,THRM
2021-03,TILE
2021-03,TISI
2021-03,TMP
2021-03,TMST
2021-03,TNC
2021-03,TPRE
2021-03,TRHC
2021-03,TRST
2021-03,TRUP
2021-03,TSE
2021-03,TTEC
2021-03,TTGT
2021-03,TTMI
2021-03,TUP
2021-03,TVTY
2021-03,TWI
2021-03,UBA
2021-03,UCBI
2021-03,UCTT
2021-03,UEIC
2021-03,UFCS
2021-03,UFI
2021-03,UFPI
2021-03,UHT
2021-03,UIHC
2021-03,UIS
2021-03,UNF
2021-03,UNFI
2021-03,UNIT
2021-03,USCR
2021-03,USNA
2021-03,USPH
2021-03,UVE
2021-03,UVV
2021-03,VBTX
2021-03,VCEL
2021-03,VECO
2021-03,VG
2021-03,VGR
2021-03,VIAV
2021-03,VICR
2021-03,VIVO
2021-03,VNDA
2021-03,VRA
2021-03,VREX
2021-03,VRTS
2021-03,VRTV
2021-03,VSTO
2021-03,VTOL
2021-03,VVI
2021-03,WABC
2021-03,WD
2021-03,WDFC
2021-03,WDR
2021-03,WETF
2021-03,WGO
2021-03,WIRE
2021-03,WNC
2021-03,WRE
2021-03,WRLD
2021-03,WSFS
2021-03,WSR
2021-03,WTS
2021-03,WWW
2021-03,XHR
2021-03,XNCR
2021-03,XPER
2021-03,ZEUS
2021-03,ZUMZ
2021-03,ZYXI
2021-04,AAN
2021-04,AAOI
2021-04,AAON
2021-04,AAT
2021-04,AAWW
2021-04,ABCB
2021-04,ABG
2021-04,ABM
2021-04,ABTX
2021-04,ACA
2021-04,ACLS
2021-04,ADC
2021-04,ADTN
2021-04,ADUS
2021-04,AEGN
2021-04,AEIS
2021-04,AEL
2021-04,AGO
2021-04,AGYS
2021-04,AHH
2021-04,AIN
2021-04,AIR
2021-04,AIT
2021-04,AJRD
2021-04,AKR
2021-04,ALEX
2021-04,ALG
2021-04,ALGT
2021-04,ALRM
2021-04,AMBC
2021-04,AMCX
2021-04,AMN
2021-04,AMPH
2021-04,AMSF
2021-04,AMWD
2021-04,ANDE
2021-04,ANF
2021-04,ANGO
2021-04,ANIK
2021-04,ANIP
2021-04,APEI
2021-04,APOG
2021-04,ARCB
2021-04,ARI
2021-04,ARLO
2021-04,ARNC
2021-04,AROC
2021-04,ARR
2021-04,ASIX
2021-04,ASTE
2021-04,ATI
2021-04,ATNI
2021-04,AVA
2021-04,AVAV
2021-04,AVD
2021-04,AWR
2021-04,AX
2021-04,AXL
2021-04,AZZ
2021-04,B
2021-04,BANC
2021-04,BANF
2021-04,BANR
2021-04,BBBY
2021-04,BCC
2021-04,BCEI
2021-04,BCOR
2021-04,BCPC
2021-04,BDN
2021-04,BELFB
2021-04,BFS
2021-04,BGS
2021-04,BHE
2021-04,BHLB
2021-04,BIG
2021-04,BJRI
2021-04,BKE
2021-04,BKU
2021-04,BLMN
2021-04,BMI
2021-04,BNED
2021-04,BOOM
2021-04,BOOT
2021-04,BPFH
2021-04,BRC
2021-04,BRKL
2021-04,BSIG
2021-04,CADE
2021-04,CAKE
2021-04,CAL
2021-04,CALM
2021-04,CAMP
2021-04,CARA
2021-04,CASH
2021-04,CATM
2021-04,CATO
2021-04,CBB
2021-04,CBU
2021-04,CCOI
2021-04,CCRN
2021-04,CCS
2021-04,CEIX
2021-04,CELH
2021-04,CENT
2021-04,CENTA
2021-04,CENX
2021-04,CEVA
2021-04,CFFN
2021-04,CHCO
2021-04,CHCT
2021-04,CHEF
2021-04,CHRS
2021-04,CHS
2021-04,CHUY
2021-04,CIR
2021-04,CLB
2021-04,CLDT
2021-04,CLI
2021-04,CLW
2021-04,CMO
2021-04,CMTL
2021-04,CNMD
2021-04,CNSL
2021-04,CNXN
2021-04,COHU
2021-04,COKE
2021-04,COLB
2021-04,COLL
2021-04,CONN
2021-04,COOP
2021-04,CORE
2021-04,CORT
2021-04,CPE
2021-04,CPF
2021-04,CPK
2021-04,CPS
2021-04,CPSI
2021-04,CRMT
2021-04,CROX
2021-04,CRS
2021-04,CRVL
2021-04,CRY
2021-04,CSGS
2021-04,CSII
2021-04,CSR
2021-04,CTB
2021-04,CTRE
2021-04,CTS
2021-04,CUB
2021-04,CUBI
2021-04,CUTR
2021-04,CVBF
2021-04,CVCO
2021-04,CVET
2021-04,CVGW
2021-04,CWT
2021-04,CXW
2021-04,CYH
2021-04,CYTK
2021-04,DAKT
2021-04,DBD
2021-04,DBI
2021-04,DCOM
2021-04,DDD
2021-04,DEA
2021-04,DFIN
2021-04,DGII
2021-04,DHC
2021-04,DIN
2021-04,DIOD
2021-04,DLX
2021-04,DNOW
2021-04,DORM
2021-04,DRH
2021-04,DRQ
2021-04,DSPG
2021-04,DXPE
2021-04,EAT
2021-04,EBIX
2021-04,ECHO
2021-04,ECOL
2021-04,ECPG
2021-04,EGBN
2021-04,EGHT
2021-04,EGRX
2021-04,EHTH
2021-04,EIG
2021-04,ELF
2021-04,ELY
2021-04,ENDP
2021-04,ENSG
2021-04,ENTA
2021-04,ENVA
2021-04,EPAC
2021-04,EPAY
2021-04,EPC
2021-04,EPRT
2021-04,ESE
2021-04,ETH
2021-04,EVTC
2021-04,EXLS
2021-04,EXPO
2021-04,EXTR
2021-04,EZPW
2021-04,FARO
2021-04,FBC
2021-04,FBK
2021-04,FBNC
2021-04,FBP
2021-04,FCF
2021-04,FCPT
2021-04,FDP
2021-04,FELE
2021-04,FF
2021-04,FFBC
2021-04,FHB
2021-04,FIX
2021-04,FIZZ
2021-04,FLGT
2021-04,FLOW
2021-04,FMBI
2021-04,FN
2021-04,FOE
2021-04,FORM
2021-04,FORR
2021-04,FOSL
2021-04,FRGI
2021-04,FSP
2021-04,FSS
2021-04,FUL
2021-04,FWRD
2021-04,GBX
2021-04,GCI
2021-04,GCO
2021-04,GCP
2021-04,GDOT
2021-04,GEO
2021-04,GES
2021-04,GFF
2021-04,GHL
2021-04,GIII
2021-04,GKOS
2021-04,GLT
2021-04,GLUU
2021-04,GME
2021-04,GMS
2021-04,GNL
2021-04,GPI
2021-04,GPMT
2021-04,GPRE
2021-04,GTLS
2021-04,GTY
2021-04,GVA
2021-04,GWB
2021-04,HA
2021-04,HAFC
2021-04,HAYN
2021-04,HCC
2021-04,HCI
2021-04,HFWA
2021-04,HI
2021-04,HIBB
2021-04,HLIT
2021-04,HLX
2021-04,HMN
2021-04,HMST
2021-04,HNGR
2021-04,HNI
2021-04,HOPE
2021-04,HP
2021-04,HSC
2021-04,HSII
2021-04,HSKA
2021-04,HSTM
2021-04,HT
2021-04,HTH
2021-04,HTLD
2021-04,HUBG
2021-04,HVT
2021-04,HWKN
2021-04,HZO
2021-04,IBP
2021-04,IBTX
2021-04,ICHR
2021-04,IDCC
2021-04,IIIN
2021-04,IIPR
2021-04,IJR
2021-04,ILPT
2021-04,INDB
2021-04,INGN
2021-04,INN
2021-04,INVA
2021-04,IOSP
2021-04,IPAR
2021-04,IRBT
2021-04,IRT
2021-04,ISBC
2021-04,ITGR
2021-04,ITRI
2021-04,IVC
2021-04,IVR
2021-04,JBSS
2021-04,JBT
2021-04,JJSF
2021-04,JOE
2021-04,JRVR
2021-04,KALU
2021-04,KAMN
2021-04,KELYA
2021-04,KFY
2021-04,KLIC
2021-04,KN
2021-04,KOP
2021-04,KRA
2021-04,KREF
2021-04,KRG
2021-04,KTB
2021-04,KWR
2021-04,LCI
2021-04,LCII
2021-04,LDL
2021-04,LGIH
2021-04,LL
2021-04,LMAT
2021-04,LMNX
2021-04,LNN
2021-04,LNTH
2021-04,LOCO
2021-04,LPG
2021-04,LPI
2021-04,LPSN
2021-04,LQDT
2021-04,LTC
2021-04,LTHM
2021-04,LXP
2021-04,LZB
2021-04,M
2021-04,MANT
2021-04,MATW
2021-04,MATX
2021-04,MCRI
2021-04,MCS
2021-04,MD
2021-04,MDC
2021-04,MDP
2021-04,MDRX
2021-04,MED
2021-04,MEI
2021-04,MERC
2021-04,MGLN
2021-04,MGPI
2021-04,MHO
2021-04,MLAB
2021-04,MLI
2021-04,MMI
2021-04,MMSI
2021-04,MNRO
2021-04,MODV
2021-04,MOG.A
2021-04,MOV
2021-04,MPAA
2021-04,MRTN
2021-04,MSTR
2021-04,MTDR
2021-04,MTH
2021-04,MTOR
2021-04,MTRN
2021-04,MTRX
2021-04,MXL
2021-04,MYE
2021-04,MYGN
2021-04,MYRG
2021-04,NBHC
2021-04,NBR
2021-04,NBTB
2021-04,NEO
2021-04,NFBK
2021-04,NMIH
2021-04,NP
2021-04,NPK
2021-04,NPO
2021-04,NSA
2021-04,NSIT
2021-04,NTGR
2021-04,NTUS
2021-04,NWBI
2021-04,NWN
2021-04,NX
2021-04,NXGN
2021-04,NXRT
2021-04,NYMT
2021-04,ODP
2021-04,OFG
2021-04,OFIX
2021-04,OI
2021-04,OII
2021-04,OIS
2021-04,OMCL
2021-04,OMI
2021-04,ONB
2021-04,ONTO
2021-04,OPI
2021-04,OSIS
2021-04,OSPN
2021-04,OSUR
2021-04,OXM
2021-04,PAHC
2021-04,PARR
2021-04,PATK
2021-04,PBF
2021-04,PBH
2021-04,PBI
2021-04,PCRX
2021-04,PDCE
2021-04,PDFS
2021-04,PETS
2021-04,PFBC
2021-04,PFS
2021-04,PGTI
2021-04,PIPR
2021-04,PKE
2021-04,PLAB
2021-04,PLAY
2021-04,PLCE
2021-04,PLMR
2021-04,PLT
2021-04,PLUS
2021-04,PLXS
2021-04,PMT
2021-04,PNTG
2021-04,POWI
2021-04,POWL
2021-04,PPBI
2021-04,PRA
2021-04,PRAA
2021-04,PRDO
2021-04,PRFT
2021-04,PRG
2021-04,PRGS
2021-04,PRK
2021-04,PRLB
2021-04,PSMT
2021-04,PTEN
2021-04,PUMP
2021-04,PVAC
2021-04,QNST
2021-04,RAVN
2021-04,RC
2021-04,RCII
2021-04,RCM
2021-04,RDNT
2021-04,REGI
2021-04,RES
2021-04,REX
2021-04,REZI
2021-04,RGNX
2021-04,RGP
2021-04,RGR
2021-04,RGS
2021-04,RILY
2021-04,RLGY
2021-04,RMAX
2021-04,RMBS
2021-04,RNST
2021-04,ROCK
2021-04,ROG
2021-04,ROIC
2021-04,RPAI
2021-04,RPT
2021-04,RRC
2021-04,RRGB
2021-04,RUTH
2021-04,RWT
2021-04,RYAM
2021-04,SAFE
2021-04,SAFT
2021-04,SAH
2021-04,SAIA
2021-04,SANM
2021-04,SBCF
2021-04,SBH
2021-04,SBSI
2021-04,SCHL
2021-04,SCL
2021-04,SCSC
2021-04,SCVL
2021-04,SEM
2021-04,SENEA
2021-04,SFBS
2021-04,SFNC
2021-04,SGH
2021-04,SHAK
2021-04,SHEN
2021-04,SHOO
2021-04,SIG
2021-04,SITC
2021-04,SJI
2021-04,SKT
2021-04,SKYW
2021-04,SLCA
2021-04,SLP
2021-04,SM
2021-04,SMP
2021-04,SMPL
2021-04,SNBR
2021-04,SNEX
2021-04,SPOK
2021-04,SPPI
2021-04,SPSC
2021-04,SPSM
2021-04,SPTN
2021-04,SPXC
2021-04,SRDX
2021-04,SSP
2021-04,SSTK
2021-04,STAR
2021-04,STBA
2021-04,STC
2021-04,STMP
2021-04,SUPN
2021-04,SWM
2021-04,SWN
2021-04,SXC
2021-04,SXI
2021-04,SYKE
2021-04,TALO
2021-04,TBI
2021-04,TBK
2021-04,TCMD
2021-04,TG
2021-04,TGI
2021-04,THRM
2021-04,TILE
2021-04,TISI
2021-04,TMP
2021-04,TMST
2021-04,TNC
2021-04,TPRE
2021-04,TRHC
2021-04,TRST
2021-04,TRUP
2021-04,TSE
2021-04,TTEC
2021-04,TTGT
2021-04,TTMI
2021-04,TUP
2021-04,TVTY
2021-04,TWI
2021-04,UBA
2021-04,UCBI
2021-04,UCTT
2021-04,UEIC
2021-04,UFCS
2021-04,UFI
2021-04,UFPI
2021-04,UFS
2021-04,UHT
2021-04,UIHC
2021-04,UIS
2021-04,UNF
2021-04,UNFI
2021-04,UNIT
2021-04,USCR
2021-04,USNA
2021-04,USPH
2021-04,UVE
2021-04,UVV
2021-04,VBTX
2021-04,VCEL
2021-04,VECO
2021-04,VG
2021-04,VGR
2021-04,VIAV
2021-04,VICR
2021-04,VIOO
2021-04,VIVO
2021-04,VNDA
2021-04,VRA
2021-04,VREX
2021-04,VRTS
2021-04,VRTV
2021-04,VSTO
2021-04,VTOL
2021-04,VVI
2021-04,WABC
2021-04,WD
2021-04,WDFC
2021-04,WDR
2021-04,WETF
2021-04,WGO
2021-04,WIRE
2021-04,WNC
2021-04,WRE
2021-04,WRLD
2021-04,WSFS
2021-04,WSR
2021-04,WTS
2021-04,WWW
2021-04,XHR
2021-04,XNCR
2021-04,XPER
2021-04,ZEUS
2021-04,ZUMZ
2021-04,ZYXI
2021-05,AAN
2021-05,AAOI
2021-05,AAON
2021-05,AAT
2021-05,AAWW
2021-05,ABCB
2021-05,ABG
2021-05,ABM
2021-05,ABTX
2021-05,ACA
2021-05,ACLS
2021-05,ADC
2021-05,ADTN
2021-05,ADUS
2021-05,AEIS
2021-05,AEL
2021-05,AGO
2021-05,AGYS
2021-05,AHH
2021-05,AIN
2021-05,AIR
2021-05,AIT
2021-05,AJRD
2021-05,AKR
2021-05,ALEX
2021-05,ALG
2021-05,ALGT
2021-05,ALRM
2021-05,AMBC
2021-05,AMCX
2021-05,AMN
2021-05,AMPH
2021-05,AMSF
2021-05,AMWD
2021-05,ANDE
2021-05,ANF
2021-05,ANGO
2021-05,ANIK
2021-05,ANIP
2021-05,APEI
2021-05,APOG
2021-05,ARCB
2021-05,ARI
2021-05,ARLO
2021-05,ARNC
2021-05,AROC
2021-05,ARR
2021-05,ASIX
2021-05,ASTE
2021-05,ATI
2021-05,ATNI
2021-05,AVA
2021-05,AVAV
2021-05,AVD
2021-05,AVNS
2021-05,AWR
2021-05,AX
2021-05,AXL
2021-05,AZZ
2021-05,B
2021-05,BANC
2021-05,BANF
2021-05,BANR
2021-05,BBBY
2021-05,BCC
2021-05,BCEI
2021-05,BCOR
2021-05,BCPC
2021-05,BDN
2021-05,BELFB
2021-05,BFS
2021-05,BGS
2021-05,BHE
2021-05,BHLB
2021-05,BIG
2021-05,BJRI
2021-05,BKE
2021-05,BKU
2021-05,BLMN
2021-05,BMI
2021-05,BNED
2021-05,BOOM
2021-05,BOOT
2021-05,BPFH
2021-05,BRC
2021-05,BRKL
2021-05,BSIG
2021-05,CADE
2021-05,CAKE
2021-05,CAL
2021-05,CALM
2021-05,CAMP
2021-05,CARA
2021-05,CASH
2021-05,CATM
2021-05,CATO
2021-05,CBB
2021-05,CBU
2021-05,CCOI
2021-05,CCRN
2021-05,CCS
2021-05,CEIX
2021-05,CELH
2021-05,CENT
2021-05,CENTA
2021-05,CENX
2021-05,CEVA
2021-05,CFFN
2021-05,CHCO
2021-05,CHCT
2021-05,CHEF
2021-05,CHRS
2021-05,CHS
2021-05,CHUY
2021-05,CIR
2021-05,CLB
2021-05,CLDT
2021-05,CLI
2021-05,CLW
2021-05,CMO
2021-05,CMTL
2021-05,CNMD
2021-05,CNSL
2021-05,CNXN
2021-05,COHU
2021-05,COKE
2021-05,COLB
2021-05,COLL
2021-05,CONN
2021-05,COOP
2021-05,CORE
2021-05,CORT
2021-05,CPE
2021-05,CPF
2021-05,CPK
2021-05,CPS
2021-05,CPSI
2021-05,CRMT
2021-05,CROX
2021-05,CRS
2021-05,CRVL
2021-05,CRY
2021-05,CSGS
2021-05,CSII
2021-05,CSR
2021-05,CTB
2021-05,CTRE
2021-05,CTS
2021-05,CUBI
2021-05,CUTR
2021-05,CVBF
2021-05,CVCO
2021-05,CVET
2021-05,CVGW
2021-05,CWT
2021-05,CXW
2021-05,CYH
2021-05,CYTK
2021-05,DAKT
2021-05,DBD
2021-05,DBI
2021-05,DCOM
2021-05,DDD
2021-05,DEA
2021-05,DFIN
2021-05,DGII
2021-05,DHC
2021-05,DIN
2021-05,DIOD
2021-05,DLX
2021-05,DNOW
2021-05,DORM
2021-05,DRH
2021-05,DRQ
2021-05,DSPG
2021-05,DXPE
2021-05,EAT
2021-05,EBIX
2021-05,ECHO
2021-05,ECOL
2021-05,ECPG
2021-05,EFC
2021-05,EGBN
2021-05,EGHT
2021-05,EGRX
2021-05,EHTH
2021-05,EIG
2021-05,ELF
2021-05,ELY
2021-05,ENDP
2021-05,ENSG
2021-05,ENTA
2021-05,ENVA
2021-05,EPAC
2021-05,EPAY
2021-05,EPC
2021-05,EPRT
2021-05,ESE
2021-05,ETH
2021-05,EVTC
2021-05,EXLS
2021-05,EXPO
2021-05,EXTR
2021-05,EZPW
2021-05,FARO
2021-05,FBC
2021-05,FBK
2021-05,FBNC
2021-05,FBP
2021-05,FCF
2021-05,FCPT
2021-05,FDP
2021-05,FELE
2021-05,FF
2021-05,FFBC
2021-05,FHB
2021-05,FIX
2021-05,FIZZ
2021-05,FLGT
2021-05,FLOW
2021-05,FMBI
2021-05,FN
2021-05,FOE
2021-05,FORM
2021-05,FORR
2021-05,FOSL
2021-05,FRGI
2021-05,FSP
2021-05,FSS
2021-05,FUL
2021-05,FWRD
2021-05,GBX
2021-05,GCI
2021-05,GCO
2021-05,GCP
2021-05,GDOT
2021-05,GEO
2021-05,GES
2021-05,GFF
2021-05,GHL
2021-05,GIII
2021-05,GKOS
2021-05,GLT
2021-05,GME
2021-05,GMS
2021-05,GNL
2021-05,GNW
2021-05,GPI
2021-05,GPMT
2021-05,GPRE
2021-05,GTLS
2021-05,GTY
2021-05,GVA
2021-05,GWB
2021-05,HA
2021-05,HAFC
2021-05,HAYN
2021-05,HCC
2021-05,HCI
2021-05,HFWA
2021-05,HI
2021-05,HIBB
2021-05,HLIT
2021-05,HLX
2021-05,HMN
2021-05,HMST
2021-05,HNGR
2021-05,HNI
2021-05,HOPE
2021-05,HP
2021-05,HSC
2021-05,HSII
2021-05,HSKA
2021-05,HSTM
2021-05,HT
2021-05,HTH
2021-05,HTLD
2021-05,HUBG
2021-05,HVT
2021-05,HWKN
2021-05,HZO
2021-05,IBP
2021-05,IBTX
2021-05,ICHR
2021-05,IDCC
2021-05,IIIN
2021-05,IIPR
2021-05,IJR
2021-05,ILPT
2021-05,INDB
2021-05,INGN
2021-05,INN
2021-05,INVA
2021-05,IOSP
2021-05,IPAR
2021-05,IRBT
2021-05,IRT
2021-05,ISBC
2021-05,ITGR
2021-05,ITRI
2021-05,IVC
2021-05,IVR
2021-05,JBSS
2021-05,JBT
2021-05,JJSF
2021-05,JOE
2021-05,JRVR
2021-05,JYNT
2021-05,KALU
2021-05,KAMN
2021-05,KELYA
2021-05,KFY
2021-05,KLIC
2021-05,KN
2021-05,KOP
2021-05,KRA
2021-05,KREF
2021-05,KRG
2021-05,KTB
2021-05,KWR
2021-05,LCI
2021-05,LCII
2021-05,LDL
2021-05,LGIH
2021-05,LL
2021-05,LMAT
2021-05,LMNX
2021-05,LNN
2021-05,LNTH
2021-05,LOCO
2021-05,LPG
2021-05,LPI
2021-05,LPSN
2021-05,LQDT
2021-05,LTC
2021-05,LTHM
2021-05,LXP
2021-05,LZB
2021-05,M
2021-05,MANT
2021-05,MATW
2021-05,MATX
2021-05,MCRI
2021-05,MCS
2021-05,MD
2021-05,MDC
2021-05,MDP
2021-05,MDRX
2021-05,MED
2021-05,MEI
2021-05,MERC
2021-05,MGLN
2021-05,MGPI
2021-05,MHO
2021-05,MLAB
2021-05,MLI
2021-05,MMI
2021-05,MMSI
2021-05,MNRO
2021-05,MODV
2021-05,MOG.A
2021-05,MOV
2021-05,MPAA
2021-05,MRTN
2021-05,MSTR
2021-05,MTDR
2021-05,MTH
2021-05,MTOR
2021-05,MTRN
2021-05,MTRX
2021-05,MXL
2021-05,MYE
2021-05,MYGN
2021-05,MYRG
2021-05,NBHC
2021-05,NBR
2021-05,NBTB
2021-05,NEO
2021-05,NFBK
2021-05,NMIH
2021-05,NP
2021-05,NPK
2021-05,NPO
2021-05,NSIT
2021-05,NTGR
2021-05,NTUS
2021-05,NWBI
2021-05,NWN
2021-05,NX
2021-05,NXGN
2021-05,NXRT
2021-05,NYMT
2021-05,ODP
2021-05,OFG
2021-05,OFIX
2021-05,OI
2021-05,OII
2021-05,OIS
2021-05,OMCL
2021-05,OMI
2021-05,ONB
2021-05,ONTO
2021-05,OPI
2021-05,OSIS
2021-05,OSPN
2021-05,OSUR
2021-05,OXM
2021-05,PAHC
2021-05,PARR
2021-05,PATK
2021-05,PBF
2021-05,PBH
2021-05,PBI
2021-05,PCRX
2021-05,PDCE
2021-05,PDFS
2021-05,PETS
2021-05,PFBC
2021-05,PFS
2021-05,PGTI
2021-05,PIPR
2021-05,PKE
2021-05,PLAB
2021-05,PLAY
2021-05,PLCE
2021-05,PLMR
2021-05,PLT
2021-05,PLUS
2021-05,PLXS
2021-05,PMT
2021-05,PNTG
2021-05,POWI
2021-05,POWL
2021-05,PPBI
2021-05,PRA
2021-05,PRAA
2021-05,PRDO
2021-05,PRFT
2021-05,PRG
2021-05,PRGS
2021-05,PRK
2021-05,PRLB
2021-05,PSMT
2021-05,PTEN
2021-05,PUMP
2021-05,PVAC
2021-05,QNST
2021-05,RAVN
2021-05,RC
2021-05,RCII
2021-05,RDNT
2021-05,REGI
2021-05,RES
2021-05,REX
2021-05,REZI
2021-05,RGNX
2021-05,RGP
2021-05,RGR
2021-05,RGS
2021-05,RILY
2021-05,RLGY
2021-05,RMAX
2021-05,RMBS
2021-05,RNST
2021-05,ROCK
2021-05,ROG
2021-05,ROIC
2021-05,RPAI
2021-05,RPT
2021-05,RRC
2021-05,RRGB
2021-05,RUTH
2021-05,RWT
2021-05,RYAM
2021-05,SAFE
2021-05,SAFT
2021-05,SAH
2021-05,SAIA
2021-05,SANM
2021-05,SBCF
2021-05,SBH
2021-05,SBSI
2021-05,SCHL
2021-05,SCL
2021-05,SCSC
2021-05,SCVL
2021-05,SEM
2021-05,SENEA
2021-05,SFBS
2021-05,SFNC
2021-05,SGH
2021-05,SHAK
2021-05,SHEN
2021-05,SHOO
2021-05,SIG
2021-05,SITC
2021-05,SJI
2021-05,SKT
2021-05,SKYW
2021-05,SLCA
2021-05,SLP
2021-05,SM
2021-05,SMP
2021-05,SMPL
2021-05,SNBR
2021-05,SNEX
2021-05,SPOK
2021-05,SPPI
2021-05,SPSC
2021-05,SPSM
2021-05,SPTN
2021-05,SPXC
2021-05,SRDX
2021-05,SSP
2021-05,SSTK
2021-05,STAR
2021-05,STBA
2021-05,STC
2021-05,STMP
2021-05,SUPN
2021-05,SWM
2021-05,SWN
2021-05,SXC
2021-05,SXI
2021-05,SYKE
2021-05,TALO
2021-05,TBBK
2021-05,TBI
2021-05,TBK
2021-05,TCMD
2021-05,TG
2021-05,TGI
2021-05,THRM
2021-05,TILE
2021-05,TISI
2021-05,TMP
2021-05,TMST
2021-05,TNC
2021-05,TPRE
2021-05,TRHC
2021-05,TRST
2021-05,TRUP
2021-05,TSE
2021-05,TTEC
2021-05,TTGT
2021-05,TTMI
2021-05,TUP
2021-05,TVTY
2021-05,TWI
2021-05,UBA
2021-05,UCBI
2021-05,UCTT
2021-05,UEIC
2021-05,UFCS
2021-05,UFI
2021-05,UFPI
2021-05,UFS
2021-05,UHT
2021-05,UIHC
2021-05,UIS
2021-05,UNF
2021-05,UNFI
2021-05,UNIT
2021-05,USCR
2021-05,USNA
2021-05,USPH
2021-05,UTL
2021-05,UVE
2021-05,UVV
2021-05,VBTX
2021-05,VCEL
2021-05,VECO
2021-05,VG
2021-05,VGR
2021-05,VIAV
2021-05,VICR
2021-05,VIOO
2021-05,VIVO
2021-05,VNDA
2021-05,VRA
2021-05,VREX
2021-05,VRTS
2021-05,VRTV
2021-05,VSTO
2021-05,VTOL
2021-05,VVI
2021-05,WABC
2021-05,WD
2021-05,WDFC
2021-05,WETF
2021-05,WGO
2021-05,WIRE
2021-05,WNC
2021-05,WRE
2021-05,WRLD
2021-05,WSFS
2021-05,WSR
2021-05,WTS
2021-05,WWW
2021-05,XHR
2021-05,XNCR
2021-05,XPER
2021-05,ZEUS
2021-05,ZUMZ
2021-05,ZYXI
2021-06,AAN
2021-06,AAOI
2021-06,AAON
2021-06,AAT
2021-06,AAWW
2021-06,ABCB
2021-06,ABG
2021-06,ABM
2021-06,ABTX
2021-06,ACA
2021-06,ACLS
2021-06,ADC
2021-06,ADTN
2021-06,ADUS
2021-06,AEIS
2021-06,AEL
2021-06,AGO
2021-06,AGYS
2021-06,AHH
2021-06,AIN
2021-06,AIR
2021-06,AIT
2021-06,AJRD
2021-06,AKR
2021-06,ALEX
2021-06,ALG
2021-06,ALGT
2021-06,ALRM
2021-06,AMBC
2021-06,AMCX
2021-06,AMEH
2021-06,AMN
2021-06,AMPH
2021-06,AMSF
2021-06,AMWD
2021-06,ANDE
2021-06,ANF
2021-06,ANGO
2021-06,ANIK
2021-06,ANIP
2021-06,APEI
2021-06,APOG
2021-06,ARCB
2021-06,ARI
2021-06,ARLO
2021-06,ARNC
2021-06,AROC
2021-06,ARR
2021-06,ASIX
2021-06,ASTE
2021-06,ATI
2021-06,ATNI
2021-06,AVA
2021-06,AVAV
2021-06,AVD
2021-06,AVNS
2021-06,AWR
2021-06,AX
2021-06,AXL
2021-06,AZZ
2021-06,B
2021-06,BANC
2021-06,BANF
2021-06,BANR
2021-06,BBBY
2021-06,BCC
2021-06,BCEI
2021-06,BCOR
2021-06,BCPC
2021-06,BDN
2021-06,BELFB
2021-06,BFS
2021-06,BGS
2021-06,BHE
2021-06,BHLB
2021-06,BIG
2021-06,BJRI
2021-06,BKE
2021-06,BKU
2021-06,BLMN
2021-06,BMI
2021-06,BNED
2021-06,BOOM
2021-06,BOOT
2021-06,BPFH
2021-06,BRC
2021-06,BRKL
2021-06,BSIG
2021-06,CADE
2021-06,CAKE
2021-06,CAL
2021-06,CALM
2021-06,CAMP
2021-06,CARA
2021-06,CASH
2021-06,CATO
2021-06,CBB
2021-06,CBU
2021-06,CCOI
2021-06,CCRN
2021-06,CCS
2021-06,CEIX
2021-06,CELH
2021-06,CENT
2021-06,CENTA
2021-06,CENX
2021-06,CEVA
2021-06,CFFN
2021-06,CHCO
2021-06,CHCT
2021-06,CHEF
2021-06,CHRS
2021-06,CHS
2021-06,CHUY
2021-06,CIR
2021-06,CLB
2021-06,CLDT
2021-06,CLI
2021-06,CLW
2021-06,CMO
2021-06,CMTL
2021-06,CNMD
2021-06,CNSL
2021-06,CNXN
2021-06,COHU
2021-06,COKE
2021-06,COLB
2021-06,COLL
2021-06,CONN
2021-06,COOP
2021-06,CORE
2021-06,CORT
2021-06,CPE
2021-06,CPF
2021-06,CPK
2021-06,CPS
2021-06,CPSI
2021-06,CRMT
2021-06,CRS
2021-06,CRVL
2021-06,CRY
2021-06,CSGS
2021-06,CSII
2021-06,CSR
2021-06,CTRE
2021-06,CTS
2021-06,CUBI
2021-06,CUTR
2021-06,CVBF
2021-06,CVCO
2021-06,CVET
2021-06,CVGW
2021-06,CWT
2021-06,CXW
2021-06,CYH
2021-06,CYTK
2021-06,DAKT
2021-06,DBD
2021-06,DBI
2021-06,DCOM
2021-06,DDD
2021-06,DEA
2021-06,DFIN
2021-06,DGII
2021-06,DHC
2021-06,DIN
2021-06,DIOD
2021-06,DLX
2021-06,DNOW
2021-06,DORM
2021-06,DRH
2021-06,DRQ
2021-06,DSPG
2021-06,DXPE
2021-06,EAT
2021-06,EBIX
2021-06,ECHO
2021-06,ECOL
2021-06,ECPG
2021-06,EFC
2021-06,EGBN
2021-06,EGHT
2021-06,EGRX
2021-06,EHTH
2021-06,EIG
2021-06,ELF
2021-06,ENDP
2021-06,ENSG
2021-06,ENTA
2021-06,ENVA
2021-06,EPAC
2021-06,EPAY
2021-06,EPC
2021-06,EPRT
2021-06,ESE
2021-06,ETH
2021-06,EVTC
2021-06,EXLS
2021-06,EXPO
2021-06,EXTR
2021-06,EZPW
2021-06,FARO
2021-06,FBC
2021-06,FBK
2021-06,FBNC
2021-06,FBP
2021-06,FCF
2021-06,FCPT
2021-06,FDP
2021-06,FELE
2021-06,FF
2021-06,FFBC
2021-06,FHB
2021-06,FIX
2021-06,FIZZ
2021-06,FLGT
2021-06,FLOW
2021-06,FMBI
2021-06,FN
2021-06,FOE
2021-06,FORM
2021-06,FORR
2021-06,FOSL
2021-06,FRGI
2021-06,FSP
2021-06,FSS
2021-06,FUL
2021-06,FWRD
2021-06,GBX
2021-06,GCI
2021-06,GCO
2021-06,GCP
2021-06,GDOT
2021-06,GEO
2021-06,GES
2021-06,GFF
2021-06,GHL
2021-06,GIII
2021-06,GKOS
2021-06,GLT
2021-06,GME
2021-06,GMS
2021-06,GNL
2021-06,GNW
2021-06,GPI
2021-06,GPMT
2021-06,GPRE
2021-06,GTLS
2021-06,GTY
2021-06,GVA
2021-06,GWB
2021-06,HA
2021-06,HAFC
2021-06,HAYN
2021-06,HCC
2021-06,HCI
2021-06,HFWA
2021-06,HI
2021-06,HIBB
2021-06,HLIT
2021-06,HLX
2021-06,HMN
2021-06,HMST
2021-06,HNGR
2021-06,HNI
2021-06,HOPE
2021-06,HP
2021-06,HSC
2021-06,HSII
2021-06,HSKA
2021-06,HSTM
2021-06,HT
2021-06,HTH
2021-06,HTLD
2021-06,HUBG
2021-06,HVT
2021-06,HWKN
2021-06,HZO
2021-06,IBP
2021-06,IBTX
2021-06,ICHR
2021-06,IDCC
2021-06,IIIN
2021-06,IIPR
2021-06,IJR
2021-06,ILPT
2021-06,INDB
2021-06,INGN
2021-06,INN
2021-06,INVA
2021-06,IOSP
2021-06,IPAR
2021-06,IRBT
2021-06,IRT
2021-06,ISBC
2021-06,ITGR
2021-06,ITRI
2021-06,IVC
2021-06,IVR
2021-06,JBSS
2021-06,JBT
2021-06,JJSF
2021-06,JOE
2021-06,JRVR
2021-06,JYNT
2021-06,KALU
2021-06,KAMN
2021-06,KELYA
2021-06,KFY
2021-06,KLIC
2021-06,KN
2021-06,KOP
2021-06,KRA
2021-06,KREF
2021-06,KRG
2021-06,KTB
2021-06,KWR
2021-06,LCII
2021-06,LDL
2021-06,LGIH
2021-06,LL
2021-06,LMAT
2021-06,LMNX
2021-06,LNN
2021-06,LNTH
2021-06,LOCO
2021-06,LPG
2021-06,LPI
2021-06,LPSN
2021-06,LQDT
2021-06,LTC
2021-06,LTHM
2021-06,LXP
2021-06,LZB
2021-06,M
2021-06,MANT
2021-06,MATW
2021-06,MATX
2021-06,MCRI
2021-06,MCS
2021-06,MD
2021-06,MDC
2021-06,MDP
2021-06,MDRX
2021-06,MED
2021-06,MEI
2021-06,MERC
2021-06,MGLN
2021-06,MGPI
2021-06,MHO
2021-06,MLAB
2021-06,MLI
2021-06,MMI
2021-06,MMSI
2021-06,MNRO
2021-06,MODV
2021-06,MOG.A
2021-06,MOV
2021-06,MPAA
2021-06,MRTN
2021-06,MSTR
2021-06,MTDR
2021-06,MTH
2021-06,MTOR
2021-06,MTRN
2021-06,MTRX
2021-06,MXL
2021-06,MYE
2021-06,MYGN
2021-06,MYRG
2021-06,NBHC
2021-06,NBR
2021-06,NBTB
2021-06,NEO
2021-06,NFBK
2021-06,NMIH
2021-06,NP
2021-06,NPK
2021-06,NPO
2021-06,NSIT
2021-06,NTGR
2021-06,NTUS
2021-06,NWBI
2021-06,NWN
2021-06,NX
2021-06,NXGN
2021-06,NXRT
2021-06,NYMT
2021-06,ODP
2021-06,OFG
2021-06,OFIX
2021-06,OI
2021-06,OII
2021-06,OIS
2021-06,OMCL
2021-06,OMI
2021-06,ONB
2021-06,ONTO
2021-06,OPI
2021-06,ORGO
2021-06,OSIS
2021-06,OSPN
2021-06,OSUR
2021-06,OXM
2021-06,PAHC
2021-06,PARR
2021-06,PATK
2021-06,PBF
2021-06,PBH
2021-06,PBI
2021-06,PCRX
2021-06,PDCE
2021-06,PDFS
2021-06,PETS
2021-06,PFBC
2021-06,PFS
2021-06,PGTI
2021-06,PIPR
2021-06,PKE
2021-06,PLAB
2021-06,PLAY
2021-06,PLCE
2021-06,PLMR
2021-06,PLUS
2021-06,PLXS
2021-06,PMT
2021-06,PNTG
2021-06,POLY
2021-06,POWI
2021-06,POWL
2021-06,PPBI
2021-06,PRA
2021-06,PRAA
2021-06,PRDO
2021-06,PRFT
2021-06,PRG
2021-06,PRGS
2021-06,PRK
2021-06,PRLB
2021-06,PSMT
2021-06,PTEN
2021-06,PUMP
2021-06,PVAC
2021-06,QNST
2021-06,RAVN
2021-06,RC
2021-06,RCII
2021-06,RDNT
2021-06,REGI
2021-06,RES
2021-06,REX
2021-06,REZI
2021-06,RGNX
2021-06,RGP
2021-06,RGR
2021-06,RGS
2021-06,RILY
2021-06,RLGY
2021-06,RMAX
2021-06,RMBS
2021-06,RNST
2021-06,ROCK
2021-06,ROG
2021-06,ROIC
2021-06,RPAI
2021-06,RPT
2021-06,RRC
2021-06,RRGB
2021-06,RUTH
2021-06,RWT
2021-06,RYAM
2021-06,SAFE
2021-06,SAFT
2021-06,SAH
2021-06,SAIA
2021-06,SANM
2021-06,SBCF
2021-06,SBH
2021-06,SBSI
2021-06,SCHL
2021-06,SCL
2021-06,SCSC
2021-06,SCVL
2021-06,SEM
2021-06,SENEA
2021-06,SFBS
2021-06,SFNC
2021-06,SGH
2021-06,SHAK
2021-06,SHEN
2021-06,SHOO
2021-06,SIG
2021-06,SITC
2021-06,SJI
2021-06,SKT
2021-06,SKYW
2021-06,SLCA
2021-06,SLP
2021-06,SLQT
2021-06,SM
2021-06,SMP
2021-06,SMPL
2021-06,SNBR
2021-06,SNEX
2021-06,SPOK
2021-06,SPPI
2021-06,SPSC
2021-06,SPSM
2021-06,SPTN
2021-06,SPXC
2021-06,SRDX
2021-06,SSP
2021-06,SSTK
2021-06,STAR
2021-06,STBA
2021-06,STC
2021-06,STMP
2021-06,SUPN
2021-06,SVC
2021-06,SWM
2021-06,SWN
2021-06,SXC
2021-06,SXI
2021-06,SYKE
2021-06,TALO
2021-06,TBBK
2021-06,TBI
2021-06,TBK
2021-06,TCMD
2021-06,TG
2021-06,TGI
2021-06,THRM
2021-06,TILE
2021-06,TISI
2021-06,TMP
2021-06,TMST
2021-06,TNC
2021-06,TPRE
2021-06,TRHC
2021-06,TRST
2021-06,TRUP
2021-06,TSE
2021-06,TTEC
2021-06,TTGT
2021-06,TTMI
2021-06,TUP
2021-06,TVTY
2021-06,TWI
2021-06,TWO
2021-06,UBA
2021-06,UCBI
2021-06,UCTT
2021-06,UEIC
2021-06,UFCS
2021-06,UFI
2021-06,UFPI
2021-06,UFS
2021-06,UHT
2021-06,UIHC
2021-06,UIS
2021-06,UNF
2021-06,UNFI
2021-06,UNIT
2021-06,USCR
2021-06,USNA
2021-06,USPH
2021-06,UTL
2021-06,UVE
2021-06,UVV
2021-06,VBTX
2021-06,VCEL
2021-06,VECO
2021-06,VG
2021-06,VGR
2021-06,VIAV
2021-06,VICR
2021-06,VIOO
2021-06,VIVO
2021-06,VNDA
2021-06,VRA
2021-06,VREX
2021-06,VRTS
2021-06,VRTV
2021-06,VSTO
2021-06,VTOL
2021-06,VVI
2021-06,WABC
2021-06,WD
2021-06,WDFC
2021-06,WETF
2021-06,WGO
2021-06,WIRE
2021-06,WNC
2021-06,WRE
2021-06,WRLD
2021-06,WSFS
2021-06,WSR
2021-06,WTS
2021-06,WWW
2021-06,XHR
2021-06,XNCR
2021-06,XPER
2021-06,ZEUS
2021-06,ZUMZ
2021-06,ZYXI
2021-07,AAN
2021-07,AAOI
2021-07,AAON
2021-07,AAT
2021-07,AAWW
2021-07,ABCB
2021-07,ABG
2021-07,ABM
2021-07,ABTX
2021-07,ACA
2021-07,ACLS
2021-07,ADC
2021-07,ADTN
2021-07,ADUS
2021-07,AEIS
2021-07,AEL
2021-07,AGO
2021-07,AGYS
2021-07,AHH
2021-07,AIN
2021-07,AIR
2021-07,AIT
2021-07,AJRD
2021-07,AKR
2021-07,ALEX
2021-07,ALG
2021-07,ALGT
2021-07,ALRM
2021-07,AMBC
2021-07,AMCX
2021-07,AMEH
2021-07,AMN
2021-07,AMPH
2021-07,AMSF
2021-07,AMWD
2021-07,ANDE
2021-07,ANF
2021-07,ANGO
2021-07,ANIK
2021-07,ANIP
2021-07,APEI
2021-07,APOG
2021-07,ARCB
2021-07,ARI
2021-07,ARLO
2021-07,ARNC
2021-07,AROC
2021-07,ARR
2021-07,ASIX
2021-07,ASTE
2021-07,ATGE
2021-07,ATI
2021-07,ATNI
2021-07,AVA
2021-07,AVAV
2021-07,AVD
2021-07,AVNS
2021-07,AWR
2021-07,AX
2021-07,AXL
2021-07,AZZ
2021-07,B
2021-07,BANC
2021-07,BANF
2021-07,BANR
2021-07,BBBY
2021-07,BCC
2021-07,BCEI
2021-07,BCOR
2021-07,BCPC
2021-07,BDN
2021-07,BELFB
2021-07,BFS
2021-07,BGS
2021-07,BHE
2021-07,BHLB
2021-07,BIG
2021-07,BJRI
2021-07,BKE
2021-07,BKU
2021-07,BLMN
2021-07,BMI
2021-07,BNED
2021-07,BOOM
2021-07,BOOT
2021-07,BRC
2021-07,BRKL
2021-07,BSIG
2021-07,CADE
2021-07,CAKE
2021-07,CAL
2021-07,CALM
2021-07,CAMP
2021-07,CARA
2021-07,CASH
2021-07,CATO
2021-07,CBB
2021-07,CBU
2021-07,CCOI
2021-07,CCRN
2021-07,CCS
2021-07,CEIX
2021-07,CELH
2021-07,CENT
2021-07,CENTA
2021-07,CENX
2021-07,CEVA
2021-07,CFFN
2021-07,CHCO
2021-07,CHCT
2021-07,CHEF
2021-07,CHRS
2021-07,CHS
2021-07,CHUY
2021-07,CIR
2021-07,CLB
2021-07,CLDT
2021-07,CLI
2021-07,CLW
2021-07,CMO
2021-07,CMTL
2021-07,CNMD
2021-07,CNSL
2021-07,CNXN
2021-07,COHU
2021-07,COKE
2021-07,COLB
2021-07,COLL
2021-07,CONN
2021-07,COOP
2021-07,CORE
2021-07,CORT
2021-07,CPE
2021-07,CPF
2021-07,CPK
2021-07,CPS
2021-07,CPSI
2021-07,CRMT
2021-07,CRS
2021-07,CRVL
2021-07,CRY
2021-07,CSGS
2021-07,CSII
2021-07,CSR
2021-07,CTRE
2021-07,CTS
2021-07,CUBI
2021-07,CUTR
2021-07,CVBF
2021-07,CVCO
2021-07,CVET
2021-07,CVGW
2021-07,CWT
2021-07,CXW
2021-07,CYH
2021-07,CYTK
2021-07,DAKT
2021-07,DBD
2021-07,DBI
2021-07,DCOM
2021-07,DDD
2021-07,DEA
2021-07,DFIN
2021-07,DGII
2021-07,DHC
2021-07,DIN
2021-07,DIOD
2021-07,DLX
2021-07,DNOW
2021-07,DORM
2021-07,DRH
2021-07,DRQ
2021-07,DSPG
2021-07,DXPE
2021-07,EAT
2021-07,EBIX
2021-07,ECHO
2021-07,ECOL
2021-07,ECPG
2021-07,EFC
2021-07,EGBN
2021-07,EGHT
2021-07,EGRX
2021-07,EHTH
2021-07,EIG
2021-07,ELF
2021-07,ENDP
2021-07,ENSG
2021-07,ENTA
2021-07,ENVA
2021-07,EPAC
2021-07,EPAY
2021-07,EPC
2021-07,EPRT
2021-07,ESE
2021-07,ETH
2021-07,EVTC
2021-07,EXLS
2021-07,EXPO
2021-07,EXTR
2021-07,EZPW
2021-07,FARO
2021-07,FBC
2021-07,FBK
2021-07,FBNC
2021-07,FBP
2021-07,FCF
2021-07,FCPT
2021-07,FDP
2021-07,FELE
2021-07,FF
2021-07,FFBC
2021-07,FHB
2021-07,FIX
2021-07,FIZZ
2021-07,FLGT
2021-07,FLOW
2021-07,FMBI
2021-07,FN
2021-07,FOE
2021-07,FORM
2021-07,FORR
2021-07,FOSL
2021-07,FRGI
2021-07,FSP
2021-07,FSS
2021-07,FUL
2021-07,FWRD
2021-07,GBX
2021-07,GCI
2021-07,GCO
2021-07,GCP
2021-07,GDOT
2021-07,GEO
2021-07,GES
2021-07,GFF
2021-07,GHL
2021-07,GIII
2021-07,GKOS
2021-07,GLT
2021-07,GME
2021-07,GMS
2021-07,GNL
2021-07,GNW
2021-07,GPI
2021-07,GPMT
2021-07,GPRE
2021-07,GTLS
2021-07,GTY
2021-07,GVA
2021-07,GWB
2021-07,HA
2021-07,HAFC
2021-07,HAYN
2021-07,HCC
2021-07,HCI
2021-07,HFWA
2021-07,HI
2021-07,HIBB
2021-07,HLIT
2021-07,HLX
2021-07,HMN
2021-07,HMST
2021-07,HNGR
2021-07,HNI
2021-07,HOPE
2021-07,HP
2021-07,HSC
2021-07,HSII
2021-07,HSKA
2021-07,HSTM
2021-07,HT
2021-07,HTH
2021-07,HTLD
2021-07,HUBG
2021-07,HVT
2021-07,HWKN
2021-07,HZO
2021-07,IBP
2021-07,IBTX
2021-07,ICHR
2021-07,IDCC
2021-07,IIIN
2021-07,IIPR
2021-07,IJR
2021-07,ILPT
2021-07,INDB
2021-07,INGN
2021-07,INN
2021-07,INVA
2021-07,IOSP
2021-07,IPAR
2021-07,IRBT
2021-07,IRT
2021-07,ISBC
2021-07,ITGR
2021-07,ITRI
2021-07,IVC
2021-07,IVR
2021-07,JBSS
2021-07,JBT
2021-07,JJSF
2021-07,JOE
2021-07,JRVR
2021-07,JYNT
2021-07,KALU
2021-07,KAMN
2021-07,KELYA
2021-07,KFY
2021-07,KLIC
2021-07,KN
2021-07,KOP
2021-07,KRA
2021-07,KREF
2021-07,KRG
2021-07,KTB
2021-07,KWR
2021-07,LCII
2021-07,LDL
2021-07,LGIH
2021-07,LL
2021-07,LMAT
2021-07,LNN
2021-07,LNTH
2021-07,LOCO
2021-07,LPG
2021-07,LPI
2021-07,LPSN
2021-07,LQDT
2021-07,LTC
2021-07,LTHM
2021-07,LXP
2021-07,LZB
2021-07,M
2021-07,MANT
2021-07,MATW
2021-07,MATX
2021-07,MCRI
2021-07,MCS
2021-07,MD
2021-07,MDC
2021-07,MDP
2021-07,MDRX
2021-07,MED
2021-07,MEI
2021-07,MERC
2021-07,MGLN
2021-07,MGPI
2021-07,MHO
2021-07,MLAB
2021-07,MLI
2021-07,MMI
2021-07,MMSI
2021-07,MNRO
2021-07,MODV
2021-07,MOG.A
2021-07,MOV
2021-07,MPAA
2021-07,MRTN
2021-07,MSEX
2021-07,MSTR
2021-07,MTDR
2021-07,MTH
2021-07,MTOR
2021-07,MTRN
2021-07,MTRX
2021-07,MXL
2021-07,MYE
2021-07,MYGN
2021-07,MYRG
2021-07,NBHC
2021-07,NBR
2021-07,NBTB
2021-07,NEO
2021-07,NFBK
2021-07,NMIH
2021-07,NP
2021-07,NPK
2021-07,NPO
2021-07,NSIT
2021-07,NTGR
2021-07,NTUS
2021-07,NWBI
2021-07,NWN
2021-07,NX
2021-07,NXGN
2021-07,NXRT
2021-07,NYMT
2021-07,ODP
2021-07,OFG
2021-07,OFIX
2021-07,OI
2021-07,OII
2021-07,OIS
2021-07,OMCL
2021-07,OMI
2021-07,ONB
2021-07,ONTO
2021-07,OPI
2021-07,ORGO
2021-07,OSIS
2021-07,OSPN
2021-07,OSUR
2021-07,OXM
2021-07,PAHC
2021-07,PARR
2021-07,PATK
2021-07,PBF
2021-07,PBH
2021-07,PBI
2021-07,PCRX
2021-07,PDCE
2021-07,PDFS
2021-07,PETS
2021-07,PFBC
2021-07,PFS
2021-07,PGTI
2021-07,PIPR
2021-07,PKE
2021-07,PLAB
2021-07,PLAY
2021-07,PLCE
2021-07,PLMR
2021-07,PLUS
2021-07,PLXS
2021-07,PMT
2021-07,PNTG
2021-07,POLY
2021-07,POWI
2021-07,POWL
2021-07,PPBI
2021-07,PRA
2021-07,PRAA
2021-07,PRDO
2021-07,PRFT
2021-07,PRG
2021-07,PRGS
2021-07,PRK
2021-07,PRLB
2021-07,PSMT
2021-07,PTEN
2021-07,PUMP
2021-07,PVAC
2021-07,QNST
2021-07,RAVN
2021-07,RC
2021-07,RCII
2021-07,RDNT
2021-07,REGI
2021-07,RES
2021-07,REX
2021-07,REZI
2021-07,RGNX
2021-07,RGP
2021-07,RGR
2021-07,RGS
2021-07,RILY
2021-07,RLGY
2021-07,RMAX
2021-07,RMBS
2021-07,RNST
2021-07,ROCK
2021-07,ROG
2021-07,ROIC
2021-07,RPAI
2021-07,RPT
2021-07,RRC
2021-07,RRGB
2021-07,RUTH
2021-07,RWT
2021-07,RYAM
2021-07,SAFE
2021-07,SAFT
2021-07,SAH
2021-07,SAIA
2021-07,SANM
2021-07,SBCF
2021-07,SBH
2021-07,SBSI
2021-07,SCHL
2021-07,SCL
2021-07,SCSC
2021-07,SCVL
2021-07,SEM
2021-07,SENEA
2021-07,SFBS
2021-07,SFNC
2021-07,SGH
2021-07,SHAK
2021-07,SHEN
2021-07,SHOO
2021-07,SIG
2021-07,SITC
2021-07,SJI
2021-07,SKT
2021-07,SKYW
2021-07,SLCA
2021-07,SLP
2021-07,SLQT
2021-07,SM
2021-07,SMP
2021-07,SMPL
2021-07,SNBR
2021-07,SNEX
2021-07,SPNT
2021-07,SPOK
2021-07,SPPI
2021-07,SPSC
2021-07,SPSM
2021-07,SPTN
2021-07,SPXC
2021-07,SRDX
2021-07,SSP
2021-07,SSTK
2021-07,STAR
2021-07,STBA
2021-07,STC
2021-07,STMP
2021-07,SUPN
2021-07,SVC
2021-07,SWM
2021-07,SWN
2021-07,SXC
2021-07,SXI
2021-07,SYKE
2021-07,TALO
2021-07,TBBK
2021-07,TBI
2021-07,TBK
2021-07,TCMD
2021-07,TG
2021-07,TGI
2021-07,THRM
2021-07,TILE
2021-07,TISI
2021-07,TMP
2021-07,TMST
2021-07,TNC
2021-07,TRHC
2021-07,TRST
2021-07,TRUP
2021-07,TSE
2021-07,TTEC
2021-07,TTGT
2021-07,TTMI
2021-07,TUP
2021-07,TVTY
2021-07,TWI
2021-07,TWO
2021-07,UBA
2021-07,UCBI
2021-07,UCTT
2021-07,UEIC
2021-07,UFCS
2021-07,UFI
2021-07,UFPI
2021-07,UFS
2021-07,UHT
2021-07,UIHC
2021-07,UIS
2021-07,UNF
2021-07,UNFI
2021-07,UNIT
2021-07,USCR
2021-07,USNA
2021-07,USPH
2021-07,UTL
2021-07,UVE
2021-07,UVV
2021-07,VBTX
2021-07,VCEL
2021-07,VECO
2021-07,VG
2021-07,VGR
2021-07,VIAV
2021-07,VICR
2021-07,VIOO
2021-07,VIVO
2021-07,VNDA
2021-07,VRA
2021-07,VREX
2021-07,VRTS
2021-07,VRTV
2021-07,VSTO
2021-07,VTOL
2021-07,VVI
2021-07,WABC
2021-07,WD
2021-07,WDFC
2021-07,WETF
2021-07,WGO
2021-07,WIRE
2021-07,WNC
2021-07,WRE
2021-07,WRLD
2021-07,WSFS
2021-07,WSR
2021-07,WTS
2021-07,WWW
2021-07,XHR
2021-07,XNCR
2021-07,XPER
2021-07,ZEUS
2021-07,ZUMZ
2021-07,ZYXI
2021-08,AAN
2021-08,AAOI
2021-08,AAON
2021-08,AAT
2021-08,AAWW
2021-08,ABCB
2021-08,ABG
2021-08,ABM
2021-08,ABTX
2021-08,ACA
2021-08,ACLS
2021-08,ADC
2021-08,ADTN
2021-08,ADUS
2021-08,AEIS
2021-08,AEL
2021-08,AGO
2021-08,AGYS
2021-08,AHH
2021-08,AIN
2021-08,AIR
2021-08,AIT
2021-08,AJRD
2021-08,AKR
2021-08,ALEX
2021-08,ALG
2021-08,ALGT
2021-08,ALRM
2021-08,AMBC
2021-08,AMCX
2021-08,AMEH
2021-08,AMN
2021-08,AMPH
2021-08,AMSF
2021-08,AMWD
2021-08,ANDE
2021-08,ANF
2021-08,ANGO
2021-08,ANIK
2021-08,ANIP
2021-08,APEI
2021-08,APOG
2021-08,ARCB
2021-08,ARI
2021-08,ARLO
2021-08,ARNC
2021-08,AROC
2021-08,ARR
2021-08,ASIX
2021-08,ASTE
2021-08,ATGE
2021-08,ATI
2021-08,ATNI
2021-08,AVA
2021-08,AVAV
2021-08,AVD
2021-08,AVNS
2021-08,AWR
2021-08,AX
2021-08,AXL
2021-08,AZZ
2021-08,B
2021-08,BANC
2021-08,BANF
2021-08,BANR
2021-08,BBBY
2021-08,BCC
2021-08,BCEI
2021-08,BCOR
2021-08,BCPC
2021-08,BDN
2021-08,BFS
2021-08,BGS
2021-08,BHE
2021-08,BHLB
2021-08,BIG
2021-08,BJRI
2021-08,BKE
2021-08,BKU
2021-08,BLMN
2021-08,BMI
2021-08,BNED
2021-08,BOOM
2021-08,BOOT
2021-08,BRC
2021-08,BRKL
2021-08,BSIG
2021-08,CADE
2021-08,CAKE
2021-08,CAL
2021-08,CALM
2021-08,CAMP
2021-08,CARA
2021-08,CASH
2021-08,CATO
2021-08,CBB
2021-08,CBU
2021-08,CCOI
2021-08,CCRN
2021-08,CCS
2021-08,CEIX
2021-08,CELH
2021-08,CENT
2021-08,CENTA
2021-08,CENX
2021-08,CEVA
2021-08,CFFN
2021-08,CHCO
2021-08,CHCT
2021-08,CHEF
2021-08,CHRS
2021-08,CHS
2021-08,CHUY
2021-08,CIR
2021-08,CLB
2021-08,CLDT
2021-08,CLI
2021-08,CLW
2021-08,CMO
2021-08,CMTL
2021-08,CNMD
2021-08,CNSL
2021-08,CNXN
2021-08,COHU
2021-08,COKE
2021-08,COLB
2021-08,COLL
2021-08,CONN
2021-08,COOP
2021-08,CORE
2021-08,CORT
2021-08,CPE
2021-08,CPF
2021-08,CPK
2021-08,CPS
2021-08,CPSI
2021-08,CRMT
2021-08,CRS
2021-08,CRVL
2021-08,CRY
2021-08,CSGS
2021-08,CSII
2021-08,CSR
2021-08,CTRE
2021-08,CTS
2021-08,CUBI
2021-08,CUTR
2021-08,CVBF
2021-08,CVCO
2021-08,CVET
2021-08,CVGW
2021-08,CWT
2021-08,CXW
2021-08,CYH
2021-08,CYTK
2021-08,DAKT
2021-08,DBD
2021-08,DBI
2021-08,DCOM
2021-08,DDD
2021-08,DEA
2021-08,DFIN
2021-08,DGII
2021-08,DHC
2021-08,DIN
2021-08,DIOD
2021-08,DLX
2021-08,DNOW
2021-08,DORM
2021-08,DRH
2021-08,DRQ
2021-08,DSPG
2021-08,DXPE
2021-08,EAT
2021-08,EBIX
2021-08,ECHO
2021-08,ECOL
2021-08,ECPG
2021-08,EFC
2021-08,EGBN
2021-08,EGHT
2021-08,EGRX
2021-08,EHTH
2021-08,EIG
2021-08,ELF
2021-08,ENDP
2021-08,ENSG
2021-08,ENTA
2021-08,ENVA
2021-08,EPAC
2021-08,EPAY
2021-08,EPC
2021-08,EPRT
2021-08,ESE
2021-08,ETD
2021-08,EVTC
2021-08,EXLS
2021-08,EXPO
2021-08,EXTR
2021-08,EZPW
2021-08,FARO
2021-08,FBC
2021-08,FBK
2021-08,FBNC
2021-08,FBP
2021-08,FCF
2021-08,FCPT
2021-08,FDP
2021-08,FELE
2021-08,FF
2021-08,FFBC
2021-08,FHB
2021-08,FIX
2021-08,FIZZ
2021-08,FLGT
2021-08,FLOW
2021-08,FMBI
2021-08,FN
2021-08,FOE
2021-08,FORM
2021-08,FORR
2021-08,FOSL
2021-08,FRGI
2021-08,FSP
2021-08,FSS
2021-08,FUL
2021-08,FWRD
2021-08,GBX
2021-08,GCI
2021-08,GCO
2021-08,GCP
2021-08,GDOT
2021-08,GEO
2021-08,GES
2021-08,GFF
2021-08,GHL
2021-08,GIII
2021-08,GKOS
2021-08,GLT
2021-08,GMS
2021-08,GNL
2021-08,GNW
2021-08,GPI
2021-08,GPMT
2021-08,GPRE
2021-08,GTLS
2021-08,GTY
2021-08,GVA
2021-08,GWB
2021-08,HA
2021-08,HAFC
2021-08,HAYN
2021-08,HCC
2021-08,HCI
2021-08,HFWA
2021-08,HI
2021-08,HIBB
2021-08,HLIT
2021-08,HLX
2021-08,HMN
2021-08,HMST
2021-08,HNGR
2021-08,HNI
2021-08,HOPE
2021-08,HP
2021-08,HSC
2021-08,HSII
2021-08,HSKA
2021-08,HSTM
2021-08,HT
2021-08,HTH
2021-08,HTLD
2021-08,HUBG
2021-08,HVT
2021-08,HWKN
2021-08,HZO
2021-08,IBP
2021-08,IBTX
2021-08,ICHR
2021-08,IDCC
2021-08,IIIN
2021-08,IIPR
2021-08,IJR
2021-08,ILPT
2021-08,INDB
2021-08,INGN
2021-08,INN
2021-08,INT
2021-08,INVA
2021-08,IOSP
2021-08,IPAR
2021-08,IRBT
2021-08,IRT
2021-08,ISBC
2021-08,ITGR
2021-08,ITRI
2021-08,IVC
2021-08,IVR
2021-08,JBSS
2021-08,JBT
2021-08,JJSF
2021-08,JOE
2021-08,JRVR
2021-08,JYNT
2021-08,KALU
2021-08,KAMN
2021-08,KELYA
2021-08,KFY
2021-08,KLIC
2021-08,KN
2021-08,KOP
2021-08,KRA
2021-08,KREF
2021-08,KRG
2021-08,KTB
2021-08,KWR
2021-08,LCII
2021-08,LDL
2021-08,LGIH
2021-08,LKFN
2021-08,LL
2021-08,LMAT
2021-08,LNN
2021-08,LNTH
2021-08,LOCO
2021-08,LPG
2021-08,LPI
2021-08,LPSN
2021-08,LQDT
2021-08,LTC
2021-08,LTHM
2021-08,LXP
2021-08,LZB
2021-08,M
2021-08,MANT
2021-08,MATW
2021-08,MATX
2021-08,MCRI
2021-08,MCS
2021-08,MD
2021-08,MDC
2021-08,MDP
2021-08,MDRX
2021-08,MED
2021-08,MEI
2021-08,MERC
2021-08,MGLN
2021-08,MGPI
2021-08,MHO
2021-08,MLAB
2021-08,MLI
2021-08,MMI
2021-08,MMSI
2021-08,MNRO
2021-08,MODV
2021-08,MOG.A
2021-08,MOV
2021-08,MPAA
2021-08,MRTN
2021-08,MSEX
2021-08,MSTR
2021-08,MTDR
2021-08,MTH
2021-08,MTOR
2021-08,MTRN
2021-08,MTRX
2021-08,MXL
2021-08,MYE
2021-08,MYGN
2021-08,MYRG
2021-08,NBHC
2021-08,NBR
2021-08,NBTB
2021-08,NEO
2021-08,NFBK
2021-08,NMIH
2021-08,NP
2021-08,NPK
2021-08,NPO
2021-08,NSIT
2021-08,NTGR
2021-08,NTUS
2021-08,NWBI
2021-08,NWN
2021-08,NX
2021-08,NXGN
2021-08,NXRT
2021-08,NYMT
2021-08,ODP
2021-08,OFG
2021-08,OFIX
2021-08,OI
2021-08,OII
2021-08,OIS
2021-08,OMCL
2021-08,OMI
2021-08,ONB
2021-08,ONTO
2021-08,OPI
2021-08,ORGO
2021-08,OSIS
2021-08,OSPN
2021-08,OSUR
2021-08,OXM
2021-08,PAHC
2021-08,PARR
2021-08,PATK
2021-08,PBF
2021-08,PBH
2021-08,PBI
2021-08,PCRX
2021-08,PDCE
2021-08,PDFS
2021-08,PETS
2021-08,PFBC
2021-08,PFS
2021-08,PGTI
2021-08,PIPR
2021-08,PKE
2021-08,PLAB
2021-08,PLAY
2021-08,PLCE
2021-08,PLMR
2021-08,PLUS
2021-08,PLXS
2021-08,PMT
2021-08,PNTG
2021-08,POLY
2021-08,POWI
2021-08,POWL
2021-08,PPBI
2021-08,PRA
2021-08,PRAA
2021-08,PRDO
2021-08,PRFT
2021-08,PRG
2021-08,PRGS
2021-08,PRK
2021-08,PRLB
2021-08,PSMT
2021-08,PTEN
2021-08,PUMP
2021-08,PVAC
2021-08,QNST
2021-08,RAVN
2021-08,RC
2021-08,RCII
2021-08,RDNT
2021-08,REGI
2021-08,RES
2021-08,REX
2021-08,REZI
2021-08,RGNX
2021-08,RGP
2021-08,RGR
2021-08,RGS
2021-08,RILY
2021-08,RLGY
2021-08,RMAX
2021-08,RMBS
2021-08,RNST
2021-08,ROCK
2021-08,ROG
2021-08,ROIC
2021-08,RPAI
2021-08,RPT
2021-08,RRC
2021-08,RRGB
2021-08,RUTH
2021-08,RWT
2021-08,RYAM
2021-08,SAFE
2021-08,SAFT
2021-08,SAH
2021-08,SAIA
2021-08,SANM
2021-08,SBCF
2021-08,SBH
2021-08,SBSI
2021-08,SCHL
2021-08,SCL
2021-08,SCSC
2021-08,SCVL
2021-08,SEM
2021-08,SENEA
2021-08,SFBS
2021-08,SFNC
2021-08,SGH
2021-08,SHAK
2021-08,SHEN
2021-08,SHOO
2021-08,SIG
2021-08,SITC
2021-08,SJI
2021-08,SKT
2021-08,SKYW
2021-08,SLCA
2021-08,SLP
2021-08,SLQT
2021-08,SM
2021-08,SMP
2021-08,SMPL
2021-08,SNBR
2021-08,SNEX
2021-08,SPNT
2021-08,SPPI
2021-08,SPSC
2021-08,SPSM
2021-08,SPTN
2021-08,SPXC
2021-08,SRDX
2021-08,SSP
2021-08,SSTK
2021-08,STAR
2021-08,STBA
2021-08,STC
2021-08,STMP
2021-08,STRA
2021-08,SUPN
2021-08,SVC
2021-08,SWM
2021-08,SWN
2021-08,SXC
2021-08,SXI
2021-08,SYKE
2021-08,TALO
2021-08,TBBK
2021-08,TBI
2021-08,TBK
2021-08,TCMD
2021-08,TG
2021-08,TGI
2021-08,THRM
2021-08,TILE
2021-08,TISI
2021-08,TMP
2021-08,TMST
2021-08,TNC
2021-08,TRHC
2021-08,TRST
2021-08,TRUP
2021-08,TSE
2021-08,TTEC
2021-08,TTGT
2021-08,TTMI
2021-08,TUP
2021-08,TVTY
2021-08,TWI
2021-08,TWO
2021-08,UBA
2021-08,UCBI
2021-08,UCTT
2021-08,UEIC
2021-08,UFCS
2021-08,UFI
2021-08,UFPI
2021-08,UFS
2021-08,UHT
2021-08,UIHC
2021-08,UIS
2021-08,UNF
2021-08,UNFI
2021-08,UNIT
2021-08,USCR
2021-08,USNA
2021-08,USPH
2021-08,UTL
2021-08,UVE
2021-08,UVV
2021-08,VBTX
2021-08,VCEL
2021-08,VECO
2021-08,VG
2021-08,VGR
2021-08,VIAV
2021-08,VICR
2021-08,VIOO
2021-08,VIVO
2021-08,VNDA
2021-08,VRA
2021-08,VREX
2021-08,VRTS
2021-08,VRTV
2021-08,VSTO
2021-08,VTOL
2021-08,VVI
2021-08,WABC
2021-08,WD
2021-08,WDFC
2021-08,WETF
2021-08,WGO
2021-08,WIRE
2021-08,WNC
2021-08,WRE
2021-08,WRLD
2021-08,WSFS
2021-08,WSR
2021-08,WTS
2021-08,WWW
2021-08,XHR
2021-08,XNCR
2021-08,XPER
2021-08,ZEUS
2021-08,ZUMZ
2021-08,ZYXI
2021-09,AAN
2021-09,AAOI
2021-09,AAON
2021-09,AAT
2021-09,AAWW
2021-09,ABCB
2021-09,ABG
2021-09,ABM
2021-09,ABTX
2021-09,ACA
2021-09,ACLS
2021-09,ADC
2021-09,ADTN
2021-09,ADUS
2021-09,AEIS
2021-09,AEL
2021-09,AGO
2021-09,AGYS
2021-09,AHH
2021-09,AIN
2021-09,AIR
2021-09,AIT
2021-09,AJRD
2021-09,AKR
2021-09,ALEX
2021-09,ALG
2021-09,ALGT
2021-09,ALRM
2021-09,AMBC
2021-09,AMCX
2021-09,AMEH
2021-09,AMN
2021-09,AMPH
2021-09,AMSF
2021-09,AMWD
2021-09,ANDE
2021-09,ANF
2021-09,ANGO
2021-09,ANIK
2021-09,ANIP
2021-09,APEI
2021-09,APOG
2021-09,ARCB
2021-09,ARI
2021-09,ARLO
2021-09,ARNC
2021-09,AROC
2021-09,ARR
2021-09,ASIX
2021-09,ASTE
2021-09,ATGE
2021-09,ATI
2021-09,ATNI
2021-09,AVA
2021-09,AVAV
2021-09,AVD
2021-09,AVNS
2021-09,AWR
2021-09,AX
2021-09,AXL
2021-09,AZZ
2021-09,B
2021-09,BANC
2021-09,BANF
2021-09,BANR
2021-09,BBBY
2021-09,BCC
2021-09,BCEI
2021-09,BCOR
2021-09,BCPC
2021-09,BDN
2021-09,BFS
2021-09,BGS
2021-09,BHE
2021-09,BHLB
2021-09,BIG
2021-09,BJRI
2021-09,BKE
2021-09,BKU
2021-09,BLFS
2021-09,BLMN
2021-09,BMI
2021-09,BNED
2021-09,BOOM
2021-09,BOOT
2021-09,BRC
2021-09,BRKL
2021-09,BSIG
2021-09,CADE
2021-09,CAKE
2021-09,CAL
2021-09,CALM
2021-09,CAMP
2021-09,CARA
2021-09,CASH
2021-09,CATO
2021-09,CBU
2021-09,CCOI
2021-09,CCRN
2021-09,CCS
2021-09,CEIX
2021-09,CELH
2021-09,CENT
2021-09,CENTA
2021-09,CENX
2021-09,CEVA
2021-09,CFFN
2021-09,CHCO
2021-09,CHCT
2021-09,CHEF
2021-09,CHRS
2021-09,CHS
2021-09,CHUY
2021-09,CIR
2021-09,CLB
2021-09,CLDT
2021-09,CLI
2021-09,CLW
2021-09,CMO
2021-09,CMTL
2021-09,CNK
2021-09,CNMD
2021-09,CNSL
2021-09,CNXN
2021-09,COHU
2021-09,COKE
2021-09,COLB
2021-09,COLL
2021-09,CONN
2021-09,COOP
2021-09,CORT
2021-09,CPE
2021-09,CPF
2021-09,CPK
2021-09,CPS
2021-09,CPSI
2021-09,CRMT
2021-09,CRS
2021-09,CRVL
2021-09,CRY
2021-09,CSGS
2021-09,CSII
2021-09,CSR
2021-09,CTRE
2021-09,CTS
2021-09,CUBI
2021-09,CUTR
2021-09,CVBF
2021-09,CVCO
2021-09,CVET
2021-09,CVGW
2021-09,CWT
2021-09,CXW
2021-09,CYH
2021-09,CYTK
2021-09,DAKT
2021-09,DBD
2021-09,DBI
2021-09,DCOM
2021-09,DDD
2021-09,DEA
2021-09,DFIN
2021-09,DGII
2021-09,DHC
2021-09,DIN
2021-09,DIOD
2021-09,DLX
2021-09,DNOW
2021-09,DORM
2021-09,DRH
2021-09,DRQ
2021-09,DSPG
2021-09,DXPE
2021-09,EAT
2021-09,EBIX
2021-09,ECHO
2021-09,ECOL
2021-09,ECPG
2021-09,EFC
2021-09,EGBN
2021-09,EGHT
2021-09,EGRX
2021-09,EHTH
2021-09,EIG
2021-09,ELF
2021-09,ENDP
2021-09,ENSG
2021-09,ENTA
2021-09,ENVA
2021-09,EPAC
2021-09,EPAY
2021-09,EPC
2021-09,EPRT
2021-09,ESE
2021-09,ETD
2021-09,EVTC
2021-09,EXLS
2021-09,EXPO
2021-09,EXTR
2021-09,EZPW
2021-09,FARO
2021-09,FBC
2021-09,FBK
2021-09,FBNC
2021-09,FBP
2021-09,FCF
2021-09,FCPT
2021-09,FDP
2021-09,FELE
2021-09,FF
2021-09,FFBC
2021-09,FHB
2021-09,FIX
2021-09,FIZZ
2021-09,FLGT
2021-09,FLOW
2021-09,FMBI
2021-09,FN
2021-09,FOE
2021-09,FORM
2021-09,FORR
2021-09,FOSL
2021-09,FRGI
2021-09,FSP
2021-09,FSS
2021-09,FUL
2021-09,FWRD
2021-09,GBX
2021-09,GCI
2021-09,GCO
2021-09,GCP
2021-09,GDOT
2021-09,GEO
2021-09,GES
2021-09,GFF
2021-09,GHL
2021-09,GIII
2021-09,GKOS
2021-09,GLT
2021-09,GMS
2021-09,GNL
2021-09,GNW
2021-09,GPI
2021-09,GPMT
2021-09,GPRE
2021-09,GTLS
2021-09,GTY
2021-09,GVA
2021-09,GWB
2021-09,HA
2021-09,HAFC
2021-09,HAYN
2021-09,HCC
2021-09,HCI
2021-09,HCSG
2021-09,HFWA
2021-09,HI
2021-09,HIBB
2021-09,HLIT
2021-09,HLX
2021-09,HMN
2021-09,HMST
2021-09,HNGR
2021-09,HNI
2021-09,HOPE
2021-09,HP
2021-09,HSC
2021-09,HSII
2021-09,HSKA
2021-09,HSTM
2021-09,HT
2021-09,HTH
2021-09,HTLD
2021-09,HUBG
2021-09,HVT
2021-09,HWKN
2021-09,HZO
2021-09,IBP
2021-09,IBTX
2021-09,ICHR
2021-09,IDCC
2021-09,IIIN
2021-09,IIPR
2021-09,IJR
2021-09,ILPT
2021-09,INDB
2021-09,INGN
2021-09,INN
2021-09,INT
2021-09,INVA
2021-09,IOSP
2021-09,IPAR
2021-09,IRBT
2021-09,IRT
2021-09,ISBC
2021-09,ITGR
2021-09,ITRI
2021-09,IVC
2021-09,IVR
2021-09,JBSS
2021-09,JBT
2021-09,JJSF
2021-09,JOE
2021-09,JRVR
2021-09,JYNT
2021-09,KALU
2021-09,KAMN
2021-09,KELYA
2021-09,KFY
2021-09,KLIC
2021-09,KN
2021-09,KOP
2021-09,KRA
2021-09,KREF
2021-09,KRG
2021-09,KTB
2021-09,KWR
2021-09,LCII
2021-09,LDL
2021-09,LGIH
2021-09,LGND
2021-09,LKFN
2021-09,LL
2021-09,LMAT
2021-09,LNN
2021-09,LNTH
2021-09,LOCO
2021-09,LPG
2021-09,LPI
2021-09,LPSN
2021-09,LQDT
2021-09,LTC
2021-09,LTHM
2021-09,LXP
2021-09,LZB
2021-09,M
2021-09,MANT
2021-09,MATW
2021-09,MATX
2021-09,MCRI
2021-09,MCS
2021-09,MD
2021-09,MDC
2021-09,MDP
2021-09,MDRX
2021-09,MED
2021-09,MEI
2021-09,MERC
2021-09,MGLN
2021-09,MGPI
2021-09,MHO
2021-09,MLAB
2021-09,MLI
2021-09,MMI
2021-09,MMSI
2021-09,MNRO
2021-09,MODV
2021-09,MOG.A
2021-09,MOV
2021-09,MPAA
2021-09,MRTN
2021-09,MSEX
2021-09,MTDR
2021-09,MTH
2021-09,MTOR
2021-09,MTRN
2021-09,MTRX
2021-09,MXL
2021-09,MYE
2021-09,MYGN
2021-09,MYRG
2021-09,NBHC
2021-09,NBR
2021-09,NBTB
2021-09,NEO
2021-09,NFBK
2021-09,NMIH
2021-09,NP
2021-09,NPK
2021-09,NPO
2021-09,NSIT
2021-09,NTGR
2021-09,NTUS
2021-09,NWBI
2021-09,NWN
2021-09,NX
2021-09,NXGN
2021-09,NXRT
2021-09,NYMT
2021-09,ODP
2021-09,OFG
2021-09,OFIX
2021-09,OI
2021-09,OII
2021-09,OIS
2021-09,OMCL
2021-09,OMI
2021-09,ONB
2021-09,ONTO
2021-09,OPI
2021-09,ORGO
2021-09,OSIS
2021-09,OSPN
2021-09,OSUR
2021-09,OXM
2021-09,PAHC
2021-09,PARR
2021-09,PATK
2021-09,PBF
2021-09,PBH
2021-09,PBI
2021-09,PCRX
2021-09,PDCE
2021-09,PDFS
2021-09,PETS
2021-09,PFBC
2021-09,PFS
2021-09,PGTI
2021-09,PIPR
2021-09,PKE
2021-09,PLAB
2021-09,PLAY
2021-09,PLCE
2021-09,PLMR
2021-09,PLUS
2021-09,PLXS
2021-09,PMT
2021-09,PNTG
2021-09,POLY
2021-09,POWI
2021-09,POWL
2021-09,PPBI
2021-09,PRA
2021-09,PRAA
2021-09,PRDO
2021-09,PRFT
2021-09,PRG
2021-09,PRGS
2021-09,PRK
2021-09,PRLB
2021-09,PSMT
2021-09,PTEN
2021-09,PUMP
2021-09,PVAC
2021-09,QNST
2021-09,QURE
2021-09,RAVN
2021-09,RC
2021-09,RCII
2021-09,RDNT
2021-09,REGI
2021-09,RES
2021-09,REX
2021-09,REZI
2021-09,RGNX
2021-09,RGP
2021-09,RGR
2021-09,RGS
2021-09,RILY
2021-09,RLGY
2021-09,RMAX
2021-09,RMBS
2021-09,RNST
2021-09,ROCK
2021-09,ROG
2021-09,ROIC
2021-09,RPAI
2021-09,RPT
2021-09,RRC
2021-09,RRGB
2021-09,RUTH
2021-09,RWT
2021-09,RYAM
2021-09,SAFE
2021-09,SAFT
2021-09,SAH
2021-09,SANM
2021-09,SBCF
2021-09,SBH
2021-09,SBSI
2021-09,SCHL
2021-09,SCL
2021-09,SCSC
2021-09,SCVL
2021-09,SEM
2021-09,SENEA
2021-09,SFBS
2021-09,SFNC
2021-09,SGH
2021-09,SHAK
2021-09,SHEN
2021-09,SHOO
2021-09,SIG
2021-09,SITC
2021-09,SJI
2021-09,SKT
2021-09,SKYW
2021-09,SLCA
2021-09,SLP
2021-09,SLQT
2021-09,SM
2021-09,SMP
2021-09,SMPL
2021-09,SNBR
2021-09,SNEX
2021-09,SPNT
2021-09,SPPI
2021-09,SPSC
2021-09,SPSM
2021-09,SPTN
2021-09,SPXC
2021-09,SRDX
2021-09,SSP
2021-09,SSTK
2021-09,STAR
2021-09,STBA
2021-09,STC
2021-09,STMP
2021-09,STRA
2021-09,SUPN
2021-09,SVC
2021-09,SWM
2021-09,SWN
2021-09,SXC
2021-09,SXI
2021-09,TALO
2021-09,TBBK
2021-09,TBI
2021-09,TBK
2021-09,TCMD
2021-09,TG
2021-09,TGI
2021-09,THRM
2021-09,THS
2021-09,TILE
2021-09,TMP
2021-09,TMST
2021-09,TNC
2021-09,TRHC
2021-09,TRMK
2021-09,TRST
2021-09,TRUP
2021-09,TSE
2021-09,TTEC
2021-09,TTGT
2021-09,TTMI
2021-09,TUP
2021-09,TVTY
2021-09,TWI
2021-09,TWO
2021-09,UBA
2021-09,UCBI
2021-09,UCTT
2021-09,UEIC
2021-09,UFCS
2021-09,UFI
2021-09,UFPI
2021-09,UFS
2021-09,UHT
2021-09,UIS
2021-09,UNF
2021-09,UNFI
2021-09,UNIT
2021-09,USNA
2021-09,USPH
2021-09,UTL
2021-09,UVE
2021-09,UVV
2021-09,VBTX
2021-09,VCEL
2021-09,VECO
2021-09,VG
2021-09,VGR
2021-09,VIAV
2021-09,VICR
2021-09,VIOO
2021-09,VIVO
2021-09,VNDA
2021-09,VRA
2021-09,VREX
2021-09,VRTS
2021-09,VRTV
2021-09,VSTO
2021-09,VTOL
2021-09,VVI
2021-09,WABC
2021-09,WD
2021-09,WDFC
2021-09,WETF
2021-09,WGO
2021-09,WIRE
2021-09,WNC
2021-09,WRE
2021-09,WRLD
2021-09,WSFS
2021-09,WSR
2021-09,WTS
2021-09,WW
2021-09,WWW
2021-09,XHR
2021-09,XNCR
2021-09,XPER
2021-09,ZEUS
2021-09,ZUMZ
2021-09,ZYXI
2021-10,AAN
2021-10,AAOI
2021-10,AAON
2021-10,AAT
2021-10,AAWW
2021-10,ABCB
2021-10,ABG
2021-10,ABM
2021-10,ABTX
2021-10,ACA
2021-10,ACLS
2021-10,ADC
2021-10,ADTN
2021-10,ADUS
2021-10,AEIS
2021-10,AEL
2021-10,AGO
2021-10,AGYS
2021-10,AHH
2021-10,AIN
2021-10,AIR
2021-10,AIT
2021-10,AJRD
2021-10,AKR
2021-10,ALEX
2021-10,ALG
2021-10,ALGT
2021-10,ALRM
2021-10,AMBC
2021-10,AMCX
2021-10,AMEH
2021-10,AMN
2021-10,AMPH
2021-10,AMSF
2021-10,AMWD
2021-10,ANDE
2021-10,ANF
2021-10,ANGO
2021-10,ANIK
2021-10,ANIP
2021-10,APEI
2021-10,APOG
2021-10,ARCB
2021-10,ARI
2021-10,ARLO
2021-10,ARNC
2021-10,AROC
2021-10,ARR
2021-10,ASIX
2021-10,ASTE
2021-10,ATGE
2021-10,ATI
2021-10,ATNI
2021-10,AVA
2021-10,AVAV
2021-10,AVD
2021-10,AVNS
2021-10,AWR
2021-10,AX
2021-10,AXL
2021-10,AZZ
2021-10,B
2021-10,BANC
2021-10,BANF
2021-10,BANR
2021-10,BBBY
2021-10,BCC
2021-10,BCEI
2021-10,BCOR
2021-10,BCPC
2021-10,BDN
2021-10,BFS
2021-10,BGS
2021-10,BHE
2021-10,BHLB
2021-10,BIG
2021-10,BJRI
2021-10,BKE
2021-10,BKU
2021-10,BLFS
2021-10,BLMN
2021-10,BMI
2021-10,BNED
2021-10,BOOM
2021-10,BOOT
2021-10,BRC
2021-10,BRKL
2021-10,BSIG
2021-10,CADE
2021-10,CAKE
2021-10,CAL
2021-10,CALM
2021-10,CAMP
2021-10,CARA
2021-10,CASH
2021-10,CATO
2021-10,CBU
2021-10,CCOI
2021-10,CCRN
2021-10,CCS
2021-10,CCSI
2021-10,CEIX
2021-10,CELH
2021-10,CENT
2021-10,CENTA
2021-10,CENX
2021-10,CEVA
2021-10,CFFN
2021-10,CHCO
2021-10,CHCT
2021-10,CHEF
2021-10,CHRS
2021-10,CHS
2021-10,CHUY
2021-10,CIR
2021-10,CLB
2021-10,CLDT
2021-10,CLI
2021-10,CLW
2021-10,CMO
2021-10,CMTL
2021-10,CNK
2021-10,CNMD
2021-10,CNSL
2021-10,CNXN
2021-10,COHU
2021-10,COKE
2021-10,COLB
2021-10,COLL
2021-10,CONN
2021-10,COOP
2021-10,CORT
2021-10,CPE
2021-10,CPF
2021-10,CPK
2021-10,CPS
2021-10,CPSI
2021-10,CRMT
2021-10,CRS
2021-10,CRVL
2021-10,CRY
2021-10,CSGS
2021-10,CSII
2021-10,CSR
2021-10,CTRE
2021-10,CTS
2021-10,CUBI
2021-10,CUTR
2021-10,CVBF
2021-10,CVCO
2021-10,CVET
2021-10,CVGW
2021-10,CWT
2021-10,CXW
2021-10,CYH
2021-10,CYTK
2021-10,DAKT
2021-10,DBD
2021-10,DBI
2021-10,DCOM
2021-10,DDD
2021-10,DEA
2021-10,DFIN
2021-10,DGII
2021-10,DHC
2021-10,DIN
2021-10,DIOD
2021-10,DLX
2021-10,DNOW
2021-10,DORM
2021-10,DRH
2021-10,DRQ
2021-10,DSPG
2021-10,DXPE
2021-10,EAT
2021-10,EBIX
2021-10,ECHO
2021-10,ECOL
2021-10,ECPG
2021-10,EFC
2021-10,EGBN
2021-10,EGHT
2021-10,EGRX
2021-10,EHTH
2021-10,EIG
2021-10,ELF
2021-10,ENDP
2021-10,ENSG
2021-10,ENTA
2021-10,ENVA
2021-10,EPAC
2021-10,EPAY
2021-10,EPC
2021-10,EPRT
2021-10,ESE
2021-10,ETD
2021-10,EVTC
2021-10,EXLS
2021-10,EXPO
2021-10,EXTR
2021-10,EZPW
2021-10,FARO
2021-10,FBC
2021-10,FBK
2021-10,FBNC
2021-10,FBP
2021-10,FCF
2021-10,FCPT
2021-10,FDP
2021-10,FELE
2021-10,FF
2021-10,FFBC
2021-10,FHB
2021-10,FIX
2021-10,FIZZ
2021-10,FLGT
2021-10,FLOW
2021-10,FMBI
2021-10,FN
2021-10,FOE
2021-10,FORM
2021-10,FORR
2021-10,FOSL
2021-10,FRGI
2021-10,FSP
2021-10,FSS
2021-10,FUL
2021-10,FWRD
2021-10,GBX
2021-10,GCI
2021-10,GCO
2021-10,GCP
2021-10,GDOT
2021-10,GEO
2021-10,GES
2021-10,GFF
2021-10,GHL
2021-10,GIII
2021-10,GKOS
2021-10,GLT
2021-10,GMS
2021-10,GNL
2021-10,GNW
2021-10,GPI
2021-10,GPMT
2021-10,GPRE
2021-10,GTLS
2021-10,GTY
2021-10,GVA
2021-10,GWB
2021-10,HA
2021-10,HAFC
2021-10,HAYN
2021-10,HCC
2021-10,HCI
2021-10,HCSG
2021-10,HFWA
2021-10,HI
2021-10,HIBB
2021-10,HLIT
2021-10,HLX
2021-10,HMN
2021-10,HMST
2021-10,HNGR
2021-10,HNI
2021-10,HOPE
2021-10,HP
2021-10,HRMY
2021-10,HSC
2021-10,HSII
2021-10,HSKA
2021-10,HSTM
2021-10,HT
2021-10,HTH
2021-10,HTLD
2021-10,HUBG
2021-10,HVT
2021-10,HWKN
2021-10,HZO
2021-10,IBP
2021-10,IBTX
2021-10,ICHR
2021-10,IDCC
2021-10,IIIN
2021-10,IIPR
2021-10,IJR
2021-10,ILPT
2021-10,INDB
2021-10,INGN
2021-10,INN
2021-10,INT
2021-10,INVA
2021-10,IOSP
2021-10,IPAR
2021-10,IRBT
2021-10,IRT
2021-10,ISBC
2021-10,ITGR
2021-10,ITRI
2021-10,IVC
2021-10,IVR
2021-10,JBSS
2021-10,JBT
2021-10,JJSF
2021-10,JOE
2021-10,JRVR
2021-10,JYNT
2021-10,KALU
2021-10,KAMN
2021-10,KELYA
2021-10,KFY
2021-10,KLIC
2021-10,KN
2021-10,KOP
2021-10,KRA
2021-10,KREF
2021-10,KTB
2021-10,KWR
2021-10,LCII
2021-10,LGIH
2021-10,LGND
2021-10,LKFN
2021-10,LL
2021-10,LMAT
2021-10,LNN
2021-10,LNTH
2021-10,LOCO
2021-10,LPG
2021-10,LPI
2021-10,LPSN
2021-10,LQDT
2021-10,LTC
2021-10,LTHM
2021-10,LXP
2021-10,LZB
2021-10,M
2021-10,MANT
2021-10,MATW
2021-10,MATX
2021-10,MCRI
2021-10,MCS
2021-10,MD
2021-10,MDC
2021-10,MDP
2021-10,MDRX
2021-10,MED
2021-10,MEI
2021-10,MERC
2021-10,MGLN
2021-10,MGPI
2021-10,MHO
2021-10,MLAB
2021-10,MLI
2021-10,MMI
2021-10,MMSI
2021-10,MNRO
2021-10,MODV
2021-10,MOG.A
2021-10,MOV
2021-10,MPAA
2021-10,MRTN
2021-10,MSEX
2021-10,MTDR
2021-10,MTH
2021-10,MTOR
2021-10,MTRN
2021-10,MTRX
2021-10,MXL
2021-10,MYE
2021-10,MYGN
2021-10,MYRG
2021-10,NBHC
2021-10,NBR
2021-10,NBTB
2021-10,NEO
2021-10,NFBK
2021-10,NMIH
2021-10,NP
2021-10,NPK
2021-10,NPO
2021-10,NSIT
2021-10,NTGR
2021-10,NTUS
2021-10,NWBI
2021-10,NWN
2021-10,NX
2021-10,NXGN
2021-10,NXRT
2021-10,NYMT
2021-10,ODP
2021-10,OFG
2021-10,OFIX
2021-10,OI
2021-10,OII
2021-10,OIS
2021-10,OMCL
2021-10,OMI
2021-10,ONB
2021-10,ONTO
2021-10,OPI
2021-10,OPRX
2021-10,ORGO
2021-10,OSIS
2021-10,OSPN
2021-10,OSUR
2021-10,OXM
2021-10,PAHC
2021-10,PARR
2021-10,PATK
2021-10,PBF
2021-10,PBH
2021-10,PBI
2021-10,PCRX
2021-10,PDCE
2021-10,PDFS
2021-10,PETS
2021-10,PFBC
2021-10,PFS
2021-10,PGTI
2021-10,PIPR
2021-10,PKE
2021-10,PLAB
2021-10,PLAY
2021-10,PLCE
2021-10,PLMR
2021-10,PLUS
2021-10,PLXS
2021-10,PMT
2021-10,PNTG
2021-10,POLY
2021-10,POWI
2021-10,POWL
2021-10,PPBI
2021-10,PRA
2021-10,PRAA
2021-10,PRDO
2021-10,PRFT
2021-10,PRG
2021-10,PRGS
2021-10,PRK
2021-10,PRLB
2021-10,PSMT
2021-10,PTEN
2021-10,PUMP
2021-10,PVAC
2021-10,QNST
2021-10,QURE
2021-10,RAVN
2021-10,RC
2021-10,RCII
2021-10,RDNT
2021-10,REGI
2021-10,RES
2021-10,REX
2021-10,REZI
2021-10,RGNX
2021-10,RGP
2021-10,RGR
2021-10,RILY
2021-10,RLGY
2021-10,RMAX
2021-10,RMBS
2021-10,RNST
2021-10,ROCK
2021-10,ROG
2021-10,ROIC
2021-10,RPT
2021-10,RRC
2021-10,RRGB
2021-10,RUTH
2021-10,RWT
2021-10,RYAM
2021-10,SAFE
2021-10,SAFT
2021-10,SAH
2021-10,SANM
2021-10,SBCF
2021-10,SBH
2021-10,SBSI
2021-10,SCHL
2021-10,SCL
2021-10,SCSC
2021-10,SCVL
2021-10,SEM
2021-10,SENEA
2021-10,SFBS
2021-10,SFNC
2021-10,SGH
2021-10,SHAK
2021-10,SHEN
2021-10,SHOO
2021-10,SIG
2021-10,SITC
2021-10,SJI
2021-10,SKT
2021-10,SKYW
2021-10,SLCA
2021-10,SLP
2021-10,SLQT
2021-10,SLVM
2021-10,SM
2021-10,SMP
2021-10,SMPL
2021-10,SNBR
2021-10,SNEX
2021-10,SPNT
2021-10,SPPI
2021-10,SPSC
2021-10,SPSM
2021-10,SPTN
2021-10,SPXC
2021-10,SRDX
2021-10,SSP
2021-10,SSTK
2021-10,STAR
2021-10,STBA
2021-10,STC
2021-10,STRA
2021-10,SUPN
2021-10,SVC
2021-10,SWM
2021-10,SWN
2021-10,SXC
2021-10,SXI
2021-10,TALO
2021-10,TBBK
2021-10,TBI
2021-10,TBK
2021-10,TCMD
2021-10,TG
2021-10,TGI
2021-10,THRM
2021-10,THS
2021-10,TILE
2021-10,TMP
2021-10,TMST
2021-10,TNC
2021-10,TREE
2021-10,TRHC
2021-10,TRMK
2021-10,TRST
2021-10,TRUP
2021-10,TSE
2021-10,TTEC
2021-10,TTGT
2021-10,TTMI
2021-10,TUP
2021-10,TVTY
2021-10,TWI
2021-10,TWO
2021-10,UBA
2021-10,UCBI
2021-10,UCTT
2021-10,UEIC
2021-10,UFCS
2021-10,UFI
2021-10,UFPI
2021-10,UFS
2021-10,UHT
2021-10,UIS
2021-10,UNF
2021-10,UNFI
2021-10,UNIT
2021-10,USNA
2021-10,USPH
2021-10,UTL
2021-10,UVE
2021-10,UVV
2021-10,VBTX
2021-10,VCEL
2021-10,VECO
2021-10,VG
2021-10,VGR
2021-10,VIAV
2021-10,VICR
2021-10,VIOO
2021-10,VIVO
2021-10,VNDA
2021-10,VRA
2021-10,VREX
2021-10,VRTS
2021-10,VRTV
2021-10,VSTO
2021-10,VTOL
2021-10,VVI
2021-10,WABC
2021-10,WD
2021-10,WDFC
2021-10,WETF
2021-10,WGO
2021-10,WIRE
2021-10,WNC
2021-10,WRE
2021-10,WRLD
2021-10,WSFS
2021-10,WSR
2021-10,WTS
2021-10,WW
2021-10,WWW
2021-10,XHR
2021-10,XNCR
2021-10,XPER
2021-10,ZEUS
2021-10,ZUMZ
2021-10,ZYXI
2021-11,AAN
2021-11,AAON
2021-11,AAT
2021-11,AAWW
2021-11,ABCB
2021-11,ABG
2021-11,ABM
2021-11,ABTX
2021-11,ACA
2021-11,ACLS
2021-11,ADC
2021-11,ADTN
2021-11,ADUS
2021-11,AEIS
2021-11,AEL
2021-11,AGO
2021-11,AGYS
2021-11,AHH
2021-11,AIN
2021-11,AIR
2021-11,AIT
2021-11,AJRD
2021-11,AKR
2021-11,ALEX
2021-11,ALG
2021-11,ALGT
2021-11,ALRM
2021-11,AMBC
2021-11,AMCX
2021-11,AMEH
2021-11,AMN
2021-11,AMPH
2021-11,AMSF
2021-11,AMWD
2021-11,ANDE
2021-11,ANF
2021-11,ANGO
2021-11,ANIK
2021-11,ANIP
2021-11,APEI
2021-11,APOG
2021-11,ARCB
2021-11,ARI
2021-11,ARLO
2021-11,ARNC
2021-11,AROC
2021-11,ARR
2021-11,ASIX
2021-11,ASTE
2021-11,ATGE
2021-11,ATI
2021-11,ATNI
2021-11,AVA
2021-11,AVAV
2021-11,AVD
2021-11,AVNS
2021-11,AWR
2021-11,AX
2021-11,AXL
2021-11,AZZ
2021-11,B
2021-11,BANC
2021-11,BANF
2021-11,BANR
2021-11,BBBY
2021-11,BCC
2021-11,BCOR
2021-11,BCPC
2021-11,BDN
2021-11,BFS
2021-11,BGS
2021-11,BHE
2021-11,BHLB
2021-11,BIG
2021-11,BJRI
2021-11,BKE
2021-11,BKU
2021-11,BLFS
2021-11,BLMN
2021-11,BMI
2021-11,BNED
2021-11,BOOM
2021-11,BOOT
2021-11,BRC
2021-11,BRKL
2021-11,BSIG
2021-11,CAKE
2021-11,CAL
2021-11,CALM
2021-11,CAMP
2021-11,CARA
2021-11,CASH
2021-11,CATO
2021-11,CBU
2021-11,CCOI
2021-11,CCRN
2021-11,CCS
2021-11,CCSI
2021-11,CDMO
2021-11,CEIX
2021-11,CELH
2021-11,CENT
2021-11,CENTA
2021-11,CENX
2021-11,CEVA
2021-11,CFFN
2021-11,CHCO
2021-11,CHCT
2021-11,CHEF
2021-11,CHRS
2021-11,CHS
2021-11,CHUY
2021-11,CIR
2021-11,CIVI
2021-11,CLB
2021-11,CLDT
2021-11,CLI
2021-11,CLW
2021-11,CMTL
2021-11,CNK
2021-11,CNMD
2021-11,CNSL
2021-11,CNXN
2021-11,COHU
2021-11,COKE
2021-11,COLB
2021-11,COLL
2021-11,CONN
2021-11,COOP
2021-11,CORT
2021-11,CPE
2021-11,CPF
2021-11,CPK
2021-11,CPS
2021-11,CPSI
2021-11,CRMT
2021-11,CRS
2021-11,CRVL
2021-11,CRY
2021-11,CSGS
2021-11,CSII
2021-11,CSR
2021-11,CTRE
2021-11,CTS
2021-11,CUBI
2021-11,CUTR
2021-11,CVBF
2021-11,CVCO
2021-11,CVET
2021-11,CVGW
2021-11,CWT
2021-11,CXW
2021-11,CYH
2021-11,CYTK
2021-11,DBD
2021-11,DBI
2021-11,DCOM
2021-11,DDD
2021-11,DEA
2021-11,DFIN
2021-11,DGII
2021-11,DHC
2021-11,DIN
2021-11,DIOD
2021-11,DLX
2021-11,DNOW
2021-11,DORM
2021-11,DRH
2021-11,DRQ
2021-11,DSPG
2021-11,DXPE
2021-11,EAT
2021-11,EBIX
2021-11,ECOL
2021-11,ECPG
2021-11,EFC
2021-11,EGBN
2021-11,EGHT
2021-11,EGRX
2021-11,EHTH
2021-11,EIG
2021-11,ELF
2021-11,ENDP
2021-11,ENSG
2021-11,ENTA
2021-11,ENVA
2021-11,EPAC
2021-11,EPAY
2021-11,EPC
2021-11,EPRT
2021-11,ESE
2021-11,ETD
2021-11,EVTC
2021-11,EXLS
2021-11,EXPO
2021-11,EXTR
2021-11,EZPW
2021-11,FARO
2021-11,FBC
2021-11,FBK
2021-11,FBNC
2021-11,FBP
2021-11,FBRT
2021-11,FCF
2021-11,FCPT
2021-11,FDP
2021-11,FELE
2021-11,FF
2021-11,FFBC
2021-11,FHB
2021-11,FIX
2021-11,FIZZ
2021-11,FLGT
2021-11,FLOW
2021-11,FMBI
2021-11,FN
2021-11,FOE
2021-11,FORM
2021-11,FORR
2021-11,FOSL
2021-11,FRGI
2021-11,FSS
2021-11,FUL
2021-11,FWRD
2021-11,GBX
2021-11,GCI
2021-11,GCO
2021-11,GCP
2021-11,GDOT
2021-11,GEO
2021-11,GES
2021-11,GFF
2021-11,GHL
2021-11,GIII
2021-11,GKOS
2021-11,GLT
2021-11,GMS
2021-11,GNL
2021-11,GNW
2021-11,GPI
2021-11,GPMT
2021-11,GPRE
2021-11,GTLS
2021-11,GTY
2021-11,GVA
2021-11,GWB
2021-11,HA
2021-11,HAFC
2021-11,HAYN
2021-11,HCC
2021-11,HCI
2021-11,HCSG
2021-11,HFWA
2021-11,HI
2021-11,HIBB
2021-11,HLIT
2021-11,HLX
2021-11,HMN
2021-11,HMST
2021-11,HNGR
2021-11,HNI
2021-11,HOPE
2021-11,HP
2021-11,HRMY
2021-11,HSC
2021-11,HSII
2021-11,HSKA
2021-11,HSTM
2021-11,HT
2021-11,HTH
2021-11,HTLD
2021-11,HUBG
2021-11,HVT
2021-11,HWKN
2021-11,HZO
2021-11,IBP
2021-11,IBTX
2021-11,ICHR
2021-11,IDCC
2021-11,IIIN
2021-11,IIPR
2021-11,IJR
2021-11,ILPT
2021-11,INDB
2021-11,INGN
2021-11,INN
2021-11,INT
2021-11,INVA
2021-11,IOSP
2021-11,IPAR
2021-11,IRBT
2021-11,IRT
2021-11,ISBC
2021-11,ITGR
2021-11,ITRI
2021-11,IVR
2021-11,JBSS
2021-11,JBT
2021-11,JJSF
2021-11,JOE
2021-11,JRVR
2021-11,JYNT
2021-11,KALU
2021-11,KAMN
2021-11,KELYA
2021-11,KFY
2021-11,KLIC
2021-11,KN
2021-11,KOP
2021-11,KRA
2021-11,KREF
2021-11,KTB
2021-11,KWR
2021-11,LCII
2021-11,LGIH
2021-11,LGND
2021-11,LKFN
2021-11,LL
2021-11,LMAT
2021-11,LNN
2021-11,LNTH
2021-11,LOCO
2021-11,LPG
2021-11,LPI
2021-11,LPSN
2021-11,LQDT
2021-11,LTC
2021-11,LTHM
2021-11,LXP
2021-11,LYLT
2021-11,LZB
2021-11,M
2021-11,MANT
2021-11,MATW
2021-11,MATX
2021-11,MCRI
2021-11,MCS
2021-11,MD
2021-11,MDC
2021-11,MDP
2021-11,MDRX
2021-11,MED
2021-11,MEI
2021-11,MERC
2021-11,MGLN
2021-11,MGPI
2021-11,MHO
2021-11,MLAB
2021-11,MLI
2021-11,MMI
2021-11,MMSI
2021-11,MNRO
2021-11,MODV
2021-11,MOG.A
2021-11,MOV
2021-11,MPAA
2021-11,MRTN
2021-11,MSEX
2021-11,MTDR
2021-11,MTH
2021-11,MTOR
2021-11,MTRN
2021-11,MTRX
2021-11,MXL
2021-11,MYE
2021-11,MYGN
2021-11,MYRG
2021-11,NBHC
2021-11,NBR
2021-11,NBTB
2021-11,NEO
2021-11,NFBK
2021-11,NMIH
2021-11,NP
2021-11,NPK
2021-11,NPO
2021-11,NSIT
2021-11,NTCT
2021-11,NTGR
2021-11,NTUS
2021-11,NWBI
2021-11,NWN
2021-11,NX
2021-11,NXGN
2021-11,NXRT
2021-11,NYMT
2021-11,ODP
2021-11,OFG
2021-11,OFIX
2021-11,OI
2021-11,OII
2021-11,OIS
2021-11,OMCL
2021-11,OMI
2021-11,ONB
2021-11,ONL
2021-11,ONTO
2021-11,OPI
2021-11,OPRX
2021-11,ORGO
2021-11,OSIS
2021-11,OSPN
2021-11,OSUR
2021-11,OXM
2021-11,PAHC
2021-11,PARR
2021-11,PATK
2021-11,PBF
2021-11,PBH
2021-11,PBI
2021-11,PCRX
2021-11,PDCE
2021-11,PDFS
2021-11,PETS
2021-11,PFBC
2021-11,PFS
2021-11,PGTI
2021-11,PIPR
2021-11,PKE
2021-11,PLAB
2021-11,PLAY
2021-11,PLCE
2021-11,PLMR
2021-11,PLUS
2021-11,PLXS
2021-11,PMT
2021-11,PNTG
2021-11,POLY
2021-11,POWI
2021-11,POWL
2021-11,PPBI
2021-11,PRA
2021-11,PRAA
2021-11,PRDO
2021-11,PRFT
2021-11,PRG
2021-11,PRGS
2021-11,PRLB
2021-11,PSMT
2021-11,PTEN
2021-11,PUMP
2021-11,PVAC
2021-11,QNST
2021-11,QURE
2021-11,RAVN
2021-11,RC
2021-11,RCII
2021-11,RDNT
2021-11,REGI
2021-11,RES
2021-11,REX
2021-11,REZI
2021-11,RGNX
2021-11,RGP
2021-11,RGR
2021-11,RILY
2021-11,RLGY
2021-11,RMAX
2021-11,RMBS
2021-11,RNST
2021-11,ROCK
2021-11,ROG
2021-11,ROIC
2021-11,RPT
2021-11,RRC
2021-11,RRGB
2021-11,RUTH
2021-11,RWT
2021-11,RYAM
2021-11,SAFE
2021-11,SAFT
2021-11,SAH
2021-11,SANM
2021-11,SBCF
2021-11,SBH
2021-11,SBSI
2021-11,SCHL
2021-11,SCL
2021-11,SCSC
2021-11,SCVL
2021-11,SEM
2021-11,SENEA
2021-11,SFBS
2021-11,SFNC
2021-11,SGH
2021-11,SHAK
2021-11,SHEN
2021-11,SHOO
2021-11,SIG
2021-11,SITC
2021-11,SJI
2021-11,SKT
2021-11,SKYW
2021-11,SLCA
2021-11,SLP
2021-11,SLQT
2021-11,SLVM
2021-11,SM
2021-11,SMP
2021-11,SMPL
2021-11,SNBR
2021-11,SNEX
2021-11,SPNT
2021-11,SPPI
2021-11,SPSC
2021-11,SPSM
2021-11,SPTN
2021-11,SPXC
2021-11,SRDX
2021-11,SSP
2021-11,SSTK
2021-11,STAR
2021-11,STBA
2021-11,STC
2021-11,STRA
2021-11,SUPN
2021-11,SVC
2021-11,SWM
2021-11,SWN
2021-11,SXC
2021-11,SXI
2021-11,TALO
2021-11,TBBK
2021-11,TBI
2021-11,TBK
2021-11,TCMD
2021-11,TG
2021-11,TGI
2021-11,THRM
2021-11,THRY
2021-11,THS
2021-11,TILE
2021-11,TMST
2021-11,TNC
2021-11,TREE
2021-11,TRHC
2021-11,TRMK
2021-11,TRST
2021-11,TRUP
2021-11,TSE
2021-11,TTEC
2021-11,TTGT
2021-11,TTMI
2021-11,TUP
2021-11,TVTY
2021-11,TWI
2021-11,TWO
2021-11,UBA
2021-11,UCBI
2021-11,UCTT
2021-11,UEIC
2021-11,UFCS
2021-11,UFI
2021-11,UFPI
2021-11,UFS
2021-11,UHT
2021-11,UIS
2021-11,UNF
2021-11,UNFI
2021-11,UNIT
2021-11,USNA
2021-11,USPH
2021-11,UTL
2021-11,UVE
2021-11,UVV
2021-11,VBTX
2021-11,VCEL
2021-11,VECO
2021-11,VG
2021-11,VGR
2021-11,VIAV
2021-11,VICR
2021-11,VIOO
2021-11,VIVO
2021-11,VNDA
2021-11,VRA
2021-11,VREX
2021-11,VRTS
2021-11,VRTV
2021-11,VSTO
2021-11,VTOL
2021-11,VVI
2021-11,WABC
2021-11,WD
2021-11,WDFC
2021-11,WETF
2021-11,WGO
2021-11,WIRE
2021-11,WNC
2021-11,WRE
2021-11,WRLD
2021-11,WSFS
2021-11,WSR
2021-11,WTS
2021-11,WW
2021-11,WWW
2021-11,XHR
2021-11,XNCR
2021-11,XPER
2021-11,ZEUS
2021-11,ZUMZ
2021-11,ZYXI
2021-12,AAN
2021-12,AAON
2021-12,AAT
2021-12,AAWW
2021-12,ABCB
2021-12,ABG
2021-12,ABM
2021-12,ABTX
2021-12,ACA
2021-12,ACLS
2021-12,ADC
2021-12,ADTN
2021-12,ADUS
2021-12,AEIS
2021-12,AEL
2021-12,AGO
2021-12,AGYS
2021-12,AHH
2021-12,AIN
2021-12,AIR
2021-12,AIT
2021-12,AJRD
2021-12,AKR
2021-12,ALEX
2021-12,ALG
2021-12,ALGT
2021-12,ALRM
2021-12,AMBC
2021-12,AMCX
2021-12,AMEH
2021-12,AMN
2021-12,AMPH
2021-12,AMSF
2021-12,AMWD
2021-12,ANDE
2021-12,ANF
2021-12,ANGO
2021-12,ANIK
2021-12,ANIP
2021-12,APEI
2021-12,APOG
2021-12,ARCB
2021-12,ARI
2021-12,ARLO
2021-12,ARNC
2021-12,AROC
2021-12,ARR
2021-12,ASIX
2021-12,ASTE
2021-12,ATGE
2021-12,ATI
2021-12,ATNI
2021-12,AVA
2021-12,AVAV
2021-12,AVD
2021-12,AVNS
2021-12,AWR
2021-12,AX
2021-12,AXL
2021-12,AZZ
2021-12,B
2021-12,BANC
2021-12,BANF
2021-12,BANR
2021-12,BBBY
2021-12,BCC
2021-12,BCOR
2021-12,BCPC
2021-12,BDN
2021-12,BFS
2021-12,BGS
2021-12,BHE
2021-12,BHLB
2021-12,BIG
2021-12,BJRI
2021-12,BKE
2021-12,BKU
2021-12,BLFS
2021-12,BLMN
2021-12,BMI
2021-12,BNED
2021-12,BOOM
2021-12,BOOT
2021-12,BRC
2021-12,BRKL
2021-12,BSIG
2021-12,CAKE
2021-12,CAL
2021-12,CALM
2021-12,CAMP
2021-12,CARA
2021-12,CARS
2021-12,CASH
2021-12,CATO
2021-12,CBU
2021-12,CCOI
2021-12,CCRN
2021-12,CCS
2021-12,CCSI
2021-12,CDMO
2021-12,CEIX
2021-12,CELH
2021-12,CENT
2021-12,CENTA
2021-12,CENX
2021-12,CEVA
2021-12,CFFN
2021-12,CHCO
2021-12,CHCT
2021-12,CHEF
2021-12,CHRS
2021-12,CHS
2021-12,CHUY
2021-12,CIR
2021-12,CIVI
2021-12,CLB
2021-12,CLDT
2021-12,CLW
2021-12,CMTL
2021-12,CNK
2021-12,CNMD
2021-12,CNSL
2021-12,CNXN
2021-12,COHU
2021-12,COKE
2021-12,COLB
2021-12,COLL
2021-12,CONN
2021-12,COOP
2021-12,CORT
2021-12,CPE
2021-12,CPF
2021-12,CPK
2021-12,CPS
2021-12,CPSI
2021-12,CRMT
2021-12,CRS
2021-12,CRVL
2021-12,CRY
2021-12,CSGS
2021-12,CSII
2021-12,CSR
2021-12,CTRE
2021-12,CTS
2021-12,CUBI
2021-12,CUTR
2021-12,CVBF
2021-12,CVCO
2021-12,CVET
2021-12,CVGW
2021-12,CWT
2021-12,CXW
2021-12,CYH
2021-12,CYTK
2021-12,DBD
2021-12,DBI
2021-12,DCOM
2021-12,DDD
2021-12,DEA
2021-12,DFIN
2021-12,DGII
2021-12,DHC
2021-12,DIN
2021-12,DIOD
2021-12,DLX
2021-12,DNOW
2021-12,DORM
2021-12,DRH
2021-12,DRQ
2021-12,DXPE
2021-12,EAT
2021-12,EBIX
2021-12,EBS
2021-12,ECOL
2021-12,ECPG
2021-12,EFC
2021-12,EGBN
2021-12,EGHT
2021-12,EGRX
2021-12,EHTH
2021-12,EIG
2021-12,ELF
2021-12,ENDP
2021-12,ENSG
2021-12,ENTA
2021-12,ENVA
2021-12,EPAC
2021-12,EPAY
2021-12,EPC
2021-12,EPRT
2021-12,ESE
2021-12,ETD
2021-12,EVTC
2021-12,EXLS
2021-12,EXPO
2021-12,EXTR
2021-12,EZPW
2021-12,FARO
2021-12,FBC
2021-12,FBK
2021-12,FBNC
2021-12,FBP
2021-12,FBRT
2021-12,FCF
2021-12,FCPT
2021-12,FDP
2021-12,FELE
2021-12,FF
2021-12,FFBC
2021-12,FHB
2021-12,FIX
2021-12,FIZZ
2021-12,FLGT
2021-12,FLOW
2021-12,FMBI
2021-12,FN
2021-12,FOE
2021-12,FORM
2021-12,FORR
2021-12,FOSL
2021-12,FRGI
2021-12,FSS
2021-12,FUL
2021-12,FWRD
2021-12,GBX
2021-12,GCI
2021-12,GCO
2021-12,GCP
2021-12,GDOT
2021-12,GEO
2021-12,GES
2021-12,GFF
2021-12,GHL
2021-12,GIII
2021-12,GKOS
2021-12,GLT
2021-12,GMS
2021-12,GNL
2021-12,GNW
2021-12,GPI
2021-12,GPMT
2021-12,GPRE
2021-12,GTLS
2021-12,GTY
2021-12,GVA
2021-12,GWB
2021-12,HA
2021-12,HAFC
2021-12,HAYN
2021-12,HCC
2021-12,HCI
2021-12,HCSG
2021-12,HFWA
2021-12,HI
2021-12,HIBB
2021-12,HLIT
2021-12,HLX
2021-12,HMN
2021-12,HMST
2021-12,HNGR
2021-12,HNI
2021-12,HOPE
2021-12,HP
2021-12,HRMY
2021-12,HSC
2021-12,HSII
2021-12,HSKA
2021-12,HSTM
2021-12,HT
2021-12,HTH
2021-12,HTLD
2021-12,HUBG
2021-12,HVT
2021-12,HWKN
2021-12,HZO
2021-12,IBP
2021-12,IBTX
2021-12,ICHR
2021-12,IDCC
2021-12,IIIN
2021-12,IIPR
2021-12,IJR
2021-12,ILPT
2021-12,INDB
2021-12,INGN
2021-12,INN
2021-12,INT
2021-12,INVA
2021-12,IOSP
2021-12,IPAR
2021-12,IRBT
2021-12,IRT
2021-12,ISBC
2021-12,ITGR
2021-12,ITRI
2021-12,IVR
2021-12,JBSS
2021-12,JBT
2021-12,JJSF
2021-12,JOE
2021-12,JRVR
2021-12,JYNT
2021-12,KALU
2021-12,KAMN
2021-12,KAR
2021-12,KELYA
2021-12,KFY
2021-12,KLIC
2021-12,KN
2021-12,KOP
2021-12,KRA
2021-12,KREF
2021-12,KTB
2021-12,KWR
2021-12,LCII
2021-12,LGIH
2021-12,LGND
2021-12,LKFN
2021-12,LL
2021-12,LMAT
2021-12,LNN
2021-12,LNTH
2021-12,LOCO
2021-12,LPG
2021-12,LPI
2021-12,LPSN
2021-12,LQDT
2021-12,LTC
2021-12,LTHM
2021-12,LXP
2021-12,LYLT
2021-12,LZB
2021-12,MANT
2021-12,MATW
2021-12,MATX
2021-12,MCRI
2021-12,MCS
2021-12,MD
2021-12,MDC
2021-12,MDRX
2021-12,MED
2021-12,MEI
2021-12,MERC
2021-12,MGLN
2021-12,MGPI
2021-12,MHO
2021-12,MLAB
2021-12,MLI
2021-12,MMI
2021-12,MMSI
2021-12,MNRO
2021-12,MODV
2021-12,MOG.A
2021-12,MOV
2021-12,MPAA
2021-12,MRTN
2021-12,MSEX
2021-12,MTDR
2021-12,MTH
2021-12,MTOR
2021-12,MTRN
2021-12,MTRX
2021-12,MXL
2021-12,MYE
2021-12,MYGN
2021-12,MYRG
2021-12,NBHC
2021-12,NBR
2021-12,NBTB
2021-12,NEO
2021-12,NFBK
2021-12,NKTR
2021-12,NMIH
2021-12,NP
2021-12,NPK
2021-12,NPO
2021-12,NSIT
2021-12,NTCT
2021-12,NTGR
2021-12,NTUS
2021-12,NVEE
2021-12,NWBI
2021-12,NWN
2021-12,NX
2021-12,NXGN
2021-12,NXRT
2021-12,NYMT
2021-12,ODP
2021-12,OFG
2021-12,OFIX
2021-12,OI
2021-12,OII
2021-12,OIS
2021-12,OMCL
2021-12,OMI
2021-12,ONB
2021-12,ONL
2021-12,ONTO
2021-12,OPI
2021-12,OPRX
2021-12,ORGO
2021-12,OSIS
2021-12,OSPN
2021-12,OSUR
2021-12,OXM
2021-12,PAHC
2021-12,PARR
2021-12,PATK
2021-12,PBF
2021-12,PBH
2021-12,PBI
2021-12,PCRX
2021-12,PDCE
2021-12,PDFS
2021-12,PETS
2021-12,PFBC
2021-12,PFS
2021-12,PGTI
2021-12,PIPR
2021-12,PKE
2021-12,PLAB
2021-12,PLAY
2021-12,PLCE
2021-12,PLMR
2021-12,PLUS
2021-12,PLXS
2021-12,PMT
2021-12,PNTG
2021-12,POLY
2021-12,POWL
2021-12,PPBI
2021-12,PRA
2021-12,PRAA
2021-12,PRDO
2021-12,PRFT
2021-12,PRG
2021-12,PRGS
2021-12,PRLB
2021-12,PSMT
2021-12,PTEN
2021-12,PUMP
2021-12,PVAC
2021-12,QNST
2021-12,QURE
2021-12,RC
2021-12,RCII
2021-12,RDNT
2021-12,REGI
2021-12,RES
2021-12,REX
2021-12,REZI
2021-12,RGNX
2021-12,RGP
2021-12,RGR
2021-12,RILY
2021-12,RLGY
2021-12,RMAX
2021-12,RMBS
2021-12,RNST
2021-12,ROCK
2021-12,ROG
2021-12,ROIC
2021-12,RPT
2021-12,RRC
2021-12,RRGB
2021-12,RUTH
2021-12,RWT
2021-12,RYAM
2021-12,SAFE
2021-12,SAFT
2021-12,SAH
2021-12,SANM
2021-12,SBCF
2021-12,SBH
2021-12,SBSI
2021-12,SCHL
2021-12,SCL
2021-12,SCSC
2021-12,SCVL
2021-12,SEM
2021-12,SENEA
2021-12,SFBS
2021-12,SFNC
2021-12,SGH
2021-12,SHAK
2021-12,SHEN
2021-12,SHOO
2021-12,SIG
2021-12,SITC
2021-12,SJI
2021-12,SKT
2021-12,SKYW
2021-12,SLCA
2021-12,SLP
2021-12,SLQT
2021-12,SLVM
2021-12,SM
2021-12,SMP
2021-12,SMPL
2021-12,SNBR
2021-12,SNEX
2021-12,SPNT
2021-12,SPPI
2021-12,SPSC
2021-12,SPSM
2021-12,SPTN
2021-12,SPXC
2021-12,SRDX
2021-12,SSP
2021-12,SSTK
2021-12,STAR
2021-12,STBA
2021-12,STC
2021-12,STRA
2021-12,SUPN
2021-12,SVC
2021-12,SWM
2021-12,SWN
2021-12,SXC
2021-12,SXI
2021-12,TALO
2021-12,TBBK
2021-12,TBI
2021-12,TBK
2021-12,TCMD
2021-12,TDS
2021-12,TG
2021-12,TGI
2021-12,THRM
2021-12,THRY
2021-12,THS
2021-12,TILE
2021-12,TMST
2021-12,TNC
2021-12,TR
2021-12,TREE
2021-12,TRHC
2021-12,TRMK
2021-12,TRST
2021-12,TRUP
2021-12,TSE
2021-12,TTEC
2021-12,TTGT
2021-12,TTMI
2021-12,TUP
2021-12,TVTY
2021-12,TWI
2021-12,TWO
2021-12,UBA
2021-12,UCBI
2021-12,UCTT
2021-12,UEIC
2021-12,UFCS
2021-12,UFI
2021-12,UFPI
2021-12,UHT
2021-12,UIS
2021-12,UNF
2021-12,UNFI
2021-12,UNIT
2021-12,USNA
2021-12,USPH
2021-12,UTL
2021-12,UVE
2021-12,UVV
2021-12,VBTX
2021-12,VCEL
2021-12,VECO
2021-12,VG
2021-12,VGR
2021-12,VIAV
2021-12,VIOO
2021-12,VIVO
2021-12,VNDA
2021-12,VRA
2021-12,VRE
2021-12,VREX
2021-12,VRTS
2021-12,VRTV
2021-12,VSTO
2021-12,VTOL
2021-12,VVI
2021-12,WABC
2021-12,WD
2021-12,WDFC
2021-12,WETF
2021-12,WGO
2021-12,WIRE
2021-12,WNC
2021-12,WRE
2021-12,WRLD
2021-12,WSFS
2021-12,WSR
2021-12,WTS
2021-12,WW
2021-12,WWW
2021-12,XHR
2021-12,XNCR
2021-12,XPER
2021-12,ZEUS
2021-12,ZUMZ
2021-12,ZYXI
2022-01,AAN
2022-01,AAON
2022-01,AAT
2022-01,AAWW
2022-01,ABCB
2022-01,ABG
2022-01,ABM
2022-01,ABTX
2022-01,ACA
2022-01,ACLS
2022-01,ADC
2022-01,ADTN
2022-01,ADUS
2022-01,AEIS
2022-01,AEL
2022-01,AGO
2022-01,AGYS
2022-01,AHH
2022-01,AIN
2022-01,AIR
2022-01,AIT
2022-01,AJRD
2022-01,AKR
2022-01,ALEX
2022-01,ALG
2022-01,ALGT
2022-01,ALRM
2022-01,AMBC
2022-01,AMCX
2022-01,AMEH
2022-01,AMN
2022-01,AMPH
2022-01,AMSF
2022-01,AMWD
2022-01,ANDE
2022-01,ANF
2022-01,ANGO
2022-01,ANIK
2022-01,ANIP
2022-01,AORT
2022-01,APEI
2022-01,APOG
2022-01,ARCB
2022-01,ARI
2022-01,ARLO
2022-01,ARNC
2022-01,AROC
2022-01,ARR
2022-01,ASIX
2022-01,ASTE
2022-01,ATGE
2022-01,ATI
2022-01,ATNI
2022-01,AVA
2022-01,AVAV
2022-01,AVD
2022-01,AVNS
2022-01,AWR
2022-01,AX
2022-01,AXL
2022-01,AZZ
2022-01,B
2022-01,BANC
2022-01,BANF
2022-01,BANR
2022-01,BBBY
2022-01,BCC
2022-01,BCOR
2022-01,BCPC
2022-01,BDN
2022-01,BFS
2022-01,BGS
2022-01,BHE
2022-01,BHLB
2022-01,BIG
2022-01,BJRI
2022-01,BKE
2022-01,BKU
2022-01,BLFS
2022-01,BLMN
2022-01,BMI
2022-01,BNED
2022-01,BOOM
2022-01,BOOT
2022-01,BRC
2022-01,BRKL
2022-01,BSIG
2022-01,CAKE
2022-01,CAL
2022-01,CALM
2022-01,CAMP
2022-01,CARA
2022-01,CARS
2022-01,CASH
2022-01,CATO
2022-01,CBU
2022-01,CCOI
2022-01,CCRN
2022-01,CCS
2022-01,CCSI
2022-01,CDMO
2022-01,CEIX
2022-01,CELH
2022-01,CENT
2022-01,CENTA
2022-01,CENX
2022-01,CEVA
2022-01,CFFN
2022-01,CHCO
2022-01,CHCT
2022-01,CHEF
2022-01,CHRS
2022-01,CHS
2022-01,CHUY
2022-01,CIR
2022-01,CIVI
2022-01,CLB
2022-01,CLDT
2022-01,CLW
2022-01,CMTL
2022-01,CNK
2022-01,CNMD
2022-01,CNSL
2022-01,CNXN
2022-01,COHU
2022-01,COKE
2022-01,COLB
2022-01,COLL
2022-01,CONN
2022-01,COOP
2022-01,CORT
2022-01,CPE
2022-01,CPF
2022-01,CPK
2022-01,CPS
2022-01,CPSI
2022-01,CRMT
2022-01,CRS
2022-01,CRVL
2022-01,CSGS
2022-01,CSII
2022-01,CSR
2022-01,CTRE
2022-01,CTS
2022-01,CUBI
2022-01,CUTR
2022-01,CVBF
2022-01,CVCO
2022-01,CVET
2022-01,CVGW
2022-01,CWT
2022-01,CXW
2022-01,CYH
2022-01,CYTK
2022-01,DBD
2022-01,DBI
2022-01,DCOM
2022-01,DDD
2022-01,DEA
2022-01,DFIN
2022-01,DGII
2022-01,DHC
2022-01,DIN
2022-01,DIOD
2022-01,DLX
2022-01,DNOW
2022-01,DORM
2022-01,DOUG
2022-01,DRH
2022-01,DRQ
2022-01,DXPE
2022-01,EAT
2022-01,EBIX
2022-01,EBS
2022-01,ECOL
2022-01,ECPG
2022-01,EFC
2022-01,EGBN
2022-01,EGHT
2022-01,EGRX
2022-01,EHTH
2022-01,EIG
2022-01,ELF
2022-01,ENDP
2022-01,ENSG
2022-01,ENTA
2022-01,ENVA
2022-01,EPAC
2022-01,EPAY
2022-01,EPC
2022-01,EPRT
2022-01,ESE
2022-01,ETD
2022-01,EVTC
2022-01,EXLS
2022-01,EXPO
2022-01,EXTR
2022-01,EZPW
2022-01,FARO
2022-01,FBC
2022-01,FBK
2022-01,FBNC
2022-01,FBP
2022-01,FBRT
2022-01,FCF
2022-01,FCPT
2022-01,FDP
2022-01,FELE
2022-01,FF
2022-01,FFBC
2022-01,FHB
2022-01,FIX
2022-01,FIZZ
2022-01,FLGT
2022-01,FLOW
2022-01,FMBI
2022-01,FN
2022-01,FOE
2022-01,FORM
2022-01,FORR
2022-01,FOSL
2022-01,FRGI
2022-01,FSS
2022-01,FUL
2022-01,FWRD
2022-01,GBX
2022-01,GCI
2022-01,GCO
2022-01,GCP
2022-01,GDOT
2022-01,GEO
2022-01,GES
2022-01,GFF
2022-01,GHL
2022-01,GIII
2022-01,GKOS
2022-01,GLT
2022-01,GMS
2022-01,GNL
2022-01,GNW
2022-01,GPI
2022-01,GPMT
2022-01,GPRE
2022-01,GTLS
2022-01,GTY
2022-01,GVA
2022-01,GWB
2022-01,HA
2022-01,HAFC
2022-01,HAYN
2022-01,HCC
2022-01,HCI
2022-01,HCSG
2022-01,HFWA
2022-01,HI
2022-01,HIBB
2022-01,HLIT
2022-01,HLX
2022-01,HMN
2022-01,HMST
2022-01,HNGR
2022-01,HNI
2022-01,HOPE
2022-01,HP
2022-01,HRMY
2022-01,HSC
2022-01,HSII
2022-01,HSKA
2022-01,HSTM
2022-01,HT
2022-01,HTH
2022-01,HTLD
2022-01,HUBG
2022-01,HVT
2022-01,HWKN
2022-01,HZO
2022-01,IBP
2022-01,IBTX
2022-01,ICHR
2022-01,IDCC
2022-01,IIIN
2022-01,IIPR
2022-01,IJR
2022-01,ILPT
2022-01,INDB
2022-01,INGN
2022-01,INN
2022-01,INT
2022-01,INVA
2022-01,IOSP
2022-01,IPAR
2022-01,IRBT
2022-01,IRT
2022-01,ISBC
2022-01,ITGR
2022-01,ITOS
2022-01,ITRI
2022-01,IVR
2022-01,JBSS
2022-01,JBT
2022-01,JJSF
2022-01,JOE
2022-01,JRVR
2022-01,JYNT
2022-01,KALU
2022-01,KAMN
2022-01,KAR
2022-01,KELYA
2022-01,KFY
2022-01,KLIC
2022-01,KN
2022-01,KOP
2022-01,KRA
2022-01,KREF
2022-01,KTB
2022-01,KWR
2022-01,LCII
2022-01,LGIH
2022-01,LGND
2022-01,LKFN
2022-01,LL
2022-01,LMAT
2022-01,LNN
2022-01,LNTH
2022-01,LOCO
2022-01,LPG
2022-01,LPI
2022-01,LPSN
2022-01,LQDT
2022-01,LTC
2022-01,LTHM
2022-01,LXP
2022-01,LYLT
2022-01,LZB
2022-01,MANT
2022-01,MATW
2022-01,MATX
2022-01,MCRI
2022-01,MCS
2022-01,MD
2022-01,MDC
2022-01,MDRX
2022-01,MED
2022-01,MEI
2022-01,MERC
2022-01,MGPI
2022-01,MHO
2022-01,MLAB
2022-01,MLI
2022-01,MMI
2022-01,MMSI
2022-01,MNRO
2022-01,MODV
2022-01,MOG.A
2022-01,MOV
2022-01,MPAA
2022-01,MRTN
2022-01,MSEX
2022-01,MTDR
2022-01,MTH
2022-01,MTOR
2022-01,MTRN
2022-01,MXL
2022-01,MYE
2022-01,MYGN
2022-01,MYRG
2022-01,NBHC
2022-01,NBR
2022-01,NBTB
2022-01,NEO
2022-01,NFBK
2022-01,NKTR
2022-01,NMIH
2022-01,NP
2022-01,NPK
2022-01,NPO
2022-01,NSIT
2022-01,NTCT
2022-01,NTGR
2022-01,NTUS
2022-01,NVEE
2022-01,NWBI
2022-01,NWN
2022-01,NX
2022-01,NXGN
2022-01,NXRT
2022-01,NYMT
2022-01,ODP
2022-01,OFG
2022-01,OFIX
2022-01,OI
2022-01,OII
2022-01,OIS
2022-01,OMCL
2022-01,OMI
2022-01,ONB
2022-01,ONL
2022-01,ONTO
2022-01,OPI
2022-01,OPRX
2022-01,ORGO
2022-01,OSIS
2022-01,OSPN
2022-01,OSUR
2022-01,OXM
2022-01,PAHC
2022-01,PARR
2022-01,PATK
2022-01,PBF
2022-01,PBH
2022-01,PBI
2022-01,PCRX
2022-01,PDCE
2022-01,PDFS
2022-01,PETS
2022-01,PFBC
2022-01,PFS
2022-01,PGTI
2022-01,PIPR
2022-01,PKE
2022-01,PLAB
2022-01,PLAY
2022-01,PLCE
2022-01,PLMR
2022-01,PLUS
2022-01,PLXS
2022-01,PMT
2022-01,PNTG
2022-01,POLY
2022-01,POWL
2022-01,PPBI
2022-01,PRA
2022-01,PRAA
2022-01,PRDO
2022-01,PRFT
2022-01,PRG
2022-01,PRGS
2022-01,PRLB
2022-01,PSMT
2022-01,PTEN
2022-01,PUMP
2022-01,PVAC
2022-01,QNST
2022-01,QURE
2022-01,RC
2022-01,RCII
2022-01,RDNT
2022-01,REGI
2022-01,RES
2022-01,REX
2022-01,REZI
2022-01,RGNX
2022-01,RGP
2022-01,RGR
2022-01,RILY
2022-01,RLGY
2022-01,RMAX
2022-01,RMBS
2022-01,RNST
2022-01,ROCK
2022-01,ROG
2022-01,ROIC
2022-01,RPT
2022-01,RRC
2022-01,RRGB
2022-01,RUTH
2022-01,RWT
2022-01,RYAM
2022-01,SAFE
2022-01,SAFT
2022-01,SAH
2022-01,SANM
2022-01,SBCF
2022-01,SBH
2022-01,SBSI
2022-01,SCHL
2022-01,SCL
2022-01,SCSC
2022-01,SCVL
2022-01,SEM
2022-01,SENEA
2022-01,SFBS
2022-01,SFNC
2022-01,SGH
2022-01,SHAK
2022-01,SHEN
2022-01,SHOO
2022-01,SIG
2022-01,SITC
2022-01,SJI
2022-01,SKT
2022-01,SKYW
2022-01,SLCA
2022-01,SLP
2022-01,SLQT
2022-01,SLVM
2022-01,SM
2022-01,SMP
2022-01,SMPL
2022-01,SNBR
2022-01,SNEX
2022-01,SPNT
2022-01,SPPI
2022-01,SPSC
2022-01,SPSM
2022-01,SPTN
2022-01,SPXC
2022-01,SRDX
2022-01,SSP
2022-01,SSTK
2022-01,STAR
2022-01,STBA
2022-01,STC
2022-01,STRA
2022-01,SUPN
2022-01,SVC
2022-01,SWM
2022-01,SWN
2022-01,SXC
2022-01,SXI
2022-01,TALO
2022-01,TBBK
2022-01,TBI
2022-01,TBK
2022-01,TCMD
2022-01,TDS
2022-01,TG
2022-01,TGI
2022-01,THRM
2022-01,THRY
2022-01,THS
2022-01,TILE
2022-01,TMST
2022-01,TNC
2022-01,TR
2022-01,TREE
2022-01,TRHC
2022-01,TRMK
2022-01,TRST
2022-01,TRUP
2022-01,TSE
2022-01,TTEC
2022-01,TTGT
2022-01,TTMI
2022-01,TUP
2022-01,TVTY
2022-01,TWI
2022-01,TWO
2022-01,UBA
2022-01,UCBI
2022-01,UCTT
2022-01,UEIC
2022-01,UFCS
2022-01,UFI
2022-01,UFPI
2022-01,UHT
2022-01,UIS
2022-01,UNF
2022-01,UNFI
2022-01,UNIT
2022-01,USNA
2022-01,USPH
2022-01,UTL
2022-01,UVE
2022-01,UVV
2022-01,VBTX
2022-01,VCEL
2022-01,VECO
2022-01,VG
2022-01,VGR
2022-01,VIAV
2022-01,VIOO
2022-01,VIVO
2022-01,VNDA
2022-01,VRA
2022-01,VRE
2022-01,VREX
2022-01,VRTS
2022-01,VRTV
2022-01,VSTO
2022-01,VTOL
2022-01,VVI
2022-01,WABC
2022-01,WD
2022-01,WDFC
2022-01,WETF
2022-01,WGO
2022-01,WIRE
2022-01,WNC
2022-01,WRE
2022-01,WRLD
2022-01,WSFS
2022-01,WSR
2022-01,WTS
2022-01,WW
2022-01,WWW
2022-01,XHR
2022-01,XNCR
2022-01,XPER
2022-01,ZEUS
2022-01,ZUMZ
2022-01,ZYXI
2022-02,AAN
2022-02,AAON
2022-02,AAT
2022-02,AAWW
2022-02,ABCB
2022-02,ABG
2022-02,ABM
2022-02,ABTX
2022-02,ACA
2022-02,ACLS
2022-02,ADC
2022-02,ADTN
2022-02,ADUS
2022-02,AEIS
2022-02,AEL
2022-02,AGO
2022-02,AGYS
2022-02,AHH
2022-02,AIN
2022-02,AIR
2022-02,AIT
2022-02,AJRD
2022-02,AKR
2022-02,ALEX
2022-02,ALG
2022-02,ALGT
2022-02,ALRM
2022-02,AMBC
2022-02,AMCX
2022-02,AMEH
2022-02,AMN
2022-02,AMPH
2022-02,AMSF
2022-02,AMWD
2022-02,ANDE
2022-02,ANF
2022-02,ANGO
2022-02,ANIK
2022-02,ANIP
2022-02,AORT
2022-02,APEI
2022-02,APOG
2022-02,ARCB
2022-02,ARI
2022-02,ARLO
2022-02,ARNC
2022-02,AROC
2022-02,ARR
2022-02,ASIX
2022-02,ASTE
2022-02,ATGE
2022-02,ATI
2022-02,ATNI
2022-02,AVA
2022-02,AVAV
2022-02,AVD
2022-02,AVNS
2022-02,AWR
2022-02,AX
2022-02,AXL
2022-02,AZZ
2022-02,B
2022-02,BANC
2022-02,BANF
2022-02,BANR
2022-02,BBBY
2022-02,BCC
2022-02,BCOR
2022-02,BCPC
2022-02,BDN
2022-02,BFS
2022-02,BGS
2022-02,BHE
2022-02,BHLB
2022-02,BIG
2022-02,BJRI
2022-02,BKE
2022-02,BKU
2022-02,BLFS
2022-02,BLMN
2022-02,BMI
2022-02,BNED
2022-02,BOOM
2022-02,BOOT
2022-02,BRC
2022-02,BRKL
2022-02,BSIG
2022-02,CAKE
2022-02,CAL
2022-02,CALM
2022-02,CAMP
2022-02,CARA
2022-02,CARS
2022-02,CASH
2022-02,CATO
2022-02,CBU
2022-02,CCOI
2022-02,CCRN
2022-02,CCS
2022-02,CCSI
2022-02,CDMO
2022-02,CEIX
2022-02,CELH
2022-02,CENT
2022-02,CENTA
2022-02,CENX
2022-02,CEVA
2022-02,CFFN
2022-02,CHCO
2022-02,CHCT
2022-02,CHEF
2022-02,CHRS
2022-02,CHS
2022-02,CHUY
2022-02,CIR
2022-02,CIVI
2022-02,CLB
2022-02,CLDT
2022-02,CLW
2022-02,CMP
2022-02,CMTL
2022-02,CNK
2022-02,CNMD
2022-02,CNSL
2022-02,CNXN
2022-02,COHU
2022-02,COKE
2022-02,COLB
2022-02,COLL
2022-02,CONN
2022-02,COOP
2022-02,CORT
2022-02,CPE
2022-02,CPF
2022-02,CPK
2022-02,CPS
2022-02,CPSI
2022-02,CRMT
2022-02,CRS
2022-02,CRSR
2022-02,CRVL
2022-02,CSGS
2022-02,CSII
2022-02,CSR
2022-02,CTRE
2022-02,CTS
2022-02,CUBI
2022-02,CUTR
2022-02,CVBF
2022-02,CVCO
2022-02,CVET
2022-02,CVGW
2022-02,CWT
2022-02,CXW
2022-02,CYH
2022-02,CYTK
2022-02,DBD
2022-02,DBI
2022-02,DCOM
2022-02,DDD
2022-02,DEA
2022-02,DFIN
2022-02,DGII
2022-02,DHC
2022-02,DIN
2022-02,DIOD
2022-02,DLX
2022-02,DNOW
2022-02,DORM
2022-02,DOUG
2022-02,DRH
2022-02,DRQ
2022-02,DXPE
2022-02,EAT
2022-02,EBIX
2022-02,EBS
2022-02,ECOL
2022-02,ECPG
2022-02,EFC
2022-02,EGBN
2022-02,EGHT
2022-02,EGRX
2022-02,EHTH
2022-02,EIG
2022-02,ELF
2022-02,ENDP
2022-02,ENSG
2022-02,ENTA
2022-02,ENVA
2022-02,EPAC
2022-02,EPAY
2022-02,EPC
2022-02,EPRT
2022-02,ESE
2022-02,ETD
2022-02,EVTC
2022-02,EXLS
2022-02,EXPO
2022-02,EXTR
2022-02,EZPW
2022-02,FARO
2022-02,FBC
2022-02,FBK
2022-02,FBNC
2022-02,FBP
2022-02,FBRT
2022-02,FCF
2022-02,FCPT
2022-02,FDP
2022-02,FELE
2022-02,FF
2022-02,FFBC
2022-02,FHB
2022-02,FIX
2022-02,FIZZ
2022-02,FLGT
2022-02,FLOW
2022-02,FN
2022-02,FOE
2022-02,FORM
2022-02,FORR
2022-02,FOSL
2022-02,FRGI
2022-02,FSS
2022-02,FUL
2022-02,FWRD
2022-02,GBX
2022-02,GCI
2022-02,GCO
2022-02,GCP
2022-02,GDOT
2022-02,GEO
2022-02,GES
2022-02,GFF
2022-02,GHL
2022-02,GIII
2022-02,GKOS
2022-02,GLT
2022-02,GMS
2022-02,GNL
2022-02,GNW
2022-02,GPI
2022-02,GPMT
2022-02,GPRE
2022-02,GTLS
2022-02,GTY
2022-02,GVA
2022-02,HA
2022-02,HAFC
2022-02,HAYN
2022-02,HCC
2022-02,HCI
2022-02,HCSG
2022-02,HFWA
2022-02,HI
2022-02,HIBB
2022-02,HLIT
2022-02,HLX
2022-02,HMN
2022-02,HMST
2022-02,HNGR
2022-02,HNI
2022-02,HOPE
2022-02,HP
2022-02,HRMY
2022-02,HSC
2022-02,HSII
2022-02,HSKA
2022-02,HSTM
2022-02,HT
2022-02,HTH
2022-02,HTLD
2022-02,HUBG
2022-02,HVT
2022-02,HWKN
2022-02,HZO
2022-02,IBP
2022-02,IBTX
2022-02,ICHR
2022-02,IDCC
2022-02,IIIN
2022-02,IIPR
2022-02,IJR
2022-02,ILPT
2022-02,INDB
2022-02,INGN
2022-02,INN
2022-02,INT
2022-02,INVA
2022-02,IOSP
2022-02,IPAR
2022-02,IRBT
2022-02,IRT
2022-02,ISBC
2022-02,ITGR
2022-02,ITOS
2022-02,ITRI
2022-02,IVR
2022-02,JACK
2022-02,JBSS
2022-02,JBT
2022-02,JJSF
2022-02,JOE
2022-02,JRVR
2022-02,JYNT
2022-02,KALU
2022-02,KAMN
2022-02,KAR
2022-02,KELYA
2022-02,KFY
2022-02,KLIC
2022-02,KN
2022-02,KOP
2022-02,KRA
2022-02,KREF
2022-02,KTB
2022-02,KWR
2022-02,LCII
2022-02,LGIH
2022-02,LGND
2022-02,LKFN
2022-02,LL
2022-02,LMAT
2022-02,LNN
2022-02,LNTH
2022-02,LOCO
2022-02,LPG
2022-02,LPI
2022-02,LPSN
2022-02,LQDT
2022-02,LTC
2022-02,LTHM
2022-02,LXP
2022-02,LYLT
2022-02,LZB
2022-02,MANT
2022-02,MATW
2022-02,MATX
2022-02,MCRI
2022-02,MCS
2022-02,MD
2022-02,MDC
2022-02,MDRX
2022-02,MED
2022-02,MEI
2022-02,MERC
2022-02,MGPI
2022-02,MHO
2022-02,MLAB
2022-02,MLI
2022-02,MMI
2022-02,MMSI
2022-02,MNRO
2022-02,MODV
2022-02,MOG.A
2022-02,MOV
2022-02,MPAA
2022-02,MRTN
2022-02,MSEX
2022-02,MTDR
2022-02,MTH
2022-02,MTOR
2022-02,MTRN
2022-02,MXL
2022-02,MYE
2022-02,MYGN
2022-02,MYRG
2022-02,NBHC
2022-02,NBR
2022-02,NBTB
2022-02,NEO
2022-02,NFBK
2022-02,NKTR
2022-02,NMIH
2022-02,NP
2022-02,NPK
2022-02,NPO
2022-02,NSIT
2022-02,NTCT
2022-02,NTGR
2022-02,NTUS
2022-02,NVEE
2022-02,NWBI
2022-02,NWN
2022-02,NX
2022-02,NXGN
2022-02,NXRT
2022-02,NYMT
2022-02,ODP
2022-02,OFG
2022-02,OFIX
2022-02,OI
2022-02,OII
2022-02,OIS
2022-02,OMCL
2022-02,OMI
2022-02,ONL
2022-02,ONTO
2022-02,OPI
2022-02,OPRX
2022-02,ORGO
2022-02,OSIS
2022-02,OSPN
2022-02,OSUR
2022-02,OXM
2022-02,PAHC
2022-02,PARR
2022-02,PATK
2022-02,PBF
2022-02,PBH
2022-02,PBI
2022-02,PCRX
2022-02,PDFS
2022-02,PETS
2022-02,PFBC
2022-02,PFS
2022-02,PGTI
2022-02,PIPR
2022-02,PKE
2022-02,PLAB
2022-02,PLAY
2022-02,PLCE
2022-02,PLMR
2022-02,PLUS
2022-02,PLXS
2022-02,PMT
2022-02,PNTG
2022-02,POLY
2022-02,POWL
2022-02,PPBI
2022-02,PRA
2022-02,PRAA
2022-02,PRDO
2022-02,PRFT
2022-02,PRG
2022-02,PRGS
2022-02,PRLB
2022-02,PSMT
2022-02,PTEN
2022-02,PUMP
2022-02,QNST
2022-02,QURE
2022-02,RC
2022-02,RCII
2022-02,RDNT
2022-02,REGI
2022-02,RES
2022-02,REX
2022-02,REZI
2022-02,RGNX
2022-02,RGP
2022-02,RGR
2022-02,RILY
2022-02,RLGY
2022-02,RMAX
2022-02,RMBS
2022-02,RNST
2022-02,ROCC
2022-02,ROCK
2022-02,ROG
2022-02,ROIC
2022-02,RPT
2022-02,RRC
2022-02,RRGB
2022-02,RUTH
2022-02,RWT
2022-02,RYAM
2022-02,SAFE
2022-02,SAFT
2022-02,SAH
2022-02,SANM
2022-02,SBCF
2022-02,SBH
2022-02,SBSI
2022-02,SCHL
2022-02,SCL
2022-02,SCSC
2022-02,SCVL
2022-02,SEM
2022-02,SENEA
2022-02,SFBS
2022-02,SFNC
2022-02,SGH
2022-02,SHAK
2022-02,SHEN
2022-02,SHOO
2022-02,SIG
2022-02,SITC
2022-02,SJI
2022-02,SKT
2022-02,SKYW
2022-02,SLCA
2022-02,SLP
2022-02,SLQT
2022-02,SLVM
2022-02,SM
2022-02,SMP
2022-02,SMPL
2022-02,SNBR
2022-02,SNEX
2022-02,SPNT
2022-02,SPSC
2022-02,SPSM
2022-02,SPTN
2022-02,SPXC
2022-02,SRDX
2022-02,SSP
2022-02,SSTK
2022-02,STAR
2022-02,STBA
2022-02,STC
2022-02,STRA
2022-02,SUPN
2022-02,SVC
2022-02,SWM
2022-02,SWN
2022-02,SXC
2022-02,SXI
2022-02,TALO
2022-02,TBBK
2022-02,TBI
2022-02,TBK
2022-02,TCMD
2022-02,TDS
2022-02,TG
2022-02,TGI
2022-02,THRM
2022-02,THRY
2022-02,THS
2022-02,TILE
2022-02,TMST
2022-02,TNC
2022-02,TR
2022-02,TREE
2022-02,TRHC
2022-02,TRMK
2022-02,TRST
2022-02,TRUP
2022-02,TSE
2022-02,TTEC
2022-02,TTGT
2022-02,TTMI
2022-02,TUP
2022-02,TVTY
2022-02,TWI
2022-02,TWNK
2022-02,TWO
2022-02,UBA
2022-02,UCBI
2022-02,UCTT
2022-02,UE
2022-02,UEIC
2022-02,UFCS
2022-02,UFI
2022-02,UFPI
2022-02,UHT
2022-02,UIS
2022-02,UNF
2022-02,UNFI
2022-02,UNIT
2022-02,USNA
2022-02,USPH
2022-02,UTL
2022-02,UVE
2022-02,UVV
2022-02,VBTX
2022-02,VCEL
2022-02,VECO
2022-02,VG
2022-02,VGR
2022-02,VIAV
2022-02,VIOO
2022-02,VIVO
2022-02,VNDA
2022-02,VRA
2022-02,VRE
2022-02,VREX
2022-02,VRTS
2022-02,VRTV
2022-02,VSTO
2022-02,VTOL
2022-02,VVI
2022-02,WABC
2022-02,WD
2022-02,WDFC
2022-02,WETF
2022-02,WGO
2022-02,WIRE
2022-02,WNC
2022-02,WRE
2022-02,WRLD
2022-02,WSFS
2022-02,WSR
2022-02,WW
2022-02,WWW
2022-02,XHR
2022-02,XNCR
2022-02,XPEL
2022-02,XPER
2022-02,ZEUS
2022-02,ZUMZ
2022-02,ZYXI
2022-03,AAN
2022-03,AAON
2022-03,AAT
2022-03,AAWW
2022-03,ABCB
2022-03,ABG
2022-03,ABM
2022-03,ABTX
2022-03,ACA
2022-03,ACLS
2022-03,ADC
2022-03,ADTN
2022-03,ADUS
2022-03,AEIS
2022-03,AEL
2022-03,AGO
2022-03,AGYS
2022-03,AHH
2022-03,AIN
2022-03,AIR
2022-03,AIT
2022-03,AJRD
2022-03,AKR
2022-03,ALEX
2022-03,ALG
2022-03,ALGT
2022-03,ALRM
2022-03,AMBC
2022-03,AMCX
2022-03,AMEH
2022-03,AMN
2022-03,AMPH
2022-03,AMSF
2022-03,AMWD
2022-03,ANDE
2022-03,ANF
2022-03,ANGO
2022-03,ANIK
2022-03,ANIP
2022-03,AORT
2022-03,APEI
2022-03,APOG
2022-03,ARCB
2022-03,ARI
2022-03,ARLO
2022-03,ARNC
2022-03,AROC
2022-03,ARR
2022-03,ASIX
2022-03,ASO
2022-03,ASTE
2022-03,ATGE
2022-03,ATI
2022-03,ATNI
2022-03,AVA
2022-03,AVAV
2022-03,AVD
2022-03,AVNS
2022-03,AWR
2022-03,AX
2022-03,AXL
2022-03,AZZ
2022-03,B
2022-03,BANC
2022-03,BANF
2022-03,BANR
2022-03,BBBY
2022-03,BCC
2022-03,BCOR
2022-03,BCPC
2022-03,BDN
2022-03,BFS
2022-03,BGS
2022-03,BHE
2022-03,BHLB
2022-03,BIG
2022-03,BJRI
2022-03,BKE
2022-03,BKU
2022-03,BLFS
2022-03,BLMN
2022-03,BMI
2022-03,BNED
2022-03,BOOM
2022-03,BOOT
2022-03,BRC
2022-03,BRKL
2022-03,BSIG
2022-03,CAKE
2022-03,CAL
2022-03,CALM
2022-03,CAMP
2022-03,CARA
2022-03,CARS
2022-03,CASH
2022-03,CATO
2022-03,CBU
2022-03,CCOI
2022-03,CCRN
2022-03,CCS
2022-03,CCSI
2022-03,CDMO
2022-03,CEIX
2022-03,CELH
2022-03,CENT
2022-03,CENTA
2022-03,CENX
2022-03,CEVA
2022-03,CFFN
2022-03,CHCO
2022-03,CHCT
2022-03,CHEF
2022-03,CHRS
2022-03,CHS
2022-03,CHUY
2022-03,CIR
2022-03,CIVI
2022-03,CLB
2022-03,CLDT
2022-03,CLW
2022-03,CMP
2022-03,CMTL
2022-03,CNK
2022-03,CNMD
2022-03,CNSL
2022-03,CNXN
2022-03,COHU
2022-03,COKE
2022-03,COLB
2022-03,COLL
2022-03,CONN
2022-03,COOP
2022-03,CORT
2022-03,CPE
2022-03,CPF
2022-03,CPK
2022-03,CPSI
2022-03,CRMT
2022-03,CRNC
2022-03,CRS
2022-03,CRSR
2022-03,CRVL
2022-03,CSGS
2022-03,CSII
2022-03,CSR
2022-03,CTRE
2022-03,CTS
2022-03,CUBI
2022-03,CUTR
2022-03,CVBF
2022-03,CVCO
2022-03,CVET
2022-03,CVGW
2022-03,CWT
2022-03,CXW
2022-03,CYH
2022-03,CYTK
2022-03,DBD
2022-03,DBI
2022-03,DCOM
2022-03,DDD
2022-03,DEA
2022-03,DFIN
2022-03,DGII
2022-03,DHC
2022-03,DIN
2022-03,DIOD
2022-03,DLX
2022-03,DNOW
2022-03,DORM
2022-03,DOUG
2022-03,DRH
2022-03,DRQ
2022-03,DXPE
2022-03,EAT
2022-03,EBIX
2022-03,EBS
2022-03,ECOL
2022-03,ECPG
2022-03,EFC
2022-03,EGBN
2022-03,EGHT
2022-03,EGRX
2022-03,EHTH
2022-03,EIG
2022-03,ELF
2022-03,ENDP
2022-03,ENSG
2022-03,ENTA
2022-03,ENVA
2022-03,EPAC
2022-03,EPAY
2022-03,EPC
2022-03,EPRT
2022-03,ESE
2022-03,ETD
2022-03,EVTC
2022-03,EXLS
2022-03,EXPO
2022-03,EXTR
2022-03,EZPW
2022-03,FARO
2022-03,FBC
2022-03,FBK
2022-03,FBNC
2022-03,FBP
2022-03,FBRT
2022-03,FCF
2022-03,FCPT
2022-03,FDP
2022-03,FELE
2022-03,FF
2022-03,FFBC
2022-03,FHB
2022-03,FIX
2022-03,FIZZ
2022-03,FLGT
2022-03,FLOW
2022-03,FN
2022-03,FOE
2022-03,FORM
2022-03,FORR
2022-03,FOSL
2022-03,FRGI
2022-03,FSS
2022-03,FUL
2022-03,FWRD
2022-03,GBX
2022-03,GCI
2022-03,GCO
2022-03,GCP
2022-03,GDEN
2022-03,GDOT
2022-03,GEO
2022-03,GES
2022-03,GFF
2022-03,GHL
2022-03,GIII
2022-03,GKOS
2022-03,GLT
2022-03,GMS
2022-03,GNL
2022-03,GNW
2022-03,GPI
2022-03,GPMT
2022-03,GPRE
2022-03,GTLS
2022-03,GTY
2022-03,GVA
2022-03,HA
2022-03,HAFC
2022-03,HAYN
2022-03,HCC
2022-03,HCI
2022-03,HCSG
2022-03,HFWA
2022-03,HI
2022-03,HIBB
2022-03,HLIT
2022-03,HLX
2022-03,HMN
2022-03,HMST
2022-03,HNGR
2022-03,HNI
2022-03,HOPE
2022-03,HP
2022-03,HRMY
2022-03,HSC
2022-03,HSII
2022-03,HSKA
2022-03,HSTM
2022-03,HT
2022-03,HTH
2022-03,HTLD
2022-03,HUBG
2022-03,HVT
2022-03,HWKN
2022-03,HZO
2022-03,IBP
2022-03,IBTX
2022-03,ICHR
2022-03,IDCC
2022-03,IIIN
2022-03,IIPR
2022-03,IJR
2022-03,ILPT
2022-03,INDB
2022-03,INGN
2022-03,INN
2022-03,INT
2022-03,INVA
2022-03,IOSP
2022-03,IPAR
2022-03,IRBT
2022-03,IRT
2022-03,ISBC
2022-03,ITGR
2022-03,ITOS
2022-03,ITRI
2022-03,IVR
2022-03,JACK
2022-03,JBSS
2022-03,JBT
2022-03,JJSF
2022-03,JOE
2022-03,JRVR
2022-03,JYNT
2022-03,KALU
2022-03,KAMN
2022-03,KAR
2022-03,KELYA
2022-03,KFY
2022-03,KLIC
2022-03,KN
2022-03,KOP
2022-03,KREF
2022-03,KTB
2022-03,KWR
2022-03,LCII
2022-03,LGIH
2022-03,LGND
2022-03,LKFN
2022-03,LL
2022-03,LMAT
2022-03,LNN
2022-03,LNTH
2022-03,LOCO
2022-03,LPG
2022-03,LPI
2022-03,LPSN
2022-03,LQDT
2022-03,LTC
2022-03,LTHM
2022-03,LXP
2022-03,LYLT
2022-03,LZB
2022-03,MANT
2022-03,MATW
2022-03,MATX
2022-03,MCRI
2022-03,MCS
2022-03,MD
2022-03,MDC
2022-03,MDRX
2022-03,MED
2022-03,MEI
2022-03,MERC
2022-03,MGPI
2022-03,MHO
2022-03,MLAB
2022-03,MLI
2022-03,MMI
2022-03,MMSI
2022-03,MNRO
2022-03,MODV
2022-03,MOG.A
2022-03,MOV
2022-03,MPAA
2022-03,MRTN
2022-03,MSEX
2022-03,MTDR
2022-03,MTH
2022-03,MTOR
2022-03,MTRN
2022-03,MXL
2022-03,MYE
2022-03,MYGN
2022-03,MYRG
2022-03,NBHC
2022-03,NBR
2022-03,NBTB
2022-03,NEO
2022-03,NFBK
2022-03,NKTR
2022-03,NMIH
2022-03,NP
2022-03,NPK
2022-03,NPO
2022-03,NSIT
2022-03,NTCT
2022-03,NTGR
2022-03,NTUS
2022-03,NVEE
2022-03,NWBI
2022-03,NWN
2022-03,NX
2022-03,NXGN
2022-03,NXRT
2022-03,NYMT
2022-03,ODP
2022-03,OFG
2022-03,OFIX
2022-03,OI
2022-03,OII
2022-03,OIS
2022-03,OMCL
2022-03,OMI
2022-03,ONL
2022-03,ONTO
2022-03,OPI
2022-03,OPRX
2022-03,ORGO
2022-03,OSIS
2022-03,OSPN
2022-03,OSUR
2022-03,OXM
2022-03,PAHC
2022-03,PARR
2022-03,PATK
2022-03,PBF
2022-03,PBH
2022-03,PBI
2022-03,PCRX
2022-03,PDFS
2022-03,PETS
2022-03,PFBC
2022-03,PFS
2022-03,PGTI
2022-03,PIPR
2022-03,PKE
2022-03,PLAB
2022-03,PLAY
2022-03,PLCE
2022-03,PLMR
2022-03,PLUS
2022-03,PLXS
2022-03,PMT
2022-03,PNTG
2022-03,POLY
2022-03,POWL
2022-03,PPBI
2022-03,PRA
2022-03,PRAA
2022-03,PRDO
2022-03,PRFT
2022-03,PRG
2022-03,PRGS
2022-03,PRLB
2022-03,PSMT
2022-03,PTEN
2022-03,PUMP
2022-03,QNST
2022-03,QURE
2022-03,RC
2022-03,RCII
2022-03,RDNT
2022-03,REGI
2022-03,RES
2022-03,REX
2022-03,REZI
2022-03,RGNX
2022-03,RGP
2022-03,RGR
2022-03,RILY
2022-03,RLGY
2022-03,RMAX
2022-03,RMBS
2022-03,RNST
2022-03,ROCC
2022-03,ROCK
2022-03,ROG
2022-03,ROIC
2022-03,RPT
2022-03,RRGB
2022-03,RUTH
2022-03,RWT
2022-03,RYAM
2022-03,SAFE
2022-03,SAFT
2022-03,SAH
2022-03,SANM
2022-03,SBCF
2022-03,SBH
2022-03,SBSI
2022-03,SCHL
2022-03,SCL
2022-03,SCSC
2022-03,SCVL
2022-03,SEM
2022-03,SENEA
2022-03,SFBS
2022-03,SFNC
2022-03,SGH
2022-03,SHAK
2022-03,SHEN
2022-03,SHOO
2022-03,SIG
2022-03,SITC
2022-03,SJI
2022-03,SKT
2022-03,SKYW
2022-03,SLCA
2022-03,SLP
2022-03,SLQT
2022-03,SLVM
2022-03,SM
2022-03,SMP
2022-03,SMPL
2022-03,SNBR
2022-03,SNEX
2022-03,SPNT
2022-03,SPSC
2022-03,SPSM
2022-03,SPTN
2022-03,SPXC
2022-03,SRDX
2022-03,SSP
2022-03,SSTK
2022-03,STAR
2022-03,STBA
2022-03,STC
2022-03,STRA
2022-03,SUPN
2022-03,SVC
2022-03,SWM
2022-03,SWN
2022-03,SXC
2022-03,SXI
2022-03,TALO
2022-03,TBBK
2022-03,TBI
2022-03,TBK
2022-03,TCMD
2022-03,TDS
2022-03,TG
2022-03,TGI
2022-03,THRM
2022-03,THRY
2022-03,THS
2022-03,TILE
2022-03,TMST
2022-03,TNC
2022-03,TR
2022-03,TREE
2022-03,TRMK
2022-03,TRST
2022-03,TRUP
2022-03,TSE
2022-03,TTEC
2022-03,TTGT
2022-03,TTMI
2022-03,TUP
2022-03,TVTY
2022-03,TWI
2022-03,TWNK
2022-03,TWO
2022-03,UBA
2022-03,UCBI
2022-03,UCTT
2022-03,UE
2022-03,UEIC
2022-03,UFCS
2022-03,UFI
2022-03,UFPI
2022-03,UHT
2022-03,UIS
2022-03,UNF
2022-03,UNFI
2022-03,UNIT
2022-03,USNA
2022-03,USPH
2022-03,UTL
2022-03,UVE
2022-03,UVV
2022-03,VBTX
2022-03,VCEL
2022-03,VECO
2022-03,VG
2022-03,VGR
2022-03,VIAV
2022-03,VIOO
2022-03,VIVO
2022-03,VNDA
2022-03,VRA
2022-03,VRE
2022-03,VREX
2022-03,VRTS
2022-03,VRTV
2022-03,VSTO
2022-03,VTOL
2022-03,VVI
2022-03,WABC
2022-03,WD
2022-03,WDFC
2022-03,WETF
2022-03,WGO
2022-03,WIRE
2022-03,WNC
2022-03,WRE
2022-03,WRLD
2022-03,WSFS
2022-03,WSR
2022-03,WW
2022-03,WWW
2022-03,XHR
2022-03,XNCR
2022-03,XPEL
2022-03,XPER
2022-03,ZEUS
2022-03,ZIMV
2022-03,ZUMZ
2022-03,ZYXI
2022-04,AAN
2022-04,AAON
2022-04,AAT
2022-04,AAWW
2022-04,ABCB
2022-04,ABG
2022-04,ABM
2022-04,ABTX
2022-04,ACA
2022-04,ACLS
2022-04,ADC
2022-04,ADTN
2022-04,ADUS
2022-04,AEIS
2022-04,AEL
2022-04,AGO
2022-04,AGYS
2022-04,AHH
2022-04,AIN
2022-04,AIR
2022-04,AIT
2022-04,AJRD
2022-04,AKR
2022-04,ALEX
2022-04,ALG
2022-04,ALGT
2022-04,ALRM
2022-04,AMBC
2022-04,AMCX
2022-04,AMEH
2022-04,AMN
2022-04,AMPH
2022-04,AMSF
2022-04,AMWD
2022-04,ANDE
2022-04,ANF
2022-04,ANGO
2022-04,ANIK
2022-04,ANIP
2022-04,AORT
2022-04,APEI
2022-04,APOG
2022-04,ARCB
2022-04,ARI
2022-04,ARLO
2022-04,ARNC
2022-04,AROC
2022-04,ARR
2022-04,ASIX
2022-04,ASO
2022-04,ASTE
2022-04,ATEN
2022-04,ATGE
2022-04,ATI
2022-04,ATNI
2022-04,AVA
2022-04,AVAV
2022-04,AVD
2022-04,AVNS
2022-04,AWR
2022-04,AX
2022-04,AXL
2022-04,AZZ
2022-04,B
2022-04,BANC
2022-04,BANF
2022-04,BANR
2022-04,BBBY
2022-04,BCC
2022-04,BCOR
2022-04,BCPC
2022-04,BDN
2022-04,BFS
2022-04,BGS
2022-04,BHE
2022-04,BHLB
2022-04,BIG
2022-04,BJRI
2022-04,BKE
2022-04,BKU
2022-04,BLFS
2022-04,BLMN
2022-04,BMI
2022-04,BOOM
2022-04,BOOT
2022-04,BRC
2022-04,BRKL
2022-04,BSIG
2022-04,CAKE
2022-04,CAL
2022-04,CALM
2022-04,CAMP
2022-04,CARA
2022-04,CARS
2022-04,CASH
2022-04,CATO
2022-04,CBU
2022-04,CCOI
2022-04,CCRN
2022-04,CCS
2022-04,CCSI
2022-04,CDMO
2022-04,CEIX
2022-04,CELH
2022-04,CENT
2022-04,CENTA
2022-04,CENX
2022-04,CEVA
2022-04,CFFN
2022-04,CHCO
2022-04,CHCT
2022-04,CHEF
2022-04,CHRS
2022-04,CHS
2022-04,CHUY
2022-04,CIR
2022-04,CIVI
2022-04,CLB
2022-04,CLDT
2022-04,CLW
2022-04,CMP
2022-04,CMTL
2022-04,CNK
2022-04,CNMD
2022-04,CNSL
2022-04,CNXN
2022-04,COHU
2022-04,COKE
2022-04,COLB
2022-04,COLL
2022-04,CONN
2022-04,COOP
2022-04,CORT
2022-04,CPE
2022-04,CPF
2022-04,CPK
2022-04,CPSI
2022-04,CRMT
2022-04,CRNC
2022-04,CRS
2022-04,CRSR
2022-04,CRVL
2022-04,CSGS
2022-04,CSII
2022-04,CSR
2022-04,CTRE
2022-04,CTS
2022-04,CUBI
2022-04,CUTR
2022-04,CVBF
2022-04,CVCO
2022-04,CVET
2022-04,CVGW
2022-04,CWT
2022-04,CXW
2022-04,CYH
2022-04,CYTK
2022-04,DBD
2022-04,DBI
2022-04,DCOM
2022-04,DDD
2022-04,DEA
2022-04,DFIN
2022-04,DGII
2022-04,DHC
2022-04,DIN
2022-04,DIOD
2022-04,DLX
2022-04,DNOW
2022-04,DORM
2022-04,DOUG
2022-04,DRH
2022-04,DRQ
2022-04,DXPE
2022-04,EAT
2022-04,EBIX
2022-04,EBS
2022-04,ECOL
2022-04,ECPG
2022-04,EFC
2022-04,EGBN
2022-04,EGHT
2022-04,EGRX
2022-04,EHTH
2022-04,EIG
2022-04,ELF
2022-04,EMBC
2022-04,ENDP
2022-04,ENSG
2022-04,ENTA
2022-04,ENVA
2022-04,EPAC
2022-04,EPAY
2022-04,EPC
2022-04,EPRT
2022-04,ESE
2022-04,ETD
2022-04,EVTC
2022-04,EXLS
2022-04,EXPO
2022-04,EXTR
2022-04,EZPW
2022-04,FARO
2022-04,FBC
2022-04,FBK
2022-04,FBNC
2022-04,FBP
2022-04,FBRT
2022-04,FCF
2022-04,FCPT
2022-04,FDP
2022-04,FELE
2022-04,FF
2022-04,FFBC
2022-04,FHB
2022-04,FIX
2022-04,FIZZ
2022-04,FLGT
2022-04,FN
2022-04,FORM
2022-04,FORR
2022-04,FOSL
2022-04,FSS
2022-04,FUL
2022-04,FWRD
2022-04,GBX
2022-04,GCI
2022-04,GCO
2022-04,GCP
2022-04,GDEN
2022-04,GDOT
2022-04,GEO
2022-04,GES
2022-04,GFF
2022-04,GHL
2022-04,GIII
2022-04,GKOS
2022-04,GLT
2022-04,GMS
2022-04,GNL
2022-04,GNW
2022-04,GOGO
2022-04,GPI
2022-04,GPMT
2022-04,GPRE
2022-04,GTY
2022-04,GVA
2022-04,HA
2022-04,HAFC
2022-04,HAYN
2022-04,HCC
2022-04,HCI
2022-04,HCSG
2022-04,HFWA
2022-04,HI
2022-04,HIBB
2022-04,HLIT
2022-04,HLX
2022-04,HMN
2022-04,HMST
2022-04,HNGR
2022-04,HNI
2022-04,HOPE
2022-04,HP
2022-04,HRMY
2022-04,HSC
2022-04,HSII
2022-04,HSKA
2022-04,HSTM
2022-04,HT
2022-04,HTH
2022-04,HTLD
2022-04,HUBG
2022-04,HVT
2022-04,HWKN
2022-04,HZO
2022-04,IBP
2022-04,IBTX
2022-04,ICHR
2022-04,IDCC
2022-04,IIIN
2022-04,IIPR
2022-04,IJR
2022-04,ILPT
2022-04,INDB
2022-04,INGN
2022-04,INN
2022-04,INT
2022-04,INVA
2022-04,IOSP
2022-04,IPAR
2022-04,IRBT
2022-04,IRT
2022-04,ITGR
2022-04,ITOS
2022-04,ITRI
2022-04,IVR
2022-04,JACK
2022-04,JBSS
2022-04,JBT
2022-04,JJSF
2022-04,JOE
2022-04,JRVR
2022-04,JYNT
2022-04,KALU
2022-04,KAMN
2022-04,KAR
2022-04,KELYA
2022-04,KFY
2022-04,KLIC
2022-04,KN
2022-04,KOP
2022-04,KREF
2022-04,KTB
2022-04,KWR
2022-04,LCII
2022-04,LGIH
2022-04,LGND
2022-04,LKFN
2022-04,LL
2022-04,LMAT
2022-04,LNN
2022-04,LNTH
2022-04,LOCO
2022-04,LPG
2022-04,LPI
2022-04,LPSN
2022-04,LQDT
2022-04,LTC
2022-04,LTHM
2022-04,LXP
2022-04,LYLT
2022-04,LZB
2022-04,MANT
2022-04,MATW
2022-04,MATX
2022-04,MCRI
2022-04,MCS
2022-04,MD
2022-04,MDC
2022-04,MDRX
2022-04,MED
2022-04,MEI
2022-04,MERC
2022-04,MGPI
2022-04,MHO
2022-04,MLAB
2022-04,MLI
2022-04,MMI
2022-04,MMSI
2022-04,MNRO
2022-04,MODV
2022-04,MOG.A
2022-04,MOV
2022-04,MPAA
2022-04,MRTN
2022-04,MSEX
2022-04,MTH
2022-04,MTOR
2022-04,MTRN
2022-04,MXL
2022-04,MYE
2022-04,MYGN
2022-04,MYRG
2022-04,NBHC
2022-04,NBR
2022-04,NBTB
2022-04,NEO
2022-04,NFBK
2022-04,NKTR
2022-04,NMIH
2022-04,NP
2022-04,NPK
2022-04,NPO
2022-04,NSIT
2022-04,NTCT
2022-04,NTGR
2022-04,NTUS
2022-04,NVEE
2022-04,NWBI
2022-04,NWN
2022-04,NX
2022-04,NXGN
2022-04,NXRT
2022-04,NYMT
2022-04,ODP
2022-04,OFG
2022-04,OFIX
2022-04,OI
2022-04,OII
2022-04,OIS
2022-04,OMCL
2022-04,OMI
2022-04,ONL
2022-04,ONTO
2022-04,OPI
2022-04,OPRX
2022-04,ORGO
2022-04,OSIS
2022-04,OSPN
2022-04,OSUR
2022-04,OXM
2022-04,PAHC
2022-04,PARR
2022-04,PATK
2022-04,PBF
2022-04,PBH
2022-04,PBI
2022-04,PCRX
2022-04,PDFS
2022-04,PETS
2022-04,PFBC
2022-04,PFS
2022-04,PGTI
2022-04,PIPR
2022-04,PKE
2022-04,PLAB
2022-04,PLAY
2022-04,PLCE
2022-04,PLMR
2022-04,PLUS
2022-04,PLXS
2022-04,PMT
2022-04,PNTG
2022-04,POLY
2022-04,POWL
2022-04,PPBI
2022-04,PRA
2022-04,PRAA
2022-04,PRDO
2022-04,PRFT
2022-04,PRG
2022-04,PRGS
2022-04,PRLB
2022-04,PSMT
2022-04,PTEN
2022-04,PUMP
2022-04,QNST
2022-04,QURE
2022-04,RC
2022-04,RCII
2022-04,RCUS
2022-04,RDNT
2022-04,REGI
2022-04,RES
2022-04,REX
2022-04,REZI
2022-04,RGNX
2022-04,RGP
2022-04,RGR
2022-04,RILY
2022-04,RLGY
2022-04,RMAX
2022-04,RMBS
2022-04,RNST
2022-04,ROCC
2022-04,ROCK
2022-04,ROG
2022-04,ROIC
2022-04,RPT
2022-04,RRGB
2022-04,RUTH
2022-04,RWT
2022-04,RYAM
2022-04,SAFE
2022-04,SAFT
2022-04,SAH
2022-04,SANM
2022-04,SBCF
2022-04,SBH
2022-04,SBSI
2022-04,SCHL
2022-04,SCL
2022-04,SCSC
2022-04,SCVL
2022-04,SEM
2022-04,SENEA
2022-04,SFBS
2022-04,SFNC
2022-04,SGH
2022-04,SHAK
2022-04,SHEN
2022-04,SHOO
2022-04,SIG
2022-04,SITC
2022-04,SJI
2022-04,SKT
2022-04,SKYW
2022-04,SLCA
2022-04,SLP
2022-04,SLQT
2022-04,SLVM
2022-04,SM
2022-04,SMP
2022-04,SMPL
2022-04,SNBR
2022-04,SNEX
2022-04,SONO
2022-04,SPNT
2022-04,SPSC
2022-04,SPSM
2022-04,SPTN
2022-04,SPXC
2022-04,SRDX
2022-04,SSP
2022-04,SSTK
2022-04,STAR
2022-04,STBA
2022-04,STC
2022-04,STRA
2022-04,SUPN
2022-04,SVC
2022-04,SWM
2022-04,SWN
2022-04,SXC
2022-04,SXI
2022-04,TALO
2022-04,TBBK
2022-04,TBI
2022-04,TBK
2022-04,TCMD
2022-04,TDS
2022-04,TG
2022-04,TGI
2022-04,THRM
2022-04,THRY
2022-04,THS
2022-04,TILE
2022-04,TMST
2022-04,TNC
2022-04,TR
2022-04,TREE
2022-04,TRMK
2022-04,TRST
2022-04,TRUP
2022-04,TSE
2022-04,TTEC
2022-04,TTGT
2022-04,TTMI
2022-04,TUP
2022-04,TVTY
2022-04,TWI
2022-04,TWNK
2022-04,TWO
2022-04,UBA
2022-04,UCBI
2022-04,UCTT
2022-04,UE
2022-04,UEIC
2022-04,UFCS
2022-04,UFI
2022-04,UFPI
2022-04,UHT
2022-04,UIS
2022-04,UNF
2022-04,UNFI
2022-04,UNIT
2022-04,USNA
2022-04,USPH
2022-04,UTL
2022-04,UVE
2022-04,UVV
2022-04,VBTX
2022-04,VCEL
2022-04,VECO
2022-04,VG
2022-04,VGR
2022-04,VIAV
2022-04,VIOO
2022-04,VIR
2022-04,VIVO
2022-04,VNDA
2022-04,VRA
2022-04,VRE
2022-04,VREX
2022-04,VRTS
2022-04,VRTV
2022-04,VSTO
2022-04,VTOL
2022-04,VVI
2022-04,WABC
2022-04,WD
2022-04,WDFC
2022-04,WETF
2022-04,WGO
2022-04,WIRE
2022-04,WNC
2022-04,WRE
2022-04,WRLD
2022-04,WSFS
2022-04,WSR
2022-04,WW
2022-04,WWW
2022-04,XHR
2022-04,XNCR
2022-04,XPEL
2022-04,XPER
2022-04,ZEUS
2022-04,ZIMV
2022-04,ZUMZ
2022-04,ZYXI
2022-05,AAN
2022-05,AAON
2022-05,AAT
2022-05,AAWW
2022-05,ABCB
2022-05,ABG
2022-05,ABM
2022-05,ABTX
2022-05,ACA
2022-05,ACLS
2022-05,ADC
2022-05,ADTN
2022-05,ADUS
2022-05,AEIS
2022-05,AEL
2022-05,AGO
2022-05,AGYS
2022-05,AHH
2022-05,AIN
2022-05,AIR
2022-05,AIT
2022-05,AJRD
2022-05,AKR
2022-05,ALEX
2022-05,ALG
2022-05,ALGT
2022-05,ALRM
2022-05,AMBC
2022-05,AMCX
2022-05,AMEH
2022-05,AMN
2022-05,AMPH
2022-05,AMSF
2022-05,AMWD
2022-05,ANDE
2022-05,ANF
2022-05,ANGO
2022-05,ANIK
2022-05,ANIP
2022-05,AORT
2022-05,AOSL
2022-05,APEI
2022-05,APOG
2022-05,ARCB
2022-05,ARI
2022-05,ARLO
2022-05,ARNC
2022-05,AROC
2022-05,ARR
2022-05,ASIX
2022-05,ASO
2022-05,ASTE
2022-05,ATEN
2022-05,ATGE
2022-05,ATI
2022-05,ATNI
2022-05,AVA
2022-05,AVAV
2022-05,AVD
2022-05,AVNS
2022-05,AWR
2022-05,AX
2022-05,AXL
2022-05,AZZ
2022-05,B
2022-05,BANC
2022-05,BANF
2022-05,BANR
2022-05,BBBY
2022-05,BCC
2022-05,BCOR
2022-05,BCPC
2022-05,BDN
2022-05,BFS
2022-05,BGS
2022-05,BHE
2022-05,BHLB
2022-05,BIG
2022-05,BJRI
2022-05,BKE
2022-05,BKU
2022-05,BLFS
2022-05,BLMN
2022-05,BMI
2022-05,BOOM
2022-05,BOOT
2022-05,BRC
2022-05,BRKL
2022-05,BSIG
2022-05,CAKE
2022-05,CAL
2022-05,CALM
2022-05,CAMP
2022-05,CARA
2022-05,CARS
2022-05,CASH
2022-05,CATO
2022-05,CBU
2022-05,CCOI
2022-05,CCRN
2022-05,CCS
2022-05,CCSI
2022-05,CDMO
2022-05,CEIX
2022-05,CELH
2022-05,CENT
2022-05,CENTA
2022-05,CENX
2022-05,CEVA
2022-05,CFFN
2022-05,CHCO
2022-05,CHCT
2022-05,CHEF
2022-05,CHRS
2022-05,CHS
2022-05,CHUY
2022-05,CIR
2022-05,CIVI
2022-05,CLB
2022-05,CLDT
2022-05,CLW
2022-05,CMP
2022-05,CMTL
2022-05,CNK
2022-05,CNMD
2022-05,CNSL
2022-05,CNXN
2022-05,COHU
2022-05,COKE
2022-05,COLB
2022-05,COLL
2022-05,CONN
2022-05,COOP
2022-05,CORT
2022-05,CPE
2022-05,CPF
2022-05,CPK
2022-05,CPSI
2022-05,CRMT
2022-05,CRNC
2022-05,CRS
2022-05,CRSR
2022-05,CRVL
2022-05,CSGS
2022-05,CSII
2022-05,CSR
2022-05,CTRE
2022-05,CTS
2022-05,CUBI
2022-05,CUTR
2022-05,CVBF
2022-05,CVCO
2022-05,CVET
2022-05,CVGW
2022-05,CWT
2022-05,CXW
2022-05,CYH
2022-05,CYTK
2022-05,DBD
2022-05,DBI
2022-05,DCOM
2022-05,DDD
2022-05,DEA
2022-05,DFIN
2022-05,DGII
2022-05,DHC
2022-05,DIN
2022-05,DIOD
2022-05,DLX
2022-05,DNOW
2022-05,DORM
2022-05,DOUG
2022-05,DRH
2022-05,DRQ
2022-05,DVAX
2022-05,DXPE
2022-05,EAT
2022-05,EBIX
2022-05,EBS
2022-05,ECPG
2022-05,EFC
2022-05,EGBN
2022-05,EGHT
2022-05,EGRX
2022-05,EHTH
2022-05,EIG
2022-05,ELF
2022-05,EMBC
2022-05,ENDP
2022-05,ENSG
2022-05,ENTA
2022-05,ENVA
2022-05,EPAC
2022-05,EPC
2022-05,EPRT
2022-05,ESE
2022-05,ETD
2022-05,EVTC
2022-05,EXLS
2022-05,EXPO
2022-05,EXTR
2022-05,EZPW
2022-05,FARO
2022-05,FBC
2022-05,FBK
2022-05,FBNC
2022-05,FBP
2022-05,FBRT
2022-05,FCF
2022-05,FCPT
2022-05,FDP
2022-05,FELE
2022-05,FF
2022-05,FFBC
2022-05,FHB
2022-05,FIX
2022-05,FIZZ
2022-05,FLGT
2022-05,FN
2022-05,FORM
2022-05,FORR
2022-05,FOSL
2022-05,FSS
2022-05,FUL
2022-05,FWRD
2022-05,GBX
2022-05,GCI
2022-05,GCO
2022-05,GCP
2022-05,GDEN
2022-05,GDOT
2022-05,GEO
2022-05,GES
2022-05,GFF
2022-05,GHL
2022-05,GIII
2022-05,GKOS
2022-05,GLT
2022-05,GMS
2022-05,GNL
2022-05,GNW
2022-05,GOGO
2022-05,GPI
2022-05,GPMT
2022-05,GPRE
2022-05,GTY
2022-05,GVA
2022-05,HA
2022-05,HAFC
2022-05,HAYN
2022-05,HCC
2022-05,HCI
2022-05,HCSG
2022-05,HFWA
2022-05,HI
2022-05,HIBB
2022-05,HLIT
2022-05,HLX
2022-05,HMN
2022-05,HMST
2022-05,HNGR
2022-05,HNI
2022-05,HOPE
2022-05,HP
2022-05,HRMY
2022-05,HSC
2022-05,HSII
2022-05,HSKA
2022-05,HSTM
2022-05,HT
2022-05,HTH
2022-05,HTLD
2022-05,HUBG
2022-05,HVT
2022-05,HWKN
2022-05,HZO
2022-05,IBP
2022-05,IBTX
2022-05,ICHR
2022-05,IDCC
2022-05,IIIN
2022-05,IIPR
2022-05,IJR
2022-05,ILPT
2022-05,INDB
2022-05,INGN
2022-05,INN
2022-05,INT
2022-05,INVA
2022-05,IOSP
2022-05,IPAR
2022-05,IRBT
2022-05,ITGR
2022-05,ITOS
2022-05,ITRI
2022-05,IVR
2022-05,JACK
2022-05,JBSS
2022-05,JBT
2022-05,JJSF
2022-05,JOE
2022-05,JRVR
2022-05,JYNT
2022-05,KALU
2022-05,KAMN
2022-05,KAR
2022-05,KELYA
2022-05,KFY
2022-05,KLIC
2022-05,KN
2022-05,KOP
2022-05,KREF
2022-05,KTB
2022-05,KWR
2022-05,LCII
2022-05,LGIH
2022-05,LGND
2022-05,LKFN
2022-05,LL
2022-05,LMAT
2022-05,LNN
2022-05,LNTH
2022-05,LOCO
2022-05,LPG
2022-05,LPI
2022-05,LPSN
2022-05,LQDT
2022-05,LTC
2022-05,LTHM
2022-05,LXP
2022-05,LYLT
2022-05,LZB
2022-05,MANT
2022-05,MATW
2022-05,MATX
2022-05,MCRI
2022-05,MCS
2022-05,MD
2022-05,MDC
2022-05,MDRX
2022-05,MED
2022-05,MEI
2022-05,MERC
2022-05,MGPI
2022-05,MHO
2022-05,MLAB
2022-05,MLI
2022-05,MMI
2022-05,MMSI
2022-05,MNRO
2022-05,MODV
2022-05,MOG.A
2022-05,MOV
2022-05,MPAA
2022-05,MRTN
2022-05,MSEX
2022-05,MTH
2022-05,MTOR
2022-05,MTRN
2022-05,MXL
2022-05,MYE
2022-05,MYGN
2022-05,MYRG
2022-05,NBHC
2022-05,NBR
2022-05,NBTB
2022-05,NEO
2022-05,NFBK
2022-05,NKTR
2022-05,NMIH
2022-05,NP
2022-05,NPK
2022-05,NPO
2022-05,NSIT
2022-05,NTCT
2022-05,NTGR
2022-05,NTUS
2022-05,NVEE
2022-05,NWBI
2022-05,NWN
2022-05,NX
2022-05,NXGN
2022-05,NXRT
2022-05,NYMT
2022-05,ODP
2022-05,OFG
2022-05,OFIX
2022-05,OI
2022-05,OII
2022-05,OIS
2022-05,OMCL
2022-05,OMI
2022-05,ONL
2022-05,ONTO
2022-05,OPI
2022-05,OPRX
2022-05,ORGO
2022-05,OSIS
2022-05,OSPN
2022-05,OSUR
2022-05,OXM
2022-05,PAHC
2022-05,PARR
2022-05,PATK
2022-05,PBF
2022-05,PBH
2022-05,PBI
2022-05,PCRX
2022-05,PDFS
2022-05,PETS
2022-05,PFBC
2022-05,PFS
2022-05,PGTI
2022-05,PIPR
2022-05,PKE
2022-05,PLAB
2022-05,PLAY
2022-05,PLCE
2022-05,PLMR
2022-05,PLUS
2022-05,PLXS
2022-05,PMT
2022-05,PNTG
2022-05,POLY
2022-05,POWL
2022-05,PPBI
2022-05,PRA
2022-05,PRAA
2022-05,PRDO
2022-05,PRFT
2022-05,PRG
2022-05,PRGS
2022-05,PRLB
2022-05,PSMT
2022-05,PTEN
2022-05,PUMP
2022-05,QNST
2022-05,QURE
2022-05,RC
2022-05,RCII
2022-05,RCUS
2022-05,RDNT
2022-05,REGI
2022-05,RES
2022-05,REX
2022-05,REZI
2022-05,RGNX
2022-05,RGP
2022-05,RGR
2022-05,RILY
2022-05,RLGY
2022-05,RMAX
2022-05,RMBS
2022-05,RNST
2022-05,ROCC
2022-05,ROCK
2022-05,ROG
2022-05,ROIC
2022-05,RPT
2022-05,RRGB
2022-05,RUTH
2022-05,RWT
2022-05,RYAM
2022-05,SAFE
2022-05,SAFT
2022-05,SAH
2022-05,SANM
2022-05,SBCF
2022-05,SBH
2022-05,SBSI
2022-05,SCHL
2022-05,SCL
2022-05,SCSC
2022-05,SCVL
2022-05,SEM
2022-05,SENEA
2022-05,SFBS
2022-05,SFNC
2022-05,SGH
2022-05,SHAK
2022-05,SHEN
2022-05,SHOO
2022-05,SIG
2022-05,SITC
2022-05,SJI
2022-05,SKT
2022-05,SKYW
2022-05,SLCA
2022-05,SLP
2022-05,SLQT
2022-05,SLVM
2022-05,SM
2022-05,SMP
2022-05,SMPL
2022-05,SNBR
2022-05,SNEX
2022-05,SONO
2022-05,SPNT
2022-05,SPSC
2022-05,SPSM
2022-05,SPTN
2022-05,SPXC
2022-05,SRDX
2022-05,SSP
2022-05,SSTK
2022-05,STAR
2022-05,STBA
2022-05,STC
2022-05,STRA
2022-05,SUPN
2022-05,SVC
2022-05,SWM
2022-05,SWN
2022-05,SXC
2022-05,SXI
2022-05,TALO
2022-05,TBBK
2022-05,TBI
2022-05,TBK
2022-05,TCMD
2022-05,TDS
2022-05,TG
2022-05,TGI
2022-05,THRM
2022-05,THRY
2022-05,THS
2022-05,TILE
2022-05,TMST
2022-05,TNC
2022-05,TPH
2022-05,TR
2022-05,TREE
2022-05,TRMK
2022-05,TRST
2022-05,TRUP
2022-05,TSE
2022-05,TTEC
2022-05,TTGT
2022-05,TTMI
2022-05,TUP
2022-05,TVTY
2022-05,TWI
2022-05,TWNK
2022-05,TWO
2022-05,UBA
2022-05,UCBI
2022-05,UCTT
2022-05,UE
2022-05,UEIC
2022-05,UFCS
2022-05,UFI
2022-05,UFPI
2022-05,UHT
2022-05,UIS
2022-05,UNF
2022-05,UNFI
2022-05,UNIT
2022-05,USNA
2022-05,USPH
2022-05,UTL
2022-05,UVE
2022-05,UVV
2022-05,VBTX
2022-05,VCEL
2022-05,VECO
2022-05,VG
2022-05,VGR
2022-05,VIAV
2022-05,VIOO
2022-05,VIR
2022-05,VIVO
2022-05,VNDA
2022-05,VRA
2022-05,VRE
2022-05,VREX
2022-05,VRTS
2022-05,VRTV
2022-05,VSTO
2022-05,VTOL
2022-05,VVI
2022-05,WABC
2022-05,WD
2022-05,WDFC
2022-05,WETF
2022-05,WGO
2022-05,WIRE
2022-05,WNC
2022-05,WRE
2022-05,WRLD
2022-05,WSFS
2022-05,WSR
2022-05,WW
2022-05,WWW
2022-05,XHR
2022-05,XNCR
2022-05,XPEL
2022-05,XPER
2022-05,ZEUS
2022-05,ZIMV
2022-05,ZUMZ
2022-05,ZYXI
2022-06,AAN
2022-06,AAON
2022-06,AAT
2022-06,AAWW
2022-06,ABCB
2022-06,ABG
2022-06,ABM
2022-06,ABTX
2022-06,ACA
2022-06,ACLS
2022-06,ADC
2022-06,ADTN
2022-06,ADUS
2022-06,AEIS
2022-06,AEL
2022-06,AGO
2022-06,AGYS
2022-06,AHH
2022-06,AIN
2022-06,AIR
2022-06,AIT
2022-06,AJRD
2022-06,AKR
2022-06,ALEX
2022-06,ALG
2022-06,ALGT
2022-06,ALRM
2022-06,AMBC
2022-06,AMCX
2022-06,AMEH
2022-06,AMN
2022-06,AMPH
2022-06,AMSF
2022-06,AMWD
2022-06,ANDE
2022-06,ANF
2022-06,ANGO
2022-06,ANIK
2022-06,ANIP
2022-06,AORT
2022-06,AOSL
2022-06,APEI
2022-06,APOG
2022-06,ARCB
2022-06,ARI
2022-06,ARLO
2022-06,ARNC
2022-06,AROC
2022-06,ARR
2022-06,ASIX
2022-06,ASO
2022-06,ASTE
2022-06,ATEN
2022-06,ATGE
2022-06,ATI
2022-06,ATNI
2022-06,AVA
2022-06,AVAV
2022-06,AVD
2022-06,AVNS
2022-06,AWR
2022-06,AX
2022-06,AXL
2022-06,AZZ
2022-06,B
2022-06,BANC
2022-06,BANF
2022-06,BANR
2022-06,BBBY
2022-06,BCC
2022-06,BCOR
2022-06,BCPC
2022-06,BDN
2022-06,BFS
2022-06,BGS
2022-06,BHE
2022-06,BHLB
2022-06,BIG
2022-06,BJRI
2022-06,BKE
2022-06,BKU
2022-06,BLFS
2022-06,BLMN
2022-06,BMI
2022-06,BOOM
2022-06,BOOT
2022-06,BRC
2022-06,BRKL
2022-06,BSIG
2022-06,CAKE
2022-06,CAL
2022-06,CALM
2022-06,CAMP
2022-06,CARA
2022-06,CARS
2022-06,CASH
2022-06,CATO
2022-06,CBU
2022-06,CCOI
2022-06,CCRN
2022-06,CCS
2022-06,CCSI
2022-06,CDMO
2022-06,CEIX
2022-06,CELH
2022-06,CENT
2022-06,CENTA
2022-06,CENX
2022-06,CEVA
2022-06,CFFN
2022-06,CHCO
2022-06,CHCT
2022-06,CHEF
2022-06,CHRS
2022-06,CHS
2022-06,CHUY
2022-06,CIR
2022-06,CIVI
2022-06,CLB
2022-06,CLDT
2022-06,CLW
2022-06,CMP
2022-06,CMTL
2022-06,CNK
2022-06,CNMD
2022-06,CNSL
2022-06,CNXN
2022-06,COHU
2022-06,COKE
2022-06,COLB
2022-06,COLL
2022-06,CONN
2022-06,COOP
2022-06,CORT
2022-06,CPE
2022-06,CPF
2022-06,CPK
2022-06,CPSI
2022-06,CRMT
2022-06,CRNC
2022-06,CRS
2022-06,CRSR
2022-06,CRVL
2022-06,CSGS
2022-06,CSII
2022-06,CSR
2022-06,CTRE
2022-06,CTS
2022-06,CUBI
2022-06,CUTR
2022-06,CVBF
2022-06,CVCO
2022-06,CVET
2022-06,CVGW
2022-06,CWT
2022-06,CXW
2022-06,CYH
2022-06,CYTK
2022-06,DBD
2022-06,DBI
2022-06,DCOM
2022-06,DDD
2022-06,DEA
2022-06,DFIN
2022-06,DGII
2022-06,DHC
2022-06,DIN
2022-06,DIOD
2022-06,DLX
2022-06,DNOW
2022-06,DORM
2022-06,DOUG
2022-06,DRH
2022-06,DRQ
2022-06,DVAX
2022-06,DXPE
2022-06,EAT
2022-06,EBIX
2022-06,EBS
2022-06,ECPG
2022-06,EFC
2022-06,EGBN
2022-06,EGHT
2022-06,EGRX
2022-06,EHTH
2022-06,EIG
2022-06,ELF
2022-06,EMBC
2022-06,ENSG
2022-06,ENTA
2022-06,ENVA
2022-06,EPAC
2022-06,EPC
2022-06,EPRT
2022-06,ESE
2022-06,ETD
2022-06,EVTC
2022-06,EXLS
2022-06,EXPO
2022-06,EXTR
2022-06,EYE
2022-06,EZPW
2022-06,FARO
2022-06,FBC
2022-06,FBK
2022-06,FBNC
2022-06,FBP
2022-06,FBRT
2022-06,FCF
2022-06,FCPT
2022-06,FDP
2022-06,FELE
2022-06,FF
2022-06,FFBC
2022-06,FHB
2022-06,FIX
2022-06,FIZZ
2022-06,FLGT
2022-06,FN
2022-06,FORM
2022-06,FORR
2022-06,FOSL
2022-06,FSS
2022-06,FUL
2022-06,FWRD
2022-06,GBX
2022-06,GCI
2022-06,GCO
2022-06,GCP
2022-06,GDEN
2022-06,GDOT
2022-06,GEO
2022-06,GES
2022-06,GFF
2022-06,GIII
2022-06,GKOS
2022-06,GLT
2022-06,GMS
2022-06,GNL
2022-06,GNW
2022-06,GOGO
2022-06,GPI
2022-06,GPMT
2022-06,GPRE
2022-06,GTY
2022-06,GVA
2022-06,HA
2022-06,HAFC
2022-06,HAYN
2022-06,HCC
2022-06,HCI
2022-06,HCSG
2022-06,HFWA
2022-06,HI
2022-06,HIBB
2022-06,HLIT
2022-06,HLX
2022-06,HMN
2022-06,HMST
2022-06,HNGR
2022-06,HNI
2022-06,HOPE
2022-06,HP
2022-06,HRMY
2022-06,HSC
2022-06,HSII
2022-06,HSKA
2022-06,HSTM
2022-06,HT
2022-06,HTH
2022-06,HTLD
2022-06,HUBG
2022-06,HVT
2022-06,HWKN
2022-06,HZO
2022-06,IBP
2022-06,IBTX
2022-06,ICHR
2022-06,IDCC
2022-06,IIIN
2022-06,IIPR
2022-06,IJR
2022-06,ILPT
2022-06,INDB
2022-06,INGN
2022-06,INN
2022-06,INT
2022-06,INVA
2022-06,IOSP
2022-06,IPAR
2022-06,IRBT
2022-06,IRWD
2022-06,ITGR
2022-06,ITOS
2022-06,ITRI
2022-06,IVR
2022-06,JACK
2022-06,JBSS
2022-06,JBT
2022-06,JJSF
2022-06,JOE
2022-06,JRVR
2022-06,JYNT
2022-06,KALU
2022-06,KAMN
2022-06,KAR
2022-06,KELYA
2022-06,KFY
2022-06,KLIC
2022-06,KN
2022-06,KOP
2022-06,KREF
2022-06,KTB
2022-06,KWR
2022-06,LCII
2022-06,LGIH
2022-06,LGND
2022-06,LKFN
2022-06,LL
2022-06,LMAT
2022-06,LNN
2022-06,LNTH
2022-06,LOCO
2022-06,LPG
2022-06,LPI
2022-06,LPSN
2022-06,LQDT
2022-06,LTC
2022-06,LTHM
2022-06,LXP
2022-06,LYLT
2022-06,LZB
2022-06,MANT
2022-06,MATW
2022-06,MATX
2022-06,MCRI
2022-06,MCS
2022-06,MD
2022-06,MDC
2022-06,MDRX
2022-06,MED
2022-06,MEI
2022-06,MERC
2022-06,MGPI
2022-06,MHO
2022-06,MLAB
2022-06,MLI
2022-06,MMI
2022-06,MMSI
2022-06,MNRO
2022-06,MODV
2022-06,MOG.A
2022-06,MOV
2022-06,MPAA
2022-06,MRTN
2022-06,MSEX
2022-06,MTH
2022-06,MTOR
2022-06,MTRN
2022-06,MXL
2022-06,MYE
2022-06,MYGN
2022-06,MYRG
2022-06,NBHC
2022-06,NBR
2022-06,NBTB
2022-06,NEO
2022-06,NFBK
2022-06,NKTR
2022-06,NMIH
2022-06,NP
2022-06,NPK
2022-06,NPO
2022-06,NSIT
2022-06,NTCT
2022-06,NTGR
2022-06,NTUS
2022-06,NVEE
2022-06,NWBI
2022-06,NWN
2022-06,NX
2022-06,NXGN
2022-06,NXRT
2022-06,NYMT
2022-06,ODP
2022-06,OFG
2022-06,OFIX
2022-06,OI
2022-06,OII
2022-06,OIS
2022-06,OMCL
2022-06,OMI
2022-06,ONL
2022-06,ONTO
2022-06,OPI
2022-06,OPRX
2022-06,ORGO
2022-06,OSIS
2022-06,OSPN
2022-06,OSUR
2022-06,OXM
2022-06,PAHC
2022-06,PARR
2022-06,PATK
2022-06,PBF
2022-06,PBH
2022-06,PBI
2022-06,PCRX
2022-06,PDFS
2022-06,PETS
2022-06,PFBC
2022-06,PFS
2022-06,PGTI
2022-06,PIPR
2022-06,PKE
2022-06,PLAB
2022-06,PLAY
2022-06,PLCE
2022-06,PLMR
2022-06,PLUS
2022-06,PLXS
2022-06,PMT
2022-06,PNTG
2022-06,POLY
2022-06,POWL
2022-06,PPBI
2022-06,PRA
2022-06,PRAA
2022-06,PRDO
2022-06,PRFT
2022-06,PRG
2022-06,PRGS
2022-06,PRLB
2022-06,PSMT
2022-06,PTEN
2022-06,PUMP
2022-06,QNST
2022-06,QURE
2022-06,RAMP
2022-06,RC
2022-06,RCII
2022-06,RCUS
2022-06,RDNT
2022-06,RES
2022-06,REX
2022-06,REZI
2022-06,RGNX
2022-06,RGP
2022-06,RGR
2022-06,RILY
2022-06,RLGY
2022-06,RMAX
2022-06,RMBS
2022-06,RNST
2022-06,ROCC
2022-06,ROCK
2022-06,ROG
2022-06,ROIC
2022-06,RPT
2022-06,RUTH
2022-06,RWT
2022-06,RYAM
2022-06,SAFE
2022-06,SAFT
2022-06,SAH
2022-06,SANM
2022-06,SBCF
2022-06,SBH
2022-06,SBSI
2022-06,SCHL
2022-06,SCL
2022-06,SCSC
2022-06,SCVL
2022-06,SEM
2022-06,SENEA
2022-06,SFBS
2022-06,SFNC
2022-06,SGH
2022-06,SHAK
2022-06,SHEN
2022-06,SHOO
2022-06,SIG
2022-06,SITC
2022-06,SJI
2022-06,SKT
2022-06,SKYW
2022-06,SLCA
2022-06,SLP
2022-06,SLQT
2022-06,SLVM
2022-06,SM
2022-06,SMP
2022-06,SMPL
2022-06,SNBR
2022-06,SNEX
2022-06,SONO
2022-06,SPNT
2022-06,SPSC
2022-06,SPSM
2022-06,SPTN
2022-06,SPXC
2022-06,SRDX
2022-06,SSP
2022-06,SSTK
2022-06,STAR
2022-06,STBA
2022-06,STC
2022-06,STRA
2022-06,SUPN
2022-06,SVC
2022-06,SWM
2022-06,SWN
2022-06,SXC
2022-06,SXI
2022-06,TALO
2022-06,TBBK
2022-06,TBI
2022-06,TBK
2022-06,TDS
2022-06,TG
2022-06,TGI
2022-06,THRM
2022-06,THRY
2022-06,THS
2022-06,TILE
2022-06,TMST
2022-06,TNC
2022-06,TPH
2022-06,TR
2022-06,TREE
2022-06,TRMK
2022-06,TRN
2022-06,TRST
2022-06,TRUP
2022-06,TSE
2022-06,TTEC
2022-06,TTGT
2022-06,TTMI
2022-06,TUP
2022-06,TVTY
2022-06,TWI
2022-06,TWNK
2022-06,TWO
2022-06,UBA
2022-06,UCBI
2022-06,UCTT
2022-06,UE
2022-06,UEIC
2022-06,UFCS
2022-06,UFI
2022-06,UFPI
2022-06,UHT
2022-06,UIS
2022-06,UNF
2022-06,UNFI
2022-06,UNIT
2022-06,URBN
2022-06,USNA
2022-06,USPH
2022-06,UTL
2022-06,UVE
2022-06,UVV
2022-06,VBTX
2022-06,VCEL
2022-06,VECO
2022-06,VG
2022-06,VGR
2022-06,VIAV
2022-06,VIOO
2022-06,VIR
2022-06,VIVO
2022-06,VNDA
2022-06,VRE
2022-06,VREX
2022-06,VRTS
2022-06,VRTV
2022-06,VSTO
2022-06,VTOL
2022-06,VVI
2022-06,WABC
2022-06,WD
2022-06,WDFC
2022-06,WETF
2022-06,WGO
2022-06,WIRE
2022-06,WNC
2022-06,WRE
2022-06,WRLD
2022-06,WSFS
2022-06,WSR
2022-06,WW
2022-06,WWW
2022-06,XHR
2022-06,XNCR
2022-06,XPEL
2022-06,XPER
2022-06,YELP
2022-06,ZEUS
2022-06,ZIMV
2022-06,ZUMZ
2022-06,ZYXI
2022-07,AAN
2022-07,AAON
2022-07,AAT
2022-07,AAWW
2022-07,ABCB
2022-07,ABG
2022-07,ABM
2022-07,ABTX
2022-07,ACA
2022-07,ACLS
2022-07,ADC
2022-07,ADTN
2022-07,ADUS
2022-07,AEIS
2022-07,AEL
2022-07,AGO
2022-07,AGYS
2022-07,AHH
2022-07,AIN
2022-07,AIR
2022-07,AIT
2022-07,AJRD
2022-07,AKR
2022-07,ALEX
2022-07,ALG
2022-07,ALGT
2022-07,ALRM
2022-07,AMBC
2022-07,AMCX
2022-07,AMEH
2022-07,AMN
2022-07,AMPH
2022-07,AMSF
2022-07,AMWD
2022-07,ANDE
2022-07,ANF
2022-07,ANGO
2022-07,ANIK
2022-07,ANIP
2022-07,AORT
2022-07,AOSL
2022-07,APEI
2022-07,APOG
2022-07,APPS
2022-07,ARCB
2022-07,ARI
2022-07,ARLO
2022-07,ARNC
2022-07,AROC
2022-07,ARR
2022-07,ASIX
2022-07,ASO
2022-07,ASTE
2022-07,ATEN
2022-07,ATGE
2022-07,ATI
2022-07,ATNI
2022-07,AVA
2022-07,AVAV
2022-07,AVD
2022-07,AVNS
2022-07,AWR
2022-07,AX
2022-07,AXL
2022-07,AZZ
2022-07,B
2022-07,BANC
2022-07,BANF
2022-07,BANR
2022-07,BBBY
2022-07,BCC
2022-07,BCOR
2022-07,BCPC
2022-07,BDN
2022-07,BFS
2022-07,BGS
2022-07,BHE
2022-07,BHLB
2022-07,BIG
2022-07,BJRI
2022-07,BKE
2022-07,BKU
2022-07,BLFS
2022-07,BLMN
2022-07,BMI
2022-07,BOOM
2022-07,BOOT
2022-07,BRC
2022-07,BRKL
2022-07,BSIG
2022-07,CAKE
2022-07,CAL
2022-07,CALM
2022-07,CAMP
2022-07,CARA
2022-07,CARS
2022-07,CASH
2022-07,CATO
2022-07,CBU
2022-07,CCOI
2022-07,CCRN
2022-07,CCS
2022-07,CCSI
2022-07,CDMO
2022-07,CEIX
2022-07,CELH
2022-07,CENT
2022-07,CENTA
2022-07,CENX
2022-07,CEVA
2022-07,CFFN
2022-07,CHCO
2022-07,CHCT
2022-07,CHEF
2022-07,CHRS
2022-07,CHS
2022-07,CHUY
2022-07,CIR
2022-07,CIVI
2022-07,CLB
2022-07,CLDT
2022-07,CLW
2022-07,CMP
2022-07,CMTL
2022-07,CNK
2022-07,CNMD
2022-07,CNSL
2022-07,CNXN
2022-07,COHU
2022-07,COLB
2022-07,COLL
2022-07,CONN
2022-07,COOP
2022-07,CORT
2022-07,CPE
2022-07,CPF
2022-07,CPK
2022-07,CPSI
2022-07,CRMT
2022-07,CRNC
2022-07,CRS
2022-07,CRSR
2022-07,CRVL
2022-07,CSGS
2022-07,CSII
2022-07,CSR
2022-07,CTRE
2022-07,CTS
2022-07,CUBI
2022-07,CUTR
2022-07,CVBF
2022-07,CVCO
2022-07,CVET
2022-07,CVGW
2022-07,CWT
2022-07,CXW
2022-07,CYH
2022-07,CYTK
2022-07,DBD
2022-07,DBI
2022-07,DCOM
2022-07,DDD
2022-07,DEA
2022-07,DFIN
2022-07,DGII
2022-07,DHC
2022-07,DIN
2022-07,DIOD
2022-07,DLX
2022-07,DNOW
2022-07,DORM
2022-07,DOUG
2022-07,DRH
2022-07,DRQ
2022-07,DVAX
2022-07,DXPE
2022-07,EAT
2022-07,EBIX
2022-07,EBS
2022-07,ECPG
2022-07,EFC
2022-07,EGBN
2022-07,EGHT
2022-07,EGRX
2022-07,EHAB
2022-07,EHTH
2022-07,EIG
2022-07,ELF
2022-07,EMBC
2022-07,ENSG
2022-07,ENTA
2022-07,ENVA
2022-07,EPAC
2022-07,EPC
2022-07,EPRT
2022-07,ESE
2022-07,ETD
2022-07,EVTC
2022-07,EXLS
2022-07,EXPO
2022-07,EXTR
2022-07,EYE
2022-07,EZPW
2022-07,FARO
2022-07,FBC
2022-07,FBK
2022-07,FBNC
2022-07,FBP
2022-07,FBRT
2022-07,FCF
2022-07,FCPT
2022-07,FDP
2022-07,FELE
2022-07,FF
2022-07,FFBC
2022-07,FHB
2022-07,FIX
2022-07,FIZZ
2022-07,FLGT
2022-07,FN
2022-07,FORM
2022-07,FORR
2022-07,FOSL
2022-07,FSS
2022-07,FTDR
2022-07,FUL
2022-07,FWRD
2022-07,GBX
2022-07,GCI
2022-07,GCO
2022-07,GCP
2022-07,GDEN
2022-07,GDOT
2022-07,GEO
2022-07,GES
2022-07,GFF
2022-07,GIII
2022-07,GKOS
2022-07,GLT
2022-07,GMS
2022-07,GNL
2022-07,GNW
2022-07,GOGO
2022-07,GPI
2022-07,GPMT
2022-07,GPRE
2022-07,GRBK
2022-07,GTY
2022-07,GVA
2022-07,HA
2022-07,HAFC
2022-07,HAYN
2022-07,HCC
2022-07,HCI
2022-07,HCSG
2022-07,HFWA
2022-07,HI
2022-07,HIBB
2022-07,HLIT
2022-07,HLX
2022-07,HMN
2022-07,HMST
2022-07,HNGR
2022-07,HNI
2022-07,HOPE
2022-07,HOUS
2022-07,HP
2022-07,HRMY
2022-07,HSC
2022-07,HSII
2022-07,HSKA
2022-07,HSTM
2022-07,HT
2022-07,HTH
2022-07,HTLD
2022-07,HUBG
2022-07,HVT
2022-07,HWKN
2022-07,HZO
2022-07,IBP
2022-07,IBTX
2022-07,ICHR
2022-07,IDCC
2022-07,IIIN
2022-07,IIPR
2022-07,IJR
2022-07,ILPT
2022-07,INDB
2022-07,INGN
2022-07,INN
2022-07,INT
2022-07,INVA
2022-07,IOSP
2022-07,IPAR
2022-07,IRBT
2022-07,IRWD
2022-07,ITGR
2022-07,ITOS
2022-07,ITRI
2022-07,IVR
2022-07,JACK
2022-07,JBSS
2022-07,JBT
2022-07,JJSF
2022-07,JOE
2022-07,JRVR
2022-07,JYNT
2022-07,KALU
2022-07,KAMN
2022-07,KAR
2022-07,KELYA
2022-07,KFY
2022-07,KLIC
2022-07,KN
2022-07,KOP
2022-07,KREF
2022-07,KTB
2022-07,KWR
2022-07,LCII
2022-07,LGIH
2022-07,LGND
2022-07,LKFN
2022-07,LL
2022-07,LMAT
2022-07,LNN
2022-07,LNTH
2022-07,LOCO
2022-07,LPG
2022-07,LPI
2022-07,LPSN
2022-07,LQDT
2022-07,LRN
2022-07,LTC
2022-07,LTHM
2022-07,LXP
2022-07,LZB
2022-07,MANT
2022-07,MATW
2022-07,MATX
2022-07,MCRI
2022-07,MCS
2022-07,MD
2022-07,MDC
2022-07,MDRX
2022-07,MED
2022-07,MEI
2022-07,MERC
2022-07,MGPI
2022-07,MHO
2022-07,MLAB
2022-07,MLI
2022-07,MMI
2022-07,MMSI
2022-07,MNRO
2022-07,MODV
2022-07,MOG.A
2022-07,MOV
2022-07,MPAA
2022-07,MRTN
2022-07,MSEX
2022-07,MTH
2022-07,MTOR
2022-07,MTRN
2022-07,MXL
2022-07,MYE
2022-07,MYGN
2022-07,MYRG
2022-07,NBHC
2022-07,NBR
2022-07,NBTB
2022-07,NEO
2022-07,NFBK
2022-07,NKTR
2022-07,NMIH
2022-07,NPK
2022-07,NPO
2022-07,NSIT
2022-07,NTCT
2022-07,NTGR
2022-07,NVEE
2022-07,NWBI
2022-07,NWN
2022-07,NX
2022-07,NXGN
2022-07,NXRT
2022-07,NYMT
2022-07,ODP
2022-07,OFG
2022-07,OFIX
2022-07,OI
2022-07,OII
2022-07,OIS
2022-07,OMI
2022-07,ONL
2022-07,ONTO
2022-07,OPI
2022-07,OPRX
2022-07,ORGO
2022-07,OSIS
2022-07,OSPN
2022-07,OSUR
2022-07,OXM
2022-07,PAHC
2022-07,PARR
2022-07,PATK
2022-07,PBF
2022-07,PBH
2022-07,PBI
2022-07,PCRX
2022-07,PDFS
2022-07,PETS
2022-07,PFBC
2022-07,PFS
2022-07,PGTI
2022-07,PIPR
2022-07,PKE
2022-07,PLAB
2022-07,PLAY
2022-07,PLCE
2022-07,PLMR
2022-07,PLUS
2022-07,PLXS
2022-07,PMT
2022-07,PNTG
2022-07,POLY
2022-07,POWL
2022-07,PPBI
2022-07,PRA
2022-07,PRAA
2022-07,PRDO
2022-07,PRFT
2022-07,PRG
2022-07,PRGS
2022-07,PRLB
2022-07,PSMT
2022-07,PTEN
2022-07,PUMP
2022-07,QNST
2022-07,QURE
2022-07,RAMP
2022-07,RC
2022-07,RCII
2022-07,RCUS
2022-07,RDNT
2022-07,RES
2022-07,REX
2022-07,REZI
2022-07,RGNX
2022-07,RGP
2022-07,RGR
2022-07,RILY
2022-07,RMAX
2022-07,RMBS
2022-07,RNST
2022-07,ROCC
2022-07,ROCK
2022-07,ROG
2022-07,ROIC
2022-07,RPT
2022-07,RUTH
2022-07,RWT
2022-07,RYAM
2022-07,SAFE
2022-07,SAFT
2022-07,SAH
2022-07,SANM
2022-07,SBCF
2022-07,SBH
2022-07,SBSI
2022-07,SCHL
2022-07,SCL
2022-07,SCSC
2022-07,SCVL
2022-07,SEM
2022-07,SENEA
2022-07,SFBS
2022-07,SFNC
2022-07,SGH
2022-07,SHAK
2022-07,SHEN
2022-07,SHO
2022-07,SHOO
2022-07,SIG
2022-07,SITC
2022-07,SIX
2022-07,SJI
2022-07,SKT
2022-07,SKYW
2022-07,SLCA
2022-07,SLP
2022-07,SLQT
2022-07,SLVM
2022-07,SM
2022-07,SMP
2022-07,SMPL
2022-07,SNBR
2022-07,SNCY
2022-07,SNEX
2022-07,SONO
2022-07,SPNT
2022-07,SPSC
2022-07,SPSM
2022-07,SPTN
2022-07,SPXC
2022-07,SRDX
2022-07,SSP
2022-07,SSTK
2022-07,STAR
2022-07,STBA
2022-07,STC
2022-07,STRA
2022-07,SUPN
2022-07,SVC
2022-07,SWM
2022-07,SXC
2022-07,SXI
2022-07,TALO
2022-07,TBBK
2022-07,TBI
2022-07,TBK
2022-07,TDS
2022-07,TG
2022-07,TGI
2022-07,THRM
2022-07,THRY
2022-07,THS
2022-07,TILE
2022-07,TMST
2022-07,TNC
2022-07,TPH
2022-07,TR
2022-07,TREE
2022-07,TRMK
2022-07,TRN
2022-07,TRST
2022-07,TRUP
2022-07,TSE
2022-07,TTEC
2022-07,TTGT
2022-07,TTMI
2022-07,TUP
2022-07,TWI
2022-07,TWNK
2022-07,TWO
2022-07,UBA
2022-07,UCBI
2022-07,UCTT
2022-07,UE
2022-07,UEIC
2022-07,UFCS
2022-07,UFI
2022-07,UFPI
2022-07,UHT
2022-07,UIS
2022-07,UNF
2022-07,UNFI
2022-07,UNIT
2022-07,URBN
2022-07,USNA
2022-07,USPH
2022-07,UTL
2022-07,UVE
2022-07,UVV
2022-07,VBTX
2022-07,VCEL
2022-07,VECO
2022-07,VGR
2022-07,VIAV
2022-07,VIOO
2022-07,VIR
2022-07,VIVO
2022-07,VNDA
2022-07,VRE
2022-07,VREX
2022-07,VRTS
2022-07,VRTV
2022-07,VSTO
2022-07,VTOL
2022-07,VVI
2022-07,WABC
2022-07,WD
2022-07,WDFC
2022-07,WETF
2022-07,WGO
2022-07,WIRE
2022-07,WNC
2022-07,WRE
2022-07,WRLD
2022-07,WSFS
2022-07,WSR
2022-07,WW
2022-07,WWW
2022-07,XHR
2022-07,XNCR
2022-07,XPEL
2022-07,XPER
2022-07,YELP
2022-07,ZEUS
2022-07,ZIMV
2022-07,ZUMZ
2022-07,ZYXI
2022-08,AAN
2022-08,AAON
2022-08,AAT
2022-08,AAWW
2022-08,ABCB
2022-08,ABG
2022-08,ABM
2022-08,ABTX
2022-08,ACA
2022-08,ACLS
2022-08,ADC
2022-08,ADTN
2022-08,ADUS
2022-08,AEIS
2022-08,AEL
2022-08,AGO
2022-08,AGYS
2022-08,AHCO
2022-08,AHH
2022-08,AIN
2022-08,AIR
2022-08,AIT
2022-08,AJRD
2022-08,AKR
2022-08,ALEX
2022-08,ALG
2022-08,ALGT
2022-08,ALRM
2022-08,AMBC
2022-08,AMCX
2022-08,AMEH
2022-08,AMN
2022-08,AMPH
2022-08,AMSF
2022-08,AMWD
2022-08,ANDE
2022-08,ANF
2022-08,ANGO
2022-08,ANIK
2022-08,ANIP
2022-08,AORT
2022-08,AOSL
2022-08,APEI
2022-08,APOG
2022-08,APPS
2022-08,ARCB
2022-08,ARI
2022-08,ARLO
2022-08,ARNC
2022-08,AROC
2022-08,ARR
2022-08,ASIX
2022-08,ASO
2022-08,ASTE
2022-08,ATEN
2022-08,ATGE
2022-08,ATI
2022-08,ATNI
2022-08,AVA
2022-08,AVAV
2022-08,AVD
2022-08,AVNS
2022-08,AWR
2022-08,AX
2022-08,AXL
2022-08,AZZ
2022-08,B
2022-08,BANC
2022-08,BANF
2022-08,BANR
2022-08,BBBY
2022-08,BCC
2022-08,BCOR
2022-08,BCPC
2022-08,BDN
2022-08,BFS
2022-08,BGS
2022-08,BHE
2022-08,BHLB
2022-08,BIG
2022-08,BJRI
2022-08,BKE
2022-08,BKU
2022-08,BLFS
2022-08,BLMN
2022-08,BMI
2022-08,BOOM
2022-08,BOOT
2022-08,BRC
2022-08,BRKL
2022-08,BSIG
2022-08,CAKE
2022-08,CAL
2022-08,CALM
2022-08,CAMP
2022-08,CARA
2022-08,CARS
2022-08,CASH
2022-08,CATO
2022-08,CBU
2022-08,CCOI
2022-08,CCRN
2022-08,CCS
2022-08,CCSI
2022-08,CDMO
2022-08,CEIX
2022-08,CENT
2022-08,CENTA
2022-08,CENX
2022-08,CEVA
2022-08,CFFN
2022-08,CHCO
2022-08,CHCT
2022-08,CHEF
2022-08,CHRS
2022-08,CHS
2022-08,CHUY
2022-08,CIR
2022-08,CIVI
2022-08,CLB
2022-08,CLDT
2022-08,CLFD
2022-08,CLW
2022-08,CMP
2022-08,CMTL
2022-08,CNK
2022-08,CNMD
2022-08,CNSL
2022-08,CNXN
2022-08,COHU
2022-08,COLB
2022-08,COLL
2022-08,CONN
2022-08,COOP
2022-08,CORT
2022-08,CPE
2022-08,CPF
2022-08,CPK
2022-08,CPSI
2022-08,CRMT
2022-08,CRNC
2022-08,CRS
2022-08,CRSR
2022-08,CRVL
2022-08,CSGS
2022-08,CSII
2022-08,CSR
2022-08,CTRE
2022-08,CTS
2022-08,CUBI
2022-08,CUTR
2022-08,CVBF
2022-08,CVCO
2022-08,CVET
2022-08,CVGW
2022-08,CWT
2022-08,CXW
2022-08,CYH
2022-08,CYTK
2022-08,DBD
2022-08,DBI
2022-08,DCOM
2022-08,DDD
2022-08,DEA
2022-08,DFIN
2022-08,DGII
2022-08,DHC
2022-08,DIN
2022-08,DIOD
2022-08,DLX
2022-08,DNOW
2022-08,DORM
2022-08,DOUG
2022-08,DRH
2022-08,DRQ
2022-08,DVAX
2022-08,DXPE
2022-08,EAT
2022-08,EBIX
2022-08,EBS
2022-08,ECPG
2022-08,EFC
2022-08,EGBN
2022-08,EGHT
2022-08,EGRX
2022-08,EHAB
2022-08,EHTH
2022-08,EIG
2022-08,ELF
2022-08,EMBC
2022-08,ENSG
2022-08,ENTA
2022-08,ENVA
2022-08,EPAC
2022-08,EPC
2022-08,EPRT
2022-08,ESE
2022-08,ETD
2022-08,EVTC
2022-08,EXLS
2022-08,EXPO
2022-08,EXTR
2022-08,EYE
2022-08,EZPW
2022-08,FARO
2022-08,FBC
2022-08,FBK
2022-08,FBNC
2022-08,FBP
2022-08,FBRT
2022-08,FCF
2022-08,FCPT
2022-08,FDP
2022-08,FELE
2022-08,FF
2022-08,FFBC
2022-08,FHB
2022-08,FIX
2022-08,FIZZ
2022-08,FLGT
2022-08,FN
2022-08,FORM
2022-08,FORR
2022-08,FOSL
2022-08,FSS
2022-08,FTDR
2022-08,FUL
2022-08,FWRD
2022-08,GBX
2022-08,GCI
2022-08,GCO
2022-08,GCP
2022-08,GDEN
2022-08,GDOT
2022-08,GEO
2022-08,GES
2022-08,GFF
2022-08,GIII
2022-08,GKOS
2022-08,GLT
2022-08,GMS
2022-08,GNL
2022-08,GNW
2022-08,GOGO
2022-08,GPI
2022-08,GPMT
2022-08,GPRE
2022-08,GRBK
2022-08,GTY
2022-08,GVA
2022-08,HA
2022-08,HAFC
2022-08,HAYN
2022-08,HCC
2022-08,HCI
2022-08,HCSG
2022-08,HFWA
2022-08,HI
2022-08,HIBB
2022-08,HLIT
2022-08,HLX
2022-08,HMN
2022-08,HMST
2022-08,HNGR
2022-08,HNI
2022-08,HOPE
2022-08,HOUS
2022-08,HP
2022-08,HRMY
2022-08,HSC
2022-08,HSII
2022-08,HSKA
2022-08,HSTM
2022-08,HT
2022-08,HTH
2022-08,HTLD
2022-08,HUBG
2022-08,HVT
2022-08,HWKN
2022-08,HZO
2022-08,IBP
2022-08,IBTX
2022-08,ICHR
2022-08,IDCC
2022-08,IIIN
2022-08,IIPR
2022-08,IJR
2022-08,ILPT
2022-08,INDB
2022-08,INGN
2022-08,INN
2022-08,INT
2022-08,INVA
2022-08,IOSP
2022-08,IPAR
2022-08,IRBT
2022-08,IRWD
2022-08,ITGR
2022-08,ITOS
2022-08,ITRI
2022-08,IVR
2022-08,JACK
2022-08,JBSS
2022-08,JBT
2022-08,JJSF
2022-08,JOE
2022-08,JRVR
2022-08,JYNT
2022-08,KALU
2022-08,KAMN
2022-08,KAR
2022-08,KELYA
2022-08,KFY
2022-08,KLIC
2022-08,KN
2022-08,KOP
2022-08,KREF
2022-08,KTB
2022-08,KWR
2022-08,LCII
2022-08,LGIH
2022-08,LGND
2022-08,LKFN
2022-08,LL
2022-08,LMAT
2022-08,LNN
2022-08,LNTH
2022-08,LOCO
2022-08,LPG
2022-08,LPI
2022-08,LPSN
2022-08,LQDT
2022-08,LRN
2022-08,LTC
2022-08,LTHM
2022-08,LXP
2022-08,LZB
2022-08,MANT
2022-08,MATW
2022-08,MATX
2022-08,MCRI
2022-08,MCS
2022-08,MD
2022-08,MDC
2022-08,MDRX
2022-08,MED
2022-08,MEI
2022-08,MERC
2022-08,MGPI
2022-08,MHO
2022-08,MLAB
2022-08,MLI
2022-08,MMI
2022-08,MMSI
2022-08,MNRO
2022-08,MODV
2022-08,MOG.A
2022-08,MOV
2022-08,MPAA
2022-08,MRTN
2022-08,MSEX
2022-08,MTH
2022-08,MTRN
2022-08,MXL
2022-08,MYE
2022-08,MYGN
2022-08,MYRG
2022-08,NBHC
2022-08,NBR
2022-08,NBTB
2022-08,NEO
2022-08,NFBK
2022-08,NKTR
2022-08,NMIH
2022-08,NPK
2022-08,NPO
2022-08,NSIT
2022-08,NTCT
2022-08,NTGR
2022-08,NVEE
2022-08,NWBI
2022-08,NWN
2022-08,NX
2022-08,NXGN
2022-08,NXRT
2022-08,NYMT
2022-08,ODP
2022-08,OFG
2022-08,OFIX
2022-08,OI
2022-08,OII
2022-08,OIS
2022-08,OMI
2022-08,ONL
2022-08,ONTO
2022-08,OPI
2022-08,OPRX
2022-08,ORGO
2022-08,OSIS
2022-08,OSPN
2022-08,OSUR
2022-08,OXM
2022-08,PAHC
2022-08,PARR
2022-08,PATK
2022-08,PBF
2022-08,PBH
2022-08,PBI
2022-08,PCRX
2022-08,PDFS
2022-08,PETS
2022-08,PFBC
2022-08,PFS
2022-08,PGTI
2022-08,PIPR
2022-08,PKE
2022-08,PLAB
2022-08,PLAY
2022-08,PLCE
2022-08,PLMR
2022-08,PLUS
2022-08,PLXS
2022-08,PMT
2022-08,PNTG
2022-08,POLY
2022-08,POWL
2022-08,PPBI
2022-08,PRA
2022-08,PRAA
2022-08,PRDO
2022-08,PRFT
2022-08,PRG
2022-08,PRGS
2022-08,PRLB
2022-08,PSMT
2022-08,PTEN
2022-08,PUMP
2022-08,QNST
2022-08,QURE
2022-08,RAMP
2022-08,RC
2022-08,RCII
2022-08,RCUS
2022-08,RDNT
2022-08,RES
2022-08,REX
2022-08,REZI
2022-08,RGNX
2022-08,RGP
2022-08,RGR
2022-08,RILY
2022-08,RMAX
2022-08,RMBS
2022-08,RNST
2022-08,ROCC
2022-08,ROCK
2022-08,ROG
2022-08,ROIC
2022-08,RPT
2022-08,RUTH
2022-08,RWT
2022-08,RYAM
2022-08,SAFE
2022-08,SAFT
2022-08,SAH
2022-08,SANM
2022-08,SBCF
2022-08,SBH
2022-08,SBSI
2022-08,SCHL
2022-08,SCL
2022-08,SCSC
2022-08,SCVL
2022-08,SEM
2022-08,SENEA
2022-08,SFBS
2022-08,SFNC
2022-08,SGH
2022-08,SHAK
2022-08,SHEN
2022-08,SHO
2022-08,SHOO
2022-08,SIG
2022-08,SITC
2022-08,SIX
2022-08,SJI
2022-08,SKT
2022-08,SKYW
2022-08,SLCA
2022-08,SLP
2022-08,SLQT
2022-08,SLVM
2022-08,SM
2022-08,SMP
2022-08,SMPL
2022-08,SNBR
2022-08,SNCY
2022-08,SNEX
2022-08,SONO
2022-08,SPNT
2022-08,SPSC
2022-08,SPSM
2022-08,SPTN
2022-08,SPXC
2022-08,SRDX
2022-08,SSP
2022-08,SSTK
2022-08,STAR
2022-08,STBA
2022-08,STC
2022-08,STRA
2022-08,SUPN
2022-08,SVC
2022-08,SWM
2022-08,SXC
2022-08,SXI
2022-08,TALO
2022-08,TBBK
2022-08,TBI
2022-08,TBK
2022-08,TDS
2022-08,TG
2022-08,TGI
2022-08,THRM
2022-08,THRY
2022-08,THS
2022-08,TILE
2022-08,TMST
2022-08,TNC
2022-08,TPH
2022-08,TR
2022-08,TREE
2022-08,TRMK
2022-08,TRN
2022-08,TRST
2022-08,TRUP
2022-08,TSE
2022-08,TTEC
2022-08,TTGT
2022-08,TTMI
2022-08,TUP
2022-08,TWI
2022-08,TWNK
2022-08,TWO
2022-08,UBA
2022-08,UCBI
2022-08,UCTT
2022-08,UE
2022-08,UEIC
2022-08,UFCS
2022-08,UFI
2022-08,UFPI
2022-08,UHT
2022-08,UIS
2022-08,UNF
2022-08,UNFI
2022-08,UNIT
2022-08,URBN
2022-08,USNA
2022-08,USPH
2022-08,UTL
2022-08,UVE
2022-08,UVV
2022-08,VBTX
2022-08,VCEL
2022-08,VECO
2022-08,VGR
2022-08,VIAV
2022-08,VIOO
2022-08,VIR
2022-08,VIVO
2022-08,VNDA
2022-08,VRE
2022-08,VREX
2022-08,VRTS
2022-08,VRTV
2022-08,VSTO
2022-08,VTOL
2022-08,VVI
2022-08,WABC
2022-08,WD
2022-08,WDFC
2022-08,WETF
2022-08,WGO
2022-08,WIRE
2022-08,WNC
2022-08,WRE
2022-08,WRLD
2022-08,WSFS
2022-08,WSR
2022-08,WW
2022-08,WWW
2022-08,XHR
2022-08,XNCR
2022-08,XPEL
2022-08,XPER
2022-08,YELP
2022-08,ZEUS
2022-08,ZIMV
2022-08,ZUMZ
2022-08,ZYXI
2022-09,AAN
2022-09,AAON
2022-09,AAT
2022-09,AAWW
2022-09,ABCB
2022-09,ABG
2022-09,ABM
2022-09,ABTX
2022-09,ACA
2022-09,ACLS
2022-09,ADC
2022-09,ADTN
2022-09,ADUS
2022-09,AEIS
2022-09,AEL
2022-09,AEO
2022-09,AGO
2022-09,AGYS
2022-09,AHCO
2022-09,AHH
2022-09,AIN
2022-09,AIR
2022-09,AIT
2022-09,AJRD
2022-09,AKR
2022-09,ALEX
2022-09,ALG
2022-09,ALGT
2022-09,ALRM
2022-09,AMBC
2022-09,AMCX
2022-09,AMEH
2022-09,AMN
2022-09,AMPH
2022-09,AMSF
2022-09,AMWD
2022-09,ANDE
2022-09,ANF
2022-09,ANGO
2022-09,ANIK
2022-09,ANIP
2022-09,AORT
2022-09,AOSL
2022-09,APOG
2022-09,APPS
2022-09,ARCB
2022-09,ARI
2022-09,ARLO
2022-09,ARNC
2022-09,AROC
2022-09,ARR
2022-09,ASIX
2022-09,ASO
2022-09,ASTE
2022-09,ATEN
2022-09,ATGE
2022-09,ATI
2022-09,ATNI
2022-09,AVA
2022-09,AVAV
2022-09,AVD
2022-09,AVID
2022-09,AVNS
2022-09,AWR
2022-09,AX
2022-09,AXL
2022-09,AZZ
2022-09,B
2022-09,BANC
2022-09,BANF
2022-09,BANR
2022-09,BBBY
2022-09,BCC
2022-09,BCOR
2022-09,BCPC
2022-09,BDN
2022-09,BFS
2022-09,BGS
2022-09,BHE
2022-09,BHLB
2022-09,BIG
2022-09,BJRI
2022-09,BKE
2022-09,BKU
2022-09,BLFS
2022-09,BLMN
2022-09,BMI
2022-09,BOOM
2022-09,BOOT
2022-09,BRC
2022-09,BRKL
2022-09,BSIG
2022-09,CAKE
2022-09,CAL
2022-09,CALM
2022-09,CARA
2022-09,CARS
2022-09,CASH
2022-09,CATO
2022-09,CBU
2022-09,CCOI
2022-09,CCRN
2022-09,CCS
2022-09,CCSI
2022-09,CDMO
2022-09,CEIX
2022-09,CENT
2022-09,CENTA
2022-09,CENX
2022-09,CEVA
2022-09,CFFN
2022-09,CHCO
2022-09,CHCT
2022-09,CHEF
2022-09,CHRS
2022-09,CHS
2022-09,CHUY
2022-09,CIR
2022-09,CIVI
2022-09,CLB
2022-09,CLDT
2022-09,CLFD
2022-09,CLW
2022-09,CMP
2022-09,CMTL
2022-09,CNK
2022-09,CNMD
2022-09,CNSL
2022-09,CNXN
2022-09,COHU
2022-09,COLB
2022-09,COLL
2022-09,CONN
2022-09,COOP
2022-09,CORT
2022-09,CPE
2022-09,CPF
2022-09,CPK
2022-09,CPRX
2022-09,CPSI
2022-09,CRMT
2022-09,CRNC
2022-09,CRS
2022-09,CRSR
2022-09,CRVL
2022-09,CSGS
2022-09,CSII
2022-09,CSR
2022-09,CTRE
2022-09,CTS
2022-09,CUBI
2022-09,CUTR
2022-09,CVBF
2022-09,CVCO
2022-09,CVET
2022-09,CVGW
2022-09,CWT
2022-09,CXW
2022-09,CYH
2022-09,CYTK
2022-09,DBD
2022-09,DBI
2022-09,DCOM
2022-09,DDD
2022-09,DEA
2022-09,DFIN
2022-09,DGII
2022-09,DHC
2022-09,DIN
2022-09,DIOD
2022-09,DLX
2022-09,DNOW
2022-09,DORM
2022-09,DOUG
2022-09,DRH
2022-09,DRQ
2022-09,DVAX
2022-09,DXPE
2022-09,EAT
2022-09,EBIX
2022-09,EBS
2022-09,ECPG
2022-09,EFC
2022-09,EGBN
2022-09,EGHT
2022-09,EGRX
2022-09,EHAB
2022-09,EIG
2022-09,ELF
2022-09,EMBC
2022-09,ENSG
2022-09,ENTA
2022-09,ENVA
2022-09,EPAC
2022-09,EPC
2022-09,EPRT
2022-09,ESE
2022-09,ETD
2022-09,EVTC
2022-09,EXLS
2022-09,EXPO
2022-09,EXTR
2022-09,EYE
2022-09,EZPW
2022-09,FARO
2022-09,FBC
2022-09,FBK
2022-09,FBNC
2022-09,FBP
2022-09,FBRT
2022-09,FCF
2022-09,FCPT
2022-09,FDP
2022-09,FELE
2022-09,FF
2022-09,FFBC
2022-09,FHB
2022-09,FIX
2022-09,FIZZ
2022-09,FLGT
2022-09,FN
2022-09,FORM
2022-09,FORR
2022-09,FSS
2022-09,FTDR
2022-09,FUL
2022-09,FWRD
2022-09,GBX
2022-09,GCI
2022-09,GCO
2022-09,GDEN
2022-09,GDOT
2022-09,GEO
2022-09,GES
2022-09,GFF
2022-09,GIII
2022-09,GKOS
2022-09,GMS
2022-09,GNL
2022-09,GNW
2022-09,GOGO
2022-09,GPI
2022-09,GPMT
2022-09,GPRE
2022-09,GRBK
2022-09,GTY
2022-09,GVA
2022-09,HA
2022-09,HAFC
2022-09,HAYN
2022-09,HCC
2022-09,HCI
2022-09,HCSG
2022-09,HFWA
2022-09,HI
2022-09,HIBB
2022-09,HLIT
2022-09,HLX
2022-09,HMN
2022-09,HMST
2022-09,HNGR
2022-09,HNI
2022-09,HOPE
2022-09,HOUS
2022-09,HP
2022-09,HPP
2022-09,HRMY
2022-09,HSC
2022-09,HSII
2022-09,HSKA
2022-09,HSTM
2022-09,HT
2022-09,HTH
2022-09,HTLD
2022-09,HUBG
2022-09,HVT
2022-09,HWKN
2022-09,HZO
2022-09,IBP
2022-09,IBTX
2022-09,ICHR
2022-09,IDCC
2022-09,IIIN
2022-09,IIPR
2022-09,IJR
2022-09,ILPT
2022-09,INDB
2022-09,INGN
2022-09,INN
2022-09,INT
2022-09,INVA
2022-09,IOSP
2022-09,IPAR
2022-09,IRBT
2022-09,IRWD
2022-09,ITGR
2022-09,ITOS
2022-09,ITRI
2022-09,IVR
2022-09,JACK
2022-09,JBSS
2022-09,JBT
2022-09,JJSF
2022-09,JOE
2022-09,JRVR
2022-09,JYNT
2022-09,KALU
2022-09,KAMN
2022-09,KAR
2022-09,KELYA
2022-09,KFY
2022-09,KLIC
2022-09,KN
2022-09,KOP
2022-09,KREF
2022-09,KTB
2022-09,KWR
2022-09,LCII
2022-09,LESL
2022-09,LGIH
2022-09,LGND
2022-09,LKFN
2022-09,LL
2022-09,LMAT
2022-09,LNN
2022-09,LNTH
2022-09,LOCO
2022-09,LPG
2022-09,LPI
2022-09,LPSN
2022-09,LQDT
2022-09,LRN
2022-09,LTC
2022-09,LTHM
2022-09,LXP
2022-09,LZB
2022-09,MATW
2022-09,MATX
2022-09,MCRI
2022-09,MCS
2022-09,MCY
2022-09,MD
2022-09,MDC
2022-09,MDRX
2022-09,MED
2022-09,MEI
2022-09,MERC
2022-09,MGPI
2022-09,MHO
2022-09,MLAB
2022-09,MLI
2022-09,MMI
2022-09,MMSI
2022-09,MNRO
2022-09,MODV
2022-09,MOG.A
2022-09,MOV
2022-09,MPAA
2022-09,MRTN
2022-09,MSEX
2022-09,MTH
2022-09,MTRN
2022-09,MTX
2022-09,MXL
2022-09,MYE
2022-09,MYGN
2022-09,MYRG
2022-09,NBHC
2022-09,NBR
2022-09,NBTB
2022-09,NEO
2022-09,NFBK
2022-09,NKTR
2022-09,NMIH
2022-09,NPK
2022-09,NPO
2022-09,NSIT
2022-09,NTCT
2022-09,NTGR
2022-09,NVEE
2022-09,NWBI
2022-09,NWN
2022-09,NX
2022-09,NXGN
2022-09,NXRT
2022-09,NYMT
2022-09,ODP
2022-09,OFG
2022-09,OFIX
2022-09,OI
2022-09,OII
2022-09,OIS
2022-09,OMI
2022-09,ONL
2022-09,ONTO
2022-09,OPI
2022-09,OPRX
2022-09,ORGO
2022-09,OSIS
2022-09,OSPN
2022-09,OSUR
2022-09,OUT
2022-09,OXM
2022-09,PAHC
2022-09,PARR
2022-09,PATK
2022-09,PBF
2022-09,PBH
2022-09,PBI
2022-09,PCRX
2022-09,PDFS
2022-09,PETS
2022-09,PFBC
2022-09,PFS
2022-09,PGTI
2022-09,PIPR
2022-09,PKE
2022-09,PLAB
2022-09,PLAY
2022-09,PLCE
2022-09,PLMR
2022-09,PLUS
2022-09,PLXS
2022-09,PMT
2022-09,PNTG
2022-09,POWL
2022-09,PPBI
2022-09,PRA
2022-09,PRAA
2022-09,PRDO
2022-09,PRFT
2022-09,PRG
2022-09,PRGS
2022-09,PRLB
2022-09,PSMT
2022-09,PTEN
2022-09,PUMP
2022-09,QNST
2022-09,QURE
2022-09,RAMP
2022-09,RC
2022-09,RCII
2022-09,RCUS
2022-09,RDNT
2022-09,RES
2022-09,REX
2022-09,REZI
2022-09,RGNX
2022-09,RGP
2022-09,RGR
2022-09,RILY
2022-09,RMAX
2022-09,RMBS
2022-09,RNST
2022-09,ROCC
2022-09,ROCK
2022-09,ROG
2022-09,ROIC
2022-09,RPT
2022-09,RUTH
2022-09,RWT
2022-09,RYAM
2022-09,SAFE
2022-09,SAFT
2022-09,SAH
2022-09,SANM
2022-09,SBCF
2022-09,SBH
2022-09,SBSI
2022-09,SCHL
2022-09,SCL
2022-09,SCSC
2022-09,SCVL
2022-09,SEM
2022-09,SENEA
2022-09,SFBS
2022-09,SFNC
2022-09,SGH
2022-09,SHAK
2022-09,SHEN
2022-09,SHO
2022-09,SHOO
2022-09,SIG
2022-09,SITC
2022-09,SIX
2022-09,SJI
2022-09,SKT
2022-09,SKYW
2022-09,SLCA
2022-09,SLP
2022-09,SLQT
2022-09,SLVM
2022-09,SM
2022-09,SMP
2022-09,SMPL
2022-09,SNBR
2022-09,SNCY
2022-09,SNEX
2022-09,SONO
2022-09,SPNT
2022-09,SPSC
2022-09,SPSM
2022-09,SPTN
2022-09,SPXC
2022-09,SRDX
2022-09,SSP
2022-09,SSTK
2022-09,STAR
2022-09,STBA
2022-09,STC
2022-09,STRA
2022-09,SUPN
2022-09,SVC
2022-09,SWM
2022-09,SXC
2022-09,SXI
2022-09,TALO
2022-09,TBBK
2022-09,TBI
2022-09,TBK
2022-09,TDS
2022-09,TG
2022-09,TGI
2022-09,THRM
2022-09,THRY
2022-09,THS
2022-09,TILE
2022-09,TMST
2022-09,TNC
2022-09,TPH
2022-09,TR
2022-09,TREE
2022-09,TRMK
2022-09,TRN
2022-09,TRST
2022-09,TRUP
2022-09,TSE
2022-09,TTEC
2022-09,TTGT
2022-09,TTMI
2022-09,TUP
2022-09,TWI
2022-09,TWNK
2022-09,TWO
2022-09,UBA
2022-09,UCBI
2022-09,UCTT
2022-09,UE
2022-09,UEIC
2022-09,UFCS
2022-09,UFI
2022-09,UFPI
2022-09,UHT
2022-09,UIS
2022-09,UNF
2022-09,UNFI
2022-09,UNIT
2022-09,URBN
2022-09,USNA
2022-09,USPH
2022-09,UTL
2022-09,UVE
2022-09,UVV
2022-09,VBTX
2022-09,VCEL
2022-09,VECO
2022-09,VGR
2022-09,VIAV
2022-09,VIOO
2022-09,VIR
2022-09,VIVO
2022-09,VNDA
2022-09,VRE
2022-09,VREX
2022-09,VRTS
2022-09,VRTV
2022-09,VSTO
2022-09,VTOL
2022-09,VVI
2022-09,WABC
2022-09,WD
2022-09,WDFC
2022-09,WETF
2022-09,WGO
2022-09,WIRE
2022-09,WNC
2022-09,WRE
2022-09,WRLD
2022-09,WSFS
2022-09,WSR
2022-09,WW
2022-09,WWW
2022-09,XHR
2022-09,XNCR
2022-09,XPEL
2022-09,XPER
2022-09,YELP
2022-09,ZEUS
2022-09,ZIMV
2022-09,ZUMZ
2022-09,ZYXI
2022-10,AAN
2022-10,AAON
2022-10,AAT
2022-10,AAWW
2022-10,ABCB
2022-10,ABG
2022-10,ABM
2022-10,ACA
2022-10,ACLS
2022-10,ADC
2022-10,ADEA
2022-10,ADTN
2022-10,ADUS
2022-10,AEIS
2022-10,AEL
2022-10,AEO
2022-10,AGO
2022-10,AGYS
2022-10,AHCO
2022-10,AHH
2022-10,AIN
2022-10,AIR
2022-10,AIT
2022-10,AJRD
2022-10,AKR
2022-10,ALEX
2022-10,ALG
2022-10,ALGT
2022-10,ALRM
2022-10,AMBC
2022-10,AMCX
2022-10,AMEH
2022-10,AMN
2022-10,AMPH
2022-10,AMSF
2022-10,AMWD
2022-10,ANDE
2022-10,ANF
2022-10,ANGO
2022-10,ANIK
2022-10,ANIP
2022-10,AORT
2022-10,AOSL
2022-10,APOG
2022-10,APPS
2022-10,ARCB
2022-10,ARI
2022-10,ARLO
2022-10,ARNC
2022-10,AROC
2022-10,ARR
2022-10,ASIX
2022-10,ASO
2022-10,ASTE
2022-10,ATEN
2022-10,ATGE
2022-10,ATI
2022-10,ATNI
2022-10,AVA
2022-10,AVAV
2022-10,AVD
2022-10,AVID
2022-10,AVNS
2022-10,AWR
2022-10,AX
2022-10,AXL
2022-10,AZZ
2022-10,B
2022-10,BANC
2022-10,BANF
2022-10,BANR
2022-10,BBBY
2022-10,BCC
2022-10,BCOR
2022-10,BCPC
2022-10,BDN
2022-10,BFS
2022-10,BGS
2022-10,BHE
2022-10,BHLB
2022-10,BIG
2022-10,BJRI
2022-10,BKE
2022-10,BKU
2022-10,BLFS
2022-10,BLMN
2022-10,BMI
2022-10,BOOM
2022-10,BOOT
2022-10,BRC
2022-10,BRKL
2022-10,BSIG
2022-10,CAKE
2022-10,CAL
2022-10,CALM
2022-10,CARA
2022-10,CARS
2022-10,CASH
2022-10,CATO
2022-10,CBU
2022-10,CCOI
2022-10,CCRN
2022-10,CCS
2022-10,CCSI
2022-10,CDMO
2022-10,CEIX
2022-10,CENT
2022-10,CENTA
2022-10,CENX
2022-10,CEVA
2022-10,CFFN
2022-10,CHCO
2022-10,CHCT
2022-10,CHEF
2022-10,CHRS
2022-10,CHS
2022-10,CHUY
2022-10,CIR
2022-10,CIVI
2022-10,CLB
2022-10,CLDT
2022-10,CLFD
2022-10,CLW
2022-10,CMP
2022-10,CMTL
2022-10,CNK
2022-10,CNMD
2022-10,CNSL
2022-10,CNXN
2022-10,COHU
2022-10,COLB
2022-10,COLL
2022-10,CONN
2022-10,COOP
2022-10,CORT
2022-10,CPE
2022-10,CPF
2022-10,CPK
2022-10,CPRX
2022-10,CPSI
2022-10,CRMT
2022-10,CRNC
2022-10,CRS
2022-10,CRSR
2022-10,CRVL
2022-10,CSGS
2022-10,CSII
2022-10,CSR
2022-10,CTRE
2022-10,CTS
2022-10,CUBI
2022-10,CUTR
2022-10,CVBF
2022-10,CVCO
2022-10,CVGW
2022-10,CWT
2022-10,CXW
2022-10,CYH
2022-10,CYTK
2022-10,DBD
2022-10,DBI
2022-10,DCOM
2022-10,DDD
2022-10,DEA
2022-10,DFIN
2022-10,DGII
2022-10,DHC
2022-10,DIN
2022-10,DIOD
2022-10,DLX
2022-10,DNOW
2022-10,DORM
2022-10,DOUG
2022-10,DRH
2022-10,DRQ
2022-10,DVAX
2022-10,DXPE
2022-10,EAT
2022-10,EBIX
2022-10,EBS
2022-10,ECPG
2022-10,EFC
2022-10,EGBN
2022-10,EGHT
2022-10,EGRX
2022-10,EHAB
2022-10,EIG
2022-10,ELF
2022-10,EMBC
2022-10,ENSG
2022-10,ENTA
2022-10,ENVA
2022-10,EPAC
2022-10,EPC
2022-10,EPRT
2022-10,ESE
2022-10,ETD
2022-10,EVTC
2022-10,EXPO
2022-10,EXTR
2022-10,EYE
2022-10,EZPW
2022-10,FARO
2022-10,FBC
2022-10,FBK
2022-10,FBNC
2022-10,FBP
2022-10,FBRT
2022-10,FCF
2022-10,FCPT
2022-10,FDP
2022-10,FELE
2022-10,FF
2022-10,FFBC
2022-10,FHB
2022-10,FIX
2022-10,FIZZ
2022-10,FLGT
2022-10,FN
2022-10,FORM
2022-10,FORR
2022-10,FSS
2022-10,FTDR
2022-10,FUL
2022-10,FWRD
2022-10,GBX
2022-10,GCI
2022-10,GCO
2022-10,GDEN
2022-10,GDOT
2022-10,GEO
2022-10,GES
2022-10,GFF
2022-10,GIII
2022-10,GKOS
2022-10,GMS
2022-10,GNL
2022-10,GNW
2022-10,GOGO
2022-10,GPI
2022-10,GPMT
2022-10,GPRE
2022-10,GRBK
2022-10,GTY
2022-10,GVA
2022-10,HA
2022-10,HAFC
2022-10,HAIN
2022-10,HAYN
2022-10,HCC
2022-10,HCI
2022-10,HCSG
2022-10,HFWA
2022-10,HI
2022-10,HIBB
2022-10,HLIT
2022-10,HLX
2022-10,HMN
2022-10,HMST
2022-10,HNI
2022-10,HOPE
2022-10,HOUS
2022-10,HP
2022-10,HPP
2022-10,HRMY
2022-10,HSC
2022-10,HSII
2022-10,HSKA
2022-10,HSTM
2022-10,HT
2022-10,HTH
2022-10,HTLD
2022-10,HUBG
2022-10,HVT
2022-10,HWKN
2022-10,HZO
2022-10,IBP
2022-10,IBTX
2022-10,ICHR
2022-10,IDCC
2022-10,IIIN
2022-10,IIPR
2022-10,IJR
2022-10,ILPT
2022-10,INDB
2022-10,INGN
2022-10,INN
2022-10,INT
2022-10,INVA
2022-10,IOSP
2022-10,IPAR
2022-10,IRBT
2022-10,IRWD
2022-10,ITGR
2022-10,ITOS
2022-10,ITRI
2022-10,IVR
2022-10,JACK
2022-10,JBSS
2022-10,JBT
2022-10,JJSF
2022-10,JOE
2022-10,JRVR
2022-10,JYNT
2022-10,KALU
2022-10,KAMN
2022-10,KAR
2022-10,KELYA
2022-10,KFY
2022-10,KLIC
2022-10,KN
2022-10,KOP
2022-10,KREF
2022-10,KTB
2022-10,KWR
2022-10,LCII
2022-10,LESL
2022-10,LGIH
2022-10,LGND
2022-10,LKFN
2022-10,LL
2022-10,LMAT
2022-10,LNN
2022-10,LOCO
2022-10,LPG
2022-10,LPI
2022-10,LPSN
2022-10,LQDT
2022-10,LRN
2022-10,LTC
2022-10,LTHM
2022-10,LXP
2022-10,LZB
2022-10,MATW
2022-10,MATX
2022-10,MCRI
2022-10,MCS
2022-10,MCW
2022-10,MCY
2022-10,MD
2022-10,MDC
2022-10,MDRX
2022-10,MED
2022-10,MEI
2022-10,MERC
2022-10,MGPI
2022-10,MHO
2022-10,MLAB
2022-10,MLI
2022-10,MLKN
2022-10,MMI
2022-10,MMSI
2022-10,MNRO
2022-10,MODV
2022-10,MOG.A
2022-10,MOV
2022-10,MPAA
2022-10,MRTN
2022-10,MSEX
2022-10,MTH
2022-10,MTRN
2022-10,MTX
2022-10,MXL
2022-10,MYE
2022-10,MYGN
2022-10,MYRG
2022-10,NBHC
2022-10,NBR
2022-10,NBTB
2022-10,NEO
2022-10,NFBK
2022-10,NKTR
2022-10,NMIH
2022-10,NPK
2022-10,NPO
2022-10,NSIT
2022-10,NTCT
2022-10,NTGR
2022-10,NVEE
2022-10,NWBI
2022-10,NWN
2022-10,NX
2022-10,NXGN
2022-10,NXRT
2022-10,NYMT
2022-10,ODP
2022-10,OFG
2022-10,OFIX
2022-10,OI
2022-10,OII
2022-10,OIS
2022-10,OMI
2022-10,ONL
2022-10,ONTO
2022-10,OPI
2022-10,OPRX
2022-10,ORGO
2022-10,OSIS
2022-10,OSPN
2022-10,OSUR
2022-10,OUT
2022-10,OXM
2022-10,PAHC
2022-10,PARR
2022-10,PATK
2022-10,PAYO
2022-10,PBF
2022-10,PBH
2022-10,PBI
2022-10,PCRX
2022-10,PDFS
2022-10,PETS
2022-10,PFBC
2022-10,PFS
2022-10,PGTI
2022-10,PIPR
2022-10,PKE
2022-10,PLAB
2022-10,PLAY
2022-10,PLCE
2022-10,PLMR
2022-10,PLUS
2022-10,PLXS
2022-10,PMT
2022-10,PNTG
2022-10,POWL
2022-10,PPBI
2022-10,PRA
2022-10,PRAA
2022-10,PRDO
2022-10,PRFT
2022-10,PRG
2022-10,PRGS
2022-10,PRLB
2022-10,PSMT
2022-10,PTEN
2022-10,PUMP
2022-10,QNST
2022-10,QURE
2022-10,RAMP
2022-10,RC
2022-10,RCII
2022-10,RCUS
2022-10,RDNT
2022-10,RES
2022-10,REX
2022-10,REZI
2022-10,RGNX
2022-10,RGP
2022-10,RGR
2022-10,RILY
2022-10,RMAX
2022-10,RMBS
2022-10,RNST
2022-10,ROCC
2022-10,ROCK
2022-10,ROG
2022-10,ROIC
2022-10,RPT
2022-10,RUTH
2022-10,RWT
2022-10,RYAM
2022-10,SAFE
2022-10,SAFT
2022-10,SAH
2022-10,SANM
2022-10,SBCF
2022-10,SBH
2022-10,SBSI
2022-10,SCHL
2022-10,SCL
2022-10,SCSC
2022-10,SCVL
2022-10,SEM
2022-10,SENEA
2022-10,SFBS
2022-10,SFNC
2022-10,SGH
2022-10,SHAK
2022-10,SHEN
2022-10,SHO
2022-10,SHOO
2022-10,SIG
2022-10,SITC
2022-10,SIX
2022-10,SJI
2022-10,SKT
2022-10,SKYW
2022-10,SLCA
2022-10,SLP
2022-10,SLVM
2022-10,SM
2022-10,SMP
2022-10,SMPL
2022-10,SNBR
2022-10,SNCY
2022-10,SNEX
2022-10,SONO
2022-10,SPNT
2022-10,SPSC
2022-10,SPSM
2022-10,SPTN
2022-10,SPXC
2022-10,SRDX
2022-10,SSP
2022-10,SSTK
2022-10,STAR
2022-10,STBA
2022-10,STC
2022-10,STEL
2022-10,STRA
2022-10,SUPN
2022-10,SVC
2022-10,SWM
2022-10,SXC
2022-10,SXI
2022-10,TALO
2022-10,TBBK
2022-10,TBI
2022-10,TBK
2022-10,TDS
2022-10,TG
2022-10,TGI
2022-10,THRM
2022-10,THRY
2022-10,THS
2022-10,TILE
2022-10,TMST
2022-10,TNC
2022-10,TPH
2022-10,TR
2022-10,TREE
2022-10,TRMK
2022-10,TRN
2022-10,TRST
2022-10,TRUP
2022-10,TSE
2022-10,TTEC
2022-10,TTGT
2022-10,TTMI
2022-10,TUP
2022-10,TWI
2022-10,TWNK
2022-10,TWO
2022-10,UBA
2022-10,UCBI
2022-10,UCTT
2022-10,UE
2022-10,UEIC
2022-10,UFCS
2022-10,UFI
2022-10,UFPI
2022-10,UHT
2022-10,UIS
2022-10,UNF
2022-10,UNFI
2022-10,UNIT
2022-10,URBN
2022-10,USNA
2022-10,USPH
2022-10,UTL
2022-10,UVE
2022-10,UVV
2022-10,VBTX
2022-10,VCEL
2022-10,VECO
2022-10,VGR
2022-10,VIAV
2022-10,VIOO
2022-10,VIR
2022-10,VIVO
2022-10,VNDA
2022-10,VRE
2022-10,VREX
2022-10,VRTS
2022-10,VRTV
2022-10,VSTO
2022-10,VTOL
2022-10,VVI
2022-10,WABC
2022-10,WD
2022-10,WDFC
2022-10,WETF
2022-10,WGO
2022-10,WIRE
2022-10,WNC
2022-10,WRE
2022-10,WRLD
2022-10,WSFS
2022-10,WSR
2022-10,WW
2022-10,WWW
2022-10,XHR
2022-10,XNCR
2022-10,XPEL
2022-10,XPER
2022-10,YELP
2022-10,ZEUS
2022-10,ZIMV
2022-10,ZUMZ
2022-10,ZYXI
2022-11,AAN
2022-11,AAON
2022-11,AAT
2022-11,AAWW
2022-11,ABCB
2022-11,ABG
2022-11,ABM
2022-11,ACA
2022-11,ACLS
2022-11,ADC
2022-11,ADEA
2022-11,ADTN
2022-11,ADUS
2022-11,AEIS
2022-11,AEL
2022-11,AEO
2022-11,AGO
2022-11,AGYS
2022-11,AHCO
2022-11,AHH
2022-11,AIN
2022-11,AIR
2022-11,AIT
2022-11,AJRD
2022-11,AKR
2022-11,ALEX
2022-11,ALG
2022-11,ALGT
2022-11,ALRM
2022-11,AMBC
2022-11,AMCX
2022-11,AMEH
2022-11,AMN
2022-11,AMPH
2022-11,AMSF
2022-11,AMWD
2022-11,ANDE
2022-11,ANF
2022-11,ANGO
2022-11,ANIK
2022-11,ANIP
2022-11,AORT
2022-11,AOSL
2022-11,APOG
2022-11,APPS
2022-11,ARCB
2022-11,ARI
2022-11,ARLO
2022-11,ARNC
2022-11,AROC
2022-11,ARR
2022-11,ASIX
2022-11,ASO
2022-11,ASTE
2022-11,ATEN
2022-11,ATGE
2022-11,ATI
2022-11,ATNI
2022-11,AVA
2022-11,AVAV
2022-11,AVD
2022-11,AVID
2022-11,AVNS
2022-11,AWR
2022-11,AX
2022-11,AXL
2022-11,AZZ
2022-11,B
2022-11,BANC
2022-11,BANF
2022-11,BANR
2022-11,BBBY
2022-11,BCC
2022-11,BCOR
2022-11,BCPC
2022-11,BDN
2022-11,BFH
2022-11,BFS
2022-11,BGS
2022-11,BHE
2022-11,BHLB
2022-11,BIG
2022-11,BJRI
2022-11,BKE
2022-11,BKU
2022-11,BLFS
2022-11,BLMN
2022-11,BMI
2022-11,BOOM
2022-11,BOOT
2022-11,BRC
2022-11,BRKL
2022-11,BSIG
2022-11,CAKE
2022-11,CAL
2022-11,CALM
2022-11,CARA
2022-11,CARS
2022-11,CASH
2022-11,CATO
2022-11,CBU
2022-11,CCOI
2022-11,CCRN
2022-11,CCS
2022-11,CCSI
2022-11,CDMO
2022-11,CEIX
2022-11,CENT
2022-11,CENTA
2022-11,CENX
2022-11,CEVA
2022-11,CFFN
2022-11,CHCO
2022-11,CHCT
2022-11,CHEF
2022-11,CHRS
2022-11,CHS
2022-11,CHUY
2022-11,CIR
2022-11,CIVI
2022-11,CLB
2022-11,CLDT
2022-11,CLFD
2022-11,CLW
2022-11,CMP
2022-11,CMTL
2022-11,CNK
2022-11,CNMD
2022-11,CNSL
2022-11,CNXN
2022-11,COHU
2022-11,COLB
2022-11,COLL
2022-11,CONN
2022-11,COOP
2022-11,CORT
2022-11,CPE
2022-11,CPF
2022-11,CPK
2022-11,CPRX
2022-11,CPSI
2022-11,CRMT
2022-11,CRNC
2022-11,CRS
2022-11,CRSR
2022-11,CRVL
2022-11,CSGS
2022-11,CSII
2022-11,CSR
2022-11,CTRE
2022-11,CTS
2022-11,CUBI
2022-11,CUTR
2022-11,CVBF
2022-11,CVCO
2022-11,CVGW
2022-11,CWT
2022-11,CXW
2022-11,CYH
2022-11,CYTK
2022-11,DBD
2022-11,DBI
2022-11,DCOM
2022-11,DDD
2022-11,DEA
2022-11,DFIN
2022-11,DGII
2022-11,DHC
2022-11,DIN
2022-11,DIOD
2022-11,DLX
2022-11,DNOW
2022-11,DORM
2022-11,DOUG
2022-11,DRH
2022-11,DRQ
2022-11,DVAX
2022-11,DXPE
2022-11,EAT
2022-11,EBIX
2022-11,EBS
2022-11,ECPG
2022-11,EFC
2022-11,EGBN
2022-11,EGHT
2022-11,EGRX
2022-11,EHAB
2022-11,EIG
2022-11,ELF
2022-11,EMBC
2022-11,ENSG
2022-11,ENTA
2022-11,ENVA
2022-11,EPAC
2022-11,EPC
2022-11,EPRT
2022-11,ESE
2022-11,ETD
2022-11,EVTC
2022-11,EXPO
2022-11,EXTR
2022-11,EYE
2022-11,EZPW
2022-11,FARO
2022-11,FBC
2022-11,FBK
2022-11,FBNC
2022-11,FBP
2022-11,FBRT
2022-11,FCF
2022-11,FCPT
2022-11,FDP
2022-11,FELE
2022-11,FF
2022-11,FFBC
2022-11,FHB
2022-11,FIX
2022-11,FIZZ
2022-11,FLGT
2022-11,FN
2022-11,FORM
2022-11,FORR
2022-11,FSS
2022-11,FTDR
2022-11,FUL
2022-11,FWRD
2022-11,GBX
2022-11,GCI
2022-11,GCO
2022-11,GDEN
2022-11,GDOT
2022-11,GEO
2022-11,GES
2022-11,GFF
2022-11,GIII
2022-11,GKOS
2022-11,GMS
2022-11,GNL
2022-11,GNW
2022-11,GOGO
2022-11,GPI
2022-11,GPMT
2022-11,GPRE
2022-11,GRBK
2022-11,GTY
2022-11,GVA
2022-11,HA
2022-11,HAFC
2022-11,HAIN
2022-11,HAYN
2022-11,HCC
2022-11,HCI
2022-11,HCSG
2022-11,HFWA
2022-11,HI
2022-11,HIBB
2022-11,HLIT
2022-11,HLX
2022-11,HMN
2022-11,HMST
2022-11,HNI
2022-11,HOPE
2022-11,HOUS
2022-11,HP
2022-11,HPP
2022-11,HRMY
2022-11,HSC
2022-11,HSII
2022-11,HSKA
2022-11,HSTM
2022-11,HT
2022-11,HTH
2022-11,HTLD
2022-11,HUBG
2022-11,HVT
2022-11,HWKN
2022-11,HZO
2022-11,IBP
2022-11,IBTX
2022-11,ICHR
2022-11,IDCC
2022-11,IIIN
2022-11,IIPR
2022-11,IJR
2022-11,ILPT
2022-11,INDB
2022-11,INGN
2022-11,INN
2022-11,INT
2022-11,INVA
2022-11,IOSP
2022-11,IPAR
2022-11,IRBT
2022-11,IRWD
2022-11,ITGR
2022-11,ITOS
2022-11,ITRI
2022-11,IVR
2022-11,JACK
2022-11,JBSS
2022-11,JBT
2022-11,JJSF
2022-11,JOE
2022-11,JRVR
2022-11,JYNT
2022-11,KALU
2022-11,KAMN
2022-11,KAR
2022-11,KELYA
2022-11,KFY
2022-11,KLIC
2022-11,KN
2022-11,KOP
2022-11,KREF
2022-11,KTB
2022-11,KWR
2022-11,LCII
2022-11,LESL
2022-11,LGIH
2022-11,LGND
2022-11,LKFN
2022-11,LL
2022-11,LMAT
2022-11,LNN
2022-11,LOCO
2022-11,LPG
2022-11,LPI
2022-11,LPSN
2022-11,LQDT
2022-11,LRN
2022-11,LTC
2022-11,LTHM
2022-11,LXP
2022-11,LZB
2022-11,MATW
2022-11,MATX
2022-11,MCRI
2022-11,MCS
2022-11,MCW
2022-11,MCY
2022-11,MD
2022-11,MDC
2022-11,MDRX
2022-11,MED
2022-11,MEI
2022-11,MERC
2022-11,MGPI
2022-11,MHO
2022-11,MLAB
2022-11,MLI
2022-11,MLKN
2022-11,MMI
2022-11,MMSI
2022-11,MNRO
2022-11,MODV
2022-11,MOG.A
2022-11,MOV
2022-11,MPAA
2022-11,MRTN
2022-11,MSEX
2022-11,MTH
2022-11,MTRN
2022-11,MTX
2022-11,MXL
2022-11,MYE
2022-11,MYGN
2022-11,MYRG
2022-11,NBHC
2022-11,NBR
2022-11,NBTB
2022-11,NEO
2022-11,NFBK
2022-11,NKTR
2022-11,NMIH
2022-11,NPK
2022-11,NPO
2022-11,NSIT
2022-11,NTCT
2022-11,NTGR
2022-11,NVEE
2022-11,NWBI
2022-11,NWN
2022-11,NX
2022-11,NXGN
2022-11,NXRT
2022-11,NYMT
2022-11,ODP
2022-11,OFG
2022-11,OFIX
2022-11,OI
2022-11,OII
2022-11,OIS
2022-11,OMI
2022-11,ONL
2022-11,ONTO
2022-11,OPI
2022-11,OPRX
2022-11,ORGO
2022-11,OSIS
2022-11,OSPN
2022-11,OSUR
2022-11,OUT
2022-11,OXM
2022-11,PAHC
2022-11,PARR
2022-11,PATK
2022-11,PAYO
2022-11,PBF
2022-11,PBH
2022-11,PBI
2022-11,PCRX
2022-11,PDFS
2022-11,PETS
2022-11,PFBC
2022-11,PFS
2022-11,PGTI
2022-11,PIPR
2022-11,PKE
2022-11,PLAB
2022-11,PLAY
2022-11,PLCE
2022-11,PLMR
2022-11,PLUS
2022-11,PLXS
2022-11,PMT
2022-11,PNTG
2022-11,POWL
2022-11,PPBI
2022-11,PRA
2022-11,PRAA
2022-11,PRDO
2022-11,PRFT
2022-11,PRG
2022-11,PRGS
2022-11,PRLB
2022-11,PSMT
2022-11,PTEN
2022-11,PUMP
2022-11,QNST
2022-11,QURE
2022-11,RAMP
2022-11,RC
2022-11,RCII
2022-11,RCUS
2022-11,RDNT
2022-11,RES
2022-11,REX
2022-11,REZI
2022-11,RGNX
2022-11,RGP
2022-11,RGR
2022-11,RILY
2022-11,RMAX
2022-11,RMBS
2022-11,RNST
2022-11,ROCC
2022-11,ROCK
2022-11,ROG
2022-11,ROIC
2022-11,RPT
2022-11,RUTH
2022-11,RWT
2022-11,RYAM
2022-11,SAFE
2022-11,SAFT
2022-11,SAH
2022-11,SANM
2022-11,SBCF
2022-11,SBH
2022-11,SBSI
2022-11,SCHL
2022-11,SCL
2022-11,SCSC
2022-11,SCVL
2022-11,SEM
2022-11,SENEA
2022-11,SFBS
2022-11,SFNC
2022-11,SGH
2022-11,SHAK
2022-11,SHEN
2022-11,SHO
2022-11,SHOO
2022-11,SIG
2022-11,SITC
2022-11,SIX
2022-11,SJI
2022-11,SKT
2022-11,SKYW
2022-11,SLCA
2022-11,SLP
2022-11,SLVM
2022-11,SM
2022-11,SMP
2022-11,SMPL
2022-11,SNBR
2022-11,SNCY
2022-11,SNEX
2022-11,SONO
2022-11,SPNT
2022-11,SPSC
2022-11,SPSM
2022-11,SPTN
2022-11,SPXC
2022-11,SRDX
2022-11,SSP
2022-11,SSTK
2022-11,STAR
2022-11,STBA
2022-11,STC
2022-11,STEL
2022-11,STRA
2022-11,SUPN
2022-11,SVC
2022-11,SWM
2022-11,SXC
2022-11,SXI
2022-11,TALO
2022-11,TBBK
2022-11,TBI
2022-11,TBK
2022-11,TDS
2022-11,TG
2022-11,TGI
2022-11,THRM
2022-11,THRY
2022-11,THS
2022-11,TILE
2022-11,TMST
2022-11,TNC
2022-11,TPH
2022-11,TR
2022-11,TREE
2022-11,TRMK
2022-11,TRN
2022-11,TRST
2022-11,TRUP
2022-11,TSE
2022-11,TTEC
2022-11,TTGT
2022-11,TTMI
2022-11,TUP
2022-11,TWI
2022-11,TWNK
2022-11,TWO
2022-11,UBA
2022-11,UCBI
2022-11,UCTT
2022-11,UE
2022-11,UEIC
2022-11,UFCS
2022-11,UFPI
2022-11,UHT
2022-11,UIS
2022-11,UNF
2022-11,UNFI
2022-11,UNIT
2022-11,URBN
2022-11,USNA
2022-11,USPH
2022-11,UTL
2022-11,UVE
2022-11,UVV
2022-11,VBTX
2022-11,VCEL
2022-11,VECO
2022-11,VGR
2022-11,VIAV
2022-11,VIOO
2022-11,VIR
2022-11,VIVO
2022-11,VNDA
2022-11,VRE
2022-11,VREX
2022-11,VRTS
2022-11,VRTV
2022-11,VSTO
2022-11,VTOL
2022-11,VVI
2022-11,WABC
2022-11,WD
2022-11,WDFC
2022-11,WETF
2022-11,WGO
2022-11,WIRE
2022-11,WNC
2022-11,WRE
2022-11,WRLD
2022-11,WSFS
2022-11,WSR
2022-11,WW
2022-11,WWW
2022-11,XHR
2022-11,XNCR
2022-11,XPEL
2022-11,XPER
2022-11,YELP
2022-11,ZEUS
2022-11,ZIMV
2022-11,ZUMZ
2022-11,ZYXI
2022-12,AAN
2022-12,AAON
2022-12,AAT
2022-12,AAWW
2022-12,ABCB
2022-12,ABG
2022-12,ABM
2022-12,ACA
2022-12,ACLS
2022-12,ADC
2022-12,ADEA
2022-12,ADTN
2022-12,ADUS
2022-12,AEIS
2022-12,AEL
2022-12,AEO
2022-12,AGO
2022-12,AGTI
2022-12,AGYS
2022-12,AHCO
2022-12,AHH
2022-12,AIN
2022-12,AIR
2022-12,AIT
2022-12,AJRD
2022-12,AKR
2022-12,ALEX
2022-12,ALG
2022-12,ALGT
2022-12,ALRM
2022-12,AMBC
2022-12,AMCX
2022-12,AMEH
2022-12,AMN
2022-12,AMPH
2022-12,AMSF
2022-12,AMWD
2022-12,ANDE
2022-12,ANF
2022-12,ANGO
2022-12,ANIK
2022-12,ANIP
2022-12,AORT
2022-12,AOSL
2022-12,APOG
2022-12,APPS
2022-12,ARCB
2022-12,ARI
2022-12,ARLO
2022-12,ARNC
2022-12,AROC
2022-12,ARR
2022-12,ASIX
2022-12,ASO
2022-12,ASTE
2022-12,ATEN
2022-12,ATGE
2022-12,ATI
2022-12,ATNI
2022-12,AVA
2022-12,AVAV
2022-12,AVD
2022-12,AVID
2022-12,AVNS
2022-12,AWR
2022-12,AX
2022-12,AXL
2022-12,AZZ
2022-12,B
2022-12,BANC
2022-12,BANF
2022-12,BANR
2022-12,BBBY
2022-12,BCC
2022-12,BCOR
2022-12,BCPC
2022-12,BDN
2022-12,BFH
2022-12,BFS
2022-12,BGS
2022-12,BHE
2022-12,BHLB
2022-12,BIG
2022-12,BJRI
2022-12,BKE
2022-12,BKU
2022-12,BLFS
2022-12,BLMN
2022-12,BMI
2022-12,BOOM
2022-12,BOOT
2022-12,BRC
2022-12,BRKL
2022-12,BSIG
2022-12,CAKE
2022-12,CAL
2022-12,CALM
2022-12,CARA
2022-12,CARS
2022-12,CASH
2022-12,CBU
2022-12,CCOI
2022-12,CCRN
2022-12,CCS
2022-12,CCSI
2022-12,CDMO
2022-12,CEIX
2022-12,CENT
2022-12,CENTA
2022-12,CENX
2022-12,CEVA
2022-12,CFFN
2022-12,CHCO
2022-12,CHCT
2022-12,CHEF
2022-12,CHRS
2022-12,CHS
2022-12,CHUY
2022-12,CIR
2022-12,CIVI
2022-12,CLB
2022-12,CLDT
2022-12,CLFD
2022-12,CLW
2022-12,CMP
2022-12,CMTL
2022-12,CNK
2022-12,CNMD
2022-12,CNSL
2022-12,CNXN
2022-12,COHU
2022-12,COLB
2022-12,COLL
2022-12,COOP
2022-12,CORT
2022-12,CPE
2022-12,CPF
2022-12,CPK
2022-12,CPRX
2022-12,CPSI
2022-12,CRMT
2022-12,CRNC
2022-12,CRS
2022-12,CRSR
2022-12,CRVL
2022-12,CSGS
2022-12,CSII
2022-12,CSR
2022-12,CTRE
2022-12,CTS
2022-12,CUBI
2022-12,CUTR
2022-12,CVBF
2022-12,CVCO
2022-12,CVGW
2022-12,CWK
2022-12,CWT
2022-12,CXW
2022-12,CYH
2022-12,CYTK
2022-12,DBI
2022-12,DCOM
2022-12,DDD
2022-12,DEA
2022-12,DFIN
2022-12,DGII
2022-12,DIN
2022-12,DIOD
2022-12,DLX
2022-12,DNOW
2022-12,DORM
2022-12,DOUG
2022-12,DRH
2022-12,DRQ
2022-12,DVAX
2022-12,DXPE
2022-12,EAT
2022-12,EBIX
2022-12,EBS
2022-12,ECPG
2022-12,EFC
2022-12,EGBN
2022-12,EGHT
2022-12,EGRX
2022-12,EHAB
2022-12,EIG
2022-12,ELF
2022-12,EMBC
2022-12,ENSG
2022-12,ENTA
2022-12,ENVA
2022-12,EPAC
2022-12,EPC
2022-12,EPRT
2022-12,ESE
2022-12,ETD
2022-12,EVTC
2022-12,EXPO
2022-12,EXTR
2022-12,EYE
2022-12,EZPW
2022-12,FARO
2022-12,FBK
2022-12,FBNC
2022-12,FBP
2022-12,FBRT
2022-12,FCF
2022-12,FCPT
2022-12,FDP
2022-12,FELE
2022-12,FF
2022-12,FFBC
2022-12,FHB
2022-12,FIX
2022-12,FIZZ
2022-12,FLGT
2022-12,FN
2022-12,FORM
2022-12,FORR
2022-12,FSS
2022-12,FTDR
2022-12,FUL
2022-12,FWRD
2022-12,GBX
2022-12,GCI
2022-12,GCO
2022-12,GDEN
2022-12,GDOT
2022-12,GEO
2022-12,GES
2022-12,GFF
2022-12,GIII
2022-12,GKOS
2022-12,GMS
2022-12,GNL
2022-12,GNW
2022-12,GOGO
2022-12,GPI
2022-12,GPMT
2022-12,GPRE
2022-12,GRBK
2022-12,GTY
2022-12,GVA
2022-12,HA
2022-12,HAFC
2022-12,HAIN
2022-12,HAYN
2022-12,HCC
2022-12,HCI
2022-12,HCSG
2022-12,HFWA
2022-12,HI
2022-12,HIBB
2022-12,HLIT
2022-12,HLX
2022-12,HMN
2022-12,HMST
2022-12,HNI
2022-12,HOPE
2022-12,HOUS
2022-12,HP
2022-12,HPP
2022-12,HRMY
2022-12,HSC
2022-12,HSII
2022-12,HSKA
2022-12,HSTM
2022-12,HT
2022-12,HTH
2022-12,HTLD
2022-12,HUBG
2022-12,HVT
2022-12,HWKN
2022-12,HZO
2022-12,IBP
2022-12,IBTX
2022-12,ICHR
2022-12,IDCC
2022-12,IIIN
2022-12,IIPR
2022-12,IJR
2022-12,ILPT
2022-12,INDB
2022-12,INGN
2022-12,INN
2022-12,INT
2022-12,INVA
2022-12,IOSP
2022-12,IPAR
2022-12,IRBT
2022-12,IRWD
2022-12,ITGR
2022-12,ITOS
2022-12,ITRI
2022-12,IVR
2022-12,JACK
2022-12,JBSS
2022-12,JBT
2022-12,JJSF
2022-12,JOE
2022-12,JRVR
2022-12,JYNT
2022-12,KALU
2022-12,KAMN
2022-12,KAR
2022-12,KELYA
2022-12,KFY
2022-12,KLIC
2022-12,KN
2022-12,KOP
2022-12,KREF
2022-12,KTB
2022-12,KWR
2022-12,LCII
2022-12,LESL
2022-12,LGIH
2022-12,LGND
2022-12,LKFN
2022-12,LMAT
2022-12,LNN
2022-12,LOCO
2022-12,LPG
2022-12,LPI
2022-12,LPSN
2022-12,LQDT
2022-12,LRN
2022-12,LTC
2022-12,LTHM
2022-12,LXP
2022-12,LZB
2022-12,MATW
2022-12,MATX
2022-12,MBC
2022-12,MCRI
2022-12,MCS
2022-12,MCW
2022-12,MCY
2022-12,MD
2022-12,MDC
2022-12,MDRX
2022-12,MED
2022-12,MEI
2022-12,MERC
2022-12,MGPI
2022-12,MHO
2022-12,MLAB
2022-12,MLI
2022-12,MLKN
2022-12,MMI
2022-12,MMSI
2022-12,MNRO
2022-12,MODV
2022-12,MOG.A
2022-12,MOV
2022-12,MPAA
2022-12,MRTN
2022-12,MSEX
2022-12,MTH
2022-12,MTRN
2022-12,MTX
2022-12,MXL
2022-12,MYE
2022-12,MYGN
2022-12,MYRG
2022-12,NBHC
2022-12,NBR
2022-12,NBTB
2022-12,NEO
2022-12,NFBK
2022-12,NKTR
2022-12,NMIH
2022-12,NPK
2022-12,NPO
2022-12,NSIT
2022-12,NTCT
2022-12,NTGR
2022-12,NUS
2022-12,NUVA
2022-12,NVEE
2022-12,NWBI
2022-12,NWN
2022-12,NX
2022-12,NXGN
2022-12,NXRT
2022-12,NYMT
2022-12,ODP
2022-12,OFG
2022-12,OFIX
2022-12,OI
2022-12,OII
2022-12,OIS
2022-12,OMI
2022-12,ONL
2022-12,ONTO
2022-12,OPI
2022-12,OPRX
2022-12,ORGO
2022-12,OSIS
2022-12,OSPN
2022-12,OSUR
2022-12,OUT
2022-12,OXM
2022-12,PAHC
2022-12,PARR
2022-12,PATK
2022-12,PAYO
2022-12,PBH
2022-12,PBI
2022-12,PCRX
2022-12,PDFS
2022-12,PETS
2022-12,PFBC
2022-12,PFS
2022-12,PGTI
2022-12,PIPR
2022-12,PKE
2022-12,PLAB
2022-12,PLAY
2022-12,PLCE
2022-12,PLMR
2022-12,PLUS
2022-12,PLXS
2022-12,PMT
2022-12,PNTG
2022-12,POWL
2022-12,PPBI
2022-12,PRA
2022-12,PRAA
2022-12,PRDO
2022-12,PRFT
2022-12,PRG
2022-12,PRGS
2022-12,PRLB
2022-12,PSMT
2022-12,PTEN
2022-12,PUMP
2022-12,QNST
2022-12,QURE
2022-12,RAMP
2022-12,RC
2022-12,RCII
2022-12,RCUS
2022-12,RDNT
2022-12,RES
2022-12,REX
2022-12,REZI
2022-12,RGNX
2022-12,RGP
2022-12,RGR
2022-12,RILY
2022-12,RMAX
2022-12,RMBS
2022-12,RNST
2022-12,ROCC
2022-12,ROCK
2022-12,ROG
2022-12,ROIC
2022-12,RPT
2022-12,RUTH
2022-12,RWT
2022-12,RYAM
2022-12,SABR
2022-12,SAFE
2022-12,SAFT
2022-12,SAH
2022-12,SANM
2022-12,SBCF
2022-12,SBH
2022-12,SBSI
2022-12,SCHL
2022-12,SCL
2022-12,SCSC
2022-12,SCVL
2022-12,SEM
2022-12,SENEA
2022-12,SFBS
2022-12,SFNC
2022-12,SGH
2022-12,SHAK
2022-12,SHEN
2022-12,SHO
2022-12,SHOO
2022-12,SIG
2022-12,SITC
2022-12,SIX
2022-12,SJI
2022-12,SJW
2022-12,SKT
2022-12,SKYW
2022-12,SLCA
2022-12,SLP
2022-12,SLVM
2022-12,SM
2022-12,SMP
2022-12,SMPL
2022-12,SMTC
2022-12,SNBR
2022-12,SNCY
2022-12,SNEX
2022-12,SONO
2022-12,SPNT
2022-12,SPSC
2022-12,SPSM
2022-12,SPTN
2022-12,SPXC
2022-12,SRDX
2022-12,SSP
2022-12,SSTK
2022-12,STAR
2022-12,STBA
2022-12,STC
2022-12,STEL
2022-12,STRA
2022-12,SUPN
2022-12,SVC
2022-12,SWM
2022-12,SXC
2022-12,SXI
2022-12,TALO
2022-12,TBBK
2022-12,TBI
2022-12,TBK
2022-12,TDS
2022-12,TG
2022-12,TGI
2022-12,THRM
2022-12,THRY
2022-12,THS
2022-12,TILE
2022-12,TMST
2022-12,TNC
2022-12,TPH
2022-12,TR
2022-12,TREE
2022-12,TRMK
2022-12,TRN
2022-12,TRST
2022-12,TRUP
2022-12,TSE
2022-12,TTEC
2022-12,TTGT
2022-12,TTMI
2022-12,TWI
2022-12,TWNK
2022-12,TWO
2022-12,UBA
2022-12,UCBI
2022-12,UCTT
2022-12,UE
2022-12,UEIC
2022-12,UFCS
2022-12,UFPI
2022-12,UHT
2022-12,UIS
2022-12,UNF
2022-12,UNFI
2022-12,UNIT
2022-12,URBN
2022-12,USNA
2022-12,USPH
2022-12,UTL
2022-12,UVE
2022-12,UVV
2022-12,VBTX
2022-12,VCEL
2022-12,VECO
2022-12,VGR
2022-12,VIAV
2022-12,VIOO
2022-12,VIR
2022-12,VIVO
2022-12,VNDA
2022-12,VRE
2022-12,VREX
2022-12,VRTS
2022-12,VRTV
2022-12,VSTO
2022-12,VTOL
2022-12,VVI
2022-12,WABC
2022-12,WD
2022-12,WDFC
2022-12,WETF
2022-12,WGO
2022-12,WIRE
2022-12,WNC
2022-12,WRE
2022-12,WRLD
2022-12,WSFS
2022-12,WSR
2022-12,WW
2022-12,WWW
2022-12,XHR
2022-12,XNCR
2022-12,XPEL
2022-12,XPER
2022-12,YELP
2022-12,ZEUS
2022-12,ZIMV
2022-12,ZUMZ
2022-12,ZYXI
2023-01,AAN
2023-01,AAON
2023-01,AAT
2023-01,AAWW
2023-01,ABCB
2023-01,ABG
2023-01,ABM
2023-01,ACA
2023-01,ACLS
2023-01,ADC
2023-01,ADEA
2023-01,ADTN
2023-01,ADUS
2023-01,AEIS
2023-01,AEL
2023-01,AEO
2023-01,AGO
2023-01,AGTI
2023-01,AGYS
2023-01,AHCO
2023-01,AHH
2023-01,AIN
2023-01,AIR
2023-01,AIT
2023-01,AJRD
2023-01,AKR
2023-01,ALEX
2023-01,ALG
2023-01,ALGT
2023-01,ALRM
2023-01,AMBC
2023-01,AMCX
2023-01,AMEH
2023-01,AMN
2023-01,AMPH
2023-01,AMSF
2023-01,AMWD
2023-01,ANDE
2023-01,ANF
2023-01,ANGO
2023-01,ANIK
2023-01,ANIP
2023-01,AORT
2023-01,AOSL
2023-01,APOG
2023-01,APPS
2023-01,ARCB
2023-01,ARI
2023-01,ARLO
2023-01,ARNC
2023-01,AROC
2023-01,ARR
2023-01,ASIX
2023-01,ASO
2023-01,ASTE
2023-01,ATEN
2023-01,ATGE
2023-01,ATI
2023-01,ATNI
2023-01,AVA
2023-01,AVAV
2023-01,AVD
2023-01,AVID
2023-01,AVNS
2023-01,AWR
2023-01,AX
2023-01,AXL
2023-01,AZZ
2023-01,B
2023-01,BANC
2023-01,BANF
2023-01,BANR
2023-01,BBBY
2023-01,BCC
2023-01,BCOR
2023-01,BCPC
2023-01,BDN
2023-01,BFH
2023-01,BFS
2023-01,BGS
2023-01,BHE
2023-01,BHLB
2023-01,BIG
2023-01,BJRI
2023-01,BKE
2023-01,BKU
2023-01,BLFS
2023-01,BLMN
2023-01,BMI
2023-01,BOOM
2023-01,BOOT
2023-01,BRC
2023-01,BRKL
2023-01,BSIG
2023-01,CAKE
2023-01,CAL
2023-01,CALM
2023-01,CARA
2023-01,CARS
2023-01,CASH
2023-01,CBU
2023-01,CCOI
2023-01,CCRN
2023-01,CCS
2023-01,CCSI
2023-01,CDMO
2023-01,CEIX
2023-01,CENT
2023-01,CENTA
2023-01,CENX
2023-01,CEVA
2023-01,CFFN
2023-01,CHCO
2023-01,CHCT
2023-01,CHEF
2023-01,CHRS
2023-01,CHS
2023-01,CHUY
2023-01,CIR
2023-01,CIVI
2023-01,CLB
2023-01,CLDT
2023-01,CLFD
2023-01,CLW
2023-01,CMP
2023-01,CMTL
2023-01,CNK
2023-01,CNMD
2023-01,CNSL
2023-01,CNXN
2023-01,COHU
2023-01,COLB
2023-01,COLL
2023-01,COOP
2023-01,CORT
2023-01,CPE
2023-01,CPF
2023-01,CPK
2023-01,CPRX
2023-01,CPSI
2023-01,CRMT
2023-01,CRNC
2023-01,CRS
2023-01,CRSR
2023-01,CRVL
2023-01,CSGS
2023-01,CSII
2023-01,CSR
2023-01,CTRE
2023-01,CTS
2023-01,CUBI
2023-01,CUTR
2023-01,CVBF
2023-01,CVCO
2023-01,CVGW
2023-01,CWK
2023-01,CWT
2023-01,CXW
2023-01,CYH
2023-01,CYTK
2023-01,DBI
2023-01,DCOM
2023-01,DDD
2023-01,DEA
2023-01,DFIN
2023-01,DGII
2023-01,DIN
2023-01,DIOD
2023-01,DLX
2023-01,DNOW
2023-01,DORM
2023-01,DOUG
2023-01,DRH
2023-01,DRQ
2023-01,DV
2023-01,DVAX
2023-01,DXPE
2023-01,EAT
2023-01,EBIX
2023-01,EBS
2023-01,ECPG
2023-01,EFC
2023-01,EGBN
2023-01,EGHT
2023-01,EGRX
2023-01,EHAB
2023-01,EIG
2023-01,ELF
2023-01,EMBC
2023-01,ENSG
2023-01,ENTA
2023-01,ENVA
2023-01,EPAC
2023-01,EPC
2023-01,EPRT
2023-01,ESE
2023-01,ETD
2023-01,EVTC
2023-01,EXPO
2023-01,EXTR
2023-01,EYE
2023-01,EZPW
2023-01,FARO
2023-01,FBK
2023-01,FBNC
2023-01,FBP
2023-01,FBRT
2023-01,FCF
2023-01,FCPT
2023-01,FDP
2023-01,FELE
2023-01,FF
2023-01,FFBC
2023-01,FHB
2023-01,FIX
2023-01,FIZZ
2023-01,FLGT
2023-01,FN
2023-01,FORM
2023-01,FORR
2023-01,FSS
2023-01,FTDR
2023-01,FUL
2023-01,FWRD
2023-01,GBX
2023-01,GCI
2023-01,GCO
2023-01,GDEN
2023-01,GDOT
2023-01,GEO
2023-01,GES
2023-01,GFF
2023-01,GIII
2023-01,GKOS
2023-01,GMS
2023-01,GNL
2023-01,GNW
2023-01,GOGO
2023-01,GPI
2023-01,GPMT
2023-01,GPRE
2023-01,GRBK
2023-01,GTY
2023-01,GVA
2023-01,HA
2023-01,HAFC
2023-01,HAIN
2023-01,HAYN
2023-01,HCC
2023-01,HCI
2023-01,HCSG
2023-01,HFWA
2023-01,HI
2023-01,HIBB
2023-01,HLIT
2023-01,HLX
2023-01,HMN
2023-01,HMST
2023-01,HNI
2023-01,HOPE
2023-01,HOUS
2023-01,HP
2023-01,HPP
2023-01,HRMY
2023-01,HSC
2023-01,HSII
2023-01,HSKA
2023-01,HSTM
2023-01,HT
2023-01,HTH
2023-01,HTLD
2023-01,HUBG
2023-01,HVT
2023-01,HWKN
2023-01,HZO
2023-01,IBP
2023-01,IBTX
2023-01,ICHR
2023-01,IDCC
2023-01,IIIN
2023-01,IIPR
2023-01,IJR
2023-01,ILPT
2023-01,INDB
2023-01,INGN
2023-01,INN
2023-01,INT
2023-01,INVA
2023-01,IOSP
2023-01,IPAR
2023-01,IRBT
2023-01,IRWD
2023-01,ITGR
2023-01,ITOS
2023-01,ITRI
2023-01,IVR
2023-01,JACK
2023-01,JBSS
2023-01,JBT
2023-01,JJSF
2023-01,JOE
2023-01,JRVR
2023-01,KALU
2023-01,KAMN
2023-01,KAR
2023-01,KELYA
2023-01,KFY
2023-01,KLIC
2023-01,KN
2023-01,KOP
2023-01,KREF
2023-01,KTB
2023-01,KWR
2023-01,LCII
2023-01,LESL
2023-01,LGIH
2023-01,LGND
2023-01,LKFN
2023-01,LMAT
2023-01,LNN
2023-01,LOCO
2023-01,LPG
2023-01,LPI
2023-01,LPSN
2023-01,LQDT
2023-01,LRN
2023-01,LTC
2023-01,LTHM
2023-01,LXP
2023-01,LZB
2023-01,MATW
2023-01,MATX
2023-01,MBC
2023-01,MCRI
2023-01,MCS
2023-01,MCW
2023-01,MCY
2023-01,MD
2023-01,MDC
2023-01,MDRX
2023-01,MED
2023-01,MEI
2023-01,MERC
2023-01,MGPI
2023-01,MHO
2023-01,MLAB
2023-01,MLI
2023-01,MLKN
2023-01,MMI
2023-01,MMSI
2023-01,MNRO
2023-01,MODV
2023-01,MOG.A
2023-01,MOV
2023-01,MPAA
2023-01,MRTN
2023-01,MSEX
2023-01,MTH
2023-01,MTRN
2023-01,MTX
2023-01,MXL
2023-01,MYE
2023-01,MYGN
2023-01,MYRG
2023-01,NBHC
2023-01,NBR
2023-01,NBTB
2023-01,NEO
2023-01,NFBK
2023-01,NKTR
2023-01,NMIH
2023-01,NPK
2023-01,NPO
2023-01,NSIT
2023-01,NTCT
2023-01,NTGR
2023-01,NUS
2023-01,NUVA
2023-01,NVEE
2023-01,NWBI
2023-01,NWN
2023-01,NX
2023-01,NXGN
2023-01,NXRT
2023-01,NYMT
2023-01,ODP
2023-01,OFG
2023-01,OFIX
2023-01,OI
2023-01,OII
2023-01,OIS
2023-01,OMI
2023-01,ONL
2023-01,ONTO
2023-01,OPI
2023-01,OPRX
2023-01,ORGO
2023-01,OSIS
2023-01,OSPN
2023-01,OSUR
2023-01,OUT
2023-01,OXM
2023-01,PAHC
2023-01,PARR
2023-01,PATK
2023-01,PAYO
2023-01,PBH
2023-01,PBI
2023-01,PCRX
2023-01,PDFS
2023-01,PETS
2023-01,PFBC
2023-01,PFS
2023-01,PGTI
2023-01,PIPR
2023-01,PKE
2023-01,PLAB
2023-01,PLAY
2023-01,PLCE
2023-01,PLMR
2023-01,PLUS
2023-01,PLXS
2023-01,PMT
2023-01,PNTG
2023-01,POWL
2023-01,PPBI
2023-01,PRA
2023-01,PRAA
2023-01,PRDO
2023-01,PRFT
2023-01,PRG
2023-01,PRGS
2023-01,PRLB
2023-01,PSMT
2023-01,PTEN
2023-01,PUMP
2023-01,QNST
2023-01,QURE
2023-01,RAMP
2023-01,RC
2023-01,RCII
2023-01,RCUS
2023-01,RDNT
2023-01,RES
2023-01,REX
2023-01,REZI
2023-01,RGNX
2023-01,RGP
2023-01,RGR
2023-01,RILY
2023-01,RMAX
2023-01,RMBS
2023-01,RNST
2023-01,ROCC
2023-01,ROCK
2023-01,ROG
2023-01,ROIC
2023-01,RPT
2023-01,RUTH
2023-01,RWT
2023-01,RXO
2023-01,RYAM
2023-01,SABR
2023-01,SAFE
2023-01,SAFT
2023-01,SAH
2023-01,SANM
2023-01,SBCF
2023-01,SBH
2023-01,SBSI
2023-01,SCHL
2023-01,SCL
2023-01,SCSC
2023-01,SCVL
2023-01,SEM
2023-01,SENEA
2023-01,SFBS
2023-01,SFNC
2023-01,SGH
2023-01,SHAK
2023-01,SHEN
2023-01,SHO
2023-01,SHOO
2023-01,SIG
2023-01,SITC
2023-01,SIX
2023-01,SJI
2023-01,SJW
2023-01,SKT
2023-01,SKYW
2023-01,SLCA
2023-01,SLP
2023-01,SLVM
2023-01,SM
2023-01,SMP
2023-01,SMPL
2023-01,SMTC
2023-01,SNBR
2023-01,SNCY
2023-01,SNEX
2023-01,SONO
2023-01,SPNT
2023-01,SPSC
2023-01,SPSM
2023-01,SPTN
2023-01,SPXC
2023-01,SRDX
2023-01,SSP
2023-01,SSTK
2023-01,STAR
2023-01,STBA
2023-01,STC
2023-01,STEL
2023-01,STRA
2023-01,SUPN
2023-01,SVC
2023-01,SWM
2023-01,SXC
2023-01,SXI
2023-01,TALO
2023-01,TBBK
2023-01,TBI
2023-01,TBK
2023-01,TDS
2023-01,TG
2023-01,TGI
2023-01,THRM
2023-01,THRY
2023-01,THS
2023-01,TILE
2023-01,TMST
2023-01,TNC
2023-01,TPH
2023-01,TR
2023-01,TREE
2023-01,TRMK
2023-01,TRN
2023-01,TRST
2023-01,TRUP
2023-01,TSE
2023-01,TTEC
2023-01,TTGT
2023-01,TTMI
2023-01,TWI
2023-01,TWNK
2023-01,TWO
2023-01,UBA
2023-01,UCBI
2023-01,UCTT
2023-01,UE
2023-01,UEIC
2023-01,UFCS
2023-01,UFPI
2023-01,UHT
2023-01,UIS
2023-01,UNF
2023-01,UNFI
2023-01,UNIT
2023-01,URBN
2023-01,USNA
2023-01,USPH
2023-01,UTL
2023-01,UVE
2023-01,UVV
2023-01,VBTX
2023-01,VCEL
2023-01,VECO
2023-01,VGR
2023-01,VIAV
2023-01,VIOO
2023-01,VIR
2023-01,VNDA
2023-01,VRE
2023-01,VREX
2023-01,VRTS
2023-01,VRTV
2023-01,VSTO
2023-01,VTOL
2023-01,VVI
2023-01,WABC
2023-01,WD
2023-01,WDFC
2023-01,WETF
2023-01,WGO
2023-01,WIRE
2023-01,WNC
2023-01,WRE
2023-01,WRLD
2023-01,WSFS
2023-01,WSR
2023-01,WW
2023-01,WWW
2023-01,XHR
2023-01,XNCR
2023-01,XPEL
2023-01,XPER
2023-01,YELP
2023-01,ZEUS
2023-01,ZIMV
2023-01,ZUMZ
2023-01,ZYXI
2023-02,AAN
2023-02,AAON
2023-02,AAT
2023-02,AAWW
2023-02,ABCB
2023-02,ABG
2023-02,ABM
2023-02,ACA
2023-02,ACLS
2023-02,ADEA
2023-02,ADTN
2023-02,ADUS
2023-02,AEIS
2023-02,AEL
2023-02,AEO
2023-02,AGO
2023-02,AGTI
2023-02,AGYS
2023-02,AHCO
2023-02,AHH
2023-02,AIN
2023-02,AIR
2023-02,AIT
2023-02,AJRD
2023-02,AKR
2023-02,ALEX
2023-02,ALG
2023-02,ALGT
2023-02,ALRM
2023-02,AMBC
2023-02,AMCX
2023-02,AMEH
2023-02,AMN
2023-02,AMPH
2023-02,AMSF
2023-02,AMWD
2023-02,ANDE
2023-02,ANF
2023-02,ANGO
2023-02,ANIK
2023-02,ANIP
2023-02,AORT
2023-02,AOSL
2023-02,APOG
2023-02,APPS
2023-02,ARCB
2023-02,ARI
2023-02,ARLO
2023-02,ARNC
2023-02,AROC
2023-02,ARR
2023-02,ASIX
2023-02,ASO
2023-02,ASTE
2023-02,ATEN
2023-02,ATGE
2023-02,ATI
2023-02,ATNI
2023-02,AVA
2023-02,AVAV
2023-02,AVD
2023-02,AVID
2023-02,AVNS
2023-02,AVTA
2023-02,AWR
2023-02,AX
2023-02,AXL
2023-02,AZZ
2023-02,B
2023-02,BANC
2023-02,BANF
2023-02,BANR
2023-02,BBBY
2023-02,BCC
2023-02,BCPC
2023-02,BDN
2023-02,BFH
2023-02,BFS
2023-02,BGS
2023-02,BHE
2023-02,BHLB
2023-02,BIG
2023-02,BJRI
2023-02,BKE
2023-02,BKU
2023-02,BLFS
2023-02,BLMN
2023-02,BMI
2023-02,BOOM
2023-02,BOOT
2023-02,BRC
2023-02,BRKL
2023-02,BSIG
2023-02,CAKE
2023-02,CAL
2023-02,CALM
2023-02,CARA
2023-02,CARS
2023-02,CASH
2023-02,CBU
2023-02,CCOI
2023-02,CCRN
2023-02,CCS
2023-02,CCSI
2023-02,CDMO
2023-02,CEIX
2023-02,CENT
2023-02,CENTA
2023-02,CENX
2023-02,CEVA
2023-02,CFFN
2023-02,CHCO
2023-02,CHCT
2023-02,CHEF
2023-02,CHRS
2023-02,CHS
2023-02,CHUY
2023-02,CIR
2023-02,CIVI
2023-02,CLB
2023-02,CLDT
2023-02,CLFD
2023-02,CLW
2023-02,CMP
2023-02,CMTL
2023-02,CNK
2023-02,CNMD
2023-02,CNSL
2023-02,CNXN
2023-02,COHU
2023-02,COLB
2023-02,COLL
2023-02,COOP
2023-02,CORT
2023-02,CPE
2023-02,CPF
2023-02,CPK
2023-02,CPRX
2023-02,CPSI
2023-02,CRK
2023-02,CRMT
2023-02,CRNC
2023-02,CRS
2023-02,CRSR
2023-02,CRVL
2023-02,CSGS
2023-02,CSII
2023-02,CSR
2023-02,CTRE
2023-02,CTS
2023-02,CUBI
2023-02,CUTR
2023-02,CVBF
2023-02,CVCO
2023-02,CVGW
2023-02,CWK
2023-02,CWT
2023-02,CXW
2023-02,CYH
2023-02,CYTK
2023-02,DBI
2023-02,DCOM
2023-02,DDD
2023-02,DEA
2023-02,DFIN
2023-02,DGII
2023-02,DIN
2023-02,DIOD
2023-02,DLX
2023-02,DNOW
2023-02,DORM
2023-02,DOUG
2023-02,DRH
2023-02,DRQ
2023-02,DV
2023-02,DVAX
2023-02,DXPE
2023-02,EAT
2023-02,EBIX
2023-02,EBS
2023-02,ECPG
2023-02,EFC
2023-02,EGBN
2023-02,EGHT
2023-02,EGRX
2023-02,EHAB
2023-02,EIG
2023-02,ELF
2023-02,EMBC
2023-02,ENSG
2023-02,ENTA
2023-02,ENVA
2023-02,EPAC
2023-02,EPC
2023-02,EPRT
2023-02,ESE
2023-02,ETD
2023-02,EVTC
2023-02,EXPO
2023-02,EXTR
2023-02,EYE
2023-02,EZPW
2023-02,FARO
2023-02,FBK
2023-02,FBNC
2023-02,FBP
2023-02,FBRT
2023-02,FCF
2023-02,FCPT
2023-02,FDP
2023-02,FELE
2023-02,FF
2023-02,FFBC
2023-02,FHB
2023-02,FIX
2023-02,FIZZ
2023-02,FLGT
2023-02,FN
2023-02,FORM
2023-02,FORR
2023-02,FSS
2023-02,FTDR
2023-02,FUL
2023-02,FWRD
2023-02,GBX
2023-02,GCI
2023-02,GCO
2023-02,GDEN
2023-02,GDOT
2023-02,GEO
2023-02,GES
2023-02,GFF
2023-02,GIII
2023-02,GKOS
2023-02,GMS
2023-02,GNL
2023-02,GNW
2023-02,GOGO
2023-02,GPI
2023-02,GPMT
2023-02,GPRE
2023-02,GRBK
2023-02,GTY
2023-02,GVA
2023-02,HA
2023-02,HAFC
2023-02,HAIN
2023-02,HAYN
2023-02,HCC
2023-02,HCI
2023-02,HCSG
2023-02,HFWA
2023-02,HI
2023-02,HIBB
2023-02,HLIT
2023-02,HLX
2023-02,HMN
2023-02,HMST
2023-02,HNI
2023-02,HOPE
2023-02,HOUS
2023-02,HP
2023-02,HPP
2023-02,HRMY
2023-02,HSC
2023-02,HSII
2023-02,HSKA
2023-02,HSTM
2023-02,HT
2023-02,HTH
2023-02,HTLD
2023-02,HUBG
2023-02,HVT
2023-02,HWKN
2023-02,HZO
2023-02,IBP
2023-02,IBTX
2023-02,ICHR
2023-02,IDCC
2023-02,IIIN
2023-02,IIPR
2023-02,IJR
2023-02,ILPT
2023-02,INDB
2023-02,INGN
2023-02,INN
2023-02,INT
2023-02,INVA
2023-02,IOSP
2023-02,IPAR
2023-02,IRBT
2023-02,IRWD
2023-02,ITGR
2023-02,ITOS
2023-02,ITRI
2023-02,IVR
2023-02,JACK
2023-02,JBSS
2023-02,JBT
2023-02,JJSF
2023-02,JOE
2023-02,JRVR
2023-02,KALU
2023-02,KAMN
2023-02,KAR
2023-02,KELYA
2023-02,KFY
2023-02,KLIC
2023-02,KN
2023-02,KOP
2023-02,KREF
2023-02,KTB
2023-02,KWR
2023-02,LCII
2023-02,LESL
2023-02,LGIH
2023-02,LGND
2023-02,LKFN
2023-02,LMAT
2023-02,LNN
2023-02,LOCO
2023-02,LPG
2023-02,LPI
2023-02,LPSN
2023-02,LQDT
2023-02,LRN
2023-02,LTC
2023-02,LTHM
2023-02,LXP
2023-02,LZB
2023-02,MATW
2023-02,MATX
2023-02,MBC
2023-02,MCRI
2023-02,MCS
2023-02,MCW
2023-02,MCY
2023-02,MD
2023-02,MDC
2023-02,MDRX
2023-02,MED
2023-02,MEI
2023-02,MERC
2023-02,MGPI
2023-02,MHO
2023-02,MLAB
2023-02,MLI
2023-02,MLKN
2023-02,MMI
2023-02,MMSI
2023-02,MNRO
2023-02,MODV
2023-02,MOG.A
2023-02,MOV
2023-02,MPAA
2023-02,MRTN
2023-02,MSEX
2023-02,MTH
2023-02,MTRN
2023-02,MTX
2023-02,MXL
2023-02,MYE
2023-02,MYGN
2023-02,MYRG
2023-02,NBHC
2023-02,NBR
2023-02,NBTB
2023-02,NEO
2023-02,NFBK
2023-02,NKTR
2023-02,NMIH
2023-02,NOG
2023-02,NPK
2023-02,NPO
2023-02,NSIT
2023-02,NTCT
2023-02,NTGR
2023-02,NUS
2023-02,NUVA
2023-02,NVEE
2023-02,NWBI
2023-02,NWN
2023-02,NX
2023-02,NXGN
2023-02,NXRT
2023-02,NYMT
2023-02,ODP
2023-02,OFG
2023-02,OFIX
2023-02,OI
2023-02,OII
2023-02,OIS
2023-02,OMI
2023-02,ONL
2023-02,ONTO
2023-02,OPI
2023-02,OPRX
2023-02,ORGO
2023-02,OSIS
2023-02,OSPN
2023-02,OSUR
2023-02,OTTR
2023-02,OUT
2023-02,OXM
2023-02,PAHC
2023-02,PARR
2023-02,PATK
2023-02,PAYO
2023-02,PBH
2023-02,PBI
2023-02,PCRX
2023-02,PDFS
2023-02,PETS
2023-02,PFBC
2023-02,PFS
2023-02,PGTI
2023-02,PIPR
2023-02,PKE
2023-02,PLAB
2023-02,PLAY
2023-02,PLCE
2023-02,PLMR
2023-02,PLUS
2023-02,PLXS
2023-02,PMT
2023-02,PNTG
2023-02,POWL
2023-02,PPBI
2023-02,PRA
2023-02,PRAA
2023-02,PRDO
2023-02,PRFT
2023-02,PRG
2023-02,PRGS
2023-02,PRLB
2023-02,PSMT
2023-02,PTEN
2023-02,PUMP
2023-02,QNST
2023-02,QURE
2023-02,RAMP
2023-02,RC
2023-02,RCII
2023-02,RCUS
2023-02,RDNT
2023-02,RES
2023-02,REX
2023-02,REZI
2023-02,RGNX
2023-02,RGP
2023-02,RGR
2023-02,RILY
2023-02,RMAX
2023-02,RMBS
2023-02,RNST
2023-02,ROCC
2023-02,ROCK
2023-02,ROG
2023-02,ROIC
2023-02,RPT
2023-02,RUTH
2023-02,RWT
2023-02,RXO
2023-02,RYAM
2023-02,SABR
2023-02,SAFE
2023-02,SAFT
2023-02,SAH
2023-02,SANM
2023-02,SBCF
2023-02,SBH
2023-02,SBSI
2023-02,SCHL
2023-02,SCL
2023-02,SCSC
2023-02,SCVL
2023-02,SEM
2023-02,SENEA
2023-02,SFBS
2023-02,SFNC
2023-02,SGH
2023-02,SHAK
2023-02,SHEN
2023-02,SHO
2023-02,SHOO
2023-02,SIG
2023-02,SITC
2023-02,SIX
2023-02,SJW
2023-02,SKT
2023-02,SKYW
2023-02,SLCA
2023-02,SLP
2023-02,SLVM
2023-02,SM
2023-02,SMP
2023-02,SMPL
2023-02,SMTC
2023-02,SNBR
2023-02,SNCY
2023-02,SNEX
2023-02,SONO
2023-02,SPNT
2023-02,SPSC
2023-02,SPSM
2023-02,SPTN
2023-02,SPXC
2023-02,SRDX
2023-02,SSP
2023-02,SSTK
2023-02,STAR
2023-02,STBA
2023-02,STC
2023-02,STEL
2023-02,STRA
2023-02,SUPN
2023-02,SVC
2023-02,SWM
2023-02,SXC
2023-02,SXI
2023-02,TALO
2023-02,TBBK
2023-02,TBI
2023-02,TBK
2023-02,TDS
2023-02,TG
2023-02,TGI
2023-02,THRM
2023-02,THRY
2023-02,THS
2023-02,TILE
2023-02,TMST
2023-02,TNC
2023-02,TPH
2023-02,TR
2023-02,TREE
2023-02,TRMK
2023-02,TRN
2023-02,TRST
2023-02,TRUP
2023-02,TSE
2023-02,TTEC
2023-02,TTGT
2023-02,TTMI
2023-02,TWI
2023-02,TWNK
2023-02,TWO
2023-02,UBA
2023-02,UCBI
2023-02,UCTT
2023-02,UE
2023-02,UEIC
2023-02,UFCS
2023-02,UHT
2023-02,UIS
2023-02,UNF
2023-02,UNFI
2023-02,UNIT
2023-02,URBN
2023-02,USNA
2023-02,USPH
2023-02,UTL
2023-02,UVE
2023-02,UVV
2023-02,VBTX
2023-02,VCEL
2023-02,VECO
2023-02,VGR
2023-02,VIAV
2023-02,VIOO
2023-02,VIR
2023-02,VNDA
2023-02,VRE
2023-02,VREX
2023-02,VRTS
2023-02,VRTV
2023-02,VSTO
2023-02,VTOL
2023-02,VVI
2023-02,WABC
2023-02,WD
2023-02,WDFC
2023-02,WETF
2023-02,WGO
2023-02,WIRE
2023-02,WNC
2023-02,WRE
2023-02,WRLD
2023-02,WSFS
2023-02,WSR
2023-02,WW
2023-02,WWW
2023-02,XHR
2023-02,XNCR
2023-02,XPEL
2023-02,XPER
2023-02,YELP
2023-02,ZEUS
2023-02,ZIMV
2023-02,ZUMZ
2023-02,ZYXI
2023-03,AAN
2023-03,AAON
2023-03,AAT
2023-03,ABCB
2023-03,ABG
2023-03,ABM
2023-03,ACA
2023-03,ACLS
2023-03,ADEA
2023-03,ADTN
2023-03,ADUS
2023-03,AEIS
2023-03,AEL
2023-03,AEO
2023-03,AGO
2023-03,AGTI
2023-03,AGYS
2023-03,AHCO
2023-03,AHH
2023-03,AIN
2023-03,AIR
2023-03,AIT
2023-03,AJRD
2023-03,AKR
2023-03,ALEX
2023-03,ALG
2023-03,ALGT
2023-03,ALRM
2023-03,AMBC
2023-03,AMCX
2023-03,AMEH
2023-03,AMN
2023-03,AMPH
2023-03,AMSF
2023-03,AMWD
2023-03,ANDE
2023-03,ANF
2023-03,ANGO
2023-03,ANIK
2023-03,ANIP
2023-03,AORT
2023-03,AOSL
2023-03,APOG
2023-03,APPS
2023-03,ARCB
2023-03,ARI
2023-03,ARLO
2023-03,ARNC
2023-03,AROC
2023-03,ARR
2023-03,ASIX
2023-03,ASO
2023-03,ASTE
2023-03,ATEN
2023-03,ATGE
2023-03,ATI
2023-03,ATNI
2023-03,AUB
2023-03,AVA
2023-03,AVAV
2023-03,AVD
2023-03,AVID
2023-03,AVNS
2023-03,AVTA
2023-03,AWR
2023-03,AX
2023-03,AXL
2023-03,AZZ
2023-03,B
2023-03,BANC
2023-03,BANF
2023-03,BANR
2023-03,BCC
2023-03,BCPC
2023-03,BDN
2023-03,BFH
2023-03,BFS
2023-03,BGS
2023-03,BHE
2023-03,BHLB
2023-03,BIG
2023-03,BJRI
2023-03,BKE
2023-03,BKU
2023-03,BLFS
2023-03,BLMN
2023-03,BMI
2023-03,BOOM
2023-03,BOOT
2023-03,BRC
2023-03,BRKL
2023-03,BSIG
2023-03,CAKE
2023-03,CAL
2023-03,CALM
2023-03,CARA
2023-03,CARS
2023-03,CASH
2023-03,CBRL
2023-03,CBU
2023-03,CCOI
2023-03,CCRN
2023-03,CCS
2023-03,CCSI
2023-03,CDMO
2023-03,CEIX
2023-03,CENT
2023-03,CENTA
2023-03,CENX
2023-03,CERT
2023-03,CEVA
2023-03,CFFN
2023-03,CHCO
2023-03,CHCT
2023-03,CHEF
2023-03,CHRS
2023-03,CHS
2023-03,CHUY
2023-03,CIR
2023-03,CIVI
2023-03,CLB
2023-03,CLDT
2023-03,CLFD
2023-03,CLW
2023-03,CMP
2023-03,CMTL
2023-03,CNK
2023-03,CNMD
2023-03,CNSL
2023-03,CNXN
2023-03,COHU
2023-03,COLL
2023-03,COOP
2023-03,CORT
2023-03,CPE
2023-03,CPF
2023-03,CPK
2023-03,CPRX
2023-03,CPSI
2023-03,CRK
2023-03,CRMT
2023-03,CRNC
2023-03,CRS
2023-03,CRSR
2023-03,CRVL
2023-03,CSGS
2023-03,CSII
2023-03,CSR
2023-03,CTRE
2023-03,CTS
2023-03,CUBI
2023-03,CUTR
2023-03,CVBF
2023-03,CVCO
2023-03,CVGW
2023-03,CVI
2023-03,CWK
2023-03,CWT
2023-03,CXW
2023-03,CYH
2023-03,CYTK
2023-03,DBI
2023-03,DCOM
2023-03,DDD
2023-03,DEA
2023-03,DFIN
2023-03,DGII
2023-03,DIN
2023-03,DIOD
2023-03,DLX
2023-03,DNOW
2023-03,DORM
2023-03,DOUG
2023-03,DRH
2023-03,DRQ
2023-03,DV
2023-03,DVAX
2023-03,DXPE
2023-03,DY
2023-03,EAT
2023-03,EBIX
2023-03,EBS
2023-03,ECPG
2023-03,EFC
2023-03,EGBN
2023-03,EGHT
2023-03,EGRX
2023-03,EHAB
2023-03,EIG
2023-03,ELF
2023-03,EMBC
2023-03,ENSG
2023-03,ENTA
2023-03,ENVA
2023-03,EPAC
2023-03,EPC
2023-03,EPRT
2023-03,ESE
2023-03,ETD
2023-03,EVTC
2023-03,EXTR
2023-03,EYE
2023-03,EZPW
2023-03,FARO
2023-03,FBK
2023-03,FBNC
2023-03,FBP
2023-03,FBRT
2023-03,FCF
2023-03,FCPT
2023-03,FDP
2023-03,FELE
2023-03,FF
2023-03,FFBC
2023-03,FHB
2023-03,FIX
2023-03,FIZZ
2023-03,FLGT
2023-03,FN
2023-03,FORM
2023-03,FORR
2023-03,FSS
2023-03,FTDR
2023-03,FUL
2023-03,FWRD
2023-03,GBX
2023-03,GCI
2023-03,GCO
2023-03,GDEN
2023-03,GDOT
2023-03,GEO
2023-03,GES
2023-03,GFF
2023-03,GIII
2023-03,GKOS
2023-03,GMS
2023-03,GNL
2023-03,GNW
2023-03,GOGO
2023-03,GPI
2023-03,GPRE
2023-03,GRBK
2023-03,GTY
2023-03,GVA
2023-03,HA
2023-03,HAFC
2023-03,HAIN
2023-03,HAYN
2023-03,HBI
2023-03,HCC
2023-03,HCI
2023-03,HCSG
2023-03,HFWA
2023-03,HI
2023-03,HIBB
2023-03,HLIT
2023-03,HLX
2023-03,HMN
2023-03,HMST
2023-03,HNI
2023-03,HOPE
2023-03,HOUS
2023-03,HP
2023-03,HPP
2023-03,HRMY
2023-03,HSC
2023-03,HSII
2023-03,HSKA
2023-03,HSTM
2023-03,HTH
2023-03,HTLD
2023-03,HUBG
2023-03,HVT
2023-03,HWKN
2023-03,HZO
2023-03,IBP
2023-03,IBTX
2023-03,ICHR
2023-03,IDCC
2023-03,IIIN
2023-03,IIPR
2023-03,IJR
2023-03,INDB
2023-03,INGN
2023-03,INN
2023-03,INT
2023-03,INVA
2023-03,IOSP
2023-03,IPAR
2023-03,IRBT
2023-03,IRWD
2023-03,ITGR
2023-03,ITOS
2023-03,ITRI
2023-03,IVR
2023-03,JACK
2023-03,JBGS
2023-03,JBSS
2023-03,JBT
2023-03,JJSF
2023-03,JOE
2023-03,JRVR
2023-03,KALU
2023-03,KAMN
2023-03,KAR
2023-03,KELYA
2023-03,KFY
2023-03,KLIC
2023-03,KMT
2023-03,KN
2023-03,KOP
2023-03,KREF
2023-03,KTB
2023-03,KW
2023-03,KWR
2023-03,LCII
2023-03,LESL
2023-03,LGIH
2023-03,LGND
2023-03,LKFN
2023-03,LMAT
2023-03,LNN
2023-03,LOCO
2023-03,LPG
2023-03,LPI
2023-03,LPSN
2023-03,LQDT
2023-03,LRN
2023-03,LTC
2023-03,LTHM
2023-03,LUMN
2023-03,LXP
2023-03,LZB
2023-03,MATW
2023-03,MATX
2023-03,MBC
2023-03,MCRI
2023-03,MCS
2023-03,MCW
2023-03,MCY
2023-03,MD
2023-03,MDC
2023-03,MDRX
2023-03,MED
2023-03,MEI
2023-03,MERC
2023-03,MGPI
2023-03,MHO
2023-03,MLAB
2023-03,MLI
2023-03,MLKN
2023-03,MMI
2023-03,MMSI
2023-03,MNRO
2023-03,MODV
2023-03,MOG.A
2023-03,MOV
2023-03,MRTN
2023-03,MSEX
2023-03,MTH
2023-03,MTRN
2023-03,MTX
2023-03,MXL
2023-03,MYE
2023-03,MYGN
2023-03,MYRG
2023-03,NBHC
2023-03,NBR
2023-03,NBTB
2023-03,NEO
2023-03,NEX
2023-03,NFBK
2023-03,NKTR
2023-03,NMIH
2023-03,NOG
2023-03,NPK
2023-03,NPO
2023-03,NSIT
2023-03,NTCT
2023-03,NTGR
2023-03,NUS
2023-03,NUVA
2023-03,NVEE
2023-03,NWBI
2023-03,NWN
2023-03,NX
2023-03,NXGN
2023-03,NXRT
2023-03,NYMT
2023-03,ODP
2023-03,OFG
2023-03,OFIX
2023-03,OI
2023-03,OII
2023-03,OIS
2023-03,OMI
2023-03,ONL
2023-03,ONTO
2023-03,OPI
2023-03,OSIS
2023-03,OSPN
2023-03,OSUR
2023-03,OTTR
2023-03,OUT
2023-03,OXM
2023-03,PAHC
2023-03,PARR
2023-03,PATK
2023-03,PAYO
2023-03,PBH
2023-03,PBI
2023-03,PCRX
2023-03,PDFS
2023-03,PEB
2023-03,PETS
2023-03,PFBC
2023-03,PFS
2023-03,PGTI
2023-03,PIPR
2023-03,PLAB
2023-03,PLAY
2023-03,PLCE
2023-03,PLMR
2023-03,PLUS
2023-03,PLXS
2023-03,PMT
2023-03,POWL
2023-03,PPBI
2023-03,PRA
2023-03,PRAA
2023-03,PRDO
2023-03,PRFT
2023-03,PRG
2023-03,PRGS
2023-03,PRLB
2023-03,PSMT
2023-03,PTEN
2023-03,PUMP
2023-03,QNST
2023-03,QURE
2023-03,RAMP
2023-03,RC
2023-03,RCII
2023-03,RCUS
2023-03,RDN
2023-03,RDNT
2023-03,RES
2023-03,REX
2023-03,REZI
2023-03,RGNX
2023-03,RGP
2023-03,RGR
2023-03,RILY
2023-03,RMAX
2023-03,RMBS
2023-03,RNST
2023-03,ROCC
2023-03,ROCK
2023-03,ROG
2023-03,ROIC
2023-03,RPT
2023-03,RUTH
2023-03,RWT
2023-03,RXO
2023-03,RYAM
2023-03,SABR
2023-03,SAFE
2023-03,SAFT
2023-03,SAH
2023-03,SANM
2023-03,SBCF
2023-03,SBH
2023-03,SBSI
2023-03,SCHL
2023-03,SCL
2023-03,SCSC
2023-03,SCVL
2023-03,SEM
2023-03,SENEA
2023-03,SFBS
2023-03,SFNC
2023-03,SGH
2023-03,SHAK
2023-03,SHEN
2023-03,SHO
2023-03,SHOO
2023-03,SIG
2023-03,SITC
2023-03,SIX
2023-03,SJW
2023-03,SKT
2023-03,SKYW
2023-03,SLCA
2023-03,SLG
2023-03,SLP
2023-03,SLVM
2023-03,SM
2023-03,SMP
2023-03,SMPL
2023-03,SMTC
2023-03,SNBR
2023-03,SNCY
2023-03,SNEX
2023-03,SONO
2023-03,SPNT
2023-03,SPSC
2023-03,SPSM
2023-03,SPTN
2023-03,SPXC
2023-03,SSP
2023-03,SSTK
2023-03,STAR
2023-03,STBA
2023-03,STC
2023-03,STEL
2023-03,STRA
2023-03,SUPN
2023-03,SVC
2023-03,SWM
2023-03,SXC
2023-03,SXI
2023-03,TALO
2023-03,TBBK
2023-03,TBI
2023-03,TBK
2023-03,TDS
2023-03,TG
2023-03,TGI
2023-03,THRM
2023-03,THRY
2023-03,THS
2023-03,TILE
2023-03,TMST
2023-03,TNC
2023-03,TNDM
2023-03,TPH
2023-03,TR
2023-03,TREE
2023-03,TRMK
2023-03,TRN
2023-03,TRST
2023-03,TRUP
2023-03,TSE
2023-03,TTEC
2023-03,TTGT
2023-03,TTMI
2023-03,TWI
2023-03,TWNK
2023-03,TWO
2023-03,UBA
2023-03,UCBI
2023-03,UCTT
2023-03,UE
2023-03,UFCS
2023-03,UHT
2023-03,UNF
2023-03,UNFI
2023-03,UNIT
2023-03,URBN
2023-03,USNA
2023-03,USPH
2023-03,UTL
2023-03,UVE
2023-03,UVV
2023-03,VBTX
2023-03,VCEL
2023-03,VECO
2023-03,VGR
2023-03,VIAV
2023-03,VIOO
2023-03,VIR
2023-03,VNDA
2023-03,VRE
2023-03,VREX
2023-03,VRRM
2023-03,VRTS
2023-03,VRTV
2023-03,VSAT
2023-03,VSTO
2023-03,VTOL
2023-03,VVI
2023-03,WABC
2023-03,WAFD
2023-03,WD
2023-03,WDFC
2023-03,WETF
2023-03,WGO
2023-03,WIRE
2023-03,WNC
2023-03,WRE
2023-03,WRLD
2023-03,WSFS
2023-03,WSR
2023-03,WWW
2023-03,XHR
2023-03,XNCR
2023-03,XPEL
2023-03,XPER
2023-03,YELP
2023-03,ZEUS
2023-03,ZUMZ
2023-03,ZYXI
2023-04,AAN
2023-04,AAON
2023-04,AAT
2023-04,ABCB
2023-04,ABG
2023-04,ABM
2023-04,ACA
2023-04,ACLS
2023-04,ADEA
2023-04,ADTN
2023-04,ADUS
2023-04,AEIS
2023-04,AEL
2023-04,AEO
2023-04,AGO
2023-04,AGTI
2023-04,AGYS
2023-04,AHCO
2023-04,AHH
2023-04,AIN
2023-04,AIR
2023-04,AIT
2023-04,AJRD
2023-04,AKR
2023-04,ALEX
2023-04,ALG
2023-04,ALGT
2023-04,ALRM
2023-04,AMBC
2023-04,AMCX
2023-04,AMEH
2023-04,AMN
2023-04,AMPH
2023-04,AMSF
2023-04,AMWD
2023-04,ANDE
2023-04,ANF
2023-04,ANGO
2023-04,ANIK
2023-04,ANIP
2023-04,AORT
2023-04,AOSL
2023-04,APOG
2023-04,APPS
2023-04,ARCB
2023-04,ARI
2023-04,ARLO
2023-04,ARNC
2023-04,AROC
2023-04,ARR
2023-04,ASIX
2023-04,ASO
2023-04,ASTE
2023-04,ATEN
2023-04,ATGE
2023-04,ATI
2023-04,ATNI
2023-04,AUB
2023-04,AVA
2023-04,AVAV
2023-04,AVD
2023-04,AVID
2023-04,AVNS
2023-04,AVTA
2023-04,AWR
2023-04,AX
2023-04,AXL
2023-04,AZZ
2023-04,B
2023-04,BANC
2023-04,BANF
2023-04,BANR
2023-04,BCC
2023-04,BCPC
2023-04,BDN
2023-04,BFH
2023-04,BFS
2023-04,BGS
2023-04,BHE
2023-04,BHLB
2023-04,BIG
2023-04,BJRI
2023-04,BKE
2023-04,BKU
2023-04,BLFS
2023-04,BLMN
2023-04,BMI
2023-04,BOOM
2023-04,BOOT
2023-04,BRC
2023-04,BRKL
2023-04,BSIG
2023-04,CAKE
2023-04,CAL
2023-04,CALM
2023-04,CARA
2023-04,CARS
2023-04,CASH
2023-04,CBRL
2023-04,CBU
2023-04,CCOI
2023-04,CCRN
2023-04,CCS
2023-04,CCSI
2023-04,CDMO
2023-04,CEIX
2023-04,CENT
2023-04,CENTA
2023-04,CENX
2023-04,CERT
2023-04,CEVA
2023-04,CFFN
2023-04,CHCO
2023-04,CHCT
2023-04,CHEF
2023-04,CHRS
2023-04,CHS
2023-04,CHUY
2023-04,CIR
2023-04,CIVI
2023-04,CLB
2023-04,CLDT
2023-04,CLFD
2023-04,CLW
2023-04,CMP
2023-04,CMTL
2023-04,CNK
2023-04,CNMD
2023-04,CNSL
2023-04,CNXN
2023-04,COHU
2023-04,COLL
2023-04,COOP
2023-04,CORT
2023-04,CPE
2023-04,CPF
2023-04,CPK
2023-04,CPRX
2023-04,CPSI
2023-04,CRK
2023-04,CRMT
2023-04,CRNC
2023-04,CRS
2023-04,CRSR
2023-04,CRVL
2023-04,CSGS
2023-04,CSII
2023-04,CSR
2023-04,CTRE
2023-04,CTS
2023-04,CUBI
2023-04,CUTR
2023-04,CVBF
2023-04,CVCO
2023-04,CVGW
2023-04,CVI
2023-04,CWK
2023-04,CWT
2023-04,CXW
2023-04,CYH
2023-04,CYTK
2023-04,DBI
2023-04,DCOM
2023-04,DDD
2023-04,DEA
2023-04,DFIN
2023-04,DGII
2023-04,DIN
2023-04,DIOD
2023-04,DLX
2023-04,DNOW
2023-04,DORM
2023-04,DOUG
2023-04,DRH
2023-04,DRQ
2023-04,DV
2023-04,DVAX
2023-04,DXPE
2023-04,DY
2023-04,EAT
2023-04,EBIX
2023-04,EBS
2023-04,ECPG
2023-04,EFC
2023-04,EGBN
2023-04,EGHT
2023-04,EGRX
2023-04,EHAB
2023-04,EIG
2023-04,ELF
2023-04,EMBC
2023-04,ENSG
2023-04,ENTA
2023-04,ENVA
2023-04,EPAC
2023-04,EPC
2023-04,EPRT
2023-04,ESE
2023-04,ETD
2023-04,EVTC
2023-04,EXTR
2023-04,EYE
2023-04,EZPW
2023-04,FARO
2023-04,FBK
2023-04,FBNC
2023-04,FBP
2023-04,FBRT
2023-04,FCF
2023-04,FCPT
2023-04,FDP
2023-04,FELE
2023-04,FF
2023-04,FFBC
2023-04,FHB
2023-04,FIX
2023-04,FIZZ
2023-04,FLGT
2023-04,FN
2023-04,FORM
2023-04,FORR
2023-04,FSS
2023-04,FTDR
2023-04,FUL
2023-04,FWRD
2023-04,GBX
2023-04,GCI
2023-04,GCO
2023-04,GDEN
2023-04,GDOT
2023-04,GEO
2023-04,GES
2023-04,GFF
2023-04,GIII
2023-04,GKOS
2023-04,GMS
2023-04,GNL
2023-04,GNW
2023-04,GOGO
2023-04,GPI
2023-04,GPRE
2023-04,GRBK
2023-04,GTY
2023-04,GVA
2023-04,HA
2023-04,HAFC
2023-04,HAIN
2023-04,HAYN
2023-04,HBI
2023-04,HCC
2023-04,HCI
2023-04,HCSG
2023-04,HFWA
2023-04,HI
2023-04,HIBB
2023-04,HLIT
2023-04,HLX
2023-04,HMN
2023-04,HMST
2023-04,HNI
2023-04,HOPE
2023-04,HOUS
2023-04,HP
2023-04,HPP
2023-04,HRMY
2023-04,HSC
2023-04,HSII
2023-04,HSKA
2023-04,HSTM
2023-04,HTH
2023-04,HTLD
2023-04,HUBG
2023-04,HVT
2023-04,HWKN
2023-04,HZO
2023-04,IBP
2023-04,IBTX
2023-04,ICHR
2023-04,IDCC
2023-04,IIIN
2023-04,IIPR
2023-04,IJR
2023-04,INDB
2023-04,INGN
2023-04,INN
2023-04,INT
2023-04,INVA
2023-04,IOSP
2023-04,IPAR
2023-04,IRBT
2023-04,IRWD
2023-04,ITGR
2023-04,ITOS
2023-04,ITRI
2023-04,IVR
2023-04,JACK
2023-04,JBGS
2023-04,JBSS
2023-04,JBT
2023-04,JJSF
2023-04,JOE
2023-04,JRVR
2023-04,KALU
2023-04,KAMN
2023-04,KAR
2023-04,KELYA
2023-04,KFY
2023-04,KLIC
2023-04,KMT
2023-04,KN
2023-04,KOP
2023-04,KREF
2023-04,KTB
2023-04,KW
2023-04,KWR
2023-04,LCII
2023-04,LESL
2023-04,LGIH
2023-04,LGND
2023-04,LKFN
2023-04,LMAT
2023-04,LNN
2023-04,LOCO
2023-04,LPG
2023-04,LPI
2023-04,LPSN
2023-04,LQDT
2023-04,LRN
2023-04,LTC
2023-04,LTHM
2023-04,LUMN
2023-04,LXP
2023-04,LZB
2023-04,MATW
2023-04,MATX
2023-04,MBC
2023-04,MCRI
2023-04,MCS
2023-04,MCW
2023-04,MCY
2023-04,MD
2023-04,MDC
2023-04,MDRX
2023-04,MED
2023-04,MEI
2023-04,MERC
2023-04,MGPI
2023-04,MHO
2023-04,MLAB
2023-04,MLI
2023-04,MLKN
2023-04,MMI
2023-04,MMSI
2023-04,MNRO
2023-04,MODV
2023-04,MOG.A
2023-04,MOV
2023-04,MRTN
2023-04,MSEX
2023-04,MTH
2023-04,MTRN
2023-04,MTX
2023-04,MXL
2023-04,MYE
2023-04,MYGN
2023-04,MYRG
2023-04,NABL
2023-04,NBHC
2023-04,NBR
2023-04,NBTB
2023-04,NEO
2023-04,NEX
2023-04,NFBK
2023-04,NMIH
2023-04,NOG
2023-04,NPK
2023-04,NPO
2023-04,NSIT
2023-04,NTCT
2023-04,NTGR
2023-04,NUS
2023-04,NUVA
2023-04,NVEE
2023-04,NWBI
2023-04,NWN
2023-04,NX
2023-04,NXGN
2023-04,NXRT
2023-04,NYMT
2023-04,ODP
2023-04,OFG
2023-04,OFIX
2023-04,OI
2023-04,OII
2023-04,OIS
2023-04,OMI
2023-04,ONL
2023-04,ONTO
2023-04,OPI
2023-04,OSIS
2023-04,OSPN
2023-04,OSUR
2023-04,OTTR
2023-04,OUT
2023-04,OXM
2023-04,PACW
2023-04,PAHC
2023-04,PARR
2023-04,PATK
2023-04,PAYO
2023-04,PBH
2023-04,PBI
2023-04,PCRX
2023-04,PDFS
2023-04,PEB
2023-04,PETS
2023-04,PFBC
2023-04,PFS
2023-04,PGTI
2023-04,PIPR
2023-04,PLAB
2023-04,PLAY
2023-04,PLCE
2023-04,PLMR
2023-04,PLUS
2023-04,PLXS
2023-04,PMT
2023-04,POWL
2023-04,PPBI
2023-04,PRA
2023-04,PRAA
2023-04,PRDO
2023-04,PRFT
2023-04,PRG
2023-04,PRGS
2023-04,PRLB
2023-04,PSMT
2023-04,PTEN
2023-04,PUMP
2023-04,QNST
2023-04,QURE
2023-04,RAMP
2023-04,RC
2023-04,RCII
2023-04,RCUS
2023-04,RDN
2023-04,RDNT
2023-04,RES
2023-04,REX
2023-04,REZI
2023-04,RGNX
2023-04,RGP
2023-04,RGR
2023-04,RILY
2023-04,RMAX
2023-04,RMBS
2023-04,RNST
2023-04,ROCC
2023-04,ROCK
2023-04,ROG
2023-04,ROIC
2023-04,RPT
2023-04,RUTH
2023-04,RWT
2023-04,RXO
2023-04,RYAM
2023-04,SABR
2023-04,SAFE
2023-04,SAFT
2023-04,SAH
2023-04,SANM
2023-04,SBCF
2023-04,SBH
2023-04,SBSI
2023-04,SCHL
2023-04,SCL
2023-04,SCSC
2023-04,SCVL
2023-04,SEM
2023-04,SENEA
2023-04,SFBS
2023-04,SFNC
2023-04,SGH
2023-04,SHAK
2023-04,SHEN
2023-04,SHO
2023-04,SHOO
2023-04,SIG
2023-04,SITC
2023-04,SIX
2023-04,SJW
2023-04,SKT
2023-04,SKYW
2023-04,SLCA
2023-04,SLG
2023-04,SLP
2023-04,SLVM
2023-04,SM
2023-04,SMP
2023-04,SMPL
2023-04,SMTC
2023-04,SNBR
2023-04,SNCY
2023-04,SNEX
2023-04,SONO
2023-04,SPNT
2023-04,SPSC
2023-04,SPSM
2023-04,SPTN
2023-04,SPXC
2023-04,SSP
2023-04,SSTK
2023-04,STBA
2023-04,STC
2023-04,STEL
2023-04,STRA
2023-04,SUPN
2023-04,SVC
2023-04,SWM
2023-04,SXC
2023-04,SXI
2023-04,TALO
2023-04,TBBK
2023-04,TBI
2023-04,TBK
2023-04,TDS
2023-04,TG
2023-04,TGI
2023-04,THRM
2023-04,THRY
2023-04,THS
2023-04,TILE
2023-04,TMST
2023-04,TNC
2023-04,TNDM
2023-04,TPH
2023-04,TR
2023-04,TREE
2023-04,TRMK
2023-04,TRN
2023-04,TRST
2023-04,TRUP
2023-04,TSE
2023-04,TTEC
2023-04,TTGT
2023-04,TTMI
2023-04,TWI
2023-04,TWNK
2023-04,TWO
2023-04,UBA
2023-04,UCBI
2023-04,UCTT
2023-04,UE
2023-04,UFCS
2023-04,UHT
2023-04,UNF
2023-04,UNFI
2023-04,UNIT
2023-04,URBN
2023-04,USNA
2023-04,USPH
2023-04,UTL
2023-04,UVE
2023-04,UVV
2023-04,VBTX
2023-04,VCEL
2023-04,VECO
2023-04,VGR
2023-04,VIAV
2023-04,VIOO
2023-04,VIR
2023-04,VNDA
2023-04,VRE
2023-04,VREX
2023-04,VRRM
2023-04,VRTS
2023-04,VRTV
2023-04,VSAT
2023-04,VSTO
2023-04,VTOL
2023-04,VVI
2023-04,WABC
2023-04,WAFD
2023-04,WD
2023-04,WDFC
2023-04,WETF
2023-04,WGO
2023-04,WIRE
2023-04,WNC
2023-04,WRE
2023-04,WRLD
2023-04,WSFS
2023-04,WSR
2023-04,WWW
2023-04,XHR
2023-04,XNCR
2023-04,XPEL
2023-04,XPER
2023-04,YELP
2023-04,ZEUS
2023-04,ZUMZ
2023-04,ZYXI
2023-05,AAN
2023-05,AAON
2023-05,AAT
2023-05,ABCB
2023-05,ABG
2023-05,ABM
2023-05,ACA
2023-05,ACLS
2023-05,ADEA
2023-05,ADTN
2023-05,ADUS
2023-05,AEIS
2023-05,AEL
2023-05,AEO
2023-05,AGO
2023-05,AGTI
2023-05,AGYS
2023-05,AHCO
2023-05,AHH
2023-05,AIN
2023-05,AIR
2023-05,AIT
2023-05,AJRD
2023-05,AKR
2023-05,ALEX
2023-05,ALG
2023-05,ALGT
2023-05,ALRM
2023-05,AMBC
2023-05,AMCX
2023-05,AMEH
2023-05,AMN
2023-05,AMPH
2023-05,AMSF
2023-05,AMWD
2023-05,ANDE
2023-05,ANF
2023-05,ANGO
2023-05,ANIK
2023-05,ANIP
2023-05,AORT
2023-05,AOSL
2023-05,APOG
2023-05,APPS
2023-05,ARCB
2023-05,ARI
2023-05,ARLO
2023-05,ARNC
2023-05,AROC
2023-05,ARR
2023-05,ASIX
2023-05,ASO
2023-05,ASTE
2023-05,ATEN
2023-05,ATGE
2023-05,ATI
2023-05,ATNI
2023-05,AUB
2023-05,AVA
2023-05,AVAV
2023-05,AVD
2023-05,AVID
2023-05,AVNS
2023-05,AVTA
2023-05,AWR
2023-05,AX
2023-05,AXL
2023-05,AZZ
2023-05,B
2023-05,BANC
2023-05,BANF
2023-05,BANR
2023-05,BCC
2023-05,BCPC
2023-05,BDN
2023-05,BFH
2023-05,BFS
2023-05,BGS
2023-05,BHE
2023-05,BHLB
2023-05,BIG
2023-05,BJRI
2023-05,BKE
2023-05,BKU
2023-05,BLFS
2023-05,BLMN
2023-05,BMI
2023-05,BOOM
2023-05,BOOT
2023-05,BRC
2023-05,BRKL
2023-05,BSIG
2023-05,CAKE
2023-05,CAL
2023-05,CALM
2023-05,CARA
2023-05,CARS
2023-05,CASH
2023-05,CBRL
2023-05,CBU
2023-05,CCOI
2023-05,CCRN
2023-05,CCS
2023-05,CCSI
2023-05,CDMO
2023-05,CEIX
2023-05,CENT
2023-05,CENTA
2023-05,CENX
2023-05,CERT
2023-05,CEVA
2023-05,CFFN
2023-05,CHCO
2023-05,CHCT
2023-05,CHEF
2023-05,CHRS
2023-05,CHS
2023-05,CHUY
2023-05,CIR
2023-05,CIVI
2023-05,CLB
2023-05,CLDT
2023-05,CLFD
2023-05,CLW
2023-05,CMP
2023-05,CMTL
2023-05,CNK
2023-05,CNMD
2023-05,CNSL
2023-05,CNXN
2023-05,COHU
2023-05,COLL
2023-05,COOP
2023-05,CORT
2023-05,CPE
2023-05,CPF
2023-05,CPK
2023-05,CPRX
2023-05,CPSI
2023-05,CRK
2023-05,CRMT
2023-05,CRNC
2023-05,CRS
2023-05,CRSR
2023-05,CRVL
2023-05,CSGS
2023-05,CSR
2023-05,CTKB
2023-05,CTRE
2023-05,CTS
2023-05,CUBI
2023-05,CUTR
2023-05,CVBF
2023-05,CVCO
2023-05,CVGW
2023-05,CVI
2023-05,CWK
2023-05,CWT
2023-05,CXW
2023-05,CYH
2023-05,CYTK
2023-05,DBI
2023-05,DCOM
2023-05,DDD
2023-05,DEA
2023-05,DFIN
2023-05,DGII
2023-05,DIN
2023-05,DIOD
2023-05,DLX
2023-05,DNOW
2023-05,DORM
2023-05,DOUG
2023-05,DRH
2023-05,DRQ
2023-05,DV
2023-05,DVAX
2023-05,DXPE
2023-05,DY
2023-05,EAT
2023-05,EBIX
2023-05,EBS
2023-05,ECPG
2023-05,EFC
2023-05,EGBN
2023-05,EGHT
2023-05,EGRX
2023-05,EHAB
2023-05,EIG
2023-05,ELF
2023-05,EMBC
2023-05,ENSG
2023-05,ENTA
2023-05,ENVA
2023-05,EPAC
2023-05,EPC
2023-05,EPRT
2023-05,ESE
2023-05,ETD
2023-05,EVTC
2023-05,EXTR
2023-05,EYE
2023-05,EZPW
2023-05,FARO
2023-05,FBK
2023-05,FBNC
2023-05,FBP
2023-05,FBRT
2023-05,FCF
2023-05,FCPT
2023-05,FDP
2023-05,FELE
2023-05,FF
2023-05,FFBC
2023-05,FHB
2023-05,FIX
2023-05,FIZZ
2023-05,FLGT
2023-05,FN
2023-05,FORM
2023-05,FORR
2023-05,FSS
2023-05,FTDR
2023-05,FUL
2023-05,FWRD
2023-05,GBX
2023-05,GCI
2023-05,GCO
2023-05,GDEN
2023-05,GDOT
2023-05,GEO
2023-05,GES
2023-05,GFF
2023-05,GIII
2023-05,GKOS
2023-05,GMS
2023-05,GNL
2023-05,GNW
2023-05,GOGO
2023-05,GPI
2023-05,GPRE
2023-05,GRBK
2023-05,GTY
2023-05,GVA
2023-05,HA
2023-05,HAFC
2023-05,HAIN
2023-05,HAYN
2023-05,HBI
2023-05,HCC
2023-05,HCI
2023-05,HCSG
2023-05,HFWA
2023-05,HI
2023-05,HIBB
2023-05,HLIT
2023-05,HLX
2023-05,HMN
2023-05,HMST
2023-05,HNI
2023-05,HOPE
2023-05,HOUS
2023-05,HP
2023-05,HPP
2023-05,HRMY
2023-05,HSC
2023-05,HSII
2023-05,HSKA
2023-05,HSTM
2023-05,HTH
2023-05,HTLD
2023-05,HUBG
2023-05,HVT
2023-05,HWKN
2023-05,HZO
2023-05,IBP
2023-05,IBTX
2023-05,ICHR
2023-05,IDCC
2023-05,IIIN
2023-05,IIPR
2023-05,IJR
2023-05,INDB
2023-05,INGN
2023-05,INN
2023-05,INT
2023-05,INVA
2023-05,IOSP
2023-05,IPAR
2023-05,IRBT
2023-05,IRWD
2023-05,ITGR
2023-05,ITOS
2023-05,ITRI
2023-05,IVR
2023-05,JACK
2023-05,JBGS
2023-05,JBSS
2023-05,JBT
2023-05,JJSF
2023-05,JOE
2023-05,JRVR
2023-05,KALU
2023-05,KAMN
2023-05,KAR
2023-05,KELYA
2023-05,KFY
2023-05,KLIC
2023-05,KMT
2023-05,KN
2023-05,KOP
2023-05,KREF
2023-05,KTB
2023-05,KW
2023-05,KWR
2023-05,LCII
2023-05,LESL
2023-05,LGIH
2023-05,LGND
2023-05,LKFN
2023-05,LMAT
2023-05,LNN
2023-05,LOCO
2023-05,LPG
2023-05,LPI
2023-05,LPSN
2023-05,LQDT
2023-05,LRN
2023-05,LTC
2023-05,LTHM
2023-05,LUMN
2023-05,LXP
2023-05,LZB
2023-05,MATW
2023-05,MATX
2023-05,MBC
2023-05,MCRI
2023-05,MCS
2023-05,MCW
2023-05,MCY
2023-05,MD
2023-05,MDC
2023-05,MDRX
2023-05,MED
2023-05,MEI
2023-05,MERC
2023-05,MGPI
2023-05,MHO
2023-05,MLAB
2023-05,MLI
2023-05,MLKN
2023-05,MMI
2023-05,MMSI
2023-05,MNRO
2023-05,MODV
2023-05,MOG.A
2023-05,MOV
2023-05,MRTN
2023-05,MSEX
2023-05,MTH
2023-05,MTRN
2023-05,MTX
2023-05,MXL
2023-05,MYE
2023-05,MYGN
2023-05,MYRG
2023-05,NABL
2023-05,NBHC
2023-05,NBR
2023-05,NBTB
2023-05,NEO
2023-05,NEX
2023-05,NFBK
2023-05,NMIH
2023-05,NOG
2023-05,NPK
2023-05,NPO
2023-05,NSIT
2023-05,NTCT
2023-05,NTGR
2023-05,NUS
2023-05,NUVA
2023-05,NVEE
2023-05,NWBI
2023-05,NWN
2023-05,NX
2023-05,NXGN
2023-05,NXRT
2023-05,NYMT
2023-05,ODP
2023-05,OFG
2023-05,OFIX
2023-05,OI
2023-05,OII
2023-05,OIS
2023-05,OMI
2023-05,ONL
2023-05,ONTO
2023-05,OPI
2023-05,OSIS
2023-05,OSPN
2023-05,OSUR
2023-05,OTTR
2023-05,OUT
2023-05,OXM
2023-05,PACW
2023-05,PAHC
2023-05,PARR
2023-05,PATK
2023-05,PAYO
2023-05,PBH
2023-05,PBI
2023-05,PCRX
2023-05,PDFS
2023-05,PEB
2023-05,PETS
2023-05,PFBC
2023-05,PFS
2023-05,PGTI
2023-05,PIPR
2023-05,PLAB
2023-05,PLAY
2023-05,PLCE
2023-05,PLMR
2023-05,PLUS
2023-05,PLXS
2023-05,PMT
2023-05,POWL
2023-05,PPBI
2023-05,PRA
2023-05,PRAA
2023-05,PRDO
2023-05,PRFT
2023-05,PRG
2023-05,PRGS
2023-05,PRLB
2023-05,PSMT
2023-05,PTEN
2023-05,PUMP
2023-05,QNST
2023-05,QURE
2023-05,RAMP
2023-05,RC
2023-05,RCII
2023-05,RCUS
2023-05,RDN
2023-05,RDNT
2023-05,RES
2023-05,REX
2023-05,REZI
2023-05,RGNX
2023-05,RGP
2023-05,RGR
2023-05,RILY
2023-05,RMAX
2023-05,RMBS
2023-05,RNST
2023-05,ROCC
2023-05,ROCK
2023-05,ROG
2023-05,ROIC
2023-05,RPT
2023-05,RUTH
2023-05,RWT
2023-05,RXO
2023-05,RYAM
2023-05,SABR
2023-05,SAFE
2023-05,SAFT
2023-05,SAH
2023-05,SANM
2023-05,SBCF
2023-05,SBH
2023-05,SBSI
2023-05,SCHL
2023-05,SCL
2023-05,SCSC
2023-05,SCVL
2023-05,SEM
2023-05,SENEA
2023-05,SFBS
2023-05,SFNC
2023-05,SGH
2023-05,SHAK
2023-05,SHEN
2023-05,SHO
2023-05,SHOO
2023-05,SIG
2023-05,SITC
2023-05,SIX
2023-05,SJW
2023-05,SKT
2023-05,SKYW
2023-05,SLCA
2023-05,SLG
2023-05,SLP
2023-05,SLVM
2023-05,SM
2023-05,SMP
2023-05,SMPL
2023-05,SMTC
2023-05,SNBR
2023-05,SNCY
2023-05,SNEX
2023-05,SONO
2023-05,SPNT
2023-05,SPSC
2023-05,SPSM
2023-05,SPTN
2023-05,SPXC
2023-05,SSP
2023-05,SSTK
2023-05,STBA
2023-05,STC
2023-05,STEL
2023-05,STRA
2023-05,SUPN
2023-05,SVC
2023-05,SWM
2023-05,SXC
2023-05,SXI
2023-05,TALO
2023-05,TBBK
2023-05,TBI
2023-05,TBK
2023-05,TDS
2023-05,TG
2023-05,TGI
2023-05,THRM
2023-05,THRY
2023-05,THS
2023-05,TILE
2023-05,TMST
2023-05,TNC
2023-05,TNDM
2023-05,TPH
2023-05,TR
2023-05,TREE
2023-05,TRMK
2023-05,TRN
2023-05,TRST
2023-05,TRUP
2023-05,TSE
2023-05,TTEC
2023-05,TTGT
2023-05,TTMI
2023-05,TWI
2023-05,TWNK
2023-05,TWO
2023-05,UBA
2023-05,UCBI
2023-05,UCTT
2023-05,UE
2023-05,UFCS
2023-05,UHT
2023-05,UNF
2023-05,UNFI
2023-05,UNIT
2023-05,URBN
2023-05,USNA
2023-05,USPH
2023-05,UTL
2023-05,UVE
2023-05,UVV
2023-05,VBTX
2023-05,VCEL
2023-05,VECO
2023-05,VGR
2023-05,VIAV
2023-05,VIOO
2023-05,VIR
2023-05,VNDA
2023-05,VRE
2023-05,VREX
2023-05,VRRM
2023-05,VRTS
2023-05,VRTV
2023-05,VSAT
2023-05,VSTO
2023-05,VTOL
2023-05,VVI
2023-05,WABC
2023-05,WAFD
2023-05,WD
2023-05,WDFC
2023-05,WETF
2023-05,WGO
2023-05,WIRE
2023-05,WNC
2023-05,WRE
2023-05,WRLD
2023-05,WSFS
2023-05,WSR
2023-05,WWW
2023-05,XHR
2023-05,XNCR
2023-05,XPEL
2023-05,XPER
2023-05,YELP
2023-05,ZEUS
2023-05,ZUMZ
2023-05,ZYXI
2023-06,AAN
2023-06,AAON
2023-06,AAT
2023-06,ABCB
2023-06,ABG
2023-06,ABM
2023-06,ABR
2023-06,ACA
2023-06,ACLS
2023-06,ADEA
2023-06,ADTN
2023-06,ADUS
2023-06,AEIS
2023-06,AEL
2023-06,AEO
2023-06,AGO
2023-06,AGTI
2023-06,AGYS
2023-06,AHCO
2023-06,AHH
2023-06,AIN
2023-06,AIR
2023-06,AIT
2023-06,AJRD
2023-06,AKR
2023-06,ALEX
2023-06,ALG
2023-06,ALGT
2023-06,ALRM
2023-06,AMBC
2023-06,AMCX
2023-06,AMEH
2023-06,AMN
2023-06,AMPH
2023-06,AMSF
2023-06,AMWD
2023-06,ANDE
2023-06,ANF
2023-06,ANGO
2023-06,ANIK
2023-06,ANIP
2023-06,AORT
2023-06,AOSL
2023-06,APAM
2023-06,APOG
2023-06,APPS
2023-06,ARCB
2023-06,ARI
2023-06,ARLO
2023-06,ARNC
2023-06,AROC
2023-06,ARR
2023-06,ASIX
2023-06,ASO
2023-06,ASTE
2023-06,ATEN
2023-06,ATGE
2023-06,ATI
2023-06,ATNI
2023-06,AUB
2023-06,AVA
2023-06,AVAV
2023-06,AVD
2023-06,AVID
2023-06,AVNS
2023-06,AVTA
2023-06,AWR
2023-06,AX
2023-06,AXL
2023-06,AZZ
2023-06,B
2023-06,BANC
2023-06,BANF
2023-06,BANR
2023-06,BCC
2023-06,BCPC
2023-06,BDN
2023-06,BFH
2023-06,BFS
2023-06,BGS
2023-06,BHE
2023-06,BHLB
2023-06,BJRI
2023-06,BKE
2023-06,BKU
2023-06,BLFS
2023-06,BLMN
2023-06,BMI
2023-06,BOH
2023-06,BOOT
2023-06,BRC
2023-06,BRKL
2023-06,BSIG
2023-06,CAKE
2023-06,CAL
2023-06,CALM
2023-06,CARG
2023-06,CARS
2023-06,CASH
2023-06,CBRL
2023-06,CBU
2023-06,CCOI
2023-06,CCRN
2023-06,CCS
2023-06,CCSI
2023-06,CDMO
2023-06,CEIX
2023-06,CENT
2023-06,CENTA
2023-06,CENX
2023-06,CERT
2023-06,CEVA
2023-06,CFFN
2023-06,CHCO
2023-06,CHCT
2023-06,CHEF
2023-06,CHRS
2023-06,CHS
2023-06,CHUY
2023-06,CIR
2023-06,CIVI
2023-06,CLB
2023-06,CLDT
2023-06,CLFD
2023-06,CLW
2023-06,CMP
2023-06,CNK
2023-06,CNMD
2023-06,CNSL
2023-06,CNXN
2023-06,COHU
2023-06,COLL
2023-06,COOP
2023-06,CORT
2023-06,CPE
2023-06,CPF
2023-06,CPK
2023-06,CPRX
2023-06,CPSI
2023-06,CRC
2023-06,CRK
2023-06,CRMT
2023-06,CRNC
2023-06,CRS
2023-06,CRSR
2023-06,CRVL
2023-06,CSGS
2023-06,CSR
2023-06,CTKB
2023-06,CTRE
2023-06,CTS
2023-06,CUBI
2023-06,CVBF
2023-06,CVCO
2023-06,CVGW
2023-06,CVI
2023-06,CWK
2023-06,CWT
2023-06,CXW
2023-06,CYH
2023-06,CYTK
2023-06,DAN
2023-06,DBI
2023-06,DCOM
2023-06,DDD
2023-06,DEA
2023-06,DEI
2023-06,DFIN
2023-06,DGII
2023-06,DIN
2023-06,DIOD
2023-06,DISH
2023-06,DLX
2023-06,DNOW
2023-06,DORM
2023-06,DRH
2023-06,DRQ
2023-06,DV
2023-06,DVAX
2023-06,DXPE
2023-06,DY
2023-06,EAT
2023-06,EBIX
2023-06,EBS
2023-06,ECPG
2023-06,EFC
2023-06,EGBN
2023-06,EGHT
2023-06,EHAB
2023-06,EIG
2023-06,ELF
2023-06,EMBC
2023-06,ENSG
2023-06,ENTA
2023-06,ENVA
2023-06,EPAC
2023-06,EPC
2023-06,EPRT
2023-06,ESE
2023-06,ETD
2023-06,EVTC
2023-06,EXPI
2023-06,EXTR
2023-06,EYE
2023-06,EZPW
2023-06,FBK
2023-06,FBNC
2023-06,FBP
2023-06,FBRT
2023-06,FCF
2023-06,FCPT
2023-06,FDP
2023-06,FELE
2023-06,FF
2023-06,FFBC
2023-06,FHB
2023-06,FIX
2023-06,FIZZ
2023-06,FLGT
2023-06,FN
2023-06,FORM
2023-06,FORR
2023-06,FSS
2023-06,FTDR
2023-06,FUL
2023-06,FULT
2023-06,FWRD
2023-06,GBX
2023-06,GDEN
2023-06,GDOT
2023-06,GEO
2023-06,GES
2023-06,GFF
2023-06,GIII
2023-06,GKOS
2023-06,GMS
2023-06,GNL
2023-06,GNW
2023-06,GOGO
2023-06,GPI
2023-06,GPRE
2023-06,GRBK
2023-06,GTY
2023-06,GVA
2023-06,HA
2023-06,HAFC
2023-06,HAIN
2023-06,HAYN
2023-06,HBI
2023-06,HCC
2023-06,HCI
2023-06,HCSG
2023-06,HFWA
2023-06,HI
2023-06,HIBB
2023-06,HLIT
2023-06,HLX
2023-06,HMN
2023-06,HNI
2023-06,HOPE
2023-06,HOUS
2023-06,HP
2023-06,HPP
2023-06,HRMY
2023-06,HSC
2023-06,HSII
2023-06,HSTM
2023-06,HTH
2023-06,HTLD
2023-06,HUBG
2023-06,HVT
2023-06,HWKN
2023-06,HZO
2023-06,IBP
2023-06,IBTX
2023-06,ICHR
2023-06,IDCC
2023-06,IIIN
2023-06,IIPR
2023-06,IJR
2023-06,INDB
2023-06,INN
2023-06,INT
2023-06,INVA
2023-06,IOSP
2023-06,IPAR
2023-06,IRBT
2023-06,IRWD
2023-06,ITGR
2023-06,ITOS
2023-06,ITRI
2023-06,IVR
2023-06,JACK
2023-06,JBGS
2023-06,JBSS
2023-06,JBT
2023-06,JJSF
2023-06,JOE
2023-06,JRVR
2023-06,KALU
2023-06,KAMN
2023-06,KAR
2023-06,KELYA
2023-06,KFY
2023-06,KLIC
2023-06,KMT
2023-06,KN
2023-06,KOP
2023-06,KREF
2023-06,KTB
2023-06,KW
2023-06,KWR
2023-06,LCII
2023-06,LESL
2023-06,LGIH
2023-06,LGND
2023-06,LKFN
2023-06,LMAT
2023-06,LNN
2023-06,LOCO
2023-06,LPG
2023-06,LPI
2023-06,LQDT
2023-06,LRN
2023-06,LTC
2023-06,LTHM
2023-06,LUMN
2023-06,LXP
2023-06,LZB
2023-06,MAC
2023-06,MATW
2023-06,MATX
2023-06,MBC
2023-06,MC
2023-06,MCRI
2023-06,MCS
2023-06,MCW
2023-06,MCY
2023-06,MD
2023-06,MDC
2023-06,MDRX
2023-06,MED
2023-06,MEI
2023-06,MERC
2023-06,MGPI
2023-06,MHO
2023-06,MLAB
2023-06,MLI
2023-06,MLKN
2023-06,MMI
2023-06,MMSI
2023-06,MNRO
2023-06,MODV
2023-06,MOG.A
2023-06,MOV
2023-06,MRTN
2023-06,MSEX
2023-06,MTH
2023-06,MTRN
2023-06,MTX
2023-06,MXL
2023-06,MYE
2023-06,MYGN
2023-06,MYRG
2023-06,NABL
2023-06,NAVI
2023-06,NBHC
2023-06,NBR
2023-06,NBTB
2023-06,NEO
2023-06,NEX
2023-06,NFBK
2023-06,NGVT
2023-06,NMIH
2023-06,NOG
2023-06,NPK
2023-06,NPO
2023-06,NSIT
2023-06,NTCT
2023-06,NTGR
2023-06,NUS
2023-06,NUVA
2023-06,NVEE
2023-06,NWBI
2023-06,NWN
2023-06,NX
2023-06,NXGN
2023-06,NXRT
2023-06,NYMT
2023-06,ODP
2023-06,OFG
2023-06,OFIX
2023-06,OI
2023-06,OII
2023-06,OIS
2023-06,OMI
2023-06,ONL
2023-06,ONTO
2023-06,OPI
2023-06,OSIS
2023-06,OSPN
2023-06,OSUR
2023-06,OTTR
2023-06,OUT
2023-06,OXM
2023-06,PACW
2023-06,PAHC
2023-06,PARR
2023-06,PATK
2023-06,PAYO
2023-06,PBH
2023-06,PBI
2023-06,PCRX
2023-06,PDFS
2023-06,PEB
2023-06,PECO
2023-06,PFBC
2023-06,PFS
2023-06,PGTI
2023-06,PIPR
2023-06,PLAB
2023-06,PLAY
2023-06,PLMR
2023-06,PLUS
2023-06,PLXS
2023-06,PMT
2023-06,POWL
2023-06,PPBI
2023-06,PRA
2023-06,PRAA
2023-06,PRDO
2023-06,PRFT
2023-06,PRG
2023-06,PRGS
2023-06,PRLB
2023-06,PRVA
2023-06,PSMT
2023-06,PTEN
2023-06,PUMP
2023-06,QNST
2023-06,QURE
2023-06,RAMP
2023-06,RC
2023-06,RCII
2023-06,RCUS
2023-06,RDN
2023-06,RDNT
2023-06,RES
2023-06,REX
2023-06,REZI
2023-06,RGNX
2023-06,RGP
2023-06,RGR
2023-06,RILY
2023-06,RMAX
2023-06,RMBS
2023-06,RNST
2023-06,ROCK
2023-06,ROG
2023-06,ROIC
2023-06,RPT
2023-06,RWT
2023-06,RXO
2023-06,SABR
2023-06,SAFE
2023-06,SAFT
2023-06,SAH
2023-06,SANM
2023-06,SBCF
2023-06,SBH
2023-06,SBSI
2023-06,SCHL
2023-06,SCL
2023-06,SCSC
2023-06,SCVL
2023-06,SDGR
2023-06,SEM
2023-06,SENEA
2023-06,SFBS
2023-06,SFNC
2023-06,SGH
2023-06,SHAK
2023-06,SHEN
2023-06,SHO
2023-06,SHOO
2023-06,SIG
2023-06,SITC
2023-06,SITM
2023-06,SIX
2023-06,SJW
2023-06,SKT
2023-06,SKYW
2023-06,SLCA
2023-06,SLG
2023-06,SLP
2023-06,SLVM
2023-06,SM
2023-06,SMP
2023-06,SMPL
2023-06,SMTC
2023-06,SNBR
2023-06,SNCY
2023-06,SNEX
2023-06,SONO
2023-06,SPNT
2023-06,SPSC
2023-06,SPSM
2023-06,SPTN
2023-06,SPWR
2023-06,SPXC
2023-06,SSP
2023-06,SSTK
2023-06,STBA
2023-06,STC
2023-06,STEL
2023-06,STRA
2023-06,SUPN
2023-06,SVC
2023-06,SWM
2023-06,SXC
2023-06,SXI
2023-06,TALO
2023-06,TBBK
2023-06,TBI
2023-06,TBK
2023-06,TDS
2023-06,TGI
2023-06,THRM
2023-06,THRY
2023-06,THS
2023-06,TILE
2023-06,TMST
2023-06,TNC
2023-06,TNDM
2023-06,TPH
2023-06,TR
2023-06,TRMK
2023-06,TRN
2023-06,TRST
2023-06,TRUP
2023-06,TSE
2023-06,TTEC
2023-06,TTGT
2023-06,TTMI
2023-06,TWI
2023-06,TWNK
2023-06,TWO
2023-06,UBA
2023-06,UCBI
2023-06,UCTT
2023-06,UE
2023-06,UFCS
2023-06,UFPT
2023-06,UHT
2023-06,UNF
2023-06,UNFI
2023-06,UNIT
2023-06,URBN
2023-06,USNA
2023-06,USPH
2023-06,UTL
2023-06,UVE
2023-06,UVV
2023-06,VBTX
2023-06,VCEL
2023-06,VECO
2023-06,VGR
2023-06,VIAV
2023-06,VIOO
2023-06,VIR
2023-06,VNDA
2023-06,VRE
2023-06,VREX
2023-06,VRRM
2023-06,VRTS
2023-06,VRTV
2023-06,VSAT
2023-06,VSCO
2023-06,VSTO
2023-06,VTOL
2023-06,VVI
2023-06,WABC
2023-06,WAFD
2023-06,WD
2023-06,WDFC
2023-06,WETF
2023-06,WGO
2023-06,WIRE
2023-06,WLY
2023-06,WNC
2023-06,WRE
2023-06,WRLD
2023-06,WSFS
2023-06,WSR
2023-06,WWW
2023-06,XHR
2023-06,XNCR
2023-06,XPEL
2023-06,XPER
2023-06,YELP
2023-06,ZEUS
2023-06,ZYXI
2023-07,AAN
2023-07,AAON
2023-07,AAT
2023-07,ABCB
2023-07,ABG
2023-07,ABM
2023-07,ABR
2023-07,ACA
2023-07,ACLS
2023-07,ADEA
2023-07,ADTN
2023-07,ADUS
2023-07,AEIS
2023-07,AEL
2023-07,AEO
2023-07,AGO
2023-07,AGTI
2023-07,AGYS
2023-07,AHCO
2023-07,AHH
2023-07,AIN
2023-07,AIR
2023-07,AIT
2023-07,AJRD
2023-07,AKR
2023-07,ALEX
2023-07,ALG
2023-07,ALGT
2023-07,ALRM
2023-07,AMBC
2023-07,AMCX
2023-07,AMEH
2023-07,AMN
2023-07,AMPH
2023-07,AMSF
2023-07,AMWD
2023-07,ANDE
2023-07,ANF
2023-07,ANGO
2023-07,ANIK
2023-07,ANIP
2023-07,AORT
2023-07,AOSL
2023-07,APAM
2023-07,APOG
2023-07,APPS
2023-07,ARCB
2023-07,ARI
2023-07,ARLO
2023-07,ARNC
2023-07,AROC
2023-07,ARR
2023-07,ASIX
2023-07,ASO
2023-07,ASTE
2023-07,ATEN
2023-07,ATGE
2023-07,ATI
2023-07,ATNI
2023-07,AUB
2023-07,AVA
2023-07,AVAV
2023-07,AVD
2023-07,AVID
2023-07,AVNS
2023-07,AVTA
2023-07,AWR
2023-07,AX
2023-07,AXL
2023-07,AZZ
2023-07,B
2023-07,BANC
2023-07,BANF
2023-07,BANR
2023-07,BCC
2023-07,BCPC
2023-07,BDN
2023-07,BFH
2023-07,BFS
2023-07,BGS
2023-07,BHE
2023-07,BHLB
2023-07,BJRI
2023-07,BKE
2023-07,BKU
2023-07,BLFS
2023-07,BLMN
2023-07,BMI
2023-07,BOH
2023-07,BOOT
2023-07,BRC
2023-07,BRKL
2023-07,BSIG
2023-07,CAKE
2023-07,CAL
2023-07,CALM
2023-07,CARG
2023-07,CARS
2023-07,CASH
2023-07,CBRL
2023-07,CBU
2023-07,CCOI
2023-07,CCRN
2023-07,CCS
2023-07,CCSI
2023-07,CDMO
2023-07,CEIX
2023-07,CENT
2023-07,CENTA
2023-07,CENX
2023-07,CERT
2023-07,CEVA
2023-07,CFFN
2023-07,CHCO
2023-07,CHCT
2023-07,CHEF
2023-07,CHRS
2023-07,CHS
2023-07,CHUY
2023-07,CIR
2023-07,CIVI
2023-07,CLB
2023-07,CLDT
2023-07,CLFD
2023-07,CLW
2023-07,CMP
2023-07,CNK
2023-07,CNMD
2023-07,CNSL
2023-07,CNXN
2023-07,COHU
2023-07,COLL
2023-07,COOP
2023-07,CORT
2023-07,CPE
2023-07,CPF
2023-07,CPK
2023-07,CPRX
2023-07,CPSI
2023-07,CRC
2023-07,CRK
2023-07,CRMT
2023-07,CRNC
2023-07,CRS
2023-07,CRSR
2023-07,CRVL
2023-07,CSGS
2023-07,CSR
2023-07,CTKB
2023-07,CTRE
2023-07,CTS
2023-07,CUBI
2023-07,CVBF
2023-07,CVCO
2023-07,CVGW
2023-07,CVI
2023-07,CWK
2023-07,CWT
2023-07,CXW
2023-07,CYH
2023-07,CYTK
2023-07,DAN
2023-07,DBI
2023-07,DCOM
2023-07,DDD
2023-07,DEA
2023-07,DEI
2023-07,DFIN
2023-07,DGII
2023-07,DIN
2023-07,DIOD
2023-07,DISH
2023-07,DLX
2023-07,DNOW
2023-07,DORM
2023-07,DRH
2023-07,DRQ
2023-07,DV
2023-07,DVAX
2023-07,DXPE
2023-07,DY
2023-07,EAT
2023-07,EBIX
2023-07,EBS
2023-07,ECPG
2023-07,EFC
2023-07,EGBN
2023-07,EGHT
2023-07,EHAB
2023-07,EIG
2023-07,ELF
2023-07,EMBC
2023-07,ENSG
2023-07,ENTA
2023-07,ENVA
2023-07,EPAC
2023-07,EPC
2023-07,EPRT
2023-07,ESE
2023-07,ETD
2023-07,EVTC
2023-07,EXPI
2023-07,EXTR
2023-07,EYE
2023-07,EZPW
2023-07,FBK
2023-07,FBNC
2023-07,FBP
2023-07,FBRT
2023-07,FCF
2023-07,FCPT
2023-07,FDP
2023-07,FELE
2023-07,FF
2023-07,FFBC
2023-07,FHB
2023-07,FIX
2023-07,FIZZ
2023-07,FLGT
2023-07,FN
2023-07,FORM
2023-07,FORR
2023-07,FSS
2023-07,FTDR
2023-07,FTRE
2023-07,FUL
2023-07,FULT
2023-07,FWRD
2023-07,GBX
2023-07,GDEN
2023-07,GDOT
2023-07,GEO
2023-07,GES
2023-07,GFF
2023-07,GIII
2023-07,GKOS
2023-07,GMS
2023-07,GNL
2023-07,GNW
2023-07,GOGO
2023-07,GPI
2023-07,GPRE
2023-07,GRBK
2023-07,GTY
2023-07,GVA
2023-07,HA
2023-07,HAFC
2023-07,HAIN
2023-07,HAYN
2023-07,HBI
2023-07,HCC
2023-07,HCI
2023-07,HCSG
2023-07,HFWA
2023-07,HI
2023-07,HIBB
2023-07,HLIT
2023-07,HLX
2023-07,HMN
2023-07,HNI
2023-07,HOPE
2023-07,HOUS
2023-07,HP
2023-07,HPP
2023-07,HRMY
2023-07,HSC
2023-07,HSII
2023-07,HSTM
2023-07,HTH
2023-07,HTLD
2023-07,HUBG
2023-07,HVT
2023-07,HWKN
2023-07,HZO
2023-07,IBP
2023-07,IBTX
2023-07,ICHR
2023-07,IDCC
2023-07,IIIN
2023-07,IIPR
2023-07,IJR
2023-07,INDB
2023-07,INN
2023-07,INT
2023-07,INVA
2023-07,IOSP
2023-07,IPAR
2023-07,IRBT
2023-07,IRWD
2023-07,ITGR
2023-07,ITOS
2023-07,ITRI
2023-07,IVR
2023-07,JACK
2023-07,JBGS
2023-07,JBSS
2023-07,JBT
2023-07,JJSF
2023-07,JOE
2023-07,JRVR
2023-07,KALU
2023-07,KAMN
2023-07,KAR
2023-07,KELYA
2023-07,KFY
2023-07,KLIC
2023-07,KMT
2023-07,KN
2023-07,KOP
2023-07,KREF
2023-07,KTB
2023-07,KW
2023-07,KWR
2023-07,LCII
2023-07,LESL
2023-07,LGIH
2023-07,LGND
2023-07,LKFN
2023-07,LMAT
2023-07,LNN
2023-07,LPG
2023-07,LPI
2023-07,LQDT
2023-07,LRN
2023-07,LTC
2023-07,LTHM
2023-07,LUMN
2023-07,LXP
2023-07,LZB
2023-07,MAC
2023-07,MATW
2023-07,MATX
2023-07,MBC
2023-07,MC
2023-07,MCRI
2023-07,MCS
2023-07,MCW
2023-07,MCY
2023-07,MD
2023-07,MDC
2023-07,MDRX
2023-07,MED
2023-07,MEI
2023-07,MERC
2023-07,MGPI
2023-07,MHO
2023-07,MLAB
2023-07,MLI
2023-07,MLKN
2023-07,MMI
2023-07,MMSI
2023-07,MNRO
2023-07,MODV
2023-07,MOG.A
2023-07,MOV
2023-07,MRTN
2023-07,MSEX
2023-07,MTH
2023-07,MTRN
2023-07,MTX
2023-07,MXL
2023-07,MYE
2023-07,MYGN
2023-07,MYRG
2023-07,NABL
2023-07,NAVI
2023-07,NBHC
2023-07,NBR
2023-07,NBTB
2023-07,NEO
2023-07,NEX
2023-07,NFBK
2023-07,NGVT
2023-07,NMIH
2023-07,NOG
2023-07,NPK
2023-07,NPO
2023-07,NSIT
2023-07,NTCT
2023-07,NTGR
2023-07,NUS
2023-07,NUVA
2023-07,NVEE
2023-07,NWBI
2023-07,NWN
2023-07,NX
2023-07,NXGN
2023-07,NXRT
2023-07,NYMT
2023-07,ODP
2023-07,OFG
2023-07,OFIX
2023-07,OI
2023-07,OII
2023-07,OIS
2023-07,OMI
2023-07,ONL
2023-07,ONTO
2023-07,OPI
2023-07,OSIS
2023-07,OSPN
2023-07,OSUR
2023-07,OTTR
2023-07,OUT
2023-07,OXM
2023-07,PACW
2023-07,PAHC
2023-07,PARR
2023-07,PATK
2023-07,PAYO
2023-07,PBH
2023-07,PBI
2023-07,PCRX
2023-07,PDFS
2023-07,PEB
2023-07,PECO
2023-07,PFBC
2023-07,PFS
2023-07,PGTI
2023-07,PHIN
2023-07,PIPR
2023-07,PLAB
2023-07,PLAY
2023-07,PLMR
2023-07,PLUS
2023-07,PLXS
2023-07,PMT
2023-07,POWL
2023-07,PPBI
2023-07,PRA
2023-07,PRAA
2023-07,PRDO
2023-07,PRFT
2023-07,PRG
2023-07,PRGS
2023-07,PRLB
2023-07,PRVA
2023-07,PSMT
2023-07,PTEN
2023-07,PUMP
2023-07,QNST
2023-07,QURE
2023-07,RAMP
2023-07,RC
2023-07,RCII
2023-07,RCUS
2023-07,RDN
2023-07,RDNT
2023-07,RES
2023-07,REX
2023-07,REZI
2023-07,RGNX
2023-07,RGP
2023-07,RGR
2023-07,RILY
2023-07,RMAX
2023-07,RMBS
2023-07,RNST
2023-07,ROCK
2023-07,ROG
2023-07,ROIC
2023-07,RPT
2023-07,RWT
2023-07,RXO
2023-07,SABR
2023-07,SAFE
2023-07,SAFT
2023-07,SAH
2023-07,SANM
2023-07,SBCF
2023-07,SBH
2023-07,SBSI
2023-07,SCHL
2023-07,SCL
2023-07,SCSC
2023-07,SCVL
2023-07,SDGR
2023-07,SEM
2023-07,SFBS
2023-07,SFNC
2023-07,SGH
2023-07,SHAK
2023-07,SHEN
2023-07,SHO
2023-07,SHOO
2023-07,SIG
2023-07,SITC
2023-07,SITM
2023-07,SIX
2023-07,SJW
2023-07,SKT
2023-07,SKYW
2023-07,SLCA
2023-07,SLG
2023-07,SLP
2023-07,SLVM
2023-07,SM
2023-07,SMP
2023-07,SMPL
2023-07,SMTC
2023-07,SNBR
2023-07,SNCY
2023-07,SNEX
2023-07,SONO
2023-07,SPNT
2023-07,SPSC
2023-07,SPSM
2023-07,SPTN
2023-07,SPWR
2023-07,SPXC
2023-07,SSP
2023-07,SSTK
2023-07,STBA
2023-07,STC
2023-07,STEL
2023-07,STRA
2023-07,SUPN
2023-07,SVC
2023-07,SWM
2023-07,SXC
2023-07,SXI
2023-07,TALO
2023-07,TBBK
2023-07,TBI
2023-07,TBK
2023-07,TDS
2023-07,TGI
2023-07,THRM
2023-07,THRY
2023-07,THS
2023-07,TILE
2023-07,TMST
2023-07,TNC
2023-07,TNDM
2023-07,TPH
2023-07,TR
2023-07,TRMK
2023-07,TRN
2023-07,TRST
2023-07,TRUP
2023-07,TSE
2023-07,TTEC
2023-07,TTGT
2023-07,TTMI
2023-07,TWI
2023-07,TWNK
2023-07,TWO
2023-07,UBA
2023-07,UCBI
2023-07,UCTT
2023-07,UE
2023-07,UFCS
2023-07,UFPT
2023-07,UHT
2023-07,UNF
2023-07,UNFI
2023-07,UNIT
2023-07,URBN
2023-07,USNA
2023-07,USPH
2023-07,UTL
2023-07,UVE
2023-07,UVV
2023-07,VBTX
2023-07,VCEL
2023-07,VECO
2023-07,VGR
2023-07,VIAV
2023-07,VIOO
2023-07,VIR
2023-07,VNDA
2023-07,VRE
2023-07,VREX
2023-07,VRRM
2023-07,VRTS
2023-07,VRTV
2023-07,VSAT
2023-07,VSCO
2023-07,VSTO
2023-07,VTOL
2023-07,VVI
2023-07,WABC
2023-07,WAFD
2023-07,WD
2023-07,WDFC
2023-07,WETF
2023-07,WGO
2023-07,WIRE
2023-07,WLY
2023-07,WNC
2023-07,WRE
2023-07,WRLD
2023-07,WSFS
2023-07,WSR
2023-07,WWW
2023-07,XHR
2023-07,XNCR
2023-07,XPEL
2023-07,XPER
2023-07,YELP
2023-07,ZEUS
2023-07,ZYXI
2023-08,AAN
2023-08,AAON
2023-08,AAP
2023-08,AAT
2023-08,ABCB
2023-08,ABG
2023-08,ABM
2023-08,ABR
2023-08,ACA
2023-08,ACLS
2023-08,ADEA
2023-08,ADTN
2023-08,ADUS
2023-08,AEIS
2023-08,AEL
2023-08,AEO
2023-08,AGO
2023-08,AGTI
2023-08,AGYS
2023-08,AHCO
2023-08,AHH
2023-08,AIN
2023-08,AIR
2023-08,AIT
2023-08,AKR
2023-08,ALEX
2023-08,ALG
2023-08,ALGT
2023-08,ALRM
2023-08,AMBC
2023-08,AMCX
2023-08,AMEH
2023-08,AMN
2023-08,AMPH
2023-08,AMSF
2023-08,AMWD
2023-08,ANDE
2023-08,ANF
2023-08,ANGO
2023-08,ANIK
2023-08,ANIP
2023-08,AORT
2023-08,AOSL
2023-08,APAM
2023-08,APOG
2023-08,APPS
2023-08,ARCB
2023-08,ARI
2023-08,ARLO
2023-08,AROC
2023-08,ARR
2023-08,ASIX
2023-08,ASO
2023-08,ASTE
2023-08,ATEN
2023-08,ATGE
2023-08,ATI
2023-08,ATNI
2023-08,AUB
2023-08,AVA
2023-08,AVAV
2023-08,AVD
2023-08,AVID
2023-08,AVNS
2023-08,AVTA
2023-08,AWR
2023-08,AX
2023-08,AXL
2023-08,AZZ
2023-08,B
2023-08,BANC
2023-08,BANF
2023-08,BANR
2023-08,BCC
2023-08,BCPC
2023-08,BDN
2023-08,BFH
2023-08,BFS
2023-08,BGS
2023-08,BHE
2023-08,BHLB
2023-08,BJRI
2023-08,BKE
2023-08,BKU
2023-08,BLFS
2023-08,BLMN
2023-08,BMI
2023-08,BOH
2023-08,BOOT
2023-08,BRC
2023-08,BRKL
2023-08,BSIG
2023-08,CAKE
2023-08,CAL
2023-08,CALM
2023-08,CARG
2023-08,CARS
2023-08,CASH
2023-08,CBRL
2023-08,CBU
2023-08,CCOI
2023-08,CCRN
2023-08,CCS
2023-08,CCSI
2023-08,CDMO
2023-08,CEIX
2023-08,CENT
2023-08,CENTA
2023-08,CENX
2023-08,CERT
2023-08,CEVA
2023-08,CFFN
2023-08,CHCO
2023-08,CHCT
2023-08,CHEF
2023-08,CHRS
2023-08,CHS
2023-08,CHUY
2023-08,CIR
2023-08,CIVI
2023-08,CLB
2023-08,CLDT
2023-08,CLFD
2023-08,CLW
2023-08,CMP
2023-08,CNK
2023-08,CNMD
2023-08,CNSL
2023-08,CNXN
2023-08,COHU
2023-08,COLL
2023-08,COOP
2023-08,CORT
2023-08,CPE
2023-08,CPF
2023-08,CPK
2023-08,CPRX
2023-08,CPSI
2023-08,CRC
2023-08,CRK
2023-08,CRMT
2023-08,CRNC
2023-08,CRS
2023-08,CRSR
2023-08,CRVL
2023-08,CSGS
2023-08,CSR
2023-08,CTKB
2023-08,CTRE
2023-08,CTS
2023-08,CUBI
2023-08,CVBF
2023-08,CVCO
2023-08,CVGW
2023-08,CVI
2023-08,CWK
2023-08,CWT
2023-08,CXW
2023-08,CYH
2023-08,CYTK
2023-08,DAN
2023-08,DBI
2023-08,DCOM
2023-08,DDD
2023-08,DEA
2023-08,DEI
2023-08,DFIN
2023-08,DGII
2023-08,DIN
2023-08,DIOD
2023-08,DISH
2023-08,DLX
2023-08,DNOW
2023-08,DORM
2023-08,DRH
2023-08,DRQ
2023-08,DV
2023-08,DVAX
2023-08,DXPE
2023-08,DY
2023-08,EAT
2023-08,EBIX
2023-08,ECPG
2023-08,EFC
2023-08,EGBN
2023-08,EGHT
2023-08,EHAB
2023-08,EIG
2023-08,ELF
2023-08,EMBC
2023-08,ENSG
2023-08,ENTA
2023-08,ENVA
2023-08,EPAC
2023-08,EPC
2023-08,EPRT
2023-08,ESE
2023-08,ETD
2023-08,EVTC
2023-08,EXPI
2023-08,EXTR
2023-08,EYE
2023-08,EZPW
2023-08,FBK
2023-08,FBNC
2023-08,FBP
2023-08,FBRT
2023-08,FCF
2023-08,FCPT
2023-08,FDP
2023-08,FELE
2023-08,FF
2023-08,FFBC
2023-08,FHB
2023-08,FIX
2023-08,FIZZ
2023-08,FLGT
2023-08,FN
2023-08,FORM
2023-08,FORR
2023-08,FSS
2023-08,FTDR
2023-08,FTRE
2023-08,FUL
2023-08,FULT
2023-08,FWRD
2023-08,GBX
2023-08,GDEN
2023-08,GDOT
2023-08,GEO
2023-08,GES
2023-08,GFF
2023-08,GIII
2023-08,GKOS
2023-08,GMS
2023-08,GNL
2023-08,GNW
2023-08,GOGO
2023-08,GPI
2023-08,GPRE
2023-08,GRBK
2023-08,GTY
2023-08,GVA
2023-08,HA
2023-08,HAFC
2023-08,HAIN
2023-08,HAYN
2023-08,HBI
2023-08,HCC
2023-08,HCI
2023-08,HCSG
2023-08,HFWA
2023-08,HI
2023-08,HIBB
2023-08,HLIT
2023-08,HLX
2023-08,HMN
2023-08,HNI
2023-08,HOPE
2023-08,HOUS
2023-08,HP
2023-08,HPP
2023-08,HRMY
2023-08,HSC
2023-08,HSII
2023-08,HSTM
2023-08,HTH
2023-08,HTLD
2023-08,HUBG
2023-08,HVT
2023-08,HWKN
2023-08,HZO
2023-08,IBP
2023-08,IBTX
2023-08,ICHR
2023-08,IDCC
2023-08,IIIN
2023-08,IIPR
2023-08,IJR
2023-08,INDB
2023-08,INN
2023-08,INVA
2023-08,IOSP
2023-08,IPAR
2023-08,IRBT
2023-08,IRWD
2023-08,ITGR
2023-08,ITOS
2023-08,ITRI
2023-08,IVR
2023-08,JACK
2023-08,JBGS
2023-08,JBSS
2023-08,JBT
2023-08,JJSF
2023-08,JOE
2023-08,JRVR
2023-08,KALU
2023-08,KAMN
2023-08,KAR
2023-08,KELYA
2023-08,KFY
2023-08,KLIC
2023-08,KMT
2023-08,KN
2023-08,KOP
2023-08,KREF
2023-08,KTB
2023-08,KW
2023-08,KWR
2023-08,LCII
2023-08,LESL
2023-08,LGIH
2023-08,LGND
2023-08,LKFN
2023-08,LMAT
2023-08,LNN
2023-08,LPG
2023-08,LQDT
2023-08,LRN
2023-08,LTC
2023-08,LTHM
2023-08,LUMN
2023-08,LXP
2023-08,LZB
2023-08,MAC
2023-08,MATW
2023-08,MATX
2023-08,MBC
2023-08,MC
2023-08,MCRI
2023-08,MCS
2023-08,MCW
2023-08,MCY
2023-08,MD
2023-08,MDC
2023-08,MDRX
2023-08,MED
2023-08,MEI
2023-08,MERC
2023-08,MGPI
2023-08,MHO
2023-08,MLAB
2023-08,MLI
2023-08,MLKN
2023-08,MMI
2023-08,MMSI
2023-08,MNRO
2023-08,MODV
2023-08,MOG.A
2023-08,MOV
2023-08,MRCY
2023-08,MRTN
2023-08,MSEX
2023-08,MSGS
2023-08,MTH
2023-08,MTRN
2023-08,MTX
2023-08,MXL
2023-08,MYE
2023-08,MYGN
2023-08,MYRG
2023-08,NABL
2023-08,NAVI
2023-08,NBHC
2023-08,NBR
2023-08,NBTB
2023-08,NEO
2023-08,NEX
2023-08,NFBK
2023-08,NGVT
2023-08,NMIH
2023-08,NOG
2023-08,NPK
2023-08,NPO
2023-08,NSIT
2023-08,NTCT
2023-08,NTGR
2023-08,NUS
2023-08,NUVA
2023-08,NVEE
2023-08,NWBI
2023-08,NWN
2023-08,NX
2023-08,NXGN
2023-08,NXRT
2023-08,NYMT
2023-08,ODP
2023-08,OFG
2023-08,OFIX
2023-08,OI
2023-08,OII
2023-08,OIS
2023-08,OMI
2023-08,ONL
2023-08,ONTO
2023-08,OPI
2023-08,OSIS
2023-08,OSPN
2023-08,OSUR
2023-08,OTTR
2023-08,OUT
2023-08,OXM
2023-08,PACW
2023-08,PAHC
2023-08,PARR
2023-08,PATK
2023-08,PAYO
2023-08,PBH
2023-08,PBI
2023-08,PCRX
2023-08,PDFS
2023-08,PEB
2023-08,PECO
2023-08,PFBC
2023-08,PFS
2023-08,PGTI
2023-08,PHIN
2023-08,PIPR
2023-08,PLAB
2023-08,PLAY
2023-08,PLMR
2023-08,PLUS
2023-08,PLXS
2023-08,PMT
2023-08,POWL
2023-08,PPBI
2023-08,PRA
2023-08,PRAA
2023-08,PRDO
2023-08,PRFT
2023-08,PRG
2023-08,PRGS
2023-08,PRLB
2023-08,PRVA
2023-08,PSMT
2023-08,PTEN
2023-08,PUMP
2023-08,QNST
2023-08,QURE
2023-08,RAMP
2023-08,RC
2023-08,RCII
2023-08,RCUS
2023-08,RDN
2023-08,RDNT
2023-08,RES
2023-08,REX
2023-08,REZI
2023-08,RGNX
2023-08,RGP
2023-08,RGR
2023-08,RILY
2023-08,RMAX
2023-08,RMBS
2023-08,RNST
2023-08,ROCK
2023-08,ROG
2023-08,ROIC
2023-08,RPT
2023-08,RWT
2023-08,RXO
2023-08,SABR
2023-08,SAFE
2023-08,SAFT
2023-08,SAH
2023-08,SANM
2023-08,SBCF
2023-08,SBH
2023-08,SBSI
2023-08,SCHL
2023-08,SCL
2023-08,SCSC
2023-08,SCVL
2023-08,SDGR
2023-08,SEM
2023-08,SFBS
2023-08,SFNC
2023-08,SGH
2023-08,SHAK
2023-08,SHEN
2023-08,SHO
2023-08,SHOO
2023-08,SIG
2023-08,SITC
2023-08,SITM
2023-08,SIX
2023-08,SJW
2023-08,SKT
2023-08,SKYW
2023-08,SLCA
2023-08,SLG
2023-08,SLP
2023-08,SLVM
2023-08,SM
2023-08,SMP
2023-08,SMPL
2023-08,SMTC
2023-08,SNBR
2023-08,SNCY
2023-08,SNEX
2023-08,SONO
2023-08,SPNT
2023-08,SPSC
2023-08,SPSM
2023-08,SPTN
2023-08,SPWR
2023-08,SPXC
2023-08,SSP
2023-08,SSTK
2023-08,STAA
2023-08,STBA
2023-08,STC
2023-08,STEL
2023-08,STRA
2023-08,SUPN
2023-08,SVC
2023-08,SWM
2023-08,SXC
2023-08,SXI
2023-08,TALO
2023-08,TBBK
2023-08,TBI
2023-08,TDS
2023-08,TFIN
2023-08,TGI
2023-08,THRM
2023-08,THRY
2023-08,THS
2023-08,TILE
2023-08,TMST
2023-08,TNC
2023-08,TNDM
2023-08,TPH
2023-08,TR
2023-08,TRMK
2023-08,TRN
2023-08,TRST
2023-08,TRUP
2023-08,TSE
2023-08,TTEC
2023-08,TTGT
2023-08,TTMI
2023-08,TWI
2023-08,TWNK
2023-08,TWO
2023-08,UCBI
2023-08,UCTT
2023-08,UE
2023-08,UFCS
2023-08,UFPT
2023-08,UHT
2023-08,UNF
2023-08,UNFI
2023-08,UNIT
2023-08,URBN
2023-08,USNA
2023-08,USPH
2023-08,UTL
2023-08,UVE
2023-08,UVV
2023-08,VBTX
2023-08,VCEL
2023-08,VECO
2023-08,VGR
2023-08,VIAV
2023-08,VIOO
2023-08,VIR
2023-08,VNDA
2023-08,VRE
2023-08,VREX
2023-08,VRRM
2023-08,VRTS
2023-08,VRTV
2023-08,VSAT
2023-08,VSCO
2023-08,VSTO
2023-08,VTLE
2023-08,VTOL
2023-08,VVI
2023-08,WABC
2023-08,WAFD
2023-08,WD
2023-08,WDFC
2023-08,WGO
2023-08,WIRE
2023-08,WKC
2023-08,WLY
2023-08,WNC
2023-08,WRE
2023-08,WRLD
2023-08,WSFS
2023-08,WSR
2023-08,WT
2023-08,WWW
2023-08,XHR
2023-08,XNCR
2023-08,XPEL
2023-08,XPER
2023-08,YELP
2023-08,ZEUS
2023-08,ZYXI
2023-09,AAON
2023-09,AAP
2023-09,AAT
2023-09,ABCB
2023-09,ABG
2023-09,ABM
2023-09,ABR
2023-09,ACA
2023-09,ACLS
2023-09,ADEA
2023-09,ADTN
2023-09,ADUS
2023-09,AEIS
2023-09,AEL
2023-09,AEO
2023-09,AGO
2023-09,AGTI
2023-09,AGYS
2023-09,AHCO
2023-09,AHH
2023-09,AIN
2023-09,AIR
2023-09,AIT
2023-09,AKR
2023-09,ALEX
2023-09,ALG
2023-09,ALGT
2023-09,ALRM
2023-09,AMBC
2023-09,AMCX
2023-09,AMEH
2023-09,AMN
2023-09,AMPH
2023-09,AMSF
2023-09,AMWD
2023-09,ANDE
2023-09,ANF
2023-09,ANIP
2023-09,AORT
2023-09,AOSL
2023-09,APAM
2023-09,APLE
2023-09,APOG
2023-09,APPS
2023-09,ARCB
2023-09,ARI
2023-09,ARLO
2023-09,AROC
2023-09,ARR
2023-09,ASIX
2023-09,ASO
2023-09,ASTE
2023-09,ATEN
2023-09,ATGE
2023-09,ATI
2023-09,ATNI
2023-09,AUB
2023-09,AVA
2023-09,AVAV
2023-09,AVD
2023-09,AVID
2023-09,AVNS
2023-09,AVTA
2023-09,AWR
2023-09,AX
2023-09,AXL
2023-09,AZZ
2023-09,B
2023-09,BANC
2023-09,BANF
2023-09,BANR
2023-09,BCC
2023-09,BCPC
2023-09,BDN
2023-09,BFH
2023-09,BFS
2023-09,BGS
2023-09,BHE
2023-09,BHLB
2023-09,BJRI
2023-09,BKE
2023-09,BKU
2023-09,BLFS
2023-09,BLMN
2023-09,BMI
2023-09,BOH
2023-09,BOOT
2023-09,BRC
2023-09,BRKL
2023-09,BSIG
2023-09,BXMT
2023-09,CAKE
2023-09,CAL
2023-09,CALM
2023-09,CARG
2023-09,CARS
2023-09,CASH
2023-09,CATY
2023-09,CBRL
2023-09,CBU
2023-09,CCOI
2023-09,CCRN
2023-09,CCS
2023-09,CCSI
2023-09,CDMO
2023-09,CEIX
2023-09,CENT
2023-09,CENTA
2023-09,CENX
2023-09,CERT
2023-09,CEVA
2023-09,CFFN
2023-09,CHCO
2023-09,CHCT
2023-09,CHEF
2023-09,CHS
2023-09,CHUY
2023-09,CIR
2023-09,CLB
2023-09,CLDT
2023-09,CLFD
2023-09,CLW
2023-09,CMP
2023-09,CNK
2023-09,CNMD
2023-09,CNSL
2023-09,CNXN
2023-09,COHU
2023-09,COLL
2023-09,COOP
2023-09,CORT
2023-09,CPE
2023-09,CPF
2023-09,CPK
2023-09,CPRX
2023-09,CRC
2023-09,CRK
2023-09,CRMT
2023-09,CRNC
2023-09,CRS
2023-09,CRSR
2023-09,CRVL
2023-09,CSGS
2023-09,CSR
2023-09,CTKB
2023-09,CTRE
2023-09,CTS
2023-09,CUBI
2023-09,CVBF
2023-09,CVCO
2023-09,CVGW
2023-09,CVI
2023-09,CWK
2023-09,CWT
2023-09,CXW
2023-09,CYH
2023-09,CYTK
2023-09,DAN
2023-09,DBI
2023-09,DCOM
2023-09,DDD
2023-09,DEA
2023-09,DEI
2023-09,DFIN
2023-09,DGII
2023-09,DIN
2023-09,DIOD
2023-09,DISH
2023-09,DLX
2023-09,DNOW
2023-09,DORM
2023-09,DRH
2023-09,DRQ
2023-09,DV
2023-09,DVAX
2023-09,DXPE
2023-09,DY
2023-09,EAT
2023-09,EBIX
2023-09,ECPG
2023-09,EFC
2023-09,EGBN
2023-09,EHAB
2023-09,EIG
2023-09,ELF
2023-09,EMBC
2023-09,ENR
2023-09,ENSG
2023-09,ENVA
2023-09,EPAC
2023-09,EPC
2023-09,EPRT
2023-09,ESE
2023-09,ETD
2023-09,EVTC
2023-09,EXPI
2023-09,EXTR
2023-09,EYE
2023-09,EZPW
2023-09,FBK
2023-09,FBNC
2023-09,FBP
2023-09,FBRT
2023-09,FCF
2023-09,FCPT
2023-09,FDP
2023-09,FELE
2023-09,FFBC
2023-09,FHB
2023-09,FIX
2023-09,FIZZ
2023-09,FL
2023-09,FLGT
2023-09,FN
2023-09,FORM
2023-09,FORR
2023-09,FSS
2023-09,FTDR
2023-09,FTRE
2023-09,FUL
2023-09,FULT
2023-09,FWRD
2023-09,GBX
2023-09,GDEN
2023-09,GDOT
2023-09,GEO
2023-09,GES
2023-09,GFF
2023-09,GIII
2023-09,GKOS
2023-09,GMS
2023-09,GNL
2023-09,GNW
2023-09,GOGO
2023-09,GPI
2023-09,GPRE
2023-09,GRBK
2023-09,GSHD
2023-09,GTY
2023-09,GVA
2023-09,HA
2023-09,HAFC
2023-09,HAIN
2023-09,HASI
2023-09,HAYN
2023-09,HAYW
2023-09,HBI
2023-09,HCC
2023-09,HCI
2023-09,HCSG
2023-09,HFWA
2023-09,HI
2023-09,HIBB
2023-09,HIW
2023-09,HLIT
2023-09,HLX
2023-09,HMN
2023-09,HNI
2023-09,HOPE
2023-09,HOUS
2023-09,HP
2023-09,HPP
2023-09,HRMY
2023-09,HSC
2023-09,HSII
2023-09,HSTM
2023-09,HTH
2023-09,HTLD
2023-09,HUBG
2023-09,HVT
2023-09,HWKN
2023-09,HZO
2023-09,IBP
2023-09,IBTX
2023-09,ICHR
2023-09,IDCC
2023-09,IIIN
2023-09,IIPR
2023-09,IJR
2023-09,INDB
2023-09,INN
2023-09,INVA
2023-09,IOSP
2023-09,IPAR
2023-09,IRBT
2023-09,IRWD
2023-09,ITGR
2023-09,ITOS
2023-09,ITRI
2023-09,IVR
2023-09,JACK
2023-09,JBGS
2023-09,JBLU
2023-09,JBSS
2023-09,JBT
2023-09,JJSF
2023-09,JOE
2023-09,JRVR
2023-09,JXN
2023-09,KALU
2023-09,KAMN
2023-09,KAR
2023-09,KELYA
2023-09,KFY
2023-09,KLIC
2023-09,KMT
2023-09,KN
2023-09,KOP
2023-09,KREF
2023-09,KTB
2023-09,KW
2023-09,KWR
2023-09,LBRT
2023-09,LCII
2023-09,LESL
2023-09,LGIH
2023-09,LGND
2023-09,LKFN
2023-09,LMAT
2023-09,LNC
2023-09,LNN
2023-09,LPG
2023-09,LQDT
2023-09,LRN
2023-09,LTC
2023-09,LTHM
2023-09,LUMN
2023-09,LXP
2023-09,LZB
2023-09,MAC
2023-09,MATV
2023-09,MATW
2023-09,MATX
2023-09,MBC
2023-09,MC
2023-09,MCRI
2023-09,MCS
2023-09,MCW
2023-09,MCY
2023-09,MD
2023-09,MDC
2023-09,MDRX
2023-09,MED
2023-09,MEI
2023-09,MERC
2023-09,MGPI
2023-09,MHO
2023-09,MLAB
2023-09,MLI
2023-09,MLKN
2023-09,MMI
2023-09,MMSI
2023-09,MNRO
2023-09,MODV
2023-09,MOG.A
2023-09,MOV
2023-09,MRCY
2023-09,MRTN
2023-09,MSEX
2023-09,MSGS
2023-09,MTH
2023-09,MTRN
2023-09,MTX
2023-09,MXL
2023-09,MYE
2023-09,MYGN
2023-09,MYRG
2023-09,NABL
2023-09,NAVI
2023-09,NBHC
2023-09,NBR
2023-09,NBTB
2023-09,NEO
2023-09,NFBK
2023-09,NGVT
2023-09,NMIH
2023-09,NOG
2023-09,NPK
2023-09,NPO
2023-09,NSIT
2023-09,NTCT
2023-09,NUS
2023-09,NVEE
2023-09,NWBI
2023-09,NWL
2023-09,NWN
2023-09,NX
2023-09,NXGN
2023-09,NXRT
2023-09,NYMT
2023-09,ODP
2023-09,OFG
2023-09,OFIX
2023-09,OI
2023-09,OII
2023-09,OIS
2023-09,OMCL
2023-09,OMI
2023-09,ONTO
2023-09,OSIS
2023-09,OSPN
2023-09,OSUR
2023-09,OTTR
2023-09,OUT
2023-09,OXM
2023-09,PACW
2023-09,PAHC
2023-09,PARR
2023-09,PATK
2023-09,PAYO
2023-09,PBH
2023-09,PBI
2023-09,PCRX
2023-09,PDFS
2023-09,PEB
2023-09,PECO
2023-09,PFBC
2023-09,PFS
2023-09,PGTI
2023-09,PHIN
2023-09,PINC
2023-09,PIPR
2023-09,PLAB
2023-09,PLAY
2023-09,PLMR
2023-09,PLUS
2023-09,PLXS
2023-09,PMT
2023-09,POWL
2023-09,PPBI
2023-09,PRA
2023-09,PRAA
2023-09,PRDO
2023-09,PRFT
2023-09,PRG
2023-09,PRGS
2023-09,PRLB
2023-09,PRVA
2023-09,PSMT
2023-09,PTEN
2023-09,PUMP
2023-09,PZZA
2023-09,QNST
2023-09,RAMP
2023-09,RC
2023-09,RCII
2023-09,RCUS
2023-09,RDN
2023-09,RDNT
2023-09,RES
2023-09,REX
2023-09,REZI
2023-09,RGNX
2023-09,RGP
2023-09,RGR
2023-09,RILY
2023-09,RMBS
2023-09,RNST
2023-09,ROCK
2023-09,ROG
2023-09,ROIC
2023-09,RPT
2023-09,RWT
2023-09,RXO
2023-09,SABR
2023-09,SAFE
2023-09,SAFT
2023-09,SAH
2023-09,SANM
2023-09,SBCF
2023-09,SBH
2023-09,SBSI
2023-09,SCHL
2023-09,SCL
2023-09,SCSC
2023-09,SCVL
2023-09,SDGR
2023-09,SEM
2023-09,SFBS
2023-09,SFNC
2023-09,SGH
2023-09,SHAK
2023-09,SHEN
2023-09,SHO
2023-09,SHOO
2023-09,SIG
2023-09,SITC
2023-09,SITM
2023-09,SIX
2023-09,SJW
2023-09,SKT
2023-09,SKYW
2023-09,SLCA
2023-09,SLG
2023-09,SLP
2023-09,SLVM
2023-09,SM
2023-09,SMP
2023-09,SMPL
2023-09,SMTC
2023-09,SNBR
2023-09,SNCY
2023-09,SNEX
2023-09,SONO
2023-09,SPNT
2023-09,SPSC
2023-09,SPSM
2023-09,SPTN
2023-09,SPWR
2023-09,SPXC
2023-09,SSP
2023-09,SSTK
2023-09,STAA
2023-09,STBA
2023-09,STC
2023-09,STEL
2023-09,STRA
2023-09,SUPN
2023-09,SVC
2023-09,SXC
2023-09,SXI
2023-09,SXT
2023-09,TALO
2023-09,TBBK
2023-09,TBI
2023-09,TDS
2023-09,TFIN
2023-09,TGI
2023-09,THRM
2023-09,THRY
2023-09,THS
2023-09,TILE
2023-09,TMST
2023-09,TNC
2023-09,TNDM
2023-09,TPH
2023-09,TR
2023-09,TRIP
2023-09,TRMK
2023-09,TRN
2023-09,TRST
2023-09,TRUP
2023-09,TTEC
2023-09,TTGT
2023-09,TTMI
2023-09,TWI
2023-09,TWNK
2023-09,TWO
2023-09,UCBI
2023-09,UCTT
2023-09,UE
2023-09,UFCS
2023-09,UFPT
2023-09,UHT
2023-09,UNF
2023-09,UNFI
2023-09,UNIT
2023-09,URBN
2023-09,USNA
2023-09,USPH
2023-09,UTL
2023-09,UVV
2023-09,VBTX
2023-09,VCEL
2023-09,VECO
2023-09,VGR
2023-09,VIAV
2023-09,VIOO
2023-09,VIR
2023-09,VRE
2023-09,VREX
2023-09,VRRM
2023-09,VRTS
2023-09,VRTV
2023-09,VSAT
2023-09,VSCO
2023-09,VSTO
2023-09,VTLE
2023-09,VTOL
2023-09,VVI
2023-09,WABC
2023-09,WAFD
2023-09,WD
2023-09,WDFC
2023-09,WGO
2023-09,WIRE
2023-09,WKC
2023-09,WLY
2023-09,WNC
2023-09,WRE
2023-09,WRLD
2023-09,WSFS
2023-09,WSR
2023-09,WT
2023-09,WWW
2023-09,XHR
2023-09,XNCR
2023-09,XPEL
2023-09,XPER
2023-09,XRX
2023-09,YELP
2023-09,ZEUS
2023-10,AAON
2023-10,AAP
2023-10,AAT
2023-10,ABCB
2023-10,ABG
2023-10,ABM
2023-10,ABR
2023-10,ACA
2023-10,ACLS
2023-10,ADEA
2023-10,ADTN
2023-10,ADUS
2023-10,AEIS
2023-10,AEL
2023-10,AEO
2023-10,AGO
2023-10,AGTI
2023-10,AGYS
2023-10,AHCO
2023-10,AHH
2023-10,AIN
2023-10,AIR
2023-10,AIT
2023-10,AKR
2023-10,ALEX
2023-10,ALG
2023-10,ALGT
2023-10,ALRM
2023-10,AMBC
2023-10,AMCX
2023-10,AMEH
2023-10,AMN
2023-10,AMPH
2023-10,AMSF
2023-10,AMWD
2023-10,ANDE
2023-10,ANF
2023-10,ANIP
2023-10,AORT
2023-10,AOSL
2023-10,APAM
2023-10,APLE
2023-10,APOG
2023-10,APPS
2023-10,ARCB
2023-10,ARI
2023-10,ARLO
2023-10,AROC
2023-10,ARR
2023-10,ASIX
2023-10,ASO
2023-10,ASTE
2023-10,ATEN
2023-10,ATGE
2023-10,ATI
2023-10,ATNI
2023-10,AUB
2023-10,AVA
2023-10,AVAV
2023-10,AVID
2023-10,AVNS
2023-10,AVTA
2023-10,AWR
2023-10,AX
2023-10,AXL
2023-10,AZZ
2023-10,B
2023-10,BANC
2023-10,BANF
2023-10,BANR
2023-10,BCC
2023-10,BCPC
2023-10,BDN
2023-10,BFH
2023-10,BFS
2023-10,BGS
2023-10,BHE
2023-10,BHLB
2023-10,BJRI
2023-10,BKE
2023-10,BKU
2023-10,BLFS
2023-10,BLMN
2023-10,BMI
2023-10,BOH
2023-10,BOOT
2023-10,BRC
2023-10,BRKL
2023-10,BSIG
2023-10,BXMT
2023-10,CAKE
2023-10,CAL
2023-10,CALM
2023-10,CARG
2023-10,CARS
2023-10,CASH
2023-10,CATY
2023-10,CBRL
2023-10,CBU
2023-10,CCOI
2023-10,CCRN
2023-10,CCS
2023-10,CCSI
2023-10,CDMO
2023-10,CEIX
2023-10,CENT
2023-10,CENTA
2023-10,CENX
2023-10,CERT
2023-10,CEVA
2023-10,CFFN
2023-10,CHCO
2023-10,CHCT
2023-10,CHEF
2023-10,CHS
2023-10,CHUY
2023-10,CLB
2023-10,CLDT
2023-10,CLFD
2023-10,CLW
2023-10,CMP
2023-10,CNK
2023-10,CNMD
2023-10,CNSL
2023-10,CNXN
2023-10,COHU
2023-10,COLL
2023-10,COOP
2023-10,CORT
2023-10,CPE
2023-10,CPF
2023-10,CPK
2023-10,CPRX
2023-10,CRC
2023-10,CRK
2023-10,CRMT
2023-10,CRNC
2023-10,CRS
2023-10,CRSR
2023-10,CRVL
2023-10,CSGS
2023-10,CSR
2023-10,CTKB
2023-10,CTRE
2023-10,CTS
2023-10,CUBI
2023-10,CVBF
2023-10,CVCO
2023-10,CVGW
2023-10,CVI
2023-10,CWK
2023-10,CWT
2023-10,CXW
2023-10,CYH
2023-10,CYTK
2023-10,DAN
2023-10,DBI
2023-10,DCOM
2023-10,DDD
2023-10,DEA
2023-10,DEI
2023-10,DFIN
2023-10,DGII
2023-10,DIN
2023-10,DIOD
2023-10,DISH
2023-10,DLX
2023-10,DNOW
2023-10,DORM
2023-10,DRH
2023-10,DRQ
2023-10,DV
2023-10,DVAX
2023-10,DXC
2023-10,DXPE
2023-10,DY
2023-10,EAT
2023-10,ECPG
2023-10,EFC
2023-10,EGBN
2023-10,EHAB
2023-10,EIG
2023-10,ELF
2023-10,EMBC
2023-10,ENR
2023-10,ENSG
2023-10,ENVA
2023-10,EPAC
2023-10,EPC
2023-10,EPRT
2023-10,ESE
2023-10,ETD
2023-10,EVTC
2023-10,EXPI
2023-10,EXTR
2023-10,EYE
2023-10,EZPW
2023-10,FBK
2023-10,FBNC
2023-10,FBP
2023-10,FBRT
2023-10,FCF
2023-10,FCPT
2023-10,FDP
2023-10,FELE
2023-10,FFBC
2023-10,FHB
2023-10,FIX
2023-10,FIZZ
2023-10,FL
2023-10,FLGT
2023-10,FN
2023-10,FORM
2023-10,FORR
2023-10,FSS
2023-10,FTDR
2023-10,FTRE
2023-10,FUL
2023-10,FULT
2023-10,FWRD
2023-10,GBX
2023-10,GDEN
2023-10,GDOT
2023-10,GEO
2023-10,GES
2023-10,GFF
2023-10,GIII
2023-10,GKOS
2023-10,GMS
2023-10,GNL
2023-10,GNW
2023-10,GOGO
2023-10,GPI
2023-10,GPRE
2023-10,GRBK
2023-10,GSHD
2023-10,GTY
2023-10,GVA
2023-10,HAFC
2023-10,HAIN
2023-10,HASI
2023-10,HAYN
2023-10,HAYW
2023-10,HBI
2023-10,HCC
2023-10,HCI
2023-10,HCSG
2023-10,HFWA
2023-10,HI
2023-10,HIBB
2023-10,HIW
2023-10,HLIT
2023-10,HLX
2023-10,HMN
2023-10,HNI
2023-10,HOPE
2023-10,HOUS
2023-10,HP
2023-10,HPP
2023-10,HRMY
2023-10,HSC
2023-10,HSII
2023-10,HSTM
2023-10,HTH
2023-10,HTLD
2023-10,HUBG
2023-10,HVT
2023-10,HWKN
2023-10,HZO
2023-10,IBP
2023-10,IBTX
2023-10,ICHR
2023-10,IDCC
2023-10,IIIN
2023-10,IIPR
2023-10,IJR
2023-10,INDB
2023-10,INN
2023-10,INVA
2023-10,IOSP
2023-10,IPAR
2023-10,IRBT
2023-10,IRWD
2023-10,ITGR
2023-10,ITRI
2023-10,IVR
2023-10,JACK
2023-10,JBGS
2023-10,JBLU
2023-10,JBSS
2023-10,JBT
2023-10,JJSF
2023-10,JOE
2023-10,JRVR
2023-10,JXN
2023-10,KALU
2023-10,KAMN
2023-10,KAR
2023-10,KELYA
2023-10,KFY
2023-10,KLG
2023-10,KLIC
2023-10,KMT
2023-10,KN
2023-10,KOP
2023-10,KREF
2023-10,KSS
2023-10,KTB
2023-10,KW
2023-10,KWR
2023-10,LBRT
2023-10,LCII
2023-10,LESL
2023-10,LGIH
2023-10,LGND
2023-10,LKFN
2023-10,LMAT
2023-10,LNC
2023-10,LNN
2023-10,LPG
2023-10,LQDT
2023-10,LRN
2023-10,LTC
2023-10,LTHM
2023-10,LUMN
2023-10,LXP
2023-10,LZB
2023-10,MAC
2023-10,MATV
2023-10,MATW
2023-10,MATX
2023-10,MBC
2023-10,MC
2023-10,MCRI
2023-10,MCS
2023-10,MCW
2023-10,MCY
2023-10,MD
2023-10,MDC
2023-10,MDRX
2023-10,MED
2023-10,MEI
2023-10,MERC
2023-10,MGPI
2023-10,MHO
2023-10,MLAB
2023-10,MLI
2023-10,MLKN
2023-10,MMI
2023-10,MMSI
2023-10,MNRO
2023-10,MODV
2023-10,MOG-A
2023-10,MOV
2023-10,MRCY
2023-10,MRTN
2023-10,MSEX
2023-10,MSGS
2023-10,MTH
2023-10,MTRN
2023-10,MTX
2023-10,MXL
2023-10,MYE
2023-10,MYGN
2023-10,MYRG
2023-10,NABL
2023-10,NATL
2023-10,NAVI
2023-10,NBHC
2023-10,NBR
2023-10,NBTB
2023-10,NEO
2023-10,NFBK
2023-10,NGVT
2023-10,NMIH
2023-10,NOG
2023-10,NPK
2023-10,NPO
2023-10,NSIT
2023-10,NTCT
2023-10,NUS
2023-10,NVEE
2023-10,NWBI
2023-10,NWL
2023-10,NWN
2023-10,NX
2023-10,NXGN
2023-10,NXRT
2023-10,NYMT
2023-10,ODP
2023-10,OFG
2023-10,OFIX
2023-10,OGN
2023-10,OI
2023-10,OII
2023-10,OIS
2023-10,OMCL
2023-10,OMI
2023-10,OSIS
2023-10,OSPN
2023-10,OSUR
2023-10,OTTR
2023-10,OUT
2023-10,OXM
2023-10,PACW
2023-10,PAHC
2023-10,PARR
2023-10,PATK
2023-10,PAYO
2023-10,PBH
2023-10,PBI
2023-10,PCRX
2023-10,PDFS
2023-10,PEB
2023-10,PECO
2023-10,PFBC
2023-10,PFS
2023-10,PGTI
2023-10,PHIN
2023-10,PINC
2023-10,PIPR
2023-10,PLAB
2023-10,PLAY
2023-10,PLMR
2023-10,PLUS
2023-10,PLXS
2023-10,PMT
2023-10,POWL
2023-10,PPBI
2023-10,PRA
2023-10,PRAA
2023-10,PRDO
2023-10,PRFT
2023-10,PRG
2023-10,PRGS
2023-10,PRLB
2023-10,PRVA
2023-10,PSMT
2023-10,PTEN
2023-10,PUMP
2023-10,PZZA
2023-10,QNST
2023-10,RAMP
2023-10,RC
2023-10,RCII
2023-10,RCUS
2023-10,RDN
2023-10,RDNT
2023-10,RES
2023-10,REX
2023-10,REZI
2023-10,RGNX
2023-10,RGP
2023-10,RGR
2023-10,RILY
2023-10,RMBS
2023-10,RNST
2023-10,ROCK
2023-10,ROG
2023-10,ROIC
2023-10,RPT
2023-10,RWT
2023-10,RXO
2023-10,SABR
2023-10,SAFE
2023-10,SAFT
2023-10,SAH
2023-10,SANM
2023-10,SBCF
2023-10,SBH
2023-10,SBSI
2023-10,SCHL
2023-10,SCL
2023-10,SCSC
2023-10,SCVL
2023-10,SDGR
2023-10,SEM
2023-10,SFBS
2023-10,SFNC
2023-10,SGH
2023-10,SHAK
2023-10,SHEN
2023-10,SHO
2023-10,SHOO
2023-10,SIG
2023-10,SITC
2023-10,SITM
2023-10,SIX
2023-10,SJW
2023-10,SKT
2023-10,SKYW
2023-10,SLCA
2023-10,SLG
2023-10,SLP
2023-10,SLVM
2023-10,SM
2023-10,SMP
2023-10,SMPL
2023-10,SMTC
2023-10,SNBR
2023-10,SNCY
2023-10,SNEX
2023-10,SONO
2023-10,SPNT
2023-10,SPSC
2023-10,SPSM
2023-10,SPTN
2023-10,SPWR
2023-10,SPXC
2023-10,SSP
2023-10,SSTK
2023-10,STAA
2023-10,STBA
2023-10,STC
2023-10,STEL
2023-10,STRA
2023-10,SUPN
2023-10,SVC
2023-10,SXC
2023-10,SXI
2023-10,SXT
2023-10,TALO
2023-10,TBBK
2023-10,TBI
2023-10,TDS
2023-10,TFIN
2023-10,TGI
2023-10,THRM
2023-10,THRY
2023-10,THS
2023-10,TILE
2023-10,TMST
2023-10,TNC
2023-10,TNDM
2023-10,TPH
2023-10,TR
2023-10,TRIP
2023-10,TRMK
2023-10,TRN
2023-10,TRST
2023-10,TRUP
2023-10,TTEC
2023-10,TTGT
2023-10,TTMI
2023-10,TWI
2023-10,TWNK
2023-10,TWO
2023-10,UCBI
2023-10,UCTT
2023-10,UE
2023-10,UFCS
2023-10,UFPT
2023-10,UHT
2023-10,UNF
2023-10,UNFI
2023-10,UNIT
2023-10,URBN
2023-10,USNA
2023-10,USPH
2023-10,UTL
2023-10,UVV
2023-10,VBTX
2023-10,VCEL
2023-10,VECO
2023-10,VGR
2023-10,VIAV
2023-10,VICR
2023-10,VIOO
2023-10,VIR
2023-10,VRE
2023-10,VREX
2023-10,VRRM
2023-10,VRTS
2023-10,VRTV
2023-10,VSAT
2023-10,VSCO
2023-10,VSTO
2023-10,VTLE
2023-10,VTOL
2023-10,VVI
2023-10,WABC
2023-10,WAFD
2023-10,WD
2023-10,WDFC
2023-10,WGO
2023-10,WIRE
2023-10,WKC
2023-10,WLY
2023-10,WNC
2023-10,WRE
2023-10,WRLD
2023-10,WSFS
2023-10,WSR
2023-10,WT
2023-10,WWW
2023-10,XHR
2023-10,XNCR
2023-10,XPEL
2023-10,XPER
2023-10,XRX
2023-10,YELP
2023-10,ZEUS
2023-11,AAON
2023-11,AAP
2023-11,AAT
2023-11,ABCB
2023-11,ABG
2023-11,ABM
2023-11,ABR
2023-11,ACA
2023-11,ACIW
2023-11,ACLS
2023-11,ADEA
2023-11,ADTN
2023-11,ADUS
2023-11,AEIS
2023-11,AEL
2023-11,AEO
2023-11,AGO
2023-11,AGTI
2023-11,AGYS
2023-11,AHCO
2023-11,AHH
2023-11,AIN
2023-11,AIR
2023-11,AIT
2023-11,AKR
2023-11,ALEX
2023-11,ALG
2023-11,ALGT
2023-11,ALRM
2023-11,AMBC
2023-11,AMCX
2023-11,AMEH
2023-11,AMN
2023-11,AMPH
2023-11,AMR
2023-11,AMSF
2023-11,AMWD
2023-11,ANDE
2023-11,ANF
2023-11,ANIP
2023-11,AORT
2023-11,AOSL
2023-11,APAM
2023-11,APLE
2023-11,APOG
2023-11,APPS
2023-11,ARCB
2023-11,ARI
2023-11,ARLO
2023-11,AROC
2023-11,ARR
2023-11,ASIX
2023-11,ASO
2023-11,ASTE
2023-11,ATEN
2023-11,ATGE
2023-11,ATI
2023-11,ATNI
2023-11,AUB
2023-11,AVA
2023-11,AVAV
2023-11,AVNS
2023-11,AWR
2023-11,AX
2023-11,AXL
2023-11,AZZ
2023-11,B
2023-11,BANC
2023-11,BANF
2023-11,BANR
2023-11,BCC
2023-11,BCPC
2023-11,BDN
2023-11,BFH
2023-11,BFS
2023-11,BGS
2023-11,BHE
2023-11,BHLB
2023-11,BJRI
2023-11,BKE
2023-11,BKU
2023-11,BLFS
2023-11,BLMN
2023-11,BMI
2023-11,BOH
2023-11,BOOT
2023-11,BRC
2023-11,BRKL
2023-11,BSIG
2023-11,BXMT
2023-11,CAKE
2023-11,CAL
2023-11,CALM
2023-11,CARG
2023-11,CARS
2023-11,CASH
2023-11,CATY
2023-11,CBRL
2023-11,CBU
2023-11,CCOI
2023-11,CCRN
2023-11,CCS
2023-11,CCSI
2023-11,CDMO
2023-11,CEIX
2023-11,CENT
2023-11,CENTA
2023-11,CENX
2023-11,CERT
2023-11,CEVA
2023-11,CFFN
2023-11,CHCO
2023-11,CHCT
2023-11,CHEF
2023-11,CHS
2023-11,CHUY
2023-11,CLB
2023-11,CLDT
2023-11,CLFD
2023-11,CLW
2023-11,CMP
2023-11,CNK
2023-11,CNMD
2023-11,CNSL
2023-11,CNXN
2023-11,COHU
2023-11,COLL
2023-11,COOP
2023-11,CORT
2023-11,CPE
2023-11,CPF
2023-11,CPK
2023-11,CPRX
2023-11,CRC
2023-11,CRK
2023-11,CRMT
2023-11,CRNC
2023-11,CRS
2023-11,CRSR
2023-11,CRVL
2023-11,CSGS
2023-11,CSR
2023-11,CTKB
2023-11,CTRE
2023-11,CTS
2023-11,CUBI
2023-11,CVBF
2023-11,CVCO
2023-11,CVGW
2023-11,CVI
2023-11,CWEN
2023-11,CWEN.A
2023-11,CWK
2023-11,CWT
2023-11,CXW
2023-11,CYH
2023-11,CYTK
2023-11,DAN
2023-11,DBI
2023-11,DCOM
2023-11,DDD
2023-11,DEA
2023-11,DEI
2023-11,DFIN
2023-11,DGII
2023-11,DIN
2023-11,DIOD
2023-11,DISH
2023-11,DLX
2023-11,DNOW
2023-11,DORM
2023-11,DRH
2023-11,DRQ
2023-11,DV
2023-11,DVAX
2023-11,DXC
2023-11,DXPE
2023-11,DY
2023-11,EAT
2023-11,ECPG
2023-11,EFC
2023-11,EGBN
2023-11,EHAB
2023-11,EIG
2023-11,ELF
2023-11,ELME
2023-11,EMBC
2023-11,ENR
2023-11,ENSG
2023-11,ENV
2023-11,ENVA
2023-11,EPAC
2023-11,EPC
2023-11,EPRT
2023-11,ESE
2023-11,ETD
2023-11,EVTC
2023-11,EXPI
2023-11,EXTR
2023-11,EYE
2023-11,EZPW
2023-11,FBK
2023-11,FBNC
2023-11,FBP
2023-11,FBRT
2023-11,FCF
2023-11,FCPT
2023-11,FDP
2023-11,FELE
2023-11,FFBC
2023-11,FHB
2023-11,FIX
2023-11,FIZZ
2023-11,FL
2023-11,FLGT
2023-11,FN
2023-11,FORM
2023-11,FORR
2023-11,FSS
2023-11,FTDR
2023-11,FTRE
2023-11,FUL
2023-11,FULT
2023-11,FWRD
2023-11,GBX
2023-11,GDEN
2023-11,GDOT
2023-11,GEO
2023-11,GES
2023-11,GFF
2023-11,GIII
2023-11,GKOS
2023-11,GMS
2023-11,GNL
2023-11,GNW
2023-11,GOGO
2023-11,GPI
2023-11,GPRE
2023-11,GRBK
2023-11,GSHD
2023-11,GTY
2023-11,GVA
2023-11,HAFC
2023-11,HAIN
2023-11,HASI
2023-11,HAYN
2023-11,HAYW
2023-11,HBI
2023-11,HCC
2023-11,HCI
2023-11,HCSG
2023-11,HFWA
2023-11,HI
2023-11,HIBB
2023-11,HIW
2023-11,HLIT
2023-11,HLX
2023-11,HMN
2023-11,HNI
2023-11,HOPE
2023-11,HOUS
2023-11,HP
2023-11,HPP
2023-11,HRMY
2023-11,HSII
2023-11,HSTM
2023-11,HTH
2023-11,HTLD
2023-11,HUBG
2023-11,HVT
2023-11,HWKN
2023-11,HZO
2023-11,IBP
2023-11,IBTX
2023-11,ICHR
2023-11,ICUI
2023-11,IDCC
2023-11,IIIN
2023-11,IIPR
2023-11,IJR
2023-11,INDB
2023-11,INN
2023-11,INVA
2023-11,IOSP
2023-11,IPAR
2023-11,IRBT
2023-11,IRWD
2023-11,ITGR
2023-11,ITRI
2023-11,IVR
2023-11,JACK
2023-11,JBGS
2023-11,JBLU
2023-11,JBSS
2023-11,JBT
2023-11,JJSF
2023-11,JOE
2023-11,JRVR
2023-11,JXN
2023-11,KALU
2023-11,KAMN
2023-11,KAR
2023-11,KELYA
2023-11,KFY
2023-11,KLG
2023-11,KLIC
2023-11,KMT
2023-11,KN
2023-11,KOP
2023-11,KREF
2023-11,KSS
2023-11,KTB
2023-11,KW
2023-11,KWR
2023-11,LBRT
2023-11,LCII
2023-11,LESL
2023-11,LGIH
2023-11,LGND
2023-11,LKFN
2023-11,LMAT
2023-11,LNC
2023-11,LNN
2023-11,LPG
2023-11,LQDT
2023-11,LRN
2023-11,LTC
2023-11,LTHM
2023-11,LUMN
2023-11,LXP
2023-11,LZB
2023-11,MAC
2023-11,MATV
2023-11,MATW
2023-11,MATX
2023-11,MBC
2023-11,MC
2023-11,MCRI
2023-11,MCS
2023-11,MCW
2023-11,MCY
2023-11,MD
2023-11,MDC
2023-11,MDRX
2023-11,MED
2023-11,MEI
2023-11,MERC
2023-11,MGPI
2023-11,MHO
2023-11,MLAB
2023-11,MLI
2023-11,MLKN
2023-11,MMI
2023-11,MMSI
2023-11,MNRO
2023-11,MODV
2023-11,MOG-A
2023-11,MOV
2023-11,MRCY
2023-11,MRTN
2023-11,MSEX
2023-11,MSGS
2023-11,MTH
2023-11,MTRN
2023-11,MTX
2023-11,MXL
2023-11,MYE
2023-11,MYGN
2023-11,MYRG
2023-11,NABL
2023-11,NATL
2023-11,NAVI
2023-11,NBHC
2023-11,NBR
2023-11,NBTB
2023-11,NEO
2023-11,NFBK
2023-11,NGVT
2023-11,NMIH
2023-11,NOG
2023-11,NPK
2023-11,NPO
2023-11,NSIT
2023-11,NTCT
2023-11,NUS
2023-11,NVEE
2023-11,NVRI
2023-11,NWBI
2023-11,NWL
2023-11,NWN
2023-11,NX
2023-11,NXRT
2023-11,NYMT
2023-11,ODP
2023-11,OFG
2023-11,OFIX
2023-11,OGN
2023-11,OI
2023-11,OII
2023-11,OIS
2023-11,OMCL
2023-11,OMI
2023-11,OSIS
2023-11,OSPN
2023-11,OSUR
2023-11,OTTR
2023-11,OUT
2023-11,OXM
2023-11,PAHC
2023-11,PARR
2023-11,PATK
2023-11,PAYO
2023-11,PBH
2023-11,PBI
2023-11,PCRX
2023-11,PDFS
2023-11,PEB
2023-11,PECO
2023-11,PFBC
2023-11,PFS
2023-11,PGTI
2023-11,PHIN
2023-11,PINC
2023-11,PIPR
2023-11,PLAB
2023-11,PLAY
2023-11,PLMR
2023-11,PLUS
2023-11,PLXS
2023-11,PMT
2023-11,POWL
2023-11,PPBI
2023-11,PRA
2023-11,PRAA
2023-11,PRDO
2023-11,PRFT
2023-11,PRG
2023-11,PRGS
2023-11,PRLB
2023-11,PRVA
2023-11,PSMT
2023-11,PTEN
2023-11,PUMP
2023-11,PZZA
2023-11,QNST
2023-11,RAMP
2023-11,RC
2023-11,RCUS
2023-11,RDN
2023-11,RDNT
2023-11,RES
2023-11,REX
2023-11,REZI
2023-11,RGNX
2023-11,RGP
2023-11,RGR
2023-11,RILY
2023-11,RMBS
2023-11,RNST
2023-11,ROCK
2023-11,ROG
2023-11,ROIC
2023-11,RPT
2023-11,RWT
2023-11,RXO
2023-11,SABR
2023-11,SAFE
2023-11,SAFT
2023-11,SAH
2023-11,SANM
2023-11,SBCF
2023-11,SBH
2023-11,SBSI
2023-11,SCHL
2023-11,SCL
2023-11,SCSC
2023-11,SCVL
2023-11,SDGR
2023-11,SEM
2023-11,SFBS
2023-11,SFNC
2023-11,SGH
2023-11,SHAK
2023-11,SHEN
2023-11,SHO
2023-11,SHOO
2023-11,SIG
2023-11,SITC
2023-11,SITM
2023-11,SIX
2023-11,SJW
2023-11,SKT
2023-11,SKYW
2023-11,SLCA
2023-11,SLG
2023-11,SLP
2023-11,SLVM
2023-11,SM
2023-11,SMP
2023-11,SMPL
2023-11,SMTC
2023-11,SNBR
2023-11,SNCY
2023-11,SNEX
2023-11,SONO
2023-11,SPNT
2023-11,SPSC
2023-11,SPSM
2023-11,SPTN
2023-11,SPWR
2023-11,SPXC
2023-11,SSP
2023-11,SSTK
2023-11,STAA
2023-11,STBA
2023-11,STC
2023-11,STEL
2023-11,STRA
2023-11,SUPN
2023-11,SVC
2023-11,SXC
2023-11,SXI
2023-11,SXT
2023-11,TALO
2023-11,TBBK
2023-11,TBI
2023-11,TDS
2023-11,TFIN
2023-11,TGI
2023-11,THRM
2023-11,THRY
2023-11,THS
2023-11,TILE
2023-11,TMST
2023-11,TNC
2023-11,TNDM
2023-11,TPH
2023-11,TR
2023-11,TRIP
2023-11,TRMK
2023-11,TRN
2023-11,TRST
2023-11,TRUP
2023-11,TTEC
2023-11,TTGT
2023-11,TTMI
2023-11,TWI
2023-11,TWO
2023-11,UCBI
2023-11,UCTT
2023-11,UE
2023-11,UFCS
2023-11,UFPT
2023-11,UHT
2023-11,UNF
2023-11,UNFI
2023-11,UNIT
2023-11,UPBD
2023-11,URBN
2023-11,USNA
2023-11,USPH
2023-11,UTL
2023-11,UVV
2023-11,VBTX
2023-11,VCEL
2023-11,VECO
2023-11,VGR
2023-11,VIAV
2023-11,VICR
2023-11,VIOO
2023-11,VIR
2023-11,VRE
2023-11,VREX
2023-11,VRRM
2023-11,VRTS
2023-11,VSAT
2023-11,VSCO
2023-11,VSTO
2023-11,VTLE
2023-11,VTOL
2023-11,VVI
2023-11,WABC
2023-11,WAFD
2023-11,WD
2023-11,WDFC
2023-11,WGO
2023-11,WIRE
2023-11,WKC
2023-11,WLY
2023-11,WNC
2023-11,WOR
2023-11,WRLD
2023-11,WSFS
2023-11,WSR
2023-11,WT
2023-11,WWW
2023-11,XHR
2023-11,XNCR
2023-11,XPEL
2023-11,XPER
2023-11,XRX
2023-11,YELP
2023-11,ZEUS
2023-12,AAON
2023-12,AAP
2023-12,AAT
2023-12,ABCB
2023-12,ABG
2023-12,ABM
2023-12,ABR
2023-12,ACA
2023-12,ACIW
2023-12,ACLS
2023-12,ADEA
2023-12,ADTN
2023-12,ADUS
2023-12,AEIS
2023-12,AEL
2023-12,AEO
2023-12,AGO
2023-12,AGTI
2023-12,AGYS
2023-12,AHCO
2023-12,AHH
2023-12,AIN
2023-12,AIR
2023-12,AIT
2023-12,AKR
2023-12,ALEX
2023-12,ALG
2023-12,ALGT
2023-12,ALK
2023-12,ALKS
2023-12,ALRM
2023-12,AMBC
2023-12,AMCX
2023-12,AMEH
2023-12,AMN
2023-12,AMPH
2023-12,AMR
2023-12,AMSF
2023-12,AMWD
2023-12,ANDE
2023-12,ANF
2023-12,ANIP
2023-12,AORT
2023-12,AOSL
2023-12,APAM
2023-12,APLE
2023-12,APOG
2023-12,APPS
2023-12,ARCB
2023-12,ARI
2023-12,ARLO
2023-12,AROC
2023-12,ARR
2023-12,ASIX
2023-12,ASO
2023-12,ASTE
2023-12,ATEN
2023-12,ATGE
2023-12,ATI
2023-12,ATNI
2023-12,AUB
2023-12,AVA
2023-12,AVAV
2023-12,AVNS
2023-12,AWI
2023-12,AWR
2023-12,AX
2023-12,AXL
2023-12,AZZ
2023-12,B
2023-12,BANC
2023-12,BANF
2023-12,BANR
2023-12,BCC
2023-12,BCPC
2023-12,BDN
2023-12,BFH
2023-12,BFS
2023-12,BGS
2023-12,BHE
2023-12,BHLB
2023-12,BJRI
2023-12,BKE
2023-12,BKU
2023-12,BLFS
2023-12,BLMN
2023-12,BMI
2023-12,BOH
2023-12,BOOT
2023-12,BRC
2023-12,BRKL
2023-12,BSIG
2023-12,BXMT
2023-12,CAKE
2023-12,CAL
2023-12,CALM
2023-12,CARG
2023-12,CARS
2023-12,CASH
2023-12,CATY
2023-12,CBRL
2023-12,CBU
2023-12,CCOI
2023-12,CCRN
2023-12,CCS
2023-12,CCSI
2023-12,CEIX
2023-12,CENT
2023-12,CENTA
2023-12,CENX
2023-12,CERT
2023-12,CEVA
2023-12,CFFN
2023-12,CHCO
2023-12,CHCT
2023-12,CHEF
2023-12,CHS
2023-12,CHUY
2023-12,CLB
2023-12,CLDT
2023-12,CLW
2023-12,CMP
2023-12,CNK
2023-12,CNMD
2023-12,CNSL
2023-12,CNXN
2023-12,COHU
2023-12,COLL
2023-12,COOP
2023-12,CORT
2023-12,CPE
2023-12,CPF
2023-12,CPK
2023-12,CPRX
2023-12,CRC
2023-12,CRK
2023-12,CRMT
2023-12,CRNC
2023-12,CRS
2023-12,CRSR
2023-12,CRVL
2023-12,CSGS
2023-12,CSR
2023-12,CTKB
2023-12,CTRE
2023-12,CTS
2023-12,CUBI
2023-12,CVBF
2023-12,CVCO
2023-12,CVGW
2023-12,CVI
2023-12,CWEN
2023-12,CWEN.A
2023-12,CWK
2023-12,CWT
2023-12,CXW
2023-12,CYTK
2023-12,DAN
2023-12,DBI
2023-12,DCOM
2023-12,DDD
2023-12,DEA
2023-12,DEI
2023-12,DFIN
2023-12,DGII
2023-12,DIN
2023-12,DIOD
2023-12,DISH
2023-12,DLX
2023-12,DNOW
2023-12,DORM
2023-12,DRH
2023-12,DRQ
2023-12,DV
2023-12,DVAX
2023-12,DXC
2023-12,DXPE
2023-12,DY
2023-12,EAT
2023-12,ECPG
2023-12,EFC
2023-12,EGBN
2023-12,EHAB
2023-12,EIG
2023-12,ELF
2023-12,ELME
2023-12,EMBC
2023-12,ENR
2023-12,ENSG
2023-12,ENV
2023-12,ENVA
2023-12,EPAC
2023-12,EPC
2023-12,EPRT
2023-12,ESE
2023-12,ETD
2023-12,EVTC
2023-12,EXPI
2023-12,EXTR
2023-12,EYE
2023-12,EZPW
2023-12,FBK
2023-12,FBNC
2023-12,FBP
2023-12,FBRT
2023-12,FCF
2023-12,FCPT
2023-12,FDP
2023-12,FELE
2023-12,FFBC
2023-12,FHB
2023-12,FIZZ
2023-12,FL
2023-12,FLGT
2023-12,FN
2023-12,FORM
2023-12,FORR
2023-12,FSS
2023-12,FTDR
2023-12,FTRE
2023-12,FUL
2023-12,FULT
2023-12,FWRD
2023-12,GBX
2023-12,GDEN
2023-12,GDOT
2023-12,GEO
2023-12,GES
2023-12,GFF
2023-12,GIII
2023-12,GKOS
2023-12,GMS
2023-12,GNL
2023-12,GNW
2023-12,GOGO
2023-12,GPI
2023-12,GPRE
2023-12,GRBK
2023-12,GSHD
2023-12,GTY
2023-12,GVA
2023-12,HAFC
2023-12,HAIN
2023-12,HASI
2023-12,HAYN
2023-12,HAYW
2023-12,HBI
2023-12,HCC
2023-12,HCI
2023-12,HCSG
2023-12,HFWA
2023-12,HI
2023-12,HIBB
2023-12,HIW
2023-12,HLIT
2023-12,HLX
2023-12,HMN
2023-12,HNI
2023-12,HOPE
2023-12,HOUS
2023-12,HP
2023-12,HPP
2023-12,HRMY
2023-12,HSII
2023-12,HSTM
2023-12,HTH
2023-12,HTLD
2023-12,HUBG
2023-12,HVT
2023-12,HWKN
2023-12,HZO
2023-12,IBP
2023-12,IBTX
2023-12,ICHR
2023-12,ICUI
2023-12,IDCC
2023-12,IIIN
2023-12,IIPR
2023-12,IJR
2023-12,INDB
2023-12,INN
2023-12,INVA
2023-12,IOSP
2023-12,IPAR
2023-12,IRBT
2023-12,IRWD
2023-12,ITGR
2023-12,ITRI
2023-12,JACK
2023-12,JBGS
2023-12,JBLU
2023-12,JBSS
2023-12,JBT
2023-12,JJSF
2023-12,JOE
2023-12,JXN
2023-12,KALU
2023-12,KAMN
2023-12,KAR
2023-12,KELYA
2023-12,KFY
2023-12,KLG
2023-12,KLIC
2023-12,KMT
2023-12,KN
2023-12,KOP
2023-12,KREF
2023-12,KSS
2023-12,KTB
2023-12,KW
2023-12,KWR
2023-12,LBRT
2023-12,LCII
2023-12,LESL
2023-12,LGIH
2023-12,LGND
2023-12,LKFN
2023-12,LMAT
2023-12,LNC
2023-12,LNN
2023-12,LPG
2023-12,LQDT
2023-12,LRN
2023-12,LTC
2023-12,LTHM
2023-12,LUMN
2023-12,LXP
2023-12,LZB
2023-12,MAC
2023-12,MATV
2023-12,MATW
2023-12,MATX
2023-12,MBC
2023-12,MC
2023-12,MCRI
2023-12,MCS
2023-12,MCW
2023-12,MCY
2023-12,MD
2023-12,MDC
2023-12,MDRX
2023-12,MED
2023-12,MEI
2023-12,MERC
2023-12,MGPI
2023-12,MHO
2023-12,MLAB
2023-12,MLI
2023-12,MLKN
2023-12,MMI
2023-12,MMSI
2023-12,MNRO
2023-12,MODG
2023-12,MODV
2023-12,MOG-A
2023-12,MOV
2023-12,MRCY
2023-12,MRTN
2023-12,MSEX
2023-12,MSGS
2023-12,MTH
2023-12,MTRN
2023-12,MTX
2023-12,MXL
2023-12,MYE
2023-12,MYGN
2023-12,MYRG
2023-12,NABL
2023-12,NATL
2023-12,NAVI
2023-12,NBHC
2023-12,NBR
2023-12,NBTB
2023-12,NEO
2023-12,NFBK
2023-12,NGVT
2023-12,NHC
2023-12,NMIH
2023-12,NOG
2023-12,NPK
2023-12,NPO
2023-12,NSIT
2023-12,NTCT
2023-12,NUS
2023-12,NVEE
2023-12,NVRI
2023-12,NWBI
2023-12,NWL
2023-12,NWN
2023-12,NX
2023-12,NXRT
2023-12,NYMT
2023-12,ODP
2023-12,OFG
2023-12,OGN
2023-12,OI
2023-12,OII
2023-12,OIS
2023-12,OMCL
2023-12,OMI
2023-12,OSIS
2023-12,OSUR
2023-12,OTTR
2023-12,OUT
2023-12,OXM
2023-12,PAHC
2023-12,PARR
2023-12,PATK
2023-12,PAYO
2023-12,PBH
2023-12,PBI
2023-12,PCRX
2023-12,PDFS
2023-12,PEB
2023-12,PECO
2023-12,PFBC
2023-12,PFS
2023-12,PGTI
2023-12,PHIN
2023-12,PINC
2023-12,PIPR
2023-12,PJT
2023-12,PLAB
2023-12,PLAY
2023-12,PLMR
2023-12,PLUS
2023-12,PLXS
2023-12,PMT
2023-12,POWL
2023-12,PPBI
2023-12,PRA
2023-12,PRAA
2023-12,PRDO
2023-12,PRFT
2023-12,PRG
2023-12,PRGS
2023-12,PRLB
2023-12,PRVA
2023-12,PSMT
2023-12,PTEN
2023-12,PUMP
2023-12,PZZA
2023-12,QNST
2023-12,RAMP
2023-12,RC
2023-12,RCUS
2023-12,RDN
2023-12,RDNT
2023-12,RES
2023-12,REX
2023-12,REZI
2023-12,RGNX
2023-12,RGP
2023-12,RGR
2023-12,RILY
2023-12,RNST
2023-12,ROCK
2023-12,ROG
2023-12,ROIC
2023-12,RPT
2023-12,RWT
2023-12,RXO
2023-12,SABR
2023-12,SAFE
2023-12,SAFT
2023-12,SAH
2023-12,SANM
2023-12,SBCF
2023-12,SBH
2023-12,SBSI
2023-12,SCHL
2023-12,SCL
2023-12,SCSC
2023-12,SCVL
2023-12,SDGR
2023-12,SEDG
2023-12,SEE
2023-12,SEM
2023-12,SFBS
2023-12,SFNC
2023-12,SGH
2023-12,SHAK
2023-12,SHEN
2023-12,SHO
2023-12,SHOO
2023-12,SIG
2023-12,SITC
2023-12,SITM
2023-12,SIX
2023-12,SJW
2023-12,SKT
2023-12,SKYW
2023-12,SLCA
2023-12,SLG
2023-12,SLP
2023-12,SLVM
2023-12,SM
2023-12,SMP
2023-12,SMPL
2023-12,SMTC
2023-12,SNCY
2023-12,SNEX
2023-12,SONO
2023-12,SPNT
2023-12,SPSC
2023-12,SPSM
2023-12,SPTN
2023-12,SPWR
2023-12,SPXC
2023-12,SSP
2023-12,SSTK
2023-12,STAA
2023-12,STBA
2023-12,STC
2023-12,STEL
2023-12,STRA
2023-12,SUPN
2023-12,SVC
2023-12,SXC
2023-12,SXI
2023-12,SXT
2023-12,TALO
2023-12,TBBK
2023-12,TBI
2023-12,TDS
2023-12,TFIN
2023-12,TGI
2023-12,THRM
2023-12,THRY
2023-12,THS
2023-12,TILE
2023-12,TMST
2023-12,TNC
2023-12,TNDM
2023-12,TPH
2023-12,TR
2023-12,TRIP
2023-12,TRMK
2023-12,TRN
2023-12,TRST
2023-12,TRUP
2023-12,TTEC
2023-12,TTGT
2023-12,TTMI
2023-12,TWI
2023-12,TWO
2023-12,UCBI
2023-12,UCTT
2023-12,UE
2023-12,UFCS
2023-12,UFPT
2023-12,UHT
2023-12,UNF
2023-12,UNFI
2023-12,UNIT
2023-12,UPBD
2023-12,URBN
2023-12,USNA
2023-12,USPH
2023-12,UTL
2023-12,UVV
2023-12,VBTX
2023-12,VCEL
2023-12,VECO
2023-12,VGR
2023-12,VIAV
2023-12,VICR
2023-12,VIOO
2023-12,VIR
2023-12,VRE
2023-12,VREX
2023-12,VRRM
2023-12,VRTS
2023-12,VSAT
2023-12,VSCO
2023-12,VSTO
2023-12,VSTS
2023-12,VTLE
2023-12,VTOL
2023-12,VVI
2023-12,WABC
2023-12,WAFD
2023-12,WD
2023-12,WDFC
2023-12,WGO
2023-12,WIRE
2023-12,WKC
2023-12,WLY
2023-12,WNC
2023-12,WOR
2023-12,WRLD
2023-12,WS
2023-12,WSFS
2023-12,WSR
2023-12,WT
2023-12,WWW
2023-12,XHR
2023-12,XNCR
2023-12,XPEL
2023-12,XPER
2023-12,XRX
2023-12,YELP
2023-12,ZEUS
2024-01,AAON
2024-01,AAP
2024-01,AAT
2024-01,ABCB
2024-01,ABG
2024-01,ABM
2024-01,ABR
2024-01,ACA
2024-01,ACIW
2024-01,ACLS
2024-01,ADEA
2024-01,ADTN
2024-01,ADUS
2024-01,AEIS
2024-01,AEL
2024-01,AEO
2024-01,AGO
2024-01,AGTI
2024-01,AGYS
2024-01,AHCO
2024-01,AHH
2024-01,AIN
2024-01,AIR
2024-01,AIT
2024-01,AKR
2024-01,ALEX
2024-01,ALG
2024-01,ALGT
2024-01,ALK
2024-01,ALKS
2024-01,ALRM
2024-01,AMBC
2024-01,AMCX
2024-01,AMEH
2024-01,AMN
2024-01,AMPH
2024-01,AMR
2024-01,AMSF
2024-01,AMWD
2024-01,ANDE
2024-01,ANF
2024-01,ANIP
2024-01,AORT
2024-01,AOSL
2024-01,APAM
2024-01,APLE
2024-01,APOG
2024-01,APPS
2024-01,ARCB
2024-01,ARI
2024-01,ARLO
2024-01,AROC
2024-01,ARR
2024-01,ASIX
2024-01,ASO
2024-01,ASTE
2024-01,ATEN
2024-01,ATGE
2024-01,ATI
2024-01,ATNI
2024-01,AUB
2024-01,AVA
2024-01,AVAV
2024-01,AVNS
2024-01,AWI
2024-01,AWR
2024-01,AX
2024-01,AXL
2024-01,AZZ
2024-01,B
2024-01,BANC
2024-01,BANF
2024-01,BANR
2024-01,BCC
2024-01,BCPC
2024-01,BDN
2024-01,BFH
2024-01,BFS
2024-01,BGS
2024-01,BHE
2024-01,BHLB
2024-01,BJRI
2024-01,BKE
2024-01,BKU
2024-01,BLFS
2024-01,BLMN
2024-01,BMI
2024-01,BOH
2024-01,BOOT
2024-01,BRC
2024-01,BRKL
2024-01,BSIG
2024-01,BTU
2024-01,BXMT
2024-01,CAKE
2024-01,CAL
2024-01,CALM
2024-01,CARG
2024-01,CARS
2024-01,CASH
2024-01,CATY
2024-01,CBRL
2024-01,CBU
2024-01,CCOI
2024-01,CCRN
2024-01,CCS
2024-01,CCSI
2024-01,CEIX
2024-01,CENT
2024-01,CENTA
2024-01,CENX
2024-01,CERT
2024-01,CEVA
2024-01,CFFN
2024-01,CHCO
2024-01,CHCT
2024-01,CHEF
2024-01,CHUY
2024-01,CLB
2024-01,CLDT
2024-01,CLW
2024-01,CMP
2024-01,CNK
2024-01,CNMD
2024-01,CNSL
2024-01,CNXN
2024-01,COHU
2024-01,COLL
2024-01,COOP
2024-01,CORT
2024-01,CPE
2024-01,CPF
2024-01,CPK
2024-01,CPRX
2024-01,CRC
2024-01,CRK
2024-01,CRMT
2024-01,CRNC
2024-01,CRS
2024-01,CRSR
2024-01,CRVL
2024-01,CSGS
2024-01,CSR
2024-01,CTKB
2024-01,CTRE
2024-01,CTS
2024-01,CUBI
2024-01,CVBF
2024-01,CVCO
2024-01,CVGW
2024-01,CVI
2024-01,CWEN
2024-01,CWEN.A
2024-01,CWK
2024-01,CWT
2024-01,CXW
2024-01,CYTK
2024-01,DAN
2024-01,DBI
2024-01,DCOM
2024-01,DDD
2024-01,DEA
2024-01,DEI
2024-01,DFIN
2024-01,DGII
2024-01,DIN
2024-01,DIOD
2024-01,DLX
2024-01,DNOW
2024-01,DORM
2024-01,DRH
2024-01,DRQ
2024-01,DV
2024-01,DVAX
2024-01,DXC
2024-01,DXPE
2024-01,DY
2024-01,EAT
2024-01,ECPG
2024-01,EFC
2024-01,EGBN
2024-01,EHAB
2024-01,EIG
2024-01,ELME
2024-01,EMBC
2024-01,ENR
2024-01,ENSG
2024-01,ENV
2024-01,ENVA
2024-01,EPAC
2024-01,EPC
2024-01,EPRT
2024-01,ESE
2024-01,ETD
2024-01,EVTC
2024-01,EXPI
2024-01,EXTR
2024-01,EYE
2024-01,EZPW
2024-01,FBK
2024-01,FBNC
2024-01,FBP
2024-01,FBRT
2024-01,FCF
2024-01,FCPT
2024-01,FDP
2024-01,FELE
2024-01,FFBC
2024-01,FHB
2024-01,FIZZ
2024-01,FL
2024-01,FLGT
2024-01,FN
2024-01,FORM
2024-01,FORR
2024-01,FSS
2024-01,FTDR
2024-01,FTRE
2024-01,FUL
2024-01,FULT
2024-01,FWRD
2024-01,GBX
2024-01,GDEN
2024-01,GDOT
2024-01,GEO
2024-01,GES
2024-01,GFF
2024-01,GIII
2024-01,GKOS
2024-01,GMS
2024-01,GNL
2024-01,GNW
2024-01,GOGO
2024-01,GPI
2024-01,GPRE
2024-01,GRBK
2024-01,GSHD
2024-01,GTY
2024-01,GVA
2024-01,HAFC
2024-01,HAIN
2024-01,HASI
2024-01,HAYN
2024-01,HAYW
2024-01,HBI
2024-01,HCC
2024-01,HCI
2024-01,HCSG
2024-01,HFWA
2024-01,HI
2024-01,HIBB
2024-01,HIW
2024-01,HLIT
2024-01,HLX
2024-01,HMN
2024-01,HNI
2024-01,HOPE
2024-01,HOUS
2024-01,HP
2024-01,HPP
2024-01,HRMY
2024-01,HSII
2024-01,HSTM
2024-01,HTH
2024-01,HTLD
2024-01,HUBG
2024-01,HVT
2024-01,HWKN
2024-01,HZO
2024-01,IBP
2024-01,IBTX
2024-01,ICHR
2024-01,ICUI
2024-01,IDCC
2024-01,IIIN
2024-01,IIPR
2024-01,IJR
2024-01,INDB
2024-01,INN
2024-01,INVA
2024-01,IOSP
2024-01,IPAR
2024-01,IRBT
2024-01,IRWD
2024-01,ITGR
2024-01,ITRI
2024-01,JACK
2024-01,JBGS
2024-01,JBLU
2024-01,JBSS
2024-01,JBT
2024-01,JJSF
2024-01,JOE
2024-01,JXN
2024-01,KALU
2024-01,KAMN
2024-01,KAR
2024-01,KELYA
2024-01,KFY
2024-01,KLG
2024-01,KLIC
2024-01,KMT
2024-01,KN
2024-01,KOP
2024-01,KREF
2024-01,KSS
2024-01,KTB
2024-01,KW
2024-01,KWR
2024-01,LBRT
2024-01,LCII
2024-01,LESL
2024-01,LGIH
2024-01,LGND
2024-01,LKFN
2024-01,LMAT
2024-01,LNC
2024-01,LNN
2024-01,LPG
2024-01,LQDT
2024-01,LRN
2024-01,LTC
2024-01,LUMN
2024-01,LXP
2024-01,LZB
2024-01,MAC
2024-01,MATV
2024-01,MATW
2024-01,MATX
2024-01,MBC
2024-01,MC
2024-01,MCRI
2024-01,MCS
2024-01,MCW
2024-01,MCY
2024-01,MD
2024-01,MDC
2024-01,MDRX
2024-01,MED
2024-01,MEI
2024-01,MERC
2024-01,MGPI
2024-01,MHO
2024-01,MLAB
2024-01,MLI
2024-01,MLKN
2024-01,MMI
2024-01,MMSI
2024-01,MNRO
2024-01,MODG
2024-01,MODV
2024-01,MOG-A
2024-01,MOV
2024-01,MRCY
2024-01,MRTN
2024-01,MSEX
2024-01,MSGS
2024-01,MTH
2024-01,MTRN
2024-01,MTX
2024-01,MXL
2024-01,MYE
2024-01,MYGN
2024-01,MYRG
2024-01,NABL
2024-01,NATL
2024-01,NAVI
2024-01,NBHC
2024-01,NBR
2024-01,NBTB
2024-01,NEO
2024-01,NFBK
2024-01,NGVT
2024-01,NHC
2024-01,NMIH
2024-01,NOG
2024-01,NPK
2024-01,NPO
2024-01,NSIT
2024-01,NTCT
2024-01,NUS
2024-01,NVEE
2024-01,NVRI
2024-01,NWBI
2024-01,NWL
2024-01,NWN
2024-01,NX
2024-01,NXRT
2024-01,NYMT
2024-01,ODP
2024-01,OFG
2024-01,OGN
2024-01,OI
2024-01,OII
2024-01,OIS
2024-01,OMCL
2024-01,OMI
2024-01,OSIS
2024-01,OSUR
2024-01,OTTR
2024-01,OUT
2024-01,OXM
2024-01,PAHC
2024-01,PARR
2024-01,PATK
2024-01,PAYO
2024-01,PBH
2024-01,PBI
2024-01,PCRX
2024-01,PDCO
2024-01,PDFS
2024-01,PEB
2024-01,PECO
2024-01,PFBC
2024-01,PFS
2024-01,PGTI
2024-01,PHIN
2024-01,PINC
2024-01,PIPR
2024-01,PJT
2024-01,PLAB
2024-01,PLAY
2024-01,PLMR
2024-01,PLUS
2024-01,PLXS
2024-01,PMT
2024-01,POWL
2024-01,PPBI
2024-01,PRA
2024-01,PRAA
2024-01,PRDO
2024-01,PRFT
2024-01,PRG
2024-01,PRGS
2024-01,PRLB
2024-01,PRVA
2024-01,PSMT
2024-01,PTEN
2024-01,PUMP
2024-01,PZZA
2024-01,QNST
2024-01,RAMP
2024-01,RC
2024-01,RCUS
2024-01,RDN
2024-01,RDNT
2024-01,RES
2024-01,REX
2024-01,REZI
2024-01,RGNX
2024-01,RGP
2024-01,RGR
2024-01,RILY
2024-01,RNST
2024-01,ROCK
2024-01,ROG
2024-01,ROIC
2024-01,RUSHA
2024-01,RWT
2024-01,RXO
2024-01,SABR
2024-01,SAFE
2024-01,SAFT
2024-01,SAH
2024-01,SANM
2024-01,SATS
2024-01,SBCF
2024-01,SBH
2024-01,SBSI
2024-01,SCHL
2024-01,SCL
2024-01,SCSC
2024-01,SCVL
2024-01,SDGR
2024-01,SEDG
2024-01,SEE
2024-01,SEM
2024-01,SFBS
2024-01,SFNC
2024-01,SGH
2024-01,SHAK
2024-01,SHEN
2024-01,SHO
2024-01,SHOO
2024-01,SIG
2024-01,SITC
2024-01,SITM
2024-01,SIX
2024-01,SJW
2024-01,SKT
2024-01,SKYW
2024-01,SLCA
2024-01,SLG
2024-01,SLP
2024-01,SLVM
2024-01,SM
2024-01,SMP
2024-01,SMPL
2024-01,SMTC
2024-01,SNCY
2024-01,SNEX
2024-01,SONO
2024-01,SPNT
2024-01,SPSC
2024-01,SPSM
2024-01,SPTN
2024-01,SPWR
2024-01,SPXC
2024-01,SSP
2024-01,SSTK
2024-01,STAA
2024-01,STBA
2024-01,STC
2024-01,STEL
2024-01,STRA
2024-01,SUPN
2024-01,SVC
2024-01,SXC
2024-01,SXI
2024-01,SXT
2024-01,TALO
2024-01,TBBK
2024-01,TBI
2024-01,TDS
2024-01,TFIN
2024-01,TGI
2024-01,THRM
2024-01,THRY
2024-01,THS
2024-01,TILE
2024-01,TMST
2024-01,TNC
2024-01,TNDM
2024-01,TPH
2024-01,TR
2024-01,TRIP
2024-01,TRMK
2024-01,TRN
2024-01,TRST
2024-01,TRUP
2024-01,TTEC
2024-01,TTGT
2024-01,TTMI
2024-01,TWI
2024-01,TWO
2024-01,UCBI
2024-01,UCTT
2024-01,UE
2024-01,UFCS
2024-01,UFPT
2024-01,UHT
2024-01,UNF
2024-01,UNFI
2024-01,UNIT
2024-01,UPBD
2024-01,URBN
2024-01,USNA
2024-01,USPH
2024-01,UTL
2024-01,UVV
2024-01,VBTX
2024-01,VCEL
2024-01,VECO
2024-01,VGR
2024-01,VIAV
2024-01,VICR
2024-01,VIOO
2024-01,VIR
2024-01,VRE
2024-01,VREX
2024-01,VRRM
2024-01,VRTS
2024-01,VSAT
2024-01,VSCO
2024-01,VSTO
2024-01,VSTS
2024-01,VTLE
2024-01,VTOL
2024-01,VVI
2024-01,VYX
2024-01,WABC
2024-01,WAFD
2024-01,WD
2024-01,WDFC
2024-01,WGO
2024-01,WIRE
2024-01,WKC
2024-01,WLY
2024-01,WNC
2024-01,WOR
2024-01,WRLD
2024-01,WS
2024-01,WSFS
2024-01,WSR
2024-01,WT
2024-01,WWW
2024-01,XHR
2024-01,XNCR
2024-01,XPEL
2024-01,XPER
2024-01,XRX
2024-01,YELP
2024-01,ZEUS
2024-02,AAON
2024-02,AAP
2024-02,AAT
2024-02,ABCB
2024-02,ABG
2024-02,ABM
2024-02,ABR
2024-02,ACA
2024-02,ACIW
2024-02,ACLS
2024-02,ADEA
2024-02,ADTN
2024-02,ADUS
2024-02,AEIS
2024-02,AEL
2024-02,AEO
2024-02,AGO
2024-02,AGTI
2024-02,AGYS
2024-02,AHCO
2024-02,AHH
2024-02,AIN
2024-02,AIR
2024-02,AIT
2024-02,AKR
2024-02,ALEX
2024-02,ALG
2024-02,ALGT
2024-02,ALK
2024-02,ALKS
2024-02,ALRM
2024-02,AMBC
2024-02,AMCX
2024-02,AMEH
2024-02,AMN
2024-02,AMPH
2024-02,AMR
2024-02,AMSF
2024-02,AMWD
2024-02,ANDE
2024-02,ANF
2024-02,ANIP
2024-02,AORT
2024-02,AOSL
2024-02,APAM
2024-02,APLE
2024-02,APOG
2024-02,APPS
2024-02,ARCB
2024-02,ARI
2024-02,ARLO
2024-02,AROC
2024-02,ARR
2024-02,ASIX
2024-02,ASO
2024-02,ASTE
2024-02,ATEN
2024-02,ATGE
2024-02,ATI
2024-02,ATNI
2024-02,AUB
2024-02,AVA
2024-02,AVAV
2024-02,AVNS
2024-02,AWI
2024-02,AWR
2024-02,AX
2024-02,AXL
2024-02,AZZ
2024-02,B
2024-02,BANC
2024-02,BANF
2024-02,BANR
2024-02,BCC
2024-02,BCPC
2024-02,BDN
2024-02,BFH
2024-02,BFS
2024-02,BGS
2024-02,BHE
2024-02,BHLB
2024-02,BJRI
2024-02,BKE
2024-02,BKU
2024-02,BLFS
2024-02,BLMN
2024-02,BMI
2024-02,BOH
2024-02,BOOT
2024-02,BRC
2024-02,BRKL
2024-02,BSIG
2024-02,BTU
2024-02,BXMT
2024-02,CAKE
2024-02,CAL
2024-02,CALM
2024-02,CARG
2024-02,CARS
2024-02,CASH
2024-02,CATY
2024-02,CBRL
2024-02,CBU
2024-02,CCOI
2024-02,CCRN
2024-02,CCS
2024-02,CCSI
2024-02,CEIX
2024-02,CENT
2024-02,CENTA
2024-02,CENX
2024-02,CERT
2024-02,CEVA
2024-02,CFFN
2024-02,CHCO
2024-02,CHCT
2024-02,CHEF
2024-02,CHUY
2024-02,CLB
2024-02,CLDT
2024-02,CLW
2024-02,CMP
2024-02,CNK
2024-02,CNMD
2024-02,CNSL
2024-02,CNXN
2024-02,COHU
2024-02,COLL
2024-02,COOP
2024-02,CORT
2024-02,CPE
2024-02,CPF
2024-02,CPK
2024-02,CPRX
2024-02,CRC
2024-02,CRK
2024-02,CRMT
2024-02,CRNC
2024-02,CRS
2024-02,CRSR
2024-02,CRVL
2024-02,CSGS
2024-02,CSR
2024-02,CTKB
2024-02,CTRE
2024-02,CTS
2024-02,CUBI
2024-02,CVBF
2024-02,CVCO
2024-02,CVGW
2024-02,CVI
2024-02,CWEN
2024-02,CWEN.A
2024-02,CWK
2024-02,CWT
2024-02,CXW
2024-02,CYTK
2024-02,DAN
2024-02,DBI
2024-02,DCOM
2024-02,DDD
2024-02,DEA
2024-02,DEI
2024-02,DFIN
2024-02,DGII
2024-02,DIN
2024-02,DIOD
2024-02,DLX
2024-02,DNOW
2024-02,DORM
2024-02,DRH
2024-02,DRQ
2024-02,DV
2024-02,DVAX
2024-02,DXC
2024-02,DXPE
2024-02,DY
2024-02,EAT
2024-02,ECPG
2024-02,EFC
2024-02,EGBN
2024-02,EHAB
2024-02,EIG
2024-02,ELME
2024-02,EMBC
2024-02,ENR
2024-02,ENSG
2024-02,ENV
2024-02,ENVA
2024-02,EPAC
2024-02,EPC
2024-02,EPRT
2024-02,ESE
2024-02,ETD
2024-02,EVTC
2024-02,EXPI
2024-02,EXTR
2024-02,EYE
2024-02,EZPW
2024-02,FBK
2024-02,FBNC
2024-02,FBP
2024-02,FBRT
2024-02,FCF
2024-02,FCPT
2024-02,FDP
2024-02,FELE
2024-02,FFBC
2024-02,FHB
2024-02,FIZZ
2024-02,FL
2024-02,FLGT
2024-02,FN
2024-02,FORM
2024-02,FORR
2024-02,FSS
2024-02,FTDR
2024-02,FTRE
2024-02,FUL
2024-02,FULT
2024-02,FWRD
2024-02,GBX
2024-02,GDEN
2024-02,GDOT
2024-02,GEO
2024-02,GES
2024-02,GFF
2024-02,GIII
2024-02,GKOS
2024-02,GMS
2024-02,GNL
2024-02,GNW
2024-02,GOGO
2024-02,GPI
2024-02,GPRE
2024-02,GRBK
2024-02,GSHD
2024-02,GTY
2024-02,GVA
2024-02,HAFC
2024-02,HAIN
2024-02,HASI
2024-02,HAYN
2024-02,HAYW
2024-02,HBI
2024-02,HCC
2024-02,HCI
2024-02,HCSG
2024-02,HFWA
2024-02,HI
2024-02,HIBB
2024-02,HIW
2024-02,HLIT
2024-02,HLX
2024-02,HMN
2024-02,HNI
2024-02,HOPE
2024-02,HOUS
2024-02,HP
2024-02,HPP
2024-02,HRMY
2024-02,HSII
2024-02,HSTM
2024-02,HTH
2024-02,HTLD
2024-02,HUBG
2024-02,HVT
2024-02,HWKN
2024-02,HZO
2024-02,IBP
2024-02,IBTX
2024-02,ICHR
2024-02,ICUI
2024-02,IDCC
2024-02,IIIN
2024-02,IIPR
2024-02,IJR
2024-02,INDB
2024-02,INN
2024-02,INVA
2024-02,IOSP
2024-02,IPAR
2024-02,IRBT
2024-02,IRWD
2024-02,ITGR
2024-02,ITRI
2024-02,JACK
2024-02,JBGS
2024-02,JBLU
2024-02,JBSS
2024-02,JBT
2024-02,JJSF
2024-02,JOE
2024-02,JXN
2024-02,KALU
2024-02,KAMN
2024-02,KAR
2024-02,KELYA
2024-02,KFY
2024-02,KLG
2024-02,KLIC
2024-02,KMT
2024-02,KN
2024-02,KOP
2024-02,KREF
2024-02,KSS
2024-02,KTB
2024-02,KW
2024-02,KWR
2024-02,LBRT
2024-02,LCII
2024-02,LESL
2024-02,LGIH
2024-02,LGND
2024-02,LKFN
2024-02,LMAT
2024-02,LNC
2024-02,LNN
2024-02,LPG
2024-02,LQDT
2024-02,LRN
2024-02,LTC
2024-02,LUMN
2024-02,LXP
2024-02,LZB
2024-02,MAC
2024-02,MATV
2024-02,MATW
2024-02,MATX
2024-02,MBC
2024-02,MC
2024-02,MCRI
2024-02,MCS
2024-02,MCW
2024-02,MCY
2024-02,MD
2024-02,MDC
2024-02,MDRX
2024-02,MED
2024-02,MEI
2024-02,MERC
2024-02,MGPI
2024-02,MHO
2024-02,MLAB
2024-02,MLI
2024-02,MLKN
2024-02,MMI
2024-02,MMSI
2024-02,MNRO
2024-02,MODG
2024-02,MODV
2024-02,MOG.A
2024-02,MOV
2024-02,MRCY
2024-02,MRTN
2024-02,MSEX
2024-02,MSGS
2024-02,MTH
2024-02,MTRN
2024-02,MTX
2024-02,MXL
2024-02,MYE
2024-02,MYGN
2024-02,MYRG
2024-02,NABL
2024-02,NATL
2024-02,NAVI
2024-02,NBHC
2024-02,NBR
2024-02,NBTB
2024-02,NEO
2024-02,NFBK
2024-02,NGVT
2024-02,NHC
2024-02,NMIH
2024-02,NOG
2024-02,NPK
2024-02,NPO
2024-02,NSIT
2024-02,NTCT
2024-02,NUS
2024-02,NVEE
2024-02,NVRI
2024-02,NWBI
2024-02,NWL
2024-02,NWN
2024-02,NX
2024-02,NXRT
2024-02,NYMT
2024-02,ODP
2024-02,OFG
2024-02,OGN
2024-02,OI
2024-02,OII
2024-02,OIS
2024-02,OMCL
2024-02,OMI
2024-02,OSIS
2024-02,OSUR
2024-02,OTTR
2024-02,OUT
2024-02,OXM
2024-02,PAHC
2024-02,PARR
2024-02,PATK
2024-02,PAYO
2024-02,PBH
2024-02,PBI
2024-02,PCRX
2024-02,PDCO
2024-02,PDFS
2024-02,PEB
2024-02,PECO
2024-02,PFBC
2024-02,PFS
2024-02,PGTI
2024-02,PHIN
2024-02,PINC
2024-02,PIPR
2024-02,PJT
2024-02,PLAB
2024-02,PLAY
2024-02,PLMR
2024-02,PLUS
2024-02,PLXS
2024-02,PMT
2024-02,POWL
2024-02,PPBI
2024-02,PRA
2024-02,PRAA
2024-02,PRDO
2024-02,PRFT
2024-02,PRG
2024-02,PRGS
2024-02,PRLB
2024-02,PRVA
2024-02,PSMT
2024-02,PTEN
2024-02,PUMP
2024-02,PZZA
2024-02,QNST
2024-02,RAMP
2024-02,RC
2024-02,RCUS
2024-02,RDN
2024-02,RDNT
2024-02,RES
2024-02,REX
2024-02,REZI
2024-02,RGNX
2024-02,RGP
2024-02,RGR
2024-02,RILY
2024-02,RNST
2024-02,ROCK
2024-02,ROG
2024-02,ROIC
2024-02,RUSHA
2024-02,RWT
2024-02,RXO
2024-02,SABR
2024-02,SAFE
2024-02,SAFT
2024-02,SAH
2024-02,SANM
2024-02,SATS
2024-02,SBCF
2024-02,SBH
2024-02,SBSI
2024-02,SCHL
2024-02,SCL
2024-02,SCSC
2024-02,SCVL
2024-02,SDGR
2024-02,SEDG
2024-02,SEE
2024-02,SEM
2024-02,SFBS
2024-02,SFNC
2024-02,SGH
2024-02,SHAK
2024-02,SHEN
2024-02,SHO
2024-02,SHOO
2024-02,SIG
2024-02,SITC
2024-02,SITM
2024-02,SIX
2024-02,SJW
2024-02,SKT
2024-02,SKYW
2024-02,SLCA
2024-02,SLG
2024-02,SLP
2024-02,SLVM
2024-02,SM
2024-02,SMP
2024-02,SMPL
2024-02,SMTC
2024-02,SNCY
2024-02,SNEX
2024-02,SONO
2024-02,SPNT
2024-02,SPSC
2024-02,SPSM
2024-02,SPTN
2024-02,SPWR
2024-02,SPXC
2024-02,SSP
2024-02,SSTK
2024-02,STAA
2024-02,STBA
2024-02,STC
2024-02,STEL
2024-02,STRA
2024-02,SUPN
2024-02,SVC
2024-02,SXC
2024-02,SXI
2024-02,SXT
2024-02,TALO
2024-02,TBBK
2024-02,TBI
2024-02,TDS
2024-02,TFIN
2024-02,TGI
2024-02,THRM
2024-02,THRY
2024-02,THS
2024-02,TILE
2024-02,TMST
2024-02,TNC
2024-02,TNDM
2024-02,TPH
2024-02,TR
2024-02,TRIP
2024-02,TRMK
2024-02,TRN
2024-02,TRST
2024-02,TRUP
2024-02,TTEC
2024-02,TTGT
2024-02,TTMI
2024-02,TWI
2024-02,TWO
2024-02,UCBI
2024-02,UCTT
2024-02,UE
2024-02,UFCS
2024-02,UFPT
2024-02,UHT
2024-02,UNF
2024-02,UNFI
2024-02,UNIT
2024-02,UPBD
2024-02,URBN
2024-02,USNA
2024-02,USPH
2024-02,UTL
2024-02,UVV
2024-02,VBTX
2024-02,VCEL
2024-02,VECO
2024-02,VGR
2024-02,VIAV
2024-02,VICR
2024-02,VIOO
2024-02,VIR
2024-02,VRE
2024-02,VREX
2024-02,VRRM
2024-02,VRTS
2024-02,VSAT
2024-02,VSCO
2024-02,VSTO
2024-02,VSTS
2024-02,VTLE
2024-02,VTOL
2024-02,VVI
2024-02,VYX
2024-02,WABC
2024-02,WAFD
2024-02,WD
2024-02,WDFC
2024-02,WGO
2024-02,WIRE
2024-02,WKC
2024-02,WLY
2024-02,WNC
2024-02,WOR
2024-02,WRLD
2024-02,WS
2024-02,WSFS
2024-02,WSR
2024-02,WT
2024-02,WWW
2024-02,XHR
2024-02,XNCR
2024-02,XPEL
2024-02,XPER
2024-02,XRX
2024-02,YELP
2024-02,ZEUS
2024-03,AAON
2024-03,AAP
2024-03,AAT
2024-03,ABCB
2024-03,ABG
2024-03,ABM
2024-03,ABR
2024-03,ACA
2024-03,ACIW
2024-03,ACLS
2024-03,ADEA
2024-03,ADTN
2024-03,ADUS
2024-03,AEIS
2024-03,AEL
2024-03,AEO
2024-03,AGO
2024-03,AGTI
2024-03,AGYS
2024-03,AHCO
2024-03,AHH
2024-03,AIN
2024-03,AIR
2024-03,AKR
2024-03,AL
2024-03,ALEX
2024-03,ALG
2024-03,ALGT
2024-03,ALK
2024-03,ALKS
2024-03,ALRM
2024-03,AMBC
2024-03,AMCX
2024-03,AMEH
2024-03,AMN
2024-03,AMPH
2024-03,AMR
2024-03,AMSF
2024-03,AMWD
2024-03,ANDE
2024-03,ANF
2024-03,ANIP
2024-03,AORT
2024-03,AOSL
2024-03,APAM
2024-03,APLE
2024-03,APOG
2024-03,ARCB
2024-03,ARCH
2024-03,ARI
2024-03,ARLO
2024-03,AROC
2024-03,ARR
2024-03,ASIX
2024-03,ASO
2024-03,ASTE
2024-03,ATEN
2024-03,ATGE
2024-03,ATI
2024-03,ATNI
2024-03,AUB
2024-03,AVA
2024-03,AVAV
2024-03,AVNS
2024-03,AWI
2024-03,AWR
2024-03,AX
2024-03,AXL
2024-03,AZZ
2024-03,B
2024-03,BANC
2024-03,BANF
2024-03,BANR
2024-03,BCC
2024-03,BCPC
2024-03,BDN
2024-03,BFH
2024-03,BFS
2024-03,BGC
2024-03,BGS
2024-03,BHE
2024-03,BHLB
2024-03,BJRI
2024-03,BKE
2024-03,BKU
2024-03,BL
2024-03,BLFS
2024-03,BLMN
2024-03,BMI
2024-03,BOH
2024-03,BOOT
2024-03,BOX
2024-03,BRC
2024-03,BRKL
2024-03,BSIG
2024-03,BTU
2024-03,BXMT
2024-03,CAKE
2024-03,CAL
2024-03,CALM
2024-03,CALX
2024-03,CARG
2024-03,CARS
2024-03,CASH
2024-03,CATY
2024-03,CBRL
2024-03,CBU
2024-03,CCOI
2024-03,CCRN
2024-03,CCS
2024-03,CEIX
2024-03,CENT
2024-03,CENTA
2024-03,CENX
2024-03,CERT
2024-03,CEVA
2024-03,CFFN
2024-03,CHCO
2024-03,CHCT
2024-03,CHEF
2024-03,CHUY
2024-03,CLB
2024-03,CLDT
2024-03,CLW
2024-03,CMP
2024-03,CNK
2024-03,CNMD
2024-03,CNSL
2024-03,CNXN
2024-03,COHU
2024-03,COLL
2024-03,COOP
2024-03,CORT
2024-03,CPE
2024-03,CPF
2024-03,CPK
2024-03,CPRX
2024-03,CRC
2024-03,CRK
2024-03,CRNC
2024-03,CRS
2024-03,CRSR
2024-03,CRVL
2024-03,CSGS
2024-03,CSR
2024-03,CTKB
2024-03,CTRE
2024-03,CTS
2024-03,CUBI
2024-03,CVBF
2024-03,CVCO
2024-03,CVGW
2024-03,CVI
2024-03,CWEN
2024-03,CWEN.A
2024-03,CWK
2024-03,CWT
2024-03,CXM
2024-03,CXW
2024-03,DAN
2024-03,DBI
2024-03,DCOM
2024-03,DDD
2024-03,DEA
2024-03,DEI
2024-03,DFIN
2024-03,DGII
2024-03,DIN
2024-03,DIOD
2024-03,DLX
2024-03,DNOW
2024-03,DORM
2024-03,DRH
2024-03,DRQ
2024-03,DV
2024-03,DVAX
2024-03,DXC
2024-03,DXPE
2024-03,DY
2024-03,EAT
2024-03,ECPG
2024-03,EFC
2024-03,EGBN
2024-03,EHAB
2024-03,EIG
2024-03,ELME
2024-03,EMBC
2024-03,ENR
2024-03,ENSG
2024-03,ENV
2024-03,ENVA
2024-03,EPAC
2024-03,EPC
2024-03,EPRT
2024-03,ESE
2024-03,ETD
2024-03,EVTC
2024-03,EXPI
2024-03,EXTR
2024-03,EYE
2024-03,EZPW
2024-03,FBK
2024-03,FBNC
2024-03,FBP
2024-03,FBRT
2024-03,FCF
2024-03,FCPT
2024-03,FDP
2024-03,FELE
2024-03,FFBC
2024-03,FHB
2024-03,FIZZ
2024-03,FL
2024-03,FLGT
2024-03,FN
2024-03,FORM
2024-03,FSS
2024-03,FTDR
2024-03,FTRE
2024-03,FUL
2024-03,FULT
2024-03,FWRD
2024-03,GBX
2024-03,GDEN
2024-03,GDOT
2024-03,GEO
2024-03,GES
2024-03,GFF
2024-03,GIII
2024-03,GKOS
2024-03,GMS
2024-03,GNL
2024-03,GNW
2024-03,GOGO
2024-03,GPI
2024-03,GPRE
2024-03,GRBK
2024-03,GSHD
2024-03,GTY
2024-03,GVA
2024-03,HAFC
2024-03,HAIN
2024-03,HASI
2024-03,HAYN
2024-03,HAYW
2024-03,HBI
2024-03,HCC
2024-03,HCI
2024-03,HCSG
2024-03,HFWA
2024-03,HI
2024-03,HIBB
2024-03,HIW
2024-03,HLIT
2024-03,HLX
2024-03,HMN
2024-03,HNI
2024-03,HOPE
2024-03,HOUS
2024-03,HP
2024-03,HPP
2024-03,HRMY
2024-03,HSII
2024-03,HSTM
2024-03,HTH
2024-03,HTLD
2024-03,HUBG
2024-03,HVT
2024-03,HWKN
2024-03,HZO
2024-03,IBP
2024-03,IBTX
2024-03,ICHR
2024-03,ICUI
2024-03,IDCC
2024-03,IIIN
2024-03,IIPR
2024-03,IJR
2024-03,INDB
2024-03,INN
2024-03,INVA
2024-03,IOSP
2024-03,IPAR
2024-03,IRWD
2024-03,ITGR
2024-03,ITRI
2024-03,JACK
2024-03,JBGS
2024-03,JBLU
2024-03,JBSS
2024-03,JBT
2024-03,JJSF
2024-03,JOE
2024-03,JXN
2024-03,KALU
2024-03,KAMN
2024-03,KAR
2024-03,KELYA
2024-03,KFY
2024-03,KLG
2024-03,KLIC
2024-03,KMT
2024-03,KN
2024-03,KOP
2024-03,KREF
2024-03,KSS
2024-03,KTB
2024-03,KW
2024-03,KWR
2024-03,LBRT
2024-03,LCII
2024-03,LESL
2024-03,LGIH
2024-03,LGND
2024-03,LKFN
2024-03,LMAT
2024-03,LNC
2024-03,LNN
2024-03,LPG
2024-03,LQDT
2024-03,LRN
2024-03,LTC
2024-03,LUMN
2024-03,LXP
2024-03,LZB
2024-03,MAC
2024-03,MATV
2024-03,MATW
2024-03,MATX
2024-03,MBC
2024-03,MC
2024-03,MCRI
2024-03,MCS
2024-03,MCW
2024-03,MCY
2024-03,MD
2024-03,MDC
2024-03,MED
2024-03,MEI
2024-03,MERC
2024-03,MGEE
2024-03,MGPI
2024-03,MGY
2024-03,MHO
2024-03,MLAB
2024-03,MLI
2024-03,MLKN
2024-03,MMI
2024-03,MMSI
2024-03,MNRO
2024-03,MODG
2024-03,MODV
2024-03,MOG.A
2024-03,MOV
2024-03,MPW
2024-03,MRCY
2024-03,MRTN
2024-03,MSEX
2024-03,MSGS
2024-03,MTH
2024-03,MTRN
2024-03,MTX
2024-03,MXL
2024-03,MYE
2024-03,MYGN
2024-03,MYRG
2024-03,NABL
2024-03,NATL
2024-03,NAVI
2024-03,NBHC
2024-03,NBR
2024-03,NBTB
2024-03,NEO
2024-03,NFBK
2024-03,NGVT
2024-03,NHC
2024-03,NMIH
2024-03,NOG
2024-03,NPK
2024-03,NPO
2024-03,NSIT
2024-03,NTCT
2024-03,NUS
2024-03,NVEE
2024-03,NVRI
2024-03,NWBI
2024-03,NWL
2024-03,NWN
2024-03,NX
2024-03,NXRT
2024-03,NYMT
2024-03,ODP
2024-03,OFG
2024-03,OGN
2024-03,OI
2024-03,OII
2024-03,OMCL
2024-03,OMI
2024-03,OSIS
2024-03,OSUR
2024-03,OTTR
2024-03,OUT
2024-03,OXM
2024-03,PAHC
2024-03,PARR
2024-03,PATK
2024-03,PAYO
2024-03,PBH
2024-03,PBI
2024-03,PCRX
2024-03,PDCO
2024-03,PDFS
2024-03,PEB
2024-03,PECO
2024-03,PFBC
2024-03,PFS
2024-03,PGTI
2024-03,PHIN
2024-03,PINC
2024-03,PIPR
2024-03,PJT
2024-03,PLAB
2024-03,PLAY
2024-03,PLMR
2024-03,PLUS
2024-03,PLXS
2024-03,PMT
2024-03,POWL
2024-03,PPBI
2024-03,PRA
2024-03,PRAA
2024-03,PRDO
2024-03,PRFT
2024-03,PRG
2024-03,PRGS
2024-03,PRLB
2024-03,PRVA
2024-03,PSMT
2024-03,PTEN
2024-03,PUMP
2024-03,PZZA
2024-03,QNST
2024-03,RAMP
2024-03,RC
2024-03,RCUS
2024-03,RDN
2024-03,RDNT
2024-03,RES
2024-03,REX
2024-03,REZI
2024-03,RGNX
2024-03,RGP
2024-03,RGR
2024-03,RILY
2024-03,RNST
2024-03,ROCK
2024-03,ROG
2024-03,ROIC
2024-03,RUSHA
2024-03,RWT
2024-03,RXO
2024-03,SABR
2024-03,SAFE
2024-03,SAFT
2024-03,SAH
2024-03,SANM
2024-03,SATS
2024-03,SBCF
2024-03,SBH
2024-03,SBSI
2024-03,SCHL
2024-03,SCL
2024-03,SCSC
2024-03,SCVL
2024-03,SDGR
2024-03,SEDG
2024-03,SEE
2024-03,SEM
2024-03,SFBS
2024-03,SFNC
2024-03,SGH
2024-03,SHAK
2024-03,SHEN
2024-03,SHO
2024-03,SHOO
2024-03,SIG
2024-03,SITC
2024-03,SITM
2024-03,SIX
2024-03,SJW
2024-03,SKT
2024-03,SKYW
2024-03,SLCA
2024-03,SLG
2024-03,SLP
2024-03,SLVM
2024-03,SM
2024-03,SMP
2024-03,SMPL
2024-03,SMTC
2024-03,SNCY
2024-03,SNEX
2024-03,SONO
2024-03,SPNT
2024-03,SPSC
2024-03,SPSM
2024-03,SPTN
2024-03,SPWR
2024-03,SPXC
2024-03,SSP
2024-03,SSTK
2024-03,STAA
2024-03,STBA
2024-03,STC
2024-03,STEL
2024-03,STRA
2024-03,SUPN
2024-03,SVC
2024-03,SXC
2024-03,SXI
2024-03,SXT
2024-03,TALO
2024-03,TBBK
2024-03,TDS
2024-03,TFIN
2024-03,TGI
2024-03,THRM
2024-03,THRY
2024-03,THS
2024-03,TILE
2024-03,TMST
2024-03,TNC
2024-03,TNDM
2024-03,TPH
2024-03,TR
2024-03,TRIP
2024-03,TRMK
2024-03,TRN
2024-03,TRST
2024-03,TRUP
2024-03,TTEC
2024-03,TTGT
2024-03,TTMI
2024-03,TWI
2024-03,TWO
2024-03,UCBI
2024-03,UCTT
2024-03,UE
2024-03,UFCS
2024-03,UFPT
2024-03,UHT
2024-03,UNF
2024-03,UNFI
2024-03,UNIT
2024-03,UPBD
2024-03,URBN
2024-03,USNA
2024-03,USPH
2024-03,UTL
2024-03,UVV
2024-03,VBTX
2024-03,VCEL
2024-03,VECO
2024-03,VGR
2024-03,VIAV
2024-03,VICR
2024-03,VIOO
2024-03,VIR
2024-03,VRE
2024-03,VREX
2024-03,VRRM
2024-03,VRTS
2024-03,VSAT
2024-03,VSCO
2024-03,VSTO
2024-03,VSTS
2024-03,VTLE
2024-03,VTOL
2024-03,VVI
2024-03,VYX
2024-03,WABC
2024-03,WAFD
2024-03,WD
2024-03,WDFC
2024-03,WGO
2024-03,WIRE
2024-03,WKC
2024-03,WLY
2024-03,WNC
2024-03,WOR
2024-03,WRLD
2024-03,WS
2024-03,WSFS
2024-03,WSR
2024-03,WT
2024-03,WWW
2024-03,XHR
2024-03,XNCR
2024-03,XPEL
2024-03,XPER
2024-03,XRX
2024-03,YELP
2024-03,ZEUS
2024-04,AAON
2024-04,AAP
2024-04,AAT
2024-04,ABCB
2024-04,ABG
2024-04,ABM
2024-04,ABR
2024-04,ACA
2024-04,ACIW
2024-04,ACLS
2024-04,ADEA
2024-04,ADTN
2024-04,ADUS
2024-04,AEIS
2024-04,AEL
2024-04,AEO
2024-04,AGO
2024-04,AGTI
2024-04,AGYS
2024-04,AHCO
2024-04,AHH
2024-04,AIN
2024-04,AIR
2024-04,AKR
2024-04,AL
2024-04,ALEX
2024-04,ALG
2024-04,ALGT
2024-04,ALK
2024-04,ALKS
2024-04,ALRM
2024-04,AMBC
2024-04,AMCX
2024-04,AMEH
2024-04,AMN
2024-04,AMPH
2024-04,AMR
2024-04,AMSF
2024-04,AMWD
2024-04,ANDE
2024-04,ANF
2024-04,ANIP
2024-04,AORT
2024-04,AOSL
2024-04,APAM
2024-04,APLE
2024-04,APOG
2024-04,ARCB
2024-04,ARCH
2024-04,ARI
2024-04,ARLO
2024-04,AROC
2024-04,ARR
2024-04,ASIX
2024-04,ASO
2024-04,ASTE
2024-04,ATEN
2024-04,ATGE
2024-04,ATI
2024-04,ATNI
2024-04,AUB
2024-04,AVA
2024-04,AVAV
2024-04,AVNS
2024-04,AWI
2024-04,AWR
2024-04,AX
2024-04,AXL
2024-04,AZZ
2024-04,B
2024-04,BANC
2024-04,BANF
2024-04,BANR
2024-04,BCC
2024-04,BCPC
2024-04,BDN
2024-04,BFH
2024-04,BFS
2024-04,BGC
2024-04,BGS
2024-04,BHE
2024-04,BHLB
2024-04,BJRI
2024-04,BKE
2024-04,BKU
2024-04,BL
2024-04,BLFS
2024-04,BLMN
2024-04,BMI
2024-04,BOH
2024-04,BOOT
2024-04,BOX
2024-04,BRC
2024-04,BRKL
2024-04,BSIG
2024-04,BTU
2024-04,BXMT
2024-04,CABO
2024-04,CAKE
2024-04,CAL
2024-04,CALM
2024-04,CALX
2024-04,CARG
2024-04,CARS
2024-04,CASH
2024-04,CATY
2024-04,CBRL
2024-04,CBU
2024-04,CCOI
2024-04,CCRN
2024-04,CCS
2024-04,CEIX
2024-04,CENT
2024-04,CENTA
2024-04,CENX
2024-04,CERT
2024-04,CEVA
2024-04,CFFN
2024-04,CHCO
2024-04,CHCT
2024-04,CHEF
2024-04,CHUY
2024-04,CLB
2024-04,CLDT
2024-04,CLW
2024-04,CMP
2024-04,CNK
2024-04,CNMD
2024-04,CNS
2024-04,CNSL
2024-04,CNXN
2024-04,COHU
2024-04,COLL
2024-04,COOP
2024-04,CORT
2024-04,CPF
2024-04,CPK
2024-04,CPRX
2024-04,CRC
2024-04,CRK
2024-04,CRNC
2024-04,CRS
2024-04,CRSR
2024-04,CRVL
2024-04,CSGS
2024-04,CSR
2024-04,CTKB
2024-04,CTRE
2024-04,CTS
2024-04,CUBI
2024-04,CVBF
2024-04,CVCO
2024-04,CVGW
2024-04,CVI
2024-04,CWEN
2024-04,CWEN.A
2024-04,CWK
2024-04,CWT
2024-04,CXM
2024-04,CXW
2024-04,DAN
2024-04,DBI
2024-04,DCOM
2024-04,DDD
2024-04,DEA
2024-04,DEI
2024-04,DFIN
2024-04,DGII
2024-04,DIN
2024-04,DIOD
2024-04,DLX
2024-04,DNOW
2024-04,DORM
2024-04,DRH
2024-04,DRQ
2024-04,DV
2024-04,DVAX
2024-04,DXC
2024-04,DXPE
2024-04,DY
2024-04,EAT
2024-04,ECPG
2024-04,EFC
2024-04,EGBN
2024-04,EHAB
2024-04,EIG
2024-04,ELME
2024-04,EMBC
2024-04,ENR
2024-04,ENSG
2024-04,ENV
2024-04,ENVA
2024-04,EPAC
2024-04,EPC
2024-04,EPRT
2024-04,ESE
2024-04,ETD
2024-04,EVTC
2024-04,EXPI
2024-04,EXTR
2024-04,EYE
2024-04,EZPW
2024-04,FBK
2024-04,FBNC
2024-04,FBP
2024-04,FBRT
2024-04,FCF
2024-04,FCPT
2024-04,FDP
2024-04,FELE
2024-04,FFBC
2024-04,FHB
2024-04,FIZZ
2024-04,FL
2024-04,FLGT
2024-04,FN
2024-04,FORM
2024-04,FOXF
2024-04,FSS
2024-04,FTDR
2024-04,FTRE
2024-04,FUL
2024-04,FULT
2024-04,FWRD
2024-04,GBX
2024-04,GDEN
2024-04,GDOT
2024-04,GEO
2024-04,GES
2024-04,GFF
2024-04,GIII
2024-04,GKOS
2024-04,GMS
2024-04,GNL
2024-04,GNW
2024-04,GOGO
2024-04,GPI
2024-04,GPRE
2024-04,GRBK
2024-04,GSHD
2024-04,GTY
2024-04,GVA
2024-04,HAFC
2024-04,HAIN
2024-04,HASI
2024-04,HAYN
2024-04,HAYW
2024-04,HBI
2024-04,HCC
2024-04,HCI
2024-04,HCSG
2024-04,HFWA
2024-04,HI
2024-04,HIBB
2024-04,HIW
2024-04,HLIT
2024-04,HLX
2024-04,HMN
2024-04,HNI
2024-04,HOPE
2024-04,HOUS
2024-04,HP
2024-04,HPP
2024-04,HRMY
2024-04,HSII
2024-04,HSTM
2024-04,HTH
2024-04,HTLD
2024-04,HUBG
2024-04,HVT
2024-04,HWKN
2024-04,HZO
2024-04,IBP
2024-04,IBTX
2024-04,ICHR
2024-04,ICUI
2024-04,IDCC
2024-04,IIIN
2024-04,IIPR
2024-04,IJR
2024-04,INDB
2024-04,INN
2024-04,INVA
2024-04,IOSP
2024-04,IPAR
2024-04,IRWD
2024-04,ITGR
2024-04,ITRI
2024-04,JACK
2024-04,JBGS
2024-04,JBLU
2024-04,JBSS
2024-04,JBT
2024-04,JJSF
2024-04,JOE
2024-04,JXN
2024-04,KALU
2024-04,KAR
2024-04,KELYA
2024-04,KFY
2024-04,KLG
2024-04,KLIC
2024-04,KMT
2024-04,KN
2024-04,KOP
2024-04,KREF
2024-04,KSS
2024-04,KTB
2024-04,KW
2024-04,KWR
2024-04,LBRT
2024-04,LCII
2024-04,LESL
2024-04,LGIH
2024-04,LGND
2024-04,LKFN
2024-04,LMAT
2024-04,LNC
2024-04,LNN
2024-04,LPG
2024-04,LQDT
2024-04,LRN
2024-04,LTC
2024-04,LUMN
2024-04,LXP
2024-04,LZB
2024-04,MAC
2024-04,MATV
2024-04,MATW
2024-04,MATX
2024-04,MBC
2024-04,MC
2024-04,MCRI
2024-04,MCS
2024-04,MCW
2024-04,MCY
2024-04,MD
2024-04,MED
2024-04,MEI
2024-04,MERC
2024-04,MGEE
2024-04,MGPI
2024-04,MGY
2024-04,MHO
2024-04,MLAB
2024-04,MLI
2024-04,MLKN
2024-04,MMI
2024-04,MMSI
2024-04,MNRO
2024-04,MODG
2024-04,MOG.A
2024-04,MOV
2024-04,MPW
2024-04,MRCY
2024-04,MRTN
2024-04,MSEX
2024-04,MSGS
2024-04,MTH
2024-04,MTRN
2024-04,MTX
2024-04,MXL
2024-04,MYE
2024-04,MYGN
2024-04,MYRG
2024-04,NABL
2024-04,NARI
2024-04,NATL
2024-04,NAVI
2024-04,NBHC
2024-04,NBR
2024-04,NBTB
2024-04,NEO
2024-04,NFBK
2024-04,NGVT
2024-04,NHC
2024-04,NMIH
2024-04,NOG
2024-04,NPK
2024-04,NPO
2024-04,NSIT
2024-04,NTCT
2024-04,NUS
2024-04,NVEE
2024-04,NVRI
2024-04,NWBI
2024-04,NWL
2024-04,NWN
2024-04,NX
2024-04,NXRT
2024-04,NYMT
2024-04,ODP
2024-04,OFG
2024-04,OGN
2024-04,OI
2024-04,OII
2024-04,OMCL
2024-04,OMI
2024-04,OSIS
2024-04,OSUR
2024-04,OTTR
2024-04,OUT
2024-04,OXM
2024-04,PAHC
2024-04,PARR
2024-04,PATK
2024-04,PAYO
2024-04,PBH
2024-04,PBI
2024-04,PCRX
2024-04,PDCO
2024-04,PDFS
2024-04,PEB
2024-04,PECO
2024-04,PFBC
2024-04,PFS
2024-04,PHIN
2024-04,PINC
2024-04,PIPR
2024-04,PJT
2024-04,PLAB
2024-04,PLAY
2024-04,PLMR
2024-04,PLUS
2024-04,PLXS
2024-04,PMT
2024-04,POWL
2024-04,PPBI
2024-04,PRA
2024-04,PRAA
2024-04,PRDO
2024-04,PRFT
2024-04,PRG
2024-04,PRGS
2024-04,PRLB
2024-04,PRVA
2024-04,PSMT
2024-04,PTEN
2024-04,PUMP
2024-04,PZZA
2024-04,QNST
2024-04,RAMP
2024-04,RC
2024-04,RCUS
2024-04,RDN
2024-04,RDNT
2024-04,RES
2024-04,REX
2024-04,REZI
2024-04,RGNX
2024-04,RGP
2024-04,RGR
2024-04,RILY
2024-04,RNST
2024-04,ROCK
2024-04,ROG
2024-04,ROIC
2024-04,RUN
2024-04,RUSHA
2024-04,RWT
2024-04,RXO
2024-04,SABR
2024-04,SAFE
2024-04,SAFT
2024-04,SAH
2024-04,SANM
2024-04,SATS
2024-04,SBCF
2024-04,SBH
2024-04,SBSI
2024-04,SCHL
2024-04,SCL
2024-04,SCSC
2024-04,SCVL
2024-04,SDGR
2024-04,SEDG
2024-04,SEE
2024-04,SEM
2024-04,SFBS
2024-04,SFNC
2024-04,SGH
2024-04,SHAK
2024-04,SHEN
2024-04,SHO
2024-04,SHOO
2024-04,SIG
2024-04,SITC
2024-04,SITM
2024-04,SIX
2024-04,SJW
2024-04,SKT
2024-04,SKYW
2024-04,SLCA
2024-04,SLG
2024-04,SLP
2024-04,SLVM
2024-04,SM
2024-04,SMP
2024-04,SMPL
2024-04,SMTC
2024-04,SNCY
2024-04,SNEX
2024-04,SONO
2024-04,SPNT
2024-04,SPSC
2024-04,SPSM
2024-04,SPTN
2024-04,SPWR
2024-04,SPXC
2024-04,SSTK
2024-04,STAA
2024-04,STBA
2024-04,STC
2024-04,STEL
2024-04,STRA
2024-04,SUPN
2024-04,SVC
2024-04,SXC
2024-04,SXI
2024-04,SXT
2024-04,TALO
2024-04,TBBK
2024-04,TDS
2024-04,TFIN
2024-04,TGI
2024-04,THRM
2024-04,THRY
2024-04,THS
2024-04,TILE
2024-04,TMST
2024-04,TNC
2024-04,TNDM
2024-04,TPH
2024-04,TR
2024-04,TRIP
2024-04,TRMK
2024-04,TRN
2024-04,TRST
2024-04,TRUP
2024-04,TTEC
2024-04,TTGT
2024-04,TTMI
2024-04,TWI
2024-04,TWO
2024-04,UCBI
2024-04,UCTT
2024-04,UE
2024-04,UFCS
2024-04,UFPT
2024-04,UHT
2024-04,UNF
2024-04,UNFI
2024-04,UNIT
2024-04,UPBD
2024-04,URBN
2024-04,USNA
2024-04,USPH
2024-04,UTL
2024-04,UVV
2024-04,VBTX
2024-04,VCEL
2024-04,VECO
2024-04,VFC
2024-04,VGR
2024-04,VIAV
2024-04,VICR
2024-04,VIOO
2024-04,VIR
2024-04,VRE
2024-04,VREX
2024-04,VRRM
2024-04,VRTS
2024-04,VSAT
2024-04,VSCO
2024-04,VSTO
2024-04,VSTS
2024-04,VTLE
2024-04,VTOL
2024-04,VVI
2024-04,VYX
2024-04,WABC
2024-04,WAFD
2024-04,WD
2024-04,WDFC
2024-04,WGO
2024-04,WIRE
2024-04,WKC
2024-04,WLY
2024-04,WNC
2024-04,WOR
2024-04,WRLD
2024-04,WS
2024-04,WSFS
2024-04,WSR
2024-04,WT
2024-04,WWW
2024-04,XHR
2024-04,XNCR
2024-04,XPEL
2024-04,XPER
2024-04,XRX
2024-04,YELP
2024-04,ZEUS
2024-05,AAP
2024-05,AAT
2024-05,ABCB
2024-05,ABG
2024-05,ABM
2024-05,ABR
2024-05,ACA
2024-05,ACIW
2024-05,ACLS
2024-05,ADEA
2024-05,ADTN
2024-05,ADUS
2024-05,AEIS
2024-05,AEO
2024-05,AGO
2024-05,AGYS
2024-05,AHCO
2024-05,AHH
2024-05,AIN
2024-05,AIR
2024-05,AKR
2024-05,AL
2024-05,ALEX
2024-05,ALG
2024-05,ALGT
2024-05,ALK
2024-05,ALKS
2024-05,ALRM
2024-05,AMBC
2024-05,AMCX
2024-05,AMN
2024-05,AMPH
2024-05,AMR
2024-05,AMSF
2024-05,AMWD
2024-05,ANDE
2024-05,ANF
2024-05,ANIP
2024-05,AORT
2024-05,AOSL
2024-05,APAM
2024-05,APLE
2024-05,APOG
2024-05,ARCB
2024-05,ARCH
2024-05,ARI
2024-05,ARLO
2024-05,AROC
2024-05,ARR
2024-05,ASIX
2024-05,ASO
2024-05,ASTE
2024-05,ASTH
2024-05,ATEN
2024-05,ATGE
2024-05,ATI
2024-05,ATNI
2024-05,AUB
2024-05,AVA
2024-05,AVAV
2024-05,AVNS
2024-05,AWI
2024-05,AWR
2024-05,AX
2024-05,AXL
2024-05,AZZ
2024-05,B
2024-05,BANC
2024-05,BANF
2024-05,BANR
2024-05,BCC
2024-05,BCPC
2024-05,BDN
2024-05,BFH
2024-05,BFS
2024-05,BGC
2024-05,BGS
2024-05,BHE
2024-05,BHLB
2024-05,BJRI
2024-05,BKE
2024-05,BKU
2024-05,BL
2024-05,BLFS
2024-05,BLMN
2024-05,BMI
2024-05,BOH
2024-05,BOOT
2024-05,BOX
2024-05,BRC
2024-05,BRKL
2024-05,BSIG
2024-05,BTU
2024-05,BXMT
2024-05,CABO
2024-05,CAKE
2024-05,CAL
2024-05,CALM
2024-05,CALX
2024-05,CARG
2024-05,CARS
2024-05,CASH
2024-05,CATY
2024-05,CBRL
2024-05,CBU
2024-05,CCOI
2024-05,CCRN
2024-05,CCS
2024-05,CEIX
2024-05,CENT
2024-05,CENTA
2024-05,CENX
2024-05,CERT
2024-05,CEVA
2024-05,CFFN
2024-05,CHCO
2024-05,CHCT
2024-05,CHEF
2024-05,CHUY
2024-05,CLB
2024-05,CLDT
2024-05,CLW
2024-05,CMP
2024-05,CNK
2024-05,CNMD
2024-05,CNS
2024-05,CNSL
2024-05,CNXN
2024-05,COHU
2024-05,COLL
2024-05,COOP
2024-05,CORT
2024-05,CPF
2024-05,CPK
2024-05,CPRX
2024-05,CRC
2024-05,CRK
2024-05,CRNC
2024-05,CRS
2024-05,CRSR
2024-05,CRVL
2024-05,CSGS
2024-05,CSR
2024-05,CTKB
2024-05,CTRE
2024-05,CTS
2024-05,CUBI
2024-05,CVBF
2024-05,CVCO
2024-05,CVGW
2024-05,CVI
2024-05,CWEN
2024-05,CWEN.A
2024-05,CWK
2024-05,CWT
2024-05,CXM
2024-05,CXW
2024-05,DAN
2024-05,DBI
2024-05,DCOM
2024-05,DDD
2024-05,DEA
2024-05,DEI
2024-05,DFIN
2024-05,DGII
2024-05,DIN
2024-05,DIOD
2024-05,DLX
2024-05,DNOW
2024-05,DOCN
2024-05,DORM
2024-05,DRH
2024-05,DRQ
2024-05,DV
2024-05,DVAX
2024-05,DXC
2024-05,DXPE
2024-05,DY
2024-05,EAT
2024-05,ECPG
2024-05,EFC
2024-05,EGBN
2024-05,EHAB
2024-05,EIG
2024-05,ELME
2024-05,EMBC
2024-05,ENR
2024-05,ENSG
2024-05,ENV
2024-05,ENVA
2024-05,EPAC
2024-05,EPC
2024-05,EPRT
2024-05,ESE
2024-05,ETD
2024-05,EVTC
2024-05,EXPI
2024-05,EXTR
2024-05,EYE
2024-05,EZPW
2024-05,FBK
2024-05,FBNC
2024-05,FBP
2024-05,FBRT
2024-05,FCF
2024-05,FCPT
2024-05,FDP
2024-05,FELE
2024-05,FFBC
2024-05,FHB
2024-05,FIZZ
2024-05,FL
2024-05,FLGT
2024-05,FN
2024-05,FORM
2024-05,FOXF
2024-05,FSS
2024-05,FTDR
2024-05,FTRE
2024-05,FUL
2024-05,FULT
2024-05,FWRD
2024-05,GBX
2024-05,GDEN
2024-05,GDOT
2024-05,GEO
2024-05,GES
2024-05,GFF
2024-05,GIII
2024-05,GKOS
2024-05,GMS
2024-05,GNL
2024-05,GNW
2024-05,GOGO
2024-05,GPI
2024-05,GPRE
2024-05,GRBK
2024-05,GSHD
2024-05,GTY
2024-05,GVA
2024-05,HAFC
2024-05,HAIN
2024-05,HASI
2024-05,HAYN
2024-05,HAYW
2024-05,HBI
2024-05,HCC
2024-05,HCI
2024-05,HCSG
2024-05,HFWA
2024-05,HI
2024-05,HIBB
2024-05,HIW
2024-05,HLIT
2024-05,HLX
2024-05,HMN
2024-05,HNI
2024-05,HOPE
2024-05,HOUS
2024-05,HP
2024-05,HPP
2024-05,HRMY
2024-05,HSII
2024-05,HSTM
2024-05,HTH
2024-05,HTLD
2024-05,HUBG
2024-05,HVT
2024-05,HWKN
2024-05,HZO
2024-05,IAC
2024-05,IBP
2024-05,IBTX
2024-05,ICHR
2024-05,ICUI
2024-05,IDCC
2024-05,IIIN
2024-05,IIPR
2024-05,IJR
2024-05,INDB
2024-05,INN
2024-05,INVA
2024-05,IOSP
2024-05,IPAR
2024-05,IRWD
2024-05,ITGR
2024-05,ITRI
2024-05,JACK
2024-05,JBGS
2024-05,JBLU
2024-05,JBSS
2024-05,JBT
2024-05,JJSF
2024-05,JOE
2024-05,JXN
2024-05,KALU
2024-05,KAR
2024-05,KELYA
2024-05,KFY
2024-05,KLG
2024-05,KLIC
2024-05,KMT
2024-05,KN
2024-05,KOP
2024-05,KREF
2024-05,KSS
2024-05,KTB
2024-05,KW
2024-05,KWR
2024-05,LBRT
2024-05,LCII
2024-05,LESL
2024-05,LGIH
2024-05,LGND
2024-05,LKFN
2024-05,LMAT
2024-05,LNC
2024-05,LNN
2024-05,LPG
2024-05,LQDT
2024-05,LRN
2024-05,LTC
2024-05,LUMN
2024-05,LXP
2024-05,LZB
2024-05,MAC
2024-05,MARA
2024-05,MATV
2024-05,MATW
2024-05,MATX
2024-05,MBC
2024-05,MC
2024-05,MCRI
2024-05,MCS
2024-05,MCW
2024-05,MCY
2024-05,MD
2024-05,MED
2024-05,MEI
2024-05,MERC
2024-05,MGEE
2024-05,MGPI
2024-05,MGY
2024-05,MHO
2024-05,MLAB
2024-05,MLI
2024-05,MLKN
2024-05,MMI
2024-05,MMSI
2024-05,MNRO
2024-05,MODG
2024-05,MOG.A
2024-05,MOV
2024-05,MPW
2024-05,MRCY
2024-05,MRTN
2024-05,MSEX
2024-05,MSGS
2024-05,MTH
2024-05,MTRN
2024-05,MTUS
2024-05,MTX
2024-05,MXL
2024-05,MYE
2024-05,MYGN
2024-05,MYRG
2024-05,NABL
2024-05,NARI
2024-05,NATL
2024-05,NAVI
2024-05,NBHC
2024-05,NBR
2024-05,NBTB
2024-05,NEO
2024-05,NFBK
2024-05,NGVT
2024-05,NHC
2024-05,NMIH
2024-05,NOG
2024-05,NPK
2024-05,NPO
2024-05,NSIT
2024-05,NTCT
2024-05,NUS
2024-05,NVEE
2024-05,NVRI
2024-05,NWBI
2024-05,NWL
2024-05,NWN
2024-05,NX
2024-05,NXRT
2024-05,NYMT
2024-05,ODP
2024-05,OFG
2024-05,OGN
2024-05,OI
2024-05,OII
2024-05,OMCL
2024-05,OMI
2024-05,OSIS
2024-05,OSUR
2024-05,OTTR
2024-05,OUT
2024-05,OXM
2024-05,PAHC
2024-05,PARR
2024-05,PATK
2024-05,PAYO
2024-05,PBH
2024-05,PBI
2024-05,PCRX
2024-05,PDCO
2024-05,PDFS
2024-05,PEB
2024-05,PECO
2024-05,PFBC
2024-05,PFS
2024-05,PHIN
2024-05,PINC
2024-05,PIPR
2024-05,PJT
2024-05,PLAB
2024-05,PLAY
2024-05,PLMR
2024-05,PLUS
2024-05,PLXS
2024-05,PMT
2024-05,POWL
2024-05,PPBI
2024-05,PRA
2024-05,PRAA
2024-05,PRDO
2024-05,PRFT
2024-05,PRG
2024-05,PRGS
2024-05,PRLB
2024-05,PRVA
2024-05,PSMT
2024-05,PTEN
2024-05,PUMP
2024-05,PZZA
2024-05,QNST
2024-05,RAMP
2024-05,RC
2024-05,RCUS
2024-05,RDN
2024-05,RDNT
2024-05,RES
2024-05,REX
2024-05,REZI
2024-05,RGNX
2024-05,RGP
2024-05,RGR
2024-05,RILY
2024-05,RNST
2024-05,ROCK
2024-05,ROG
2024-05,ROIC
2024-05,RUN
2024-05,RUSHA
2024-05,RWT
2024-05,RXO
2024-05,SABR
2024-05,SAFE
2024-05,SAFT
2024-05,SAH
2024-05,SANM
2024-05,SATS
2024-05,SBCF
2024-05,SBH
2024-05,SBSI
2024-05,SCHL
2024-05,SCL
2024-05,SCSC
2024-05,SCVL
2024-05,SDGR
2024-05,SEDG
2024-05,SEE
2024-05,SEM
2024-05,SFBS
2024-05,SFNC
2024-05,SGH
2024-05,SHAK
2024-05,SHEN
2024-05,SHO
2024-05,SHOO
2024-05,SIG
2024-05,SITC
2024-05,SITM
2024-05,SIX
2024-05,SJW
2024-05,SKT
2024-05,SKYW
2024-05,SLCA
2024-05,SLG
2024-05,SLP
2024-05,SLVM
2024-05,SM
2024-05,SMP
2024-05,SMPL
2024-05,SMTC
2024-05,SNCY
2024-05,SNEX
2024-05,SONO
2024-05,SPNT
2024-05,SPSC
2024-05,SPSM
2024-05,SPTN
2024-05,SPWR
2024-05,SPXC
2024-05,SSTK
2024-05,STAA
2024-05,STBA
2024-05,STC
2024-05,STEL
2024-05,STRA
2024-05,SUPN
2024-05,SVC
2024-05,SXC
2024-05,SXI
2024-05,SXT
2024-05,TALO
2024-05,TBBK
2024-05,TDS
2024-05,TFIN
2024-05,TGI
2024-05,THRM
2024-05,THRY
2024-05,THS
2024-05,TILE
2024-05,TNC
2024-05,TNDM
2024-05,TPH
2024-05,TR
2024-05,TRIP
2024-05,TRMK
2024-05,TRN
2024-05,TRST
2024-05,TRUP
2024-05,TTEC
2024-05,TTGT
2024-05,TTMI
2024-05,TWI
2024-05,TWO
2024-05,UCBI
2024-05,UCTT
2024-05,UE
2024-05,UFCS
2024-05,UFPT
2024-05,UHT
2024-05,UNF
2024-05,UNFI
2024-05,UNIT
2024-05,UPBD
2024-05,URBN
2024-05,USNA
2024-05,USPH
2024-05,UTL
2024-05,UVV
2024-05,VBTX
2024-05,VCEL
2024-05,VECO
2024-05,VFC
2024-05,VGR
2024-05,VIAV
2024-05,VICR
2024-05,VIOO
2024-05,VIR
2024-05,VRE
2024-05,VREX
2024-05,VRRM
2024-05,VRTS
2024-05,VSAT
2024-05,VSCO
2024-05,VSTO
2024-05,VSTS
2024-05,VTLE
2024-05,VTOL
2024-05,VVI
2024-05,VYX
2024-05,WABC
2024-05,WAFD
2024-05,WD
2024-05,WDFC
2024-05,WGO
2024-05,WIRE
2024-05,WKC
2024-05,WLY
2024-05,WNC
2024-05,WOR
2024-05,WRLD
2024-05,WS
2024-05,WSFS
2024-05,WSR
2024-05,WT
2024-05,WWW
2024-05,XHR
2024-05,XNCR
2024-05,XPEL
2024-05,XPER
2024-05,XRX
2024-05,YELP
2024-05,ZEUS
2024-06,AAP
2024-06,AAT
2024-06,ABCB
2024-06,ABG
2024-06,ABM
2024-06,ABR
2024-06,ACA
2024-06,ACIW
2024-06,ACLS
2024-06,ADEA
2024-06,ADTN
2024-06,ADUS
2024-06,AEIS
2024-06,AEO
2024-06,AGO
2024-06,AGYS
2024-06,AHCO
2024-06,AHH
2024-06,AIN
2024-06,AIR
2024-06,AKR
2024-06,AL
2024-06,ALEX
2024-06,ALG
2024-06,ALGT
2024-06,ALK
2024-06,ALKS
2024-06,ALRM
2024-06,AMBC
2024-06,AMCX
2024-06,AMN
2024-06,AMPH
2024-06,AMR
2024-06,AMSF
2024-06,AMWD
2024-06,ANDE
2024-06,ANF
2024-06,ANIP
2024-06,AORT
2024-06,AOSL
2024-06,APAM
2024-06,APLE
2024-06,APOG
2024-06,ARCB
2024-06,ARCH
2024-06,ARI
2024-06,ARLO
2024-06,AROC
2024-06,ARR
2024-06,ASIX
2024-06,ASO
2024-06,ASTE
2024-06,ASTH
2024-06,ATEN
2024-06,ATGE
2024-06,ATI
2024-06,ATNI
2024-06,AUB
2024-06,AVA
2024-06,AVAV
2024-06,AVNS
2024-06,AWI
2024-06,AWR
2024-06,AX
2024-06,AXL
2024-06,AZZ
2024-06,B
2024-06,BANC
2024-06,BANF
2024-06,BANR
2024-06,BCC
2024-06,BCPC
2024-06,BDN
2024-06,BFH
2024-06,BFS
2024-06,BGC
2024-06,BGS
2024-06,BHE
2024-06,BHLB
2024-06,BJRI
2024-06,BKE
2024-06,BKU
2024-06,BL
2024-06,BLFS
2024-06,BLMN
2024-06,BMI
2024-06,BOH
2024-06,BOOT
2024-06,BOX
2024-06,BRC
2024-06,BRKL
2024-06,BSIG
2024-06,BTU
2024-06,BXMT
2024-06,CABO
2024-06,CAKE
2024-06,CAL
2024-06,CALM
2024-06,CALX
2024-06,CARG
2024-06,CARS
2024-06,CASH
2024-06,CATY
2024-06,CBRL
2024-06,CBU
2024-06,CCOI
2024-06,CCRN
2024-06,CCS
2024-06,CEIX
2024-06,CENT
2024-06,CENTA
2024-06,CENX
2024-06,CERT
2024-06,CEVA
2024-06,CFFN
2024-06,CHCO
2024-06,CHCT
2024-06,CHEF
2024-06,CHUY
2024-06,CLB
2024-06,CLDT
2024-06,CLW
2024-06,CMP
2024-06,CNK
2024-06,CNMD
2024-06,CNS
2024-06,CNSL
2024-06,CNXN
2024-06,COHU
2024-06,COLL
2024-06,COOP
2024-06,CORT
2024-06,CPF
2024-06,CPK
2024-06,CPRX
2024-06,CRC
2024-06,CRK
2024-06,CRNC
2024-06,CRS
2024-06,CRSR
2024-06,CRVL
2024-06,CSGS
2024-06,CSR
2024-06,CTKB
2024-06,CTRE
2024-06,CTS
2024-06,CUBI
2024-06,CVBF
2024-06,CVCO
2024-06,CVGW
2024-06,CVI
2024-06,CWEN
2024-06,CWEN.A
2024-06,CWK
2024-06,CWT
2024-06,CXM
2024-06,CXW
2024-06,DAN
2024-06,DBI
2024-06,DCOM
2024-06,DDD
2024-06,DEA
2024-06,DEI
2024-06,DFIN
2024-06,DGII
2024-06,DIN
2024-06,DIOD
2024-06,DLX
2024-06,DNOW
2024-06,DOCN
2024-06,DORM
2024-06,DRH
2024-06,DRQ
2024-06,DV
2024-06,DVAX
2024-06,DXC
2024-06,DXPE
2024-06,DY
2024-06,EAT
2024-06,ECPG
2024-06,EFC
2024-06,EGBN
2024-06,EHAB
2024-06,EIG
2024-06,ELME
2024-06,EMBC
2024-06,ENR
2024-06,ENSG
2024-06,ENV
2024-06,ENVA
2024-06,EPAC
2024-06,EPC
2024-06,EPRT
2024-06,ESE
2024-06,ETD
2024-06,EVTC
2024-06,EXPI
2024-06,EXTR
2024-06,EYE
2024-06,EZPW
2024-06,FBK
2024-06,FBNC
2024-06,FBP
2024-06,FBRT
2024-06,FCF
2024-06,FCPT
2024-06,FDP
2024-06,FELE
2024-06,FFBC
2024-06,FHB
2024-06,FIZZ
2024-06,FL
2024-06,FLGT
2024-06,FN
2024-06,FORM
2024-06,FOXF
2024-06,FSS
2024-06,FTDR
2024-06,FTRE
2024-06,FUL
2024-06,FULT
2024-06,FWRD
2024-06,GBX
2024-06,GDEN
2024-06,GDOT
2024-06,GEO
2024-06,GES
2024-06,GFF
2024-06,GIII
2024-06,GKOS
2024-06,GMS
2024-06,GNL
2024-06,GNW
2024-06,GOGO
2024-06,GPI
2024-06,GPRE
2024-06,GRBK
2024-06,GSHD
2024-06,GTY
2024-06,GVA
2024-06,HAFC
2024-06,HAIN
2024-06,HASI
2024-06,HAYN
2024-06,HAYW
2024-06,HBI
2024-06,HCC
2024-06,HCI
2024-06,HCSG
2024-06,HFWA
2024-06,HI
2024-06,HIBB
2024-06,HIW
2024-06,HLIT
2024-06,HLX
2024-06,HMN
2024-06,HNI
2024-06,HOPE
2024-06,HOUS
2024-06,HP
2024-06,HPP
2024-06,HRMY
2024-06,HSII
2024-06,HSTM
2024-06,HTH
2024-06,HTLD
2024-06,HUBG
2024-06,HVT
2024-06,HWKN
2024-06,HZO
2024-06,IAC
2024-06,IBP
2024-06,IBTX
2024-06,ICHR
2024-06,ICUI
2024-06,IDCC
2024-06,IIIN
2024-06,IIPR
2024-06,IJR
2024-06,INDB
2024-06,INN
2024-06,INVA
2024-06,IOSP
2024-06,IPAR
2024-06,IRWD
2024-06,ITGR
2024-06,ITRI
2024-06,JACK
2024-06,JBGS
2024-06,JBLU
2024-06,JBSS
2024-06,JBT
2024-06,JJSF
2024-06,JOE
2024-06,JXN
2024-06,KALU
2024-06,KAR
2024-06,KELYA
2024-06,KFY
2024-06,KLG
2024-06,KLIC
2024-06,KMT
2024-06,KN
2024-06,KOP
2024-06,KREF
2024-06,KSS
2024-06,KTB
2024-06,KW
2024-06,KWR
2024-06,LBRT
2024-06,LCII
2024-06,LESL
2024-06,LGIH
2024-06,LGND
2024-06,LKFN
2024-06,LMAT
2024-06,LNC
2024-06,LNN
2024-06,LPG
2024-06,LQDT
2024-06,LRN
2024-06,LTC
2024-06,LUMN
2024-06,LXP
2024-06,LZB
2024-06,MAC
2024-06,MARA
2024-06,MATV
2024-06,MATW
2024-06,MATX
2024-06,MBC
2024-06,MC
2024-06,MCRI
2024-06,MCS
2024-06,MCW
2024-06,MCY
2024-06,MD
2024-06,MED
2024-06,MEI
2024-06,MERC
2024-06,MGEE
2024-06,MGPI
2024-06,MGY
2024-06,MHO
2024-06,MLAB
2024-06,MLI
2024-06,MLKN
2024-06,MMI
2024-06,MMSI
2024-06,MNRO
2024-06,MODG
2024-06,MOG.A
2024-06,MOV
2024-06,MPW
2024-06,MRCY
2024-06,MRTN
2024-06,MSEX
2024-06,MSGS
2024-06,MTH
2024-06,MTRN
2024-06,MTUS
2024-06,MTX
2024-06,MXL
2024-06,MYE
2024-06,MYGN
2024-06,MYRG
2024-06,NABL
2024-06,NARI
2024-06,NATL
2024-06,NAVI
2024-06,NBHC
2024-06,NBR
2024-06,NBTB
2024-06,NEO
2024-06,NFBK
2024-06,NGVT
2024-06,NHC
2024-06,NMIH
2024-06,NOG
2024-06,NPK
2024-06,NPO
2024-06,NSIT
2024-06,NTCT
2024-06,NUS
2024-06,NVEE
2024-06,NVRI
2024-06,NWBI
2024-06,NWL
2024-06,NWN
2024-06,NX
2024-06,NXRT
2024-06,NYMT
2024-06,ODP
2024-06,OFG
2024-06,OGN
2024-06,OI
2024-06,OII
2024-06,OMCL
2024-06,OMI
2024-06,OSIS
2024-06,OSUR
2024-06,OTTR
2024-06,OUT
2024-06,OXM
2024-06,PAHC
2024-06,PARR
2024-06,PATK
2024-06,PAYO
2024-06,PBH
2024-06,PBI
2024-06,PCRX
2024-06,PDCO
2024-06,PDFS
2024-06,PEB
2024-06,PECO
2024-06,PFBC
2024-06,PFS
2024-06,PHIN
2024-06,PINC
2024-06,PIPR
2024-06,PJT
2024-06,PLAB
2024-06,PLAY
2024-06,PLMR
2024-06,PLUS
2024-06,PLXS
2024-06,PMT
2024-06,POWL
2024-06,PPBI
2024-06,PRA
2024-06,PRAA
2024-06,PRDO
2024-06,PRFT
2024-06,PRG
2024-06,PRGS
2024-06,PRLB
2024-06,PRVA
2024-06,PSMT
2024-06,PTEN
2024-06,PUMP
2024-06,PZZA
2024-06,QNST
2024-06,RAMP
2024-06,RC
2024-06,RCUS
2024-06,RDN
2024-06,RDNT
2024-06,RES
2024-06,REX
2024-06,REZI
2024-06,RGNX
2024-06,RGP
2024-06,RGR
2024-06,RILY
2024-06,RNST
2024-06,ROCK
2024-06,ROG
2024-06,ROIC
2024-06,RUN
2024-06,RUSHA
2024-06,RWT
2024-06,RXO
2024-06,SABR
2024-06,SAFE
2024-06,SAFT
2024-06,SAH
2024-06,SANM
2024-06,SATS
2024-06,SBCF
2024-06,SBH
2024-06,SBSI
2024-06,SCHL
2024-06,SCL
2024-06,SCSC
2024-06,SCVL
2024-06,SDGR
2024-06,SEDG
2024-06,SEE
2024-06,SEM
2024-06,SFBS
2024-06,SFNC
2024-06,SGH
2024-06,SHAK
2024-06,SHEN
2024-06,SHO
2024-06,SHOO
2024-06,SIG
2024-06,SITC
2024-06,SITM
2024-06,SIX
2024-06,SJW
2024-06,SKT
2024-06,SKYW
2024-06,SLCA
2024-06,SLG
2024-06,SLP
2024-06,SLVM
2024-06,SM
2024-06,SMP
2024-06,SMPL
2024-06,SMTC
2024-06,SNCY
2024-06,SNEX
2024-06,SONO
2024-06,SPNT
2024-06,SPSC
2024-06,SPSM
2024-06,SPTN
2024-06,SPWR
2024-06,SPXC
2024-06,SSTK
2024-06,STAA
2024-06,STBA
2024-06,STC
2024-06,STEL
2024-06,STRA
2024-06,SUPN
2024-06,SVC
2024-06,SXC
2024-06,SXI
2024-06,SXT
2024-06,TALO
2024-06,TBBK
2024-06,TDS
2024-06,TFIN
2024-06,TGI
2024-06,THRM
2024-06,THRY
2024-06,THS
2024-06,TILE
2024-06,TNC
2024-06,TNDM
2024-06,TPH
2024-06,TR
2024-06,TRIP
2024-06,TRMK
2024-06,TRN
2024-06,TRST
2024-06,TRUP
2024-06,TTEC
2024-06,TTGT
2024-06,TTMI
2024-06,TWI
2024-06,TWO
2024-06,UCBI
2024-06,UCTT
2024-06,UE
2024-06,UFCS
2024-06,UFPT
2024-06,UHT
2024-06,UNF
2024-06,UNFI
2024-06,UNIT
2024-06,UPBD
2024-06,URBN
2024-06,USNA
2024-06,USPH
2024-06,UTL
2024-06,UVV
2024-06,VBTX
2024-06,VCEL
2024-06,VECO
2024-06,VFC
2024-06,VGR
2024-06,VIAV
2024-06,VICR
2024-06,VIOO
2024-06,VIR
2024-06,VRE
2024-06,VREX
2024-06,VRRM
2024-06,VRTS
2024-06,VSAT
2024-06,VSCO
2024-06,VSTO
2024-06,VSTS
2024-06,VTLE
2024-06,VTOL
2024-06,VVI
2024-06,VYX
2024-06,WABC
2024-06,WAFD
2024-06,WD
2024-06,WDFC
2024-06,WGO
2024-06,WIRE
2024-06,WKC
2024-06,WLY
2024-06,WNC
2024-06,WOR
2024-06,WRLD
2024-06,WS
2024-06,WSFS
2024-06,WSR
2024-06,WT
2024-06,WWW
2024-06,XHR
2024-06,XNCR
2024-06,XPEL
2024-06,XPER
2024-06,XRX
2024-06,YELP
2024-06,ZEUS
2024-07,AAP
2024-07,AAT
2024-07,ABCB
2024-07,ABG
2024-07,ABM
2024-07,ABR
2024-07,ACA
2024-07,ACIW
2024-07,ACLS
2024-07,ADEA
2024-07,ADUS
2024-07,AEIS
2024-07,AEO
2024-07,AGO
2024-07,AGYS
2024-07,AHCO
2024-07,AHH
2024-07,AIN
2024-07,AIR
2024-07,AKR
2024-07,AL
2024-07,ALEX
2024-07,ALG
2024-07,ALGT
2024-07,ALK
2024-07,ALKS
2024-07,ALRM
2024-07,AMBC
2024-07,AMCX
2024-07,AMN
2024-07,AMPH
2024-07,AMR
2024-07,AMSF
2024-07,AMWD
2024-07,ANDE
2024-07,ANIP
2024-07,AORT
2024-07,AOSL
2024-07,APAM
2024-07,APLE
2024-07,APOG
2024-07,ARCB
2024-07,ARCH
2024-07,ARI
2024-07,ARLO
2024-07,AROC
2024-07,ARR
2024-07,ASIX
2024-07,ASO
2024-07,ASTE
2024-07,ASTH
2024-07,ATEN
2024-07,ATGE
2024-07,ATI
2024-07,AUB
2024-07,AVA
2024-07,AVAV
2024-07,AVNS
2024-07,AWI
2024-07,AWR
2024-07,AX
2024-07,AXL
2024-07,AZZ
2024-07,B
2024-07,BANC
2024-07,BANF
2024-07,BANR
2024-07,BCC
2024-07,BCPC
2024-07,BDN
2024-07,BFH
2024-07,BFS
2024-07,BGC
2024-07,BGS
2024-07,BHE
2024-07,BHLB
2024-07,BJRI
2024-07,BKE
2024-07,BKU
2024-07,BL
2024-07,BLFS
2024-07,BLMN
2024-07,BMI
2024-07,BOH
2024-07,BOOT
2024-07,BOX
2024-07,BRC
2024-07,BRKL
2024-07,BSIG
2024-07,BTU
2024-07,BXMT
2024-07,CABO
2024-07,CAKE
2024-07,CAL
2024-07,CALM
2024-07,CALX
2024-07,CARG
2024-07,CARS
2024-07,CASH
2024-07,CATY
2024-07,CBRL
2024-07,CBU
2024-07,CCOI
2024-07,CCRN
2024-07,CCS
2024-07,CEIX
2024-07,CENT
2024-07,CENTA
2024-07,CENX
2024-07,CERT
2024-07,CEVA
2024-07,CFFN
2024-07,CHCO
2024-07,CHCT
2024-07,CHEF
2024-07,CHUY
2024-07,CLB
2024-07,CLW
2024-07,CMA
2024-07,CMP
2024-07,CNK
2024-07,CNMD
2024-07,CNS
2024-07,CNSL
2024-07,CNXN
2024-07,COHU
2024-07,COLL
2024-07,COOP
2024-07,CORT
2024-07,CPF
2024-07,CPK
2024-07,CPRX
2024-07,CRC
2024-07,CRK
2024-07,CRS
2024-07,CRSR
2024-07,CRVL
2024-07,CSGS
2024-07,CSR
2024-07,CTKB
2024-07,CTRE
2024-07,CTS
2024-07,CUBI
2024-07,CVBF
2024-07,CVCO
2024-07,CVGW
2024-07,CVI
2024-07,CWEN
2024-07,CWEN.A
2024-07,CWK
2024-07,CWT
2024-07,CXM
2024-07,CXW
2024-07,DAN
2024-07,DBI
2024-07,DCOM
2024-07,DDD
2024-07,DEA
2024-07,DEI
2024-07,DFIN
2024-07,DGII
2024-07,DIN
2024-07,DIOD
2024-07,DLX
2024-07,DNOW
2024-07,DOCN
2024-07,DORM
2024-07,DRH
2024-07,DRQ
2024-07,DV
2024-07,DVAX
2024-07,DXC
2024-07,DXPE
2024-07,DY
2024-07,EAT
2024-07,ECPG
2024-07,EFC
2024-07,EGBN
2024-07,EHAB
2024-07,EIG
2024-07,ELME
2024-07,EMBC
2024-07,ENR
2024-07,ENSG
2024-07,ENV
2024-07,ENVA
2024-07,EPAC
2024-07,EPC
2024-07,EPRT
2024-07,ESE
2024-07,ETD
2024-07,EVTC
2024-07,EXPI
2024-07,EXTR
2024-07,EYE
2024-07,EZPW
2024-07,FBK
2024-07,FBNC
2024-07,FBP
2024-07,FBRT
2024-07,FCF
2024-07,FCPT
2024-07,FDP
2024-07,FELE
2024-07,FFBC
2024-07,FHB
2024-07,FIZZ
2024-07,FL
2024-07,FLGT
2024-07,FN
2024-07,FORM
2024-07,FOXF
2024-07,FSS
2024-07,FTDR
2024-07,FTRE
2024-07,FUL
2024-07,FULT
2024-07,FWRD
2024-07,GBX
2024-07,GDEN
2024-07,GDOT
2024-07,GEO
2024-07,GES
2024-07,GFF
2024-07,GIII
2024-07,GKOS
2024-07,GMS
2024-07,GNL
2024-07,GNW
2024-07,GO
2024-07,GOGO
2024-07,GPI
2024-07,GPRE
2024-07,GRBK
2024-07,GSHD
2024-07,GTES
2024-07,GTY
2024-07,GVA
2024-07,HAFC
2024-07,HAIN
2024-07,HASI
2024-07,HAYN
2024-07,HAYW
2024-07,HBI
2024-07,HCC
2024-07,HCI
2024-07,HCSG
2024-07,HFWA
2024-07,HI
2024-07,HIBB
2024-07,HIW
2024-07,HLIT
2024-07,HLX
2024-07,HMN
2024-07,HNI
2024-07,HOPE
2024-07,HP
2024-07,HPP
2024-07,HRMY
2024-07,HSII
2024-07,HSTM
2024-07,HTH
2024-07,HTLD
2024-07,HTZ
2024-07,HUBG
2024-07,HVT
2024-07,HWKN
2024-07,HZO
2024-07,IAC
2024-07,IART
2024-07,IBP
2024-07,IBTX
2024-07,ICHR
2024-07,ICUI
2024-07,IDCC
2024-07,IIIN
2024-07,IIPR
2024-07,IJR
2024-07,INDB
2024-07,INN
2024-07,INVA
2024-07,IOSP
2024-07,IPAR
2024-07,IRWD
2024-07,ITGR
2024-07,ITRI
2024-07,JACK
2024-07,JBGS
2024-07,JBLU
2024-07,JBSS
2024-07,JBT
2024-07,JJSF
2024-07,JOE
2024-07,JXN
2024-07,KALU
2024-07,KAR
2024-07,KELYA
2024-07,KFY
2024-07,KLG
2024-07,KLIC
2024-07,KMT
2024-07,KN
2024-07,KOP
2024-07,KREF
2024-07,KRYS
2024-07,KSS
2024-07,KTB
2024-07,KW
2024-07,KWR
2024-07,LBRT
2024-07,LCII
2024-07,LEG
2024-07,LESL
2024-07,LGIH
2024-07,LGND
2024-07,LKFN
2024-07,LMAT
2024-07,LNC
2024-07,LNN
2024-07,LPG
2024-07,LQDT
2024-07,LRN
2024-07,LTC
2024-07,LUMN
2024-07,LXP
2024-07,LZB
2024-07,MAC
2024-07,MARA
2024-07,MATV
2024-07,MATW
2024-07,MATX
2024-07,MBC
2024-07,MC
2024-07,MCRI
2024-07,MCW
2024-07,MCY
2024-07,MD
2024-07,MERC
2024-07,MGEE
2024-07,MGPI
2024-07,MGY
2024-07,MHO
2024-07,MLAB
2024-07,MLI
2024-07,MLKN
2024-07,MMI
2024-07,MMSI
2024-07,MNRO
2024-07,MODG
2024-07,MOG.A
2024-07,MOV
2024-07,MPW
2024-07,MRCY
2024-07,MRTN
2024-07,MSEX
2024-07,MSGS
2024-07,MTH
2024-07,MTRN
2024-07,MTUS
2024-07,MTX
2024-07,MXL
2024-07,MYE
2024-07,MYGN
2024-07,MYRG
2024-07,NABL
2024-07,NARI
2024-07,NATL
2024-07,NAVI
2024-07,NBHC
2024-07,NBR
2024-07,NBTB
2024-07,NEO
2024-07,NGVT
2024-07,NHC
2024-07,NMIH
2024-07,NOG
2024-07,NPK
2024-07,NPO
2024-07,NSIT
2024-07,NTCT
2024-07,NUS
2024-07,NVEE
2024-07,NVRI
2024-07,NWBI
2024-07,NWL
2024-07,NWN
2024-07,NX
2024-07,NXRT
2024-07,NYMT
2024-07,ODP
2024-07,OFG
2024-07,OGN
2024-07,OI
2024-07,OII
2024-07,OMCL
2024-07,OMI
2024-07,OSIS
2024-07,OTTR
2024-07,OUT
2024-07,OXM
2024-07,PAHC
2024-07,PARR
2024-07,PATK
2024-07,PAYO
2024-07,PBH
2024-07,PBI
2024-07,PCRX
2024-07,PDCO
2024-07,PDFS
2024-07,PEB
2024-07,PECO
2024-07,PENN
2024-07,PFBC
2024-07,PFS
2024-07,PHIN
2024-07,PINC
2024-07,PIPR
2024-07,PJT
2024-07,PLAB
2024-07,PLAY
2024-07,PLMR
2024-07,PLUS
2024-07,PLXS
2024-07,PMT
2024-07,POWL
2024-07,PPBI
2024-07,PRA
2024-07,PRAA
2024-07,PRDO
2024-07,PRFT
2024-07,PRG
2024-07,PRGS
2024-07,PRLB
2024-07,PRVA
2024-07,PSMT
2024-07,PTEN
2024-07,PTGX
2024-07,PUMP
2024-07,PZZA
2024-07,QNST
2024-07,RAMP
2024-07,RC
2024-07,RCUS
2024-07,RDN
2024-07,RDNT
2024-07,RES
2024-07,REX
2024-07,REZI
2024-07,RGNX
2024-07,RGR
2024-07,RHI
2024-07,RILY
2024-07,RNST
2024-07,ROCK
2024-07,ROG
2024-07,ROIC
2024-07,RUN
2024-07,RUSHA
2024-07,RWT
2024-07,RXO
2024-07,SABR
2024-07,SAFE
2024-07,SAFT
2024-07,SAH
2024-07,SANM
2024-07,SATS
2024-07,SBCF
2024-07,SBH
2024-07,SBSI
2024-07,SCHL
2024-07,SCL
2024-07,SCSC
2024-07,SCVL
2024-07,SDGR
2024-07,SEDG
2024-07,SEE
2024-07,SEM
2024-07,SFBS
2024-07,SFNC
2024-07,SGH
2024-07,SHAK
2024-07,SHEN
2024-07,SHO
2024-07,SHOO
2024-07,SIG
2024-07,SITC
2024-07,SITM
2024-07,SIX
2024-07,SJW
2024-07,SKT
2024-07,SKYW
2024-07,SLCA
2024-07,SLG
2024-07,SLP
2024-07,SLVM
2024-07,SM
2024-07,SMP
2024-07,SMPL
2024-07,SMTC
2024-07,SNCY
2024-07,SNEX
2024-07,SONO
2024-07,SPNT
2024-07,SPSC
2024-07,SPSM
2024-07,SPTN
2024-07,SPWR
2024-07,SPXC
2024-07,SSTK
2024-07,STAA
2024-07,STBA
2024-07,STC
2024-07,STEL
2024-07,STEP
2024-07,STRA
2024-07,SUPN
2024-07,SVC
2024-07,SXC
2024-07,SXI
2024-07,SXT
2024-07,TALO
2024-07,TBBK
2024-07,TDS
2024-07,TDW
2024-07,TFIN
2024-07,TGI
2024-07,THRM
2024-07,THRY
2024-07,THS
2024-07,TILE
2024-07,TNC
2024-07,TNDM
2024-07,TPH
2024-07,TR
2024-07,TRIP
2024-07,TRMK
2024-07,TRN
2024-07,TRST
2024-07,TRUP
2024-07,TTGT
2024-07,TTMI
2024-07,TWI
2024-07,TWO
2024-07,UCBI
2024-07,UCTT
2024-07,UE
2024-07,UFCS
2024-07,UFPT
2024-07,UHT
2024-07,UNF
2024-07,UNFI
2024-07,UNIT
2024-07,UPBD
2024-07,URBN
2024-07,USNA
2024-07,USPH
2024-07,UTL
2024-07,UVV
2024-07,VBTX
2024-07,VCEL
2024-07,VECO
2024-07,VFC
2024-07,VGR
2024-07,VIAV
2024-07,VICR
2024-07,VIOO
2024-07,VIR
2024-07,VIRT
2024-07,VRE
2024-07,VREX
2024-07,VRRM
2024-07,VRTS
2024-07,VSAT
2024-07,VSCO
2024-07,VSTO
2024-07,VSTS
2024-07,VTLE
2024-07,VTOL
2024-07,VVI
2024-07,VYX
2024-07,WABC
2024-07,WAFD
2024-07,WD
2024-07,WDFC
2024-07,WERN
2024-07,WGO
2024-07,WHD
2024-07,WKC
2024-07,WLY
2024-07,WNC
2024-07,WOR
2024-07,WRLD
2024-07,WS
2024-07,WSFS
2024-07,WSR
2024-07,WT
2024-07,WWW
2024-07,XHR
2024-07,XNCR
2024-07,XPEL
2024-07,XRX
2024-07,YELP
2024-07,ZEUS
2024-08,AAP
2024-08,AAT
2024-08,ABCB
2024-08,ABG
2024-08,ABM
2024-08,ABR
2024-08,ACA
2024-08,ACIW
2024-08,ACLS
2024-08,ADEA
2024-08,ADUS
2024-08,AEIS
2024-08,AEO
2024-08,AGO
2024-08,AGYS
2024-08,AHCO
2024-08,AHH
2024-08,AIN
2024-08,AIR
2024-08,AKR
2024-08,AL
2024-08,ALEX
2024-08,ALG
2024-08,ALGT
2024-08,ALK
2024-08,ALKS
2024-08,ALRM
2024-08,AMBC
2024-08,AMCX
2024-08,AMN
2024-08,AMPH
2024-08,AMR
2024-08,AMSF
2024-08,AMWD
2024-08,ANDE
2024-08,ANIP
2024-08,AORT
2024-08,AOSL
2024-08,APAM
2024-08,APLE
2024-08,APOG
2024-08,ARCB
2024-08,ARCH
2024-08,ARI
2024-08,ARLO
2024-08,AROC
2024-08,ARR
2024-08,ASIX
2024-08,ASO
2024-08,ASTE
2024-08,ASTH
2024-08,ATEN
2024-08,ATGE
2024-08,ATI
2024-08,AUB
2024-08,AVA
2024-08,AVAV
2024-08,AVNS
2024-08,AWI
2024-08,AWR
2024-08,AX
2024-08,AXL
2024-08,AZZ
2024-08,B
2024-08,BANC
2024-08,BANF
2024-08,BANR
2024-08,BCC
2024-08,BCPC
2024-08,BDN
2024-08,BFH
2024-08,BFS
2024-08,BGC
2024-08,BGS
2024-08,BHE
2024-08,BHLB
2024-08,BJRI
2024-08,BKE
2024-08,BKU
2024-08,BL
2024-08,BLFS
2024-08,BLMN
2024-08,BMI
2024-08,BOH
2024-08,BOOT
2024-08,BOX
2024-08,BRC
2024-08,BRKL
2024-08,BSIG
2024-08,BTU
2024-08,BXMT
2024-08,CABO
2024-08,CAKE
2024-08,CAL
2024-08,CALM
2024-08,CALX
2024-08,CARG
2024-08,CARS
2024-08,CASH
2024-08,CATY
2024-08,CBRL
2024-08,CBU
2024-08,CCOI
2024-08,CCRN
2024-08,CCS
2024-08,CEIX
2024-08,CENT
2024-08,CENTA
2024-08,CENX
2024-08,CERT
2024-08,CEVA
2024-08,CFFN
2024-08,CHCO
2024-08,CHCT
2024-08,CHEF
2024-08,CHUY
2024-08,CLB
2024-08,CLW
2024-08,CMA
2024-08,CMP
2024-08,CNK
2024-08,CNMD
2024-08,CNS
2024-08,CNSL
2024-08,CNXN
2024-08,COHU
2024-08,COLL
2024-08,COOP
2024-08,CORT
2024-08,CPF
2024-08,CPK
2024-08,CPRX
2024-08,CRC
2024-08,CRK
2024-08,CRS
2024-08,CRSR
2024-08,CRVL
2024-08,CSGS
2024-08,CSR
2024-08,CTKB
2024-08,CTRE
2024-08,CTS
2024-08,CUBI
2024-08,CVBF
2024-08,CVCO
2024-08,CVGW
2024-08,CVI
2024-08,CWEN
2024-08,CWEN.A
2024-08,CWK
2024-08,CWT
2024-08,CXM
2024-08,CXW
2024-08,DAN
2024-08,DBI
2024-08,DCOM
2024-08,DDD
2024-08,DEA
2024-08,DEI
2024-08,DFIN
2024-08,DGII
2024-08,DIN
2024-08,DIOD
2024-08,DLX
2024-08,DNOW
2024-08,DOCN
2024-08,DORM
2024-08,DRH
2024-08,DRQ
2024-08,DV
2024-08,DVAX
2024-08,DXC
2024-08,DXPE
2024-08,DY
2024-08,EAT
2024-08,ECPG
2024-08,EFC
2024-08,EGBN
2024-08,EHAB
2024-08,EIG
2024-08,ELME
2024-08,EMBC
2024-08,ENR
2024-08,ENSG
2024-08,ENV
2024-08,ENVA
2024-08,EPAC
2024-08,EPC
2024-08,EPRT
2024-08,ESE
2024-08,ETD
2024-08,EVTC
2024-08,EXPI
2024-08,EXTR
2024-08,EYE
2024-08,EZPW
2024-08,FBK
2024-08,FBNC
2024-08,FBP
2024-08,FBRT
2024-08,FCF
2024-08,FCPT
2024-08,FDP
2024-08,FELE
2024-08,FFBC
2024-08,FHB
2024-08,FIZZ
2024-08,FL
2024-08,FLGT
2024-08,FN
2024-08,FORM
2024-08,FOXF
2024-08,FSS
2024-08,FTDR
2024-08,FTRE
2024-08,FUL
2024-08,FULT
2024-08,FUN
2024-08,FWRD
2024-08,GBX
2024-08,GDEN
2024-08,GDOT
2024-08,GEO
2024-08,GES
2024-08,GFF
2024-08,GIII
2024-08,GKOS
2024-08,GMS
2024-08,GNL
2024-08,GNW
2024-08,GO
2024-08,GOGO
2024-08,GPI
2024-08,GPRE
2024-08,GRBK
2024-08,GSHD
2024-08,GTES
2024-08,GTY
2024-08,GVA
2024-08,HAFC
2024-08,HAIN
2024-08,HASI
2024-08,HAYN
2024-08,HAYW
2024-08,HBI
2024-08,HCC
2024-08,HCI
2024-08,HCSG
2024-08,HFWA
2024-08,HI
2024-08,HIW
2024-08,HLIT
2024-08,HLX
2024-08,HMN
2024-08,HNI
2024-08,HOPE
2024-08,HP
2024-08,HPP
2024-08,HRMY
2024-08,HSII
2024-08,HSTM
2024-08,HTH
2024-08,HTLD
2024-08,HTZ
2024-08,HUBG
2024-08,HVT
2024-08,HWKN
2024-08,HZO
2024-08,IAC
2024-08,IART
2024-08,IBP
2024-08,IBTX
2024-08,ICHR
2024-08,ICUI
2024-08,IDCC
2024-08,IIIN
2024-08,IIPR
2024-08,IJR
2024-08,INDB
2024-08,INN
2024-08,INVA
2024-08,IOSP
2024-08,IPAR
2024-08,IRWD
2024-08,ITGR
2024-08,ITRI
2024-08,JACK
2024-08,JBGS
2024-08,JBLU
2024-08,JBSS
2024-08,JBT
2024-08,JJSF
2024-08,JOE
2024-08,JXN
2024-08,KALU
2024-08,KAR
2024-08,KELYA
2024-08,KFY
2024-08,KLG
2024-08,KLIC
2024-08,KMT
2024-08,KN
2024-08,KOP
2024-08,KREF
2024-08,KRYS
2024-08,KSS
2024-08,KTB
2024-08,KW
2024-08,KWR
2024-08,LBRT
2024-08,LCII
2024-08,LEG
2024-08,LESL
2024-08,LGIH
2024-08,LGND
2024-08,LKFN
2024-08,LMAT
2024-08,LNC
2024-08,LNN
2024-08,LPG
2024-08,LQDT
2024-08,LRN
2024-08,LTC
2024-08,LUMN
2024-08,LXP
2024-08,LZB
2024-08,MAC
2024-08,MARA
2024-08,MATV
2024-08,MATW
2024-08,MATX
2024-08,MBC
2024-08,MC
2024-08,MCRI
2024-08,MCW
2024-08,MCY
2024-08,MD
2024-08,MERC
2024-08,MGEE
2024-08,MGPI
2024-08,MGY
2024-08,MHO
2024-08,MLAB
2024-08,MLI
2024-08,MLKN
2024-08,MMI
2024-08,MMSI
2024-08,MNRO
2024-08,MODG
2024-08,MOG.A
2024-08,MOV
2024-08,MPW
2024-08,MRCY
2024-08,MRTN
2024-08,MSEX
2024-08,MSGS
2024-08,MTH
2024-08,MTRN
2024-08,MTUS
2024-08,MTX
2024-08,MXL
2024-08,MYE
2024-08,MYGN
2024-08,MYRG
2024-08,NABL
2024-08,NARI
2024-08,NATL
2024-08,NAVI
2024-08,NBHC
2024-08,NBR
2024-08,NBTB
2024-08,NEO
2024-08,NGVT
2024-08,NHC
2024-08,NMIH
2024-08,NOG
2024-08,NPK
2024-08,NPO
2024-08,NSIT
2024-08,NTCT
2024-08,NUS
2024-08,NVEE
2024-08,NVRI
2024-08,NWBI
2024-08,NWL
2024-08,NWN
2024-08,NX
2024-08,NXRT
2024-08,NYMT
2024-08,ODP
2024-08,OFG
2024-08,OGN
2024-08,OI
2024-08,OII
2024-08,OMCL
2024-08,OMI
2024-08,OSIS
2024-08,OTTR
2024-08,OUT
2024-08,OXM
2024-08,PAHC
2024-08,PARR
2024-08,PATK
2024-08,PAYO
2024-08,PBH
2024-08,PBI
2024-08,PCRX
2024-08,PDCO
2024-08,PDFS
2024-08,PEB
2024-08,PECO
2024-08,PENN
2024-08,PFBC
2024-08,PFS
2024-08,PHIN
2024-08,PINC
2024-08,PIPR
2024-08,PJT
2024-08,PLAB
2024-08,PLAY
2024-08,PLMR
2024-08,PLUS
2024-08,PLXS
2024-08,PMT
2024-08,POWL
2024-08,PPBI
2024-08,PRA
2024-08,PRAA
2024-08,PRDO
2024-08,PRFT
2024-08,PRG
2024-08,PRGS
2024-08,PRLB
2024-08,PRVA
2024-08,PSMT
2024-08,PTEN
2024-08,PTGX
2024-08,PUMP
2024-08,PZZA
2024-08,QDEL
2024-08,QNST
2024-08,RAMP
2024-08,RC
2024-08,RCUS
2024-08,RDN
2024-08,RDNT
2024-08,RES
2024-08,REX
2024-08,REZI
2024-08,RGNX
2024-08,RGR
2024-08,RHI
2024-08,RILY
2024-08,RNST
2024-08,ROCK
2024-08,ROG
2024-08,ROIC
2024-08,RUN
2024-08,RUSHA
2024-08,RWT
2024-08,RXO
2024-08,SABR
2024-08,SAFE
2024-08,SAFT
2024-08,SAH
2024-08,SANM
2024-08,SATS
2024-08,SBCF
2024-08,SBH
2024-08,SBSI
2024-08,SCHL
2024-08,SCL
2024-08,SCSC
2024-08,SCVL
2024-08,SDGR
2024-08,SEDG
2024-08,SEE
2024-08,SEM
2024-08,SFBS
2024-08,SFNC
2024-08,SGH
2024-08,SHAK
2024-08,SHEN
2024-08,SHO
2024-08,SHOO
2024-08,SIG
2024-08,SITC
2024-08,SITM
2024-08,SJW
2024-08,SKT
2024-08,SKYW
2024-08,SLG
2024-08,SLP
2024-08,SLVM
2024-08,SM
2024-08,SMP
2024-08,SMPL
2024-08,SMTC
2024-08,SNCY
2024-08,SNDR
2024-08,SNEX
2024-08,SONO
2024-08,SPNT
2024-08,SPSC
2024-08,SPSM
2024-08,SPTN
2024-08,SPXC
2024-08,SSTK
2024-08,STAA
2024-08,STBA
2024-08,STC
2024-08,STEL
2024-08,STEP
2024-08,STRA
2024-08,SUPN
2024-08,SVC
2024-08,SWI
2024-08,SXC
2024-08,SXI
2024-08,SXT
2024-08,TALO
2024-08,TBBK
2024-08,TDS
2024-08,TDW
2024-08,TFIN
2024-08,TGI
2024-08,THRM
2024-08,THRY
2024-08,THS
2024-08,TILE
2024-08,TNC
2024-08,TNDM
2024-08,TPH
2024-08,TR
2024-08,TRIP
2024-08,TRMK
2024-08,TRN
2024-08,TRST
2024-08,TRUP
2024-08,TTGT
2024-08,TTMI
2024-08,TWI
2024-08,TWO
2024-08,UCBI
2024-08,UCTT
2024-08,UE
2024-08,UFCS
2024-08,UFPT
2024-08,UHT
2024-08,UNF
2024-08,UNFI
2024-08,UNIT
2024-08,UPBD
2024-08,URBN
2024-08,USNA
2024-08,USPH
2024-08,UTL
2024-08,UVV
2024-08,VBTX
2024-08,VCEL
2024-08,VECO
2024-08,VFC
2024-08,VGR
2024-08,VIAV
2024-08,VICR
2024-08,VIOO
2024-08,VIR
2024-08,VIRT
2024-08,VRE
2024-08,VREX
2024-08,VRRM
2024-08,VRTS
2024-08,VSAT
2024-08,VSCO
2024-08,VSTO
2024-08,VSTS
2024-08,VTLE
2024-08,VTOL
2024-08,VVI
2024-08,VYX
2024-08,WABC
2024-08,WAFD
2024-08,WD
2024-08,WDFC
2024-08,WERN
2024-08,WGO
2024-08,WHD
2024-08,WKC
2024-08,WLY
2024-08,WNC
2024-08,WOR
2024-08,WRLD
2024-08,WS
2024-08,WSFS
2024-08,WSR
2024-08,WT
2024-08,WWW
2024-08,XHR
2024-08,XNCR
2024-08,XPEL
2024-08,XRX
2024-08,YELP
2024-08,ZEUS
2024-09,AAP
2024-09,AAT
2024-09,ABCB
2024-09,ABG
2024-09,ABM
2024-09,ABR
2024-09,ACA
2024-09,ACIW
2024-09,ACLS
2024-09,ADEA
2024-09,ADMA
2024-09,ADNT
2024-09,ADUS
2024-09,AEIS
2024-09,AEO
2024-09,AGO
2024-09,AGYS
2024-09,AHCO
2024-09,AHH
2024-09,AIN
2024-09,AIR
2024-09,AKR
2024-09,AL
2024-09,ALEX
2024-09,ALG
2024-09,ALGT
2024-09,ALK
2024-09,ALKS
2024-09,ALRM
2024-09,AMBC
2024-09,AMN
2024-09,AMPH
2024-09,AMR
2024-09,AMSF
2024-09,AMWD
2024-09,ANDE
2024-09,ANIP
2024-09,AORT
2024-09,AOSL
2024-09,APAM
2024-09,APLE
2024-09,APOG
2024-09,ARCB
2024-09,ARCH
2024-09,ARI
2024-09,ARLO
2024-09,AROC
2024-09,ARR
2024-09,ASIX
2024-09,ASO
2024-09,ASTE
2024-09,ASTH
2024-09,ATEN
2024-09,ATGE
2024-09,ATI
2024-09,AUB
2024-09,AVA
2024-09,AVAV
2024-09,AVNS
2024-09,AWI
2024-09,AWR
2024-09,AX
2024-09,AXL
2024-09,AZZ
2024-09,B
2024-09,BANC
2024-09,BANF
2024-09,BANR
2024-09,BCC
2024-09,BCPC
2024-09,BDN
2024-09,BFH
2024-09,BFS
2024-09,BGC
2024-09,BGS
2024-09,BHE
2024-09,BHLB
2024-09,BJRI
2024-09,BKE
2024-09,BKU
2024-09,BL
2024-09,BLFS
2024-09,BLMN
2024-09,BMI
2024-09,BOH
2024-09,BOOT
2024-09,BOX
2024-09,BRC
2024-09,BRKL
2024-09,BSIG
2024-09,BTU
2024-09,BXMT
2024-09,CABO
2024-09,CAKE
2024-09,CAL
2024-09,CALM
2024-09,CALX
2024-09,CARG
2024-09,CARS
2024-09,CASH
2024-09,CATY
2024-09,CBRL
2024-09,CBU
2024-09,CCOI
2024-09,CCRN
2024-09,CCS
2024-09,CEIX
2024-09,CENT
2024-09,CENTA
2024-09,CENX
2024-09,CERT
2024-09,CEVA
2024-09,CFFN
2024-09,CHCO
2024-09,CHEF
2024-09,CHUY
2024-09,CLB
2024-09,CLW
2024-09,CMA
2024-09,CNK
2024-09,CNMD
2024-09,CNS
2024-09,CNSL
2024-09,CNXN
2024-09,COHU
2024-09,COLL
2024-09,COOP
2024-09,CORT
2024-09,CPF
2024-09,CPK
2024-09,CPRX
2024-09,CRC
2024-09,CRK
2024-09,CRS
2024-09,CRSR
2024-09,CRVL
2024-09,CSGS
2024-09,CSR
2024-09,CSWI
2024-09,CTKB
2024-09,CTRE
2024-09,CTS
2024-09,CUBI
2024-09,CVBF
2024-09,CVCO
2024-09,CVI
2024-09,CWEN
2024-09,CWEN.A
2024-09,CWK
2024-09,CWT
2024-09,CXM
2024-09,CXW
2024-09,DAN
2024-09,DCOM
2024-09,DEA
2024-09,DEI
2024-09,DFIN
2024-09,DGII
2024-09,DIOD
2024-09,DLX
2024-09,DNOW
2024-09,DOCN
2024-09,DORM
2024-09,DRH
2024-09,DRQ
2024-09,DV
2024-09,DVAX
2024-09,DXC
2024-09,DXPE
2024-09,DY
2024-09,EAT
2024-09,ECPG
2024-09,EFC
2024-09,EGBN
2024-09,EIG
2024-09,ELME
2024-09,EMBC
2024-09,ENR
2024-09,ENSG
2024-09,ENV
2024-09,ENVA
2024-09,EPAC
2024-09,EPC
2024-09,EPRT
2024-09,ESE
2024-09,ETD
2024-09,ETSY
2024-09,EVTC
2024-09,EXPI
2024-09,EXTR
2024-09,EYE
2024-09,EZPW
2024-09,FBK
2024-09,FBNC
2024-09,FBP
2024-09,FBRT
2024-09,FCF
2024-09,FCPT
2024-09,FDP
2024-09,FELE
2024-09,FFBC
2024-09,FHB
2024-09,FIZZ
2024-09,FL
2024-09,FLGT
2024-09,FORM
2024-09,FOXF
2024-09,FSS
2024-09,FTDR
2024-09,FTRE
2024-09,FUL
2024-09,FULT
2024-09,FUN
2024-09,FWRD
2024-09,GBX
2024-09,GDEN
2024-09,GDOT
2024-09,GEO
2024-09,GES
2024-09,GFF
2024-09,GIII
2024-09,GKOS
2024-09,GMS
2024-09,GNL
2024-09,GNW
2024-09,GO
2024-09,GOGO
2024-09,GPI
2024-09,GPRE
2024-09,GRBK
2024-09,GSHD
2024-09,GTES
2024-09,GTY
2024-09,GVA
2024-09,HAFC
2024-09,HAIN
2024-09,HASI
2024-09,HAYN
2024-09,HAYW
2024-09,HBI
2024-09,HCC
2024-09,HCI
2024-09,HCSG
2024-09,HELE
2024-09,HFWA
2024-09,HI
2024-09,HIW
2024-09,HLIT
2024-09,HLX
2024-09,HMN
2024-09,HNI
2024-09,HOPE
2024-09,HP
2024-09,HPP
2024-09,HRMY
2024-09,HSII
2024-09,HSTM
2024-09,HTH
2024-09,HTLD
2024-09,HTZ
2024-09,HUBG
2024-09,HWKN
2024-09,HZO
2024-09,IAC
2024-09,IART
2024-09,IBP
2024-09,IBTX
2024-09,ICHR
2024-09,ICUI
2024-09,IDCC
2024-09,IIIN
2024-09,IIPR
2024-09,IJR
2024-09,INDB
2024-09,INN
2024-09,INSP
2024-09,INVA
2024-09,IOSP
2024-09,IPAR
2024-09,IRWD
2024-09,ITGR
2024-09,ITRI
2024-09,JACK
2024-09,JBGS
2024-09,JBLU
2024-09,JBSS
2024-09,JBT
2024-09,JJSF
2024-09,JOE
2024-09,JXN
2024-09,KALU
2024-09,KAR
2024-09,KELYA
2024-09,KFY
2024-09,KLG
2024-09,KLIC
2024-09,KMT
2024-09,KN
2024-09,KOP
2024-09,KREF
2024-09,KRYS
2024-09,KSS
2024-09,KTB
2024-09,KW
2024-09,KWR
2024-09,LBRT
2024-09,LCII
2024-09,LEG
2024-09,LESL
2024-09,LGIH
2024-09,LGND
2024-09,LKFN
2024-09,LMAT
2024-09,LNC
2024-09,LNN
2024-09,LPG
2024-09,LQDT
2024-09,LRN
2024-09,LTC
2024-09,LUMN
2024-09,LXP
2024-09,LZB
2024-09,MAC
2024-09,MARA
2024-09,MATV
2024-09,MATW
2024-09,MATX
2024-09,MBC
2024-09,MC
2024-09,MCRI
2024-09,MCW
2024-09,MCY
2024-09,MD
2024-09,MGEE
2024-09,MGPI
2024-09,MGY
2024-09,MHO
2024-09,MLAB
2024-09,MLI
2024-09,MLKN
2024-09,MMI
2024-09,MMSI
2024-09,MNRO
2024-09,MODG
2024-09,MOG.A
2024-09,MOV
2024-09,MP
2024-09,MPW
2024-09,MRCY
2024-09,MRTN
2024-09,MSEX
2024-09,MSGS
2024-09,MTH
2024-09,MTRN
2024-09,MTUS
2024-09,MTX
2024-09,MXL
2024-09,MYE
2024-09,MYGN
2024-09,MYRG
2024-09,NABL
2024-09,NARI
2024-09,NATL
2024-09,NAVI
2024-09,NBHC
2024-09,NBR
2024-09,NBTB
2024-09,NEO
2024-09,NGVT
2024-09,NHC
2024-09,NMIH
2024-09,NOG
2024-09,NPK
2024-09,NPO
2024-09,NSIT
2024-09,NTCT
2024-09,NVEE
2024-09,NVRI
2024-09,NWBI
2024-09,NWL
2024-09,NWN
2024-09,NX
2024-09,NXRT
2024-09,NYMT
2024-09,ODP
2024-09,OFG
2024-09,OGN
2024-09,OI
2024-09,OII
2024-09,OMCL
2024-09,OMI
2024-09,OSIS
2024-09,OTTR
2024-09,OUT
2024-09,OXM
2024-09,PAHC
2024-09,PARR
2024-09,PATK
2024-09,PAYO
2024-09,PBH
2024-09,PBI
2024-09,PCRX
2024-09,PDCO
2024-09,PDFS
2024-09,PEB
2024-09,PECO
2024-09,PENN
2024-09,PFBC
2024-09,PFS
2024-09,PGNY
2024-09,PHIN
2024-09,PI
2024-09,PINC
2024-09,PIPR
2024-09,PJT
2024-09,PLAB
2024-09,PLAY
2024-09,PLMR
2024-09,PLUS
2024-09,PLXS
2024-09,PMT
2024-09,POWL
2024-09,PPBI
2024-09,PRA
2024-09,PRAA
2024-09,PRDO
2024-09,PRFT
2024-09,PRG
2024-09,PRGS
2024-09,PRLB
2024-09,PRVA
2024-09,PSMT
2024-09,PTEN
2024-09,PTGX
2024-09,PUMP
2024-09,PZZA
2024-09,QDEL
2024-09,QNST
2024-09,RAMP
2024-09,RC
2024-09,RCUS
2024-09,RDN
2024-09,RDNT
2024-09,RES
2024-09,REX
2024-09,REZI
2024-09,RGNX
2024-09,RGR
2024-09,RHI
2024-09,RNST
2024-09,ROCK
2024-09,ROG
2024-09,ROIC
2024-09,RUN
2024-09,RUSHA
2024-09,RWT
2024-09,RXO
2024-09,SABR
2024-09,SAFE
2024-09,SAFT
2024-09,SAH
2024-09,SANM
2024-09,SATS
2024-09,SBCF
2024-09,SBH
2024-09,SBSI
2024-09,SCHL
2024-09,SCL
2024-09,SCSC
2024-09,SCVL
2024-09,SDGR
2024-09,SEDG
2024-09,SEE
2024-09,SEM
2024-09,SFBS
2024-09,SFNC
2024-09,SGH
2024-09,SHAK
2024-09,SHEN
2024-09,SHO
2024-09,SHOO
2024-09,SIG
2024-09,SITC
2024-09,SITM
2024-09,SJW
2024-09,SKT
2024-09,SKYW
2024-09,SLG
2024-09,SLP
2024-09,SLVM
2024-09,SM
2024-09,SMP
2024-09,SMPL
2024-09,SMTC
2024-09,SNCY
2024-09,SNDR
2024-09,SNEX
2024-09,SONO
2024-09,SPNT
2024-09,SPSC
2024-09,SPSM
2024-09,SPTN
2024-09,SPXC
2024-09,SSTK
2024-09,STAA
2024-09,STBA
2024-09,STC
2024-09,STEL
2024-09,STEP
2024-09,STRA
2024-09,SUPN
2024-09,SVC
2024-09,SWI
2024-09,SXC
2024-09,SXI
2024-09,SXT
2024-09,TALO
2024-09,TBBK
2024-09,TDS
2024-09,TDW
2024-09,TFIN
2024-09,TGI
2024-09,TGNA
2024-09,TGTX
2024-09,THRM
2024-09,THRY
2024-09,THS
2024-09,TILE
2024-09,TNC
2024-09,TNDM
2024-09,TPH
2024-09,TR
2024-09,TRIP
2024-09,TRMK
2024-09,TRN
2024-09,TRST
2024-09,TRUP
2024-09,TTGT
2024-09,TTMI
2024-09,TWI
2024-09,TWO
2024-09,UCBI
2024-09,UCTT
2024-09,UE
2024-09,UFCS
2024-09,UFPT
2024-09,UHT
2024-09,UNF
2024-09,UNFI
2024-09,UNIT
2024-09,UPBD
2024-09,URBN
2024-09,USNA
2024-09,USPH
2024-09,UTL
2024-09,UVV
2024-09,VBTX
2024-09,VCEL
2024-09,VECO
2024-09,VFC
2024-09,VGR
2024-09,VIAV
2024-09,VICR
2024-09,VIOO
2024-09,VIR
2024-09,VIRT
2024-09,VRE
2024-09,VRRM
2024-09,VRTS
2024-09,VSAT
2024-09,VSCO
2024-09,VSTO
2024-09,VSTS
2024-09,VTLE
2024-09,VTOL
2024-09,VVI
2024-09,VYX
2024-09,WABC
2024-09,WAFD
2024-09,WD
2024-09,WDFC
2024-09,WERN
2024-09,WGO
2024-09,WHD
2024-09,WKC
2024-09,WLY
2024-09,WNC
2024-09,WOLF
2024-09,WOR
2024-09,WRLD
2024-09,WS
2024-09,WSFS
2024-09,WSR
2024-09,WT
2024-09,WWW
2024-09,XHR
2024-09,XNCR
2024-09,XPEL
2024-09,XRX
2024-09,YELP
2024-09,YOU
2024-09,ZD
2024-09,ZWS
2024-10,AAP
2024-10,AAT
2024-10,ABCB
2024-10,ABG
2024-10,ABM
2024-10,ABR
2024-10,ACA
2024-10,ACIW
2024-10,ACLS
2024-10,ADEA
2024-10,ADMA
2024-10,ADNT
2024-10,ADUS
2024-10,AEIS
2024-10,AEO
2024-10,AGO
2024-10,AGYS
2024-10,AHCO
2024-10,AHH
2024-10,AIN
2024-10,AIR
2024-10,AKR
2024-10,AL
2024-10,ALEX
2024-10,ALG
2024-10,ALGT
2024-10,ALK
2024-10,ALKS
2024-10,ALRM
2024-10,AMBC
2024-10,AMN
2024-10,AMPH
2024-10,AMR
2024-10,AMSF
2024-10,AMWD
2024-10,ANDE
2024-10,ANIP
2024-10,AORT
2024-10,AOSL
2024-10,APAM
2024-10,APLE
2024-10,APOG
2024-10,ARCB
2024-10,ARCH
2024-10,ARI
2024-10,ARLO
2024-10,AROC
2024-10,ARR
2024-10,ASIX
2024-10,ASO
2024-10,ASTE
2024-10,ASTH
2024-10,ATEN
2024-10,ATGE
2024-10,ATI
2024-10,AUB
2024-10,AVA
2024-10,AVAV
2024-10,AVNS
2024-10,AWI
2024-10,AWR
2024-10,AX
2024-10,AXL
2024-10,AZZ
2024-10,B
2024-10,BANC
2024-10,BANF
2024-10,BANR
2024-10,BBWI
2024-10,BCC
2024-10,BCPC
2024-10,BDN
2024-10,BFH
2024-10,BFS
2024-10,BGC
2024-10,BGS
2024-10,BHE
2024-10,BHLB
2024-10,BJRI
2024-10,BKE
2024-10,BKU
2024-10,BL
2024-10,BLFS
2024-10,BLMN
2024-10,BMI
2024-10,BOH
2024-10,BOOT
2024-10,BOX
2024-10,BRC
2024-10,BRKL
2024-10,BSIG
2024-10,BTU
2024-10,BXMT
2024-10,CABO
2024-10,CAKE
2024-10,CAL
2024-10,CALM
2024-10,CALX
2024-10,CARG
2024-10,CARS
2024-10,CASH
2024-10,CATY
2024-10,CBRL
2024-10,CBU
2024-10,CCOI
2024-10,CCS
2024-10,CEIX
2024-10,CENT
2024-10,CENTA
2024-10,CENX
2024-10,CERT
2024-10,CEVA
2024-10,CFFN
2024-10,CHCO
2024-10,CHEF
2024-10,CLB
2024-10,CLW
2024-10,CMA
2024-10,CNK
2024-10,CNMD
2024-10,CNS
2024-10,CNSL
2024-10,CNXN
2024-10,COHU
2024-10,COLL
2024-10,COOP
2024-10,CORT
2024-10,CPF
2024-10,CPK
2024-10,CPRX
2024-10,CRC
2024-10,CRGY
2024-10,CRK
2024-10,CRS
2024-10,CRSR
2024-10,CRVL
2024-10,CSGS
2024-10,CSR
2024-10,CSWI
2024-10,CTKB
2024-10,CTRE
2024-10,CTS
2024-10,CUBI
2024-10,CURB
2024-10,CVBF
2024-10,CVCO
2024-10,CVI
2024-10,CWEN
2024-10,CWEN.A
2024-10,CWK
2024-10,CWT
2024-10,CXM
2024-10,CXW
2024-10,DAN
2024-10,DCOM
2024-10,DEA
2024-10,DEI
2024-10,DFIN
2024-10,DGII
2024-10,DIOD
2024-10,DLX
2024-10,DNOW
2024-10,DOCN
2024-10,DORM
2024-10,DRH
2024-10,DRQ
2024-10,DV
2024-10,DVAX
2024-10,DXC
2024-10,DXPE
2024-10,DY
2024-10,EAT
2024-10,ECPG
2024-10,EFC
2024-10,EGBN
2024-10,EIG
2024-10,ELME
2024-10,EMBC
2024-10,ENR
2024-10,ENV
2024-10,ENVA
2024-10,EPAC
2024-10,EPC
2024-10,EPRT
2024-10,ESE
2024-10,ETD
2024-10,ETSY
2024-10,EVTC
2024-10,EXPI
2024-10,EXTR
2024-10,EYE
2024-10,EZPW
2024-10,FBK
2024-10,FBNC
2024-10,FBP
2024-10,FBRT
2024-10,FCF
2024-10,FCPT
2024-10,FDP
2024-10,FELE
2024-10,FFBC
2024-10,FHB
2024-10,FIZZ
2024-10,FL
2024-10,FLGT
2024-10,FORM
2024-10,FOXF
2024-10,FSS
2024-10,FTDR
2024-10,FTRE
2024-10,FUL
2024-10,FULT
2024-10,FUN
2024-10,FWRD
2024-10,GBX
2024-10,GDEN
2024-10,GDOT
2024-10,GEO
2024-10,GES
2024-10,GFF
2024-10,GIII
2024-10,GKOS
2024-10,GMS
2024-10,GNL
2024-10,GNW
2024-10,GO
2024-10,GOGO
2024-10,GPI
2024-10,GPRE
2024-10,GRBK
2024-10,GSHD
2024-10,GTES
2024-10,GTY
2024-10,GVA
2024-10,HAFC
2024-10,HAIN
2024-10,HASI
2024-10,HAYN
2024-10,HAYW
2024-10,HBI
2024-10,HCC
2024-10,HCI
2024-10,HCSG
2024-10,HELE
2024-10,HFWA
2024-10,HI
2024-10,HIMS
2024-10,HIW
2024-10,HLIT
2024-10,HLX
2024-10,HMN
2024-10,HNI
2024-10,HOPE
2024-10,HP
2024-10,HPP
2024-10,HRMY
2024-10,HSII
2024-10,HSTM
2024-10,HTH
2024-10,HTLD
2024-10,HTZ
2024-10,HUBG
2024-10,HWKN
2024-10,HZO
2024-10,IAC
2024-10,IART
2024-10,IBP
2024-10,IBTX
2024-10,ICHR
2024-10,ICUI
2024-10,IDCC
2024-10,IIIN
2024-10,IIPR
2024-10,IJR
2024-10,INDB
2024-10,INN
2024-10,INSP
2024-10,INVA
2024-10,IOSP
2024-10,IPAR
2024-10,IRWD
2024-10,ITGR
2024-10,ITRI
2024-10,JACK
2024-10,JBGS
2024-10,JBLU
2024-10,JBSS
2024-10,JBT
2024-10,JJSF
2024-10,JOE
2024-10,JXN
2024-10,KALU
2024-10,KAR
2024-10,KELYA
2024-10,KFY
2024-10,KLG
2024-10,KLIC
2024-10,KMT
2024-10,KN
2024-10,KOP
2024-10,KREF
2024-10,KRYS
2024-10,KSS
2024-10,KTB
2024-10,KW
2024-10,KWR
2024-10,LBRT
2024-10,LCII
2024-10,LEG
2024-10,LESL
2024-10,LGIH
2024-10,LGND
2024-10,LKFN
2024-10,LMAT
2024-10,LNC
2024-10,LNN
2024-10,LPG
2024-10,LQDT
2024-10,LRN
2024-10,LTC
2024-10,LUMN
2024-10,LXP
2024-10,LZB
2024-10,MAC
2024-10,MARA
2024-10,MATV
2024-10,MATW
2024-10,MATX
2024-10,MBC
2024-10,MC
2024-10,MCRI
2024-10,MCW
2024-10,MCY
2024-10,MD
2024-10,MDU
2024-10,MGEE
2024-10,MGPI
2024-10,MGY
2024-10,MHO
2024-10,MLAB
2024-10,MLI
2024-10,MLKN
2024-10,MMI
2024-10,MMSI
2024-10,MNRO
2024-10,MODG
2024-10,MOG.A
2024-10,MP
2024-10,MPW
2024-10,MRCY
2024-10,MRTN
2024-10,MSEX
2024-10,MSGS
2024-10,MTH
2024-10,MTRN
2024-10,MTUS
2024-10,MTX
2024-10,MXL
2024-10,MYE
2024-10,MYGN
2024-10,MYRG
2024-10,NABL
2024-10,NARI
2024-10,NATL
2024-10,NAVI
2024-10,NBHC
2024-10,NBR
2024-10,NBTB
2024-10,NEO
2024-10,NGVT
2024-10,NHC
2024-10,NMIH
2024-10,NOG
2024-10,NPK
2024-10,NPO
2024-10,NSIT
2024-10,NTCT
2024-10,NVEE
2024-10,NVRI
2024-10,NWBI
2024-10,NWL
2024-10,NWN
2024-10,NX
2024-10,NXRT
2024-10,NYMT
2024-10,ODP
2024-10,OFG
2024-10,OGN
2024-10,OI
2024-10,OII
2024-10,OMCL
2024-10,OMI
2024-10,OSIS
2024-10,OTTR
2024-10,OUT
2024-10,OXM
2024-10,PAHC
2024-10,PARR
2024-10,PATK
2024-10,PAYO
2024-10,PBH
2024-10,PBI
2024-10,PCRX
2024-10,PDCO
2024-10,PDFS
2024-10,PEB
2024-10,PECO
2024-10,PENN
2024-10,PFBC
2024-10,PFS
2024-10,PGNY
2024-10,PHIN
2024-10,PI
2024-10,PINC
2024-10,PIPR
2024-10,PJT
2024-10,PLAB
2024-10,PLAY
2024-10,PLMR
2024-10,PLUS
2024-10,PLXS
2024-10,PMT
2024-10,POWL
2024-10,PPBI
2024-10,PRA
2024-10,PRAA
2024-10,PRDO
2024-10,PRG
2024-10,PRGS
2024-10,PRLB
2024-10,PRVA
2024-10,PSMT
2024-10,PTEN
2024-10,PTGX
2024-10,PUMP
2024-10,PZZA
2024-10,QDEL
2024-10,QNST
2024-10,RAMP
2024-10,RC
2024-10,RCUS
2024-10,RDN
2024-10,RDNT
2024-10,RES
2024-10,REX
2024-10,REZI
2024-10,RGNX
2024-10,RGR
2024-10,RHI
2024-10,RNST
2024-10,ROCK
2024-10,ROG
2024-10,ROIC
2024-10,RUN
2024-10,RUSHA
2024-10,RWT
2024-10,RXO
2024-10,SABR
2024-10,SAFE
2024-10,SAFT
2024-10,SAH
2024-10,SANM
2024-10,SATS
2024-10,SBCF
2024-10,SBH
2024-10,SBSI
2024-10,SCHL
2024-10,SCL
2024-10,SCSC
2024-10,SCVL
2024-10,SDGR
2024-10,SEDG
2024-10,SEE
2024-10,SEM
2024-10,SFBS
2024-10,SFNC
2024-10,SGH
2024-10,SHAK
2024-10,SHEN
2024-10,SHO
2024-10,SHOO
2024-10,SIG
2024-10,SITC
2024-10,SITM
2024-10,SJW
2024-10,SKT
2024-10,SKYW
2024-10,SLG
2024-10,SLP
2024-10,SLVM
2024-10,SM
2024-10,SMP
2024-10,SMPL
2024-10,SMTC
2024-10,SNCY
2024-10,SNDR
2024-10,SNEX
2024-10,SONO
2024-10,SPNT
2024-10,SPSC
2024-10,SPSM
2024-10,SPTN
2024-10,SPXC
2024-10,SSTK
2024-10,STAA
2024-10,STBA
2024-10,STC
2024-10,STEL
2024-10,STEP
2024-10,STRA
2024-10,SUPN
2024-10,SVC
2024-10,SWI
2024-10,SXC
2024-10,SXI
2024-10,SXT
2024-10,TALO
2024-10,TBBK
2024-10,TDS
2024-10,TDW
2024-10,TFIN
2024-10,TGI
2024-10,TGNA
2024-10,TGTX
2024-10,THRM
2024-10,THRY
2024-10,THS
2024-10,TILE
2024-10,TMDX
2024-10,TNC
2024-10,TNDM
2024-10,TPH
2024-10,TR
2024-10,TRIP
2024-10,TRMK
2024-10,TRN
2024-10,TRST
2024-10,TRUP
2024-10,TTGT
2024-10,TTMI
2024-10,TWI
2024-10,TWO
2024-10,UCBI
2024-10,UCTT
2024-10,UE
2024-10,UFCS
2024-10,UFPT
2024-10,UHT
2024-10,UNF
2024-10,UNFI
2024-10,UNIT
2024-10,UPBD
2024-10,URBN
2024-10,USNA
2024-10,USPH
2024-10,UTL
2024-10,UVV
2024-10,VBTX
2024-10,VCEL
2024-10,VECO
2024-10,VFC
2024-10,VIAV
2024-10,VICR
2024-10,VIOO
2024-10,VIR
2024-10,VIRT
2024-10,VRE
2024-10,VRRM
2024-10,VRTS
2024-10,VSAT
2024-10,VSCO
2024-10,VSTO
2024-10,VSTS
2024-10,VTLE
2024-10,VTOL
2024-10,VVI
2024-10,VYX
2024-10,WABC
2024-10,WAFD
2024-10,WD
2024-10,WDFC
2024-10,WERN
2024-10,WGO
2024-10,WHD
2024-10,WKC
2024-10,WLY
2024-10,WNC
2024-10,WOLF
2024-10,WOR
2024-10,WRLD
2024-10,WS
2024-10,WSFS
2024-10,WSR
2024-10,WT
2024-10,WWW
2024-10,XHR
2024-10,XNCR
2024-10,XPEL
2024-10,XRX
2024-10,YELP
2024-10,YOU
2024-10,ZD
2024-10,ZWS
2024-11,AAP
2024-11,AAT
2024-11,ABCB
2024-11,ABG
2024-11,ABM
2024-11,ABR
2024-11,ACA
2024-11,ACIW
2024-11,ACLS
2024-11,ADEA
2024-11,ADMA
2024-11,ADNT
2024-11,ADUS
2024-11,AEIS
2024-11,AEO
2024-11,AESI
2024-11,AGO
2024-11,AGYS
2024-11,AHCO
2024-11,AHH
2024-11,AIN
2024-11,AIR
2024-11,AKR
2024-11,AL
2024-11,ALEX
2024-11,ALG
2024-11,ALGT
2024-11,ALK
2024-11,ALKS
2024-11,ALRM
2024-11,AMBC
2024-11,AMN
2024-11,AMPH
2024-11,AMR
2024-11,AMSF
2024-11,AMWD
2024-11,ANDE
2024-11,ANIP
2024-11,AORT
2024-11,AOSL
2024-11,APAM
2024-11,APLE
2024-11,APOG
2024-11,ARCB
2024-11,ARCH
2024-11,ARI
2024-11,ARLO
2024-11,AROC
2024-11,ARR
2024-11,ASIX
2024-11,ASO
2024-11,ASTE
2024-11,ASTH
2024-11,ATEN
2024-11,ATGE
2024-11,ATI
2024-11,AUB
2024-11,AVA
2024-11,AVAV
2024-11,AVNS
2024-11,AWI
2024-11,AWR
2024-11,AX
2024-11,AXL
2024-11,AZTA
2024-11,AZZ
2024-11,B
2024-11,BANC
2024-11,BANF
2024-11,BANR
2024-11,BBWI
2024-11,BCC
2024-11,BCPC
2024-11,BDN
2024-11,BFH
2024-11,BFS
2024-11,BGC
2024-11,BGS
2024-11,BHE
2024-11,BHLB
2024-11,BJRI
2024-11,BKE
2024-11,BKU
2024-11,BL
2024-11,BLFS
2024-11,BLMN
2024-11,BMI
2024-11,BOH
2024-11,BOOT
2024-11,BOX
2024-11,BRC
2024-11,BRKL
2024-11,BSIG
2024-11,BTU
2024-11,BXMT
2024-11,CABO
2024-11,CAKE
2024-11,CAL
2024-11,CALM
2024-11,CALX
2024-11,CARG
2024-11,CARS
2024-11,CASH
2024-11,CATY
2024-11,CBRL
2024-11,CBU
2024-11,CCOI
2024-11,CCS
2024-11,CEIX
2024-11,CENT
2024-11,CENTA
2024-11,CENX
2024-11,CERT
2024-11,CEVA
2024-11,CFFN
2024-11,CHCO
2024-11,CHEF
2024-11,CLB
2024-11,CMA
2024-11,CNK
2024-11,CNMD
2024-11,CNS
2024-11,CNSL
2024-11,CNXN
2024-11,COHU
2024-11,COLL
2024-11,CON
2024-11,COOP
2024-11,CORT
2024-11,CPF
2024-11,CPK
2024-11,CPRX
2024-11,CRC
2024-11,CRGY
2024-11,CRK
2024-11,CRS
2024-11,CRSR
2024-11,CRVL
2024-11,CSGS
2024-11,CSR
2024-11,CSWI
2024-11,CTKB
2024-11,CTRE
2024-11,CTS
2024-11,CUBI
2024-11,CURB
2024-11,CVBF
2024-11,CVCO
2024-11,CVI
2024-11,CWEN
2024-11,CWEN.A
2024-11,CWK
2024-11,CWT
2024-11,CXM
2024-11,CXW
2024-11,DAN
2024-11,DCOM
2024-11,DEA
2024-11,DEI
2024-11,DFH
2024-11,DFIN
2024-11,DGII
2024-11,DIOD
2024-11,DLX
2024-11,DNOW
2024-11,DOCN
2024-11,DORM
2024-11,DRH
2024-11,DRQ
2024-11,DV
2024-11,DVAX
2024-11,DXC
2024-11,DXPE
2024-11,DY
2024-11,EAT
2024-11,ECG
2024-11,ECPG
2024-11,EFC
2024-11,EGBN
2024-11,EIG
2024-11,ELME
2024-11,EMBC
2024-11,ENR
2024-11,ENVA
2024-11,EPAC
2024-11,EPC
2024-11,EPRT
2024-11,ESE
2024-11,ETD
2024-11,ETSY
2024-11,EVTC
2024-11,EXPI
2024-11,EXTR
2024-11,EYE
2024-11,EZPW
2024-11,FBK
2024-11,FBNC
2024-11,FBP
2024-11,FBRT
2024-11,FCF
2024-11,FCPT
2024-11,FDP
2024-11,FELE
2024-11,FFBC
2024-11,FHB
2024-11,FIZZ
2024-11,FL
2024-11,FLGT
2024-11,FORM
2024-11,FOXF
2024-11,FSS
2024-11,FTDR
2024-11,FTRE
2024-11,FUL
2024-11,FULT
2024-11,FUN
2024-11,FWRD
2024-11,GBX
2024-11,GDEN
2024-11,GDOT
2024-11,GEO
2024-11,GES
2024-11,GFF
2024-11,GIII
2024-11,GKOS
2024-11,GMS
2024-11,GNL
2024-11,GNW
2024-11,GO
2024-11,GOGO
2024-11,GPI
2024-11,GPRE
2024-11,GRBK
2024-11,GSHD
2024-11,GTES
2024-11,GTY
2024-11,GVA
2024-11,HAFC
2024-11,HAIN
2024-11,HASI
2024-11,HAYW
2024-11,HBI
2024-11,HCC
2024-11,HCI
2024-11,HCSG
2024-11,HELE
2024-11,HFWA
2024-11,HI
2024-11,HIMS
2024-11,HIW
2024-11,HLIT
2024-11,HLX
2024-11,HMN
2024-11,HNI
2024-11,HOPE
2024-11,HP
2024-11,HPP
2024-11,HRMY
2024-11,HSII
2024-11,HSTM
2024-11,HTH
2024-11,HTLD
2024-11,HTZ
2024-11,HUBG
2024-11,HWKN
2024-11,HZO
2024-11,IAC
2024-11,IART
2024-11,IBP
2024-11,IBTX
2024-11,ICHR
2024-11,ICUI
2024-11,IDCC
2024-11,IIIN
2024-11,IIPR
2024-11,IJR
2024-11,INDB
2024-11,INN
2024-11,INSP
2024-11,INVA
2024-11,IOSP
2024-11,IPAR
2024-11,IRWD
2024-11,ITGR
2024-11,ITRI
2024-11,JACK
2024-11,JBGS
2024-11,JBLU
2024-11,JBSS
2024-11,JBT
2024-11,JJSF
2024-11,JOE
2024-11,JXN
2024-11,KALU
2024-11,KAR
2024-11,KELYA
2024-11,KFY
2024-11,KLG
2024-11,KLIC
2024-11,KMT
2024-11,KN
2024-11,KOP
2024-11,KREF
2024-11,KRYS
2024-11,KSS
2024-11,KTB
2024-11,KW
2024-11,KWR
2024-11,LBRT
2024-11,LCII
2024-11,LEG
2024-11,LESL
2024-11,LGIH
2024-11,LGND
2024-11,LKFN
2024-11,LMAT
2024-11,LNC
2024-11,LNN
2024-11,LPG
2024-11,LQDT
2024-11,LRN
2024-11,LTC
2024-11,LUMN
2024-11,LXP
2024-11,LZB
2024-11,MAC
2024-11,MARA
2024-11,MATV
2024-11,MATW
2024-11,MATX
2024-11,MBC
2024-11,MC
2024-11,MCRI
2024-11,MCW
2024-11,MCY
2024-11,MD
2024-11,MDU
2024-11,MGEE
2024-11,MGPI
2024-11,MGY
2024-11,MHO
2024-11,MLAB
2024-11,MLKN
2024-11,MMI
2024-11,MMSI
2024-11,MNRO
2024-11,MODG
2024-11,MOG.A
2024-11,MP
2024-11,MPW
2024-11,MRCY
2024-11,MRTN
2024-11,MSEX
2024-11,MSGS
2024-11,MTH
2024-11,MTRN
2024-11,MTUS
2024-11,MTX
2024-11,MXL
2024-11,MYGN
2024-11,MYRG
2024-11,NABL
2024-11,NARI
2024-11,NATL
2024-11,NAVI
2024-11,NBHC
2024-11,NBR
2024-11,NBTB
2024-11,NEO
2024-11,NGVT
2024-11,NHC
2024-11,NMIH
2024-11,NOG
2024-11,NPK
2024-11,NPO
2024-11,NSIT
2024-11,NTCT
2024-11,NVEE
2024-11,NVRI
2024-11,NWBI
2024-11,NWL
2024-11,NWN
2024-11,NX
2024-11,NXRT
2024-11,NYMT
2024-11,ODP
2024-11,OFG
2024-11,OGN
2024-11,OI
2024-11,OII
2024-11,OMCL
2024-11,OMI
2024-11,OSIS
2024-11,OTTR
2024-11,OUT
2024-11,OXM
2024-11,PAHC
2024-11,PARR
2024-11,PATK
2024-11,PAYO
2024-11,PBH
2024-11,PBI
2024-11,PCRX
2024-11,PDCO
2024-11,PDFS
2024-11,PEB
2024-11,PECO
2024-11,PENN
2024-11,PFBC
2024-11,PFS
2024-11,PGNY
2024-11,PHIN
2024-11,PI
2024-11,PINC
2024-11,PIPR
2024-11,PJT
2024-11,PLAB
2024-11,PLAY
2024-11,PLMR
2024-11,PLUS
2024-11,PLXS
2024-11,PMT
2024-11,POWL
2024-11,PPBI
2024-11,PRA
2024-11,PRAA
2024-11,PRDO
2024-11,PRG
2024-11,PRGS
2024-11,PRLB
2024-11,PRVA
2024-11,PSMT
2024-11,PTEN
2024-11,PTGX
2024-11,PUMP
2024-11,PZZA
2024-11,QDEL
2024-11,QNST
2024-11,RAMP
2024-11,RC
2024-11,RCUS
2024-11,RDN
2024-11,RDNT
2024-11,RES
2024-11,REX
2024-11,REZI
2024-11,RGNX
2024-11,RGR
2024-11,RHI
2024-11,RNST
2024-11,ROCK
2024-11,ROG
2024-11,ROIC
2024-11,RUN
2024-11,RUSHA
2024-11,RWT
2024-11,RXO
2024-11,SABR
2024-11,SAFE
2024-11,SAFT
2024-11,SAH
2024-11,SANM
2024-11,SATS
2024-11,SBCF
2024-11,SBH
2024-11,SBSI
2024-11,SCHL
2024-11,SCL
2024-11,SCSC
2024-11,SCVL
2024-11,SDGR
2024-11,SEDG
2024-11,SEE
2024-11,SEM
2024-11,SFBS
2024-11,SFNC
2024-11,SGH
2024-11,SHAK
2024-11,SHEN
2024-11,SHO
2024-11,SHOO
2024-11,SIG
2024-11,SITC
2024-11,SITM
2024-11,SJW
2024-11,SKT
2024-11,SKYW
2024-11,SLG
2024-11,SLP
2024-11,SLVM
2024-11,SM
2024-11,SMP
2024-11,SMPL
2024-11,SMTC
2024-11,SNCY
2024-11,SNDR
2024-11,SNEX
2024-11,SONO
2024-11,SPNT
2024-11,SPSC
2024-11,SPSM
2024-11,SPTN
2024-11,SPXC
2024-11,SSTK
2024-11,STAA
2024-11,STBA
2024-11,STC
2024-11,STEL
2024-11,STEP
2024-11,STRA
2024-11,SUPN
2024-11,SVC
2024-11,SWI
2024-11,SXC
2024-11,SXI
2024-11,SXT
2024-11,TALO
2024-11,TBBK
2024-11,TDS
2024-11,TDW
2024-11,TFIN
2024-11,TGI
2024-11,TGNA
2024-11,TGTX
2024-11,THRM
2024-11,THRY
2024-11,THS
2024-11,TILE
2024-11,TMDX
2024-11,TNC
2024-11,TNDM
2024-11,TPH
2024-11,TR
2024-11,TRIP
2024-11,TRMK
2024-11,TRN
2024-11,TRST
2024-11,TRUP
2024-11,TTGT
2024-11,TTMI
2024-11,TWI
2024-11,TWO
2024-11,UCBI
2024-11,UCTT
2024-11,UE
2024-11,UFCS
2024-11,UFPT
2024-11,UHT
2024-11,UNF
2024-11,UNFI
2024-11,UNIT
2024-11,UPBD
2024-11,URBN
2024-11,USNA
2024-11,USPH
2024-11,UTL
2024-11,UVV
2024-11,VBTX
2024-11,VCEL
2024-11,VECO
2024-11,VFC
2024-11,VIAV
2024-11,VICR
2024-11,VIOO
2024-11,VIR
2024-11,VIRT
2024-11,VRE
2024-11,VRRM
2024-11,VRTS
2024-11,VSAT
2024-11,VSCO
2024-11,VSTO
2024-11,VSTS
2024-11,VTLE
2024-11,VTOL
2024-11,VVI
2024-11,VYX
2024-11,WABC
2024-11,WAFD
2024-11,WD
2024-11,WDFC
2024-11,WERN
2024-11,WGO
2024-11,WHD
2024-11,WKC
2024-11,WLY
2024-11,WNC
2024-11,WOLF
2024-11,WOR
2024-11,WRLD
2024-11,WS
2024-11,WSFS
2024-11,WSR
2024-11,WT
2024-11,WWW
2024-11,XHR
2024-11,XNCR
2024-11,XPEL
2024-11,XRX
2024-11,YELP
2024-11,YOU
2024-11,ZD
2024-11,ZWS
2024-12,AAP
2024-12,AAT
2024-12,ABCB
2024-12,ABG
2024-12,ABM
2024-12,ABR
2024-12,ACA
2024-12,ACIW
2024-12,ACLS
2024-12,ADEA
2024-12,ADMA
2024-12,ADNT
2024-12,ADUS
2024-12,AEIS
2024-12,AEO
2024-12,AESI
2024-12,AGO
2024-12,AGYS
2024-12,AHCO
2024-12,AHH
2024-12,AIN
2024-12,AIR
2024-12,AKR
2024-12,AL
2024-12,ALEX
2024-12,ALG
2024-12,ALGT
2024-12,ALK
2024-12,ALKS
2024-12,ALRM
2024-12,AMBC
2024-12,AMN
2024-12,AMPH
2024-12,AMR
2024-12,AMSF
2024-12,AMWD
2024-12,ANDE
2024-12,ANIP
2024-12,AORT
2024-12,AOSL
2024-12,APAM
2024-12,APLE
2024-12,APOG
2024-12,ARCB
2024-12,ARCH
2024-12,ARI
2024-12,ARLO
2024-12,AROC
2024-12,ARR
2024-12,ASIX
2024-12,ASO
2024-12,ASTE
2024-12,ASTH
2024-12,ATEN
2024-12,ATGE
2024-12,ATI
2024-12,AUB
2024-12,AVA
2024-12,AVAV
2024-12,AVNS
2024-12,AWI
2024-12,AWR
2024-12,AX
2024-12,AXL
2024-12,AZTA
2024-12,AZZ
2024-12,B
2024-12,BANC
2024-12,BANF
2024-12,BANR
2024-12,BBWI
2024-12,BCC
2024-12,BCPC
2024-12,BDN
2024-12,BFH
2024-12,BFS
2024-12,BGC
2024-12,BGS
2024-12,BHE
2024-12,BHLB
2024-12,BJRI
2024-12,BKE
2024-12,BKU
2024-12,BL
2024-12,BLFS
2024-12,BLMN
2024-12,BMI
2024-12,BOH
2024-12,BOOT
2024-12,BOX
2024-12,BRC
2024-12,BRKL
2024-12,BSIG
2024-12,BTU
2024-12,BXMT
2024-12,CABO
2024-12,CAKE
2024-12,CAL
2024-12,CALM
2024-12,CALX
2024-12,CARG
2024-12,CARS
2024-12,CASH
2024-12,CATY
2024-12,CBRL
2024-12,CBU
2024-12,CCOI
2024-12,CCS
2024-12,CEIX
2024-12,CENT
2024-12,CENTA
2024-12,CENX
2024-12,CERT
2024-12,CEVA
2024-12,CFFN
2024-12,CHCO
2024-12,CHEF
2024-12,CLB
2024-12,CMA
2024-12,CNK
2024-12,CNMD
2024-12,CNS
2024-12,CNSL
2024-12,CNXN
2024-12,COHU
2024-12,COLL
2024-12,CON
2024-12,COOP
2024-12,CORT
2024-12,CPF
2024-12,CPK
2024-12,CPRX
2024-12,CRC
2024-12,CRGY
2024-12,CRK
2024-12,CRS
2024-12,CRSR
2024-12,CRVL
2024-12,CSGS
2024-12,CSR
2024-12,CSWI
2024-12,CTKB
2024-12,CTRE
2024-12,CTS
2024-12,CUBI
2024-12,CURB
2024-12,CVBF
2024-12,CVCO
2024-12,CVI
2024-12,CWEN
2024-12,CWEN.A
2024-12,CWK
2024-12,CWT
2024-12,CXM
2024-12,CXW
2024-12,DAN
2024-12,DCOM
2024-12,DEA
2024-12,DEI
2024-12,DFH
2024-12,DFIN
2024-12,DGII
2024-12,DIOD
2024-12,DLX
2024-12,DNOW
2024-12,DOCN
2024-12,DORM
2024-12,DRH
2024-12,DRQ
2024-12,DV
2024-12,DVAX
2024-12,DXC
2024-12,DXPE
2024-12,DY
2024-12,EAT
2024-12,ECG
2024-12,ECPG
2024-12,EFC
2024-12,EGBN
2024-12,EIG
2024-12,ELME
2024-12,EMBC
2024-12,ENR
2024-12,ENVA
2024-12,EPAC
2024-12,EPC
2024-12,EPRT
2024-12,ESE
2024-12,ETD
2024-12,ETSY
2024-12,EVTC
2024-12,EXPI
2024-12,EXTR
2024-12,EYE
2024-12,EZPW
2024-12,FBK
2024-12,FBNC
2024-12,FBP
2024-12,FBRT
2024-12,FCF
2024-12,FCPT
2024-12,FDP
2024-12,FELE
2024-12,FFBC
2024-12,FHB
2024-12,FIZZ
2024-12,FL
2024-12,FLGT
2024-12,FORM
2024-12,FOXF
2024-12,FSS
2024-12,FTDR
2024-12,FTRE
2024-12,FUL
2024-12,FULT
2024-12,FUN
2024-12,FWRD
2024-12,GBX
2024-12,GDEN
2024-12,GDOT
2024-12,GEO
2024-12,GES
2024-12,GFF
2024-12,GIII
2024-12,GKOS
2024-12,GMS
2024-12,GNL
2024-12,GNW
2024-12,GO
2024-12,GOGO
2024-12,GPI
2024-12,GPRE
2024-12,GRBK
2024-12,GSHD
2024-12,GTES
2024-12,GTY
2024-12,GVA
2024-12,HAFC
2024-12,HAIN
2024-12,HASI
2024-12,HAYW
2024-12,HBI
2024-12,HCC
2024-12,HCI
2024-12,HCSG
2024-12,HELE
2024-12,HFWA
2024-12,HI
2024-12,HIMS
2024-12,HIW
2024-12,HLIT
2024-12,HLX
2024-12,HMN
2024-12,HNI
2024-12,HOPE
2024-12,HP
2024-12,HPP
2024-12,HRMY
2024-12,HSII
2024-12,HSTM
2024-12,HTH
2024-12,HTLD
2024-12,HTZ
2024-12,HUBG
2024-12,HWKN
2024-12,HZO
2024-12,IAC
2024-12,IART
2024-12,IBP
2024-12,IBTX
2024-12,ICHR
2024-12,ICUI
2024-12,IDCC
2024-12,IIIN
2024-12,IIPR
2024-12,IJR
2024-12,INDB
2024-12,INN
2024-12,INSP
2024-12,INVA
2024-12,IOSP
2024-12,IPAR
2024-12,IRWD
2024-12,ITGR
2024-12,ITRI
2024-12,JACK
2024-12,JBGS
2024-12,JBLU
2024-12,JBSS
2024-12,JBT
2024-12,JJSF
2024-12,JOE
2024-12,JXN
2024-12,KALU
2024-12,KAR
2024-12,KELYA
2024-12,KFY
2024-12,KLG
2024-12,KLIC
2024-12,KMT
2024-12,KN
2024-12,KOP
2024-12,KREF
2024-12,KRYS
2024-12,KSS
2024-12,KTB
2024-12,KW
2024-12,KWR
2024-12,LBRT
2024-12,LCII
2024-12,LEG
2024-12,LESL
2024-12,LGIH
2024-12,LGND
2024-12,LKFN
2024-12,LMAT
2024-12,LNC
2024-12,LNN
2024-12,LPG
2024-12,LQDT
2024-12,LRN
2024-12,LTC
2024-12,LUMN
2024-12,LXP
2024-12,LZB
2024-12,MAC
2024-12,MARA
2024-12,MATV
2024-12,MATW
2024-12,MATX
2024-12,MBC
2024-12,MC
2024-12,MCRI
2024-12,MCW
2024-12,MCY
2024-12,MD
2024-12,MDU
2024-12,MGEE
2024-12,MGPI
2024-12,MGY
2024-12,MHO
2024-12,MLAB
2024-12,MLKN
2024-12,MMI
2024-12,MMSI
2024-12,MNRO
2024-12,MODG
2024-12,MOG.A
2024-12,MP
2024-12,MPW
2024-12,MRCY
2024-12,MRTN
2024-12,MSEX
2024-12,MSGS
2024-12,MTH
2024-12,MTRN
2024-12,MTUS
2024-12,MTX
2024-12,MXL
2024-12,MYGN
2024-12,MYRG
2024-12,NABL
2024-12,NARI
2024-12,NATL
2024-12,NAVI
2024-12,NBHC
2024-12,NBR
2024-12,NBTB
2024-12,NEO
2024-12,NGVT
2024-12,NHC
2024-12,NMIH
2024-12,NOG
2024-12,NPK
2024-12,NPO
2024-12,NSIT
2024-12,NTCT
2024-12,NVEE
2024-12,NVRI
2024-12,NWBI
2024-12,NWL
2024-12,NWN
2024-12,NX
2024-12,NXRT
2024-12,NYMT
2024-12,ODP
2024-12,OFG
2024-12,OGN
2024-12,OI
2024-12,OII
2024-12,OMCL
2024-12,OMI
2024-12,OSIS
2024-12,OTTR
2024-12,OUT
2024-12,OXM
2024-12,PAHC
2024-12,PARR
2024-12,PATK
2024-12,PAYO
2024-12,PBH
2024-12,PBI
2024-12,PCRX
2024-12,PDCO
2024-12,PDFS
2024-12,PEB
2024-12,PECO
2024-12,PENN
2024-12,PFBC
2024-12,PFS
2024-12,PGNY
2024-12,PHIN
2024-12,PI
2024-12,PINC
2024-12,PIPR
2024-12,PJT
2024-12,PLAB
2024-12,PLAY
2024-12,PLMR
2024-12,PLUS
2024-12,PLXS
2024-12,PMT
2024-12,POWL
2024-12,PPBI
2024-12,PRA
2024-12,PRAA
2024-12,PRDO
2024-12,PRG
2024-12,PRGS
2024-12,PRLB
2024-12,PRVA
2024-12,PSMT
2024-12,PTEN
2024-12,PTGX
2024-12,PUMP
2024-12,PZZA
2024-12,QDEL
2024-12,QNST
2024-12,RAMP
2024-12,RC
2024-12,RCUS
2024-12,RDN
2024-12,RDNT
2024-12,RES
2024-12,REX
2024-12,REZI
2024-12,RGNX
2024-12,RGR
2024-12,RHI
2024-12,RNST
2024-12,ROCK
2024-12,ROG
2024-12,ROIC
2024-12,RUN
2024-12,RUSHA
2024-12,RWT
2024-12,RXO
2024-12,SABR
2024-12,SAFE
2024-12,SAFT
2024-12,SAH
2024-12,SANM
2024-12,SATS
2024-12,SBCF
2024-12,SBH
2024-12,SBSI
2024-12,SCHL
2024-12,SCL
2024-12,SCSC
2024-12,SCVL
2024-12,SDGR
2024-12,SEDG
2024-12,SEE
2024-12,SEM
2024-12,SFBS
2024-12,SFNC
2024-12,SGH
2024-12,SHAK
2024-12,SHEN
2024-12,SHO
2024-12,SHOO
2024-12,SIG
2024-12,SITC
2024-12,SITM
2024-12,SJW
2024-12,SKT
2024-12,SKYW
2024-12,SLG
2024-12,SLP
2024-12,SLVM
2024-12,SM
2024-12,SMP
2024-12,SMPL
2024-12,SMTC
2024-12,SNCY
2024-12,SNDR
2024-12,SNEX
2024-12,SONO
2024-12,SPNT
2024-12,SPSC
2024-12,SPSM
2024-12,SPTN
2024-12,SPXC
2024-12,SSTK
2024-12,STAA
2024-12,STBA
2024-12,STC
2024-12,STEL
2024-12,STEP
2024-12,STRA
2024-12,SUPN
2024-12,SVC
2024-12,SWI
2024-12,SXC
2024-12,SXI
2024-12,SXT
2024-12,TALO
2024-12,TBBK
2024-12,TDS
2024-12,TDW
2024-12,TFIN
2024-12,TGI
2024-12,TGNA
2024-12,TGTX
2024-12,THRM
2024-12,THRY
2024-12,THS
2024-12,TILE
2024-12,TMDX
2024-12,TNC
2024-12,TNDM
2024-12,TPH
2024-12,TR
2024-12,TRIP
2024-12,TRMK
2024-12,TRN
2024-12,TRST
2024-12,TRUP
2024-12,TTGT
2024-12,TTMI
2024-12,TWI
2024-12,TWO
2024-12,UCBI
2024-12,UCTT
2024-12,UE
2024-12,UFCS
2024-12,UFPT
2024-12,UHT
2024-12,UNF
2024-12,UNFI
2024-12,UNIT
2024-12,UPBD
2024-12,URBN
2024-12,USNA
2024-12,USPH
2024-12,UTL
2024-12,UVV
2024-12,VBTX
2024-12,VCEL
2024-12,VECO
2024-12,VFC
2024-12,VIAV
2024-12,VICR
2024-12,VIOO
2024-12,VIR
2024-12,VIRT
2024-12,VRE
2024-12,VRRM
2024-12,VRTS
2024-12,VSAT
2024-12,VSCO
2024-12,VSTO
2024-12,VSTS
2024-12,VTLE
2024-12,VTOL
2024-12,VVI
2024-12,VYX
2024-12,WABC
2024-12,WAFD
2024-12,WD
2024-12,WDFC
2024-12,WERN
2024-12,WGO
2024-12,WHD
2024-12,WKC
2024-12,WLY
2024-12,WNC
2024-12,WOLF
2024-12,WOR
2024-12,WRLD
2024-12,WS
2024-12,WSFS
2024-12,WSR
2024-12,WT
2024-12,WWW
2024-12,XHR
2024-12,XNCR
2024-12,XPEL
2024-12,XRX
2024-12,YELP
2024-12,YOU
2024-12,ZD
2024-12,ZWS
2025-01,AAP
2025-01,AAT
2025-01,ABCB
2025-01,ABG
2025-01,ABM
2025-01,ABR
2025-01,ACA
2025-01,ACAD
2025-01,ACIW
2025-01,ACLS
2025-01,ADEA
2025-01,ADMA
2025-01,ADNT
2025-01,ADUS
2025-01,AEIS
2025-01,AEO
2025-01,AESI
2025-01,AGO
2025-01,AGYS
2025-01,AHCO
2025-01,AHH
2025-01,AIN
2025-01,AIR
2025-01,AKR
2025-01,AL
2025-01,ALEX
2025-01,ALG
2025-01,ALGT
2025-01,ALK
2025-01,ALKS
2025-01,ALRM
2025-01,AMBC
2025-01,AMN
2025-01,AMPH
2025-01,AMR
2025-01,AMSF
2025-01,AMTM
2025-01,AMWD
2025-01,ANDE
2025-01,ANIP
2025-01,AORT
2025-01,AOSL
2025-01,APAM
2025-01,APLE
2025-01,APOG
2025-01,ARCB
2025-01,ARI
2025-01,ARLO
2025-01,AROC
2025-01,ARR
2025-01,ARWR
2025-01,ASIX
2025-01,ASO
2025-01,ASTE
2025-01,ASTH
2025-01,ATEN
2025-01,ATGE
2025-01,ATI
2025-01,AUB
2025-01,AVA
2025-01,AVAV
2025-01,AVNS
2025-01,AWI
2025-01,AWR
2025-01,AX
2025-01,AXL
2025-01,AZTA
2025-01,AZZ
2025-01,BANC
2025-01,BANF
2025-01,BANR
2025-01,BBWI
2025-01,BCC
2025-01,BCPC
2025-01,BDN
2025-01,BFH
2025-01,BFS
2025-01,BGC
2025-01,BGS
2025-01,BHE
2025-01,BHLB
2025-01,BJRI
2025-01,BKE
2025-01,BKU
2025-01,BL
2025-01,BLFS
2025-01,BLMN
2025-01,BMI
2025-01,BOH
2025-01,BOOT
2025-01,BOX
2025-01,BRC
2025-01,BRKL
2025-01,BSIG
2025-01,BTU
2025-01,BXMT
2025-01,CABO
2025-01,CAKE
2025-01,CAL
2025-01,CALM
2025-01,CALX
2025-01,CARG
2025-01,CARS
2025-01,CASH
2025-01,CATY
2025-01,CBRL
2025-01,CBU
2025-01,CCOI
2025-01,CCS
2025-01,CENT
2025-01,CENTA
2025-01,CENX
2025-01,CERT
2025-01,CEVA
2025-01,CFFN
2025-01,CHCO
2025-01,CHEF
2025-01,CLB
2025-01,CNK
2025-01,CNMD
2025-01,CNR
2025-01,CNS
2025-01,CNXN
2025-01,COHU
2025-01,COLL
2025-01,CON
2025-01,COOP
2025-01,CORT
2025-01,CPF
2025-01,CPK
2025-01,CPRX
2025-01,CRC
2025-01,CRGY
2025-01,CRI
2025-01,CRK
2025-01,CRSR
2025-01,CRVL
2025-01,CSGS
2025-01,CSR
2025-01,CSWI
2025-01,CTKB
2025-01,CTRE
2025-01,CTS
2025-01,CUBI
2025-01,CURB
2025-01,CVBF
2025-01,CVCO
2025-01,CVI
2025-01,CWEN
2025-01,CWEN.A
2025-01,CWK
2025-01,CWT
2025-01,CXM
2025-01,CXW
2025-01,DAN
2025-01,DCOM
2025-01,DEA
2025-01,DEI
2025-01,DFH
2025-01,DFIN
2025-01,DGII
2025-01,DIOD
2025-01,DLX
2025-01,DNOW
2025-01,DOCN
2025-01,DORM
2025-01,DRH
2025-01,DRQ
2025-01,DV
2025-01,DVAX
2025-01,DXC
2025-01,DXPE
2025-01,DY
2025-01,EAT
2025-01,ECG
2025-01,ECPG
2025-01,EFC
2025-01,EGBN
2025-01,EIG
2025-01,ELME
2025-01,EMBC
2025-01,ENOV
2025-01,ENR
2025-01,ENVA
2025-01,EPAC
2025-01,EPC
2025-01,EPRT
2025-01,ESE
2025-01,ETD
2025-01,ETSY
2025-01,EVTC
2025-01,EXPI
2025-01,EXTR
2025-01,EYE
2025-01,EZPW
2025-01,FBK
2025-01,FBNC
2025-01,FBP
2025-01,FBRT
2025-01,FCF
2025-01,FCPT
2025-01,FDP
2025-01,FELE
2025-01,FFBC
2025-01,FHB
2025-01,FIZZ
2025-01,FL
2025-01,FLGT
2025-01,FORM
2025-01,FOXF
2025-01,FSS
2025-01,FTDR
2025-01,FTRE
2025-01,FUL
2025-01,FULT
2025-01,FUN
2025-01,FWRD
2025-01,GBX
2025-01,GDEN
2025-01,GDOT
2025-01,GDYN
2025-01,GEO
2025-01,GES
2025-01,GFF
2025-01,GIII
2025-01,GKOS
2025-01,GMS
2025-01,GNL
2025-01,GNW
2025-01,GO
2025-01,GOGO
2025-01,GPI
2025-01,GPRE
2025-01,GRBK
2025-01,GSHD
2025-01,GTES
2025-01,GTY
2025-01,GVA
2025-01,HAFC
2025-01,HAIN
2025-01,HASI
2025-01,HAYW
2025-01,HBI
2025-01,HCC
2025-01,HCI
2025-01,HCSG
2025-01,HELE
2025-01,HFWA
2025-01,HI
2025-01,HIMS
2025-01,HIW
2025-01,HLIT
2025-01,HLX
2025-01,HMN
2025-01,HNI
2025-01,HOPE
2025-01,HP
2025-01,HRMY
2025-01,HSII
2025-01,HSTM
2025-01,HTH
2025-01,HTLD
2025-01,HTZ
2025-01,HUBG
2025-01,HWKN
2025-01,HZO
2025-01,IAC
2025-01,IART
2025-01,IBP
2025-01,ICHR
2025-01,ICUI
2025-01,IDCC
2025-01,IIIN
2025-01,IIPR
2025-01,IJR
2025-01,INDB
2025-01,INN
2025-01,INSP
2025-01,INSW
2025-01,INVA
2025-01,IOSP
2025-01,IPAR
2025-01,IRWD
2025-01,ITGR
2025-01,ITRI
2025-01,JACK
2025-01,JBGS
2025-01,JBLU
2025-01,JBSS
2025-01,JBT
2025-01,JJSF
2025-01,JOE
2025-01,JXN
2025-01,KALU
2025-01,KAR
2025-01,KFY
2025-01,KLG
2025-01,KLIC
2025-01,KMT
2025-01,KN
2025-01,KOP
2025-01,KREF
2025-01,KRYS
2025-01,KSS
2025-01,KTB
2025-01,KW
2025-01,KWR
2025-01,LBRT
2025-01,LCII
2025-01,LEG
2025-01,LESL
2025-01,LGIH
2025-01,LGND
2025-01,LKFN
2025-01,LMAT
2025-01,LNC
2025-01,LNN
2025-01,LPG
2025-01,LQDT
2025-01,LRN
2025-01,LTC
2025-01,LUMN
2025-01,LXP
2025-01,LZB
2025-01,MAC
2025-01,MARA
2025-01,MATV
2025-01,MATW
2025-01,MATX
2025-01,MBC
2025-01,MC
2025-01,MCRI
2025-01,MCW
2025-01,MCY
2025-01,MD
2025-01,MDU
2025-01,MGEE
2025-01,MGPI
2025-01,MGY
2025-01,MHO
2025-01,MLAB
2025-01,MLKN
2025-01,MMI
2025-01,MMSI
2025-01,MNRO
2025-01,MODG
2025-01,MOG.A
2025-01,MP
2025-01,MPW
2025-01,MRCY
2025-01,MRTN
2025-01,MSEX
2025-01,MSGS
2025-01,MTH
2025-01,MTRN
2025-01,MTUS
2025-01,MTX
2025-01,MXL
2025-01,MYGN
2025-01,MYRG
2025-01,NABL
2025-01,NARI
2025-01,NATL
2025-01,NAVI
2025-01,NBHC
2025-01,NBR
2025-01,NBTB
2025-01,NEO
2025-01,NGVT
2025-01,NHC
2025-01,NMIH
2025-01,NOG
2025-01,NPK
2025-01,NPO
2025-01,NSIT
2025-01,NTCT
2025-01,NVEE
2025-01,NVRI
2025-01,NWBI
2025-01,NWL
2025-01,NWN
2025-01,NX
2025-01,NXRT
2025-01,NYMT
2025-01,ODP
2025-01,OFG
2025-01,OGN
2025-01,OI
2025-01,OII
2025-01,OMCL
2025-01,OMI
2025-01,OSIS
2025-01,OTTR
2025-01,OUT
2025-01,OXM
2025-01,PAHC
2025-01,PARR
2025-01,PATK
2025-01,PAYO
2025-01,PBH
2025-01,PBI
2025-01,PCRX
2025-01,PDCO
2025-01,PDFS
2025-01,PEB
2025-01,PECO
2025-01,PENN
2025-01,PFBC
2025-01,PFS
2025-01,PGNY
2025-01,PHIN
2025-01,PI
2025-01,PINC
2025-01,PIPR
2025-01,PJT
2025-01,PLAB
2025-01,PLAY
2025-01,PLMR
2025-01,PLUS
2025-01,PLXS
2025-01,PMT
2025-01,POWL
2025-01,PPBI
2025-01,PRA
2025-01,PRAA
2025-01,PRDO
2025-01,PRG
2025-01,PRGS
2025-01,PRLB
2025-01,PRVA
2025-01,PSMT
2025-01,PTEN
2025-01,PTGX
2025-01,PUMP
2025-01,PZZA
2025-01,QDEL
2025-01,QNST
2025-01,QRVO
2025-01,RAMP
2025-01,RC
2025-01,RCUS
2025-01,RDN
2025-01,RDNT
2025-01,RES
2025-01,REX
2025-01,REZI
2025-01,RGR
2025-01,RHI
2025-01,RNST
2025-01,ROCK
2025-01,ROG
2025-01,ROIC
2025-01,RUN
2025-01,RUSHA
2025-01,RWT
2025-01,RXO
2025-01,SABR
2025-01,SAFE
2025-01,SAFT
2025-01,SAH
2025-01,SANM
2025-01,SATS
2025-01,SBCF
2025-01,SBH
2025-01,SBSI
2025-01,SCHL
2025-01,SCL
2025-01,SCSC
2025-01,SCVL
2025-01,SDGR
2025-01,SEDG
2025-01,SEE
2025-01,SEM
2025-01,SFBS
2025-01,SFNC
2025-01,SGH
2025-01,SHAK
2025-01,SHEN
2025-01,SHO
2025-01,SHOO
2025-01,SIG
2025-01,SITC
2025-01,SITM
2025-01,SJW
2025-01,SKT
2025-01,SKY
2025-01,SKYW
2025-01,SLG
2025-01,SLP
2025-01,SLVM
2025-01,SM
2025-01,SMP
2025-01,SMPL
2025-01,SMTC
2025-01,SNCY
2025-01,SNDR
2025-01,SNEX
2025-01,SONO
2025-01,SPNT
2025-01,SPSC
2025-01,SPSM
2025-01,SPTN
2025-01,SPXC
2025-01,SSTK
2025-01,STAA
2025-01,STBA
2025-01,STC
2025-01,STEL
2025-01,STEP
2025-01,STRA
2025-01,SUPN
2025-01,SWI
2025-01,SXC
2025-01,SXI
2025-01,SXT
2025-01,TALO
2025-01,TBBK
2025-01,TDS
2025-01,TDW
2025-01,TFIN
2025-01,TGI
2025-01,TGNA
2025-01,TGTX
2025-01,THRM
2025-01,THRY
2025-01,THS
2025-01,TILE
2025-01,TMDX
2025-01,TNC
2025-01,TNDM
2025-01,TPH
2025-01,TR
2025-01,TRIP
2025-01,TRMK
2025-01,TRN
2025-01,TRNO
2025-01,TRST
2025-01,TRUP
2025-01,TTGT
2025-01,TTMI
2025-01,TWI
2025-01,TWO
2025-01,UCBI
2025-01,UCTT
2025-01,UE
2025-01,UFCS
2025-01,UFPT
2025-01,UHT
2025-01,UNF
2025-01,UNFI
2025-01,UNIT
2025-01,UPBD
2025-01,URBN
2025-01,USNA
2025-01,USPH
2025-01,UTL
2025-01,UVV
2025-01,VBTX
2025-01,VCEL
2025-01,VECO
2025-01,VFC
2025-01,VIAV
2025-01,VICR
2025-01,VIOO
2025-01,VIR
2025-01,VIRT
2025-01,VRE
2025-01,VRRM
2025-01,VRTS
2025-01,VSAT
2025-01,VSCO
2025-01,VSH
2025-01,VSTS
2025-01,VTLE
2025-01,VTOL
2025-01,VVI
2025-01,VYX
2025-01,WABC
2025-01,WAFD
2025-01,WD
2025-01,WDFC
2025-01,WERN
2025-01,WGO
2025-01,WHD
2025-01,WKC
2025-01,WLY
2025-01,WNC
2025-01,WOLF
2025-01,WOR
2025-01,WRLD
2025-01,WS
2025-01,WSFS
2025-01,WSR
2025-01,WT
2025-01,WWW
2025-01,XHR
2025-01,XNCR
2025-01,XPEL
2025-01,XRX
2025-01,YELP
2025-01,YOU
2025-01,ZD
2025-01,ZWS
2025-02,AAP
2025-02,AAT
2025-02,ABCB
2025-02,ABG
2025-02,ABM
2025-02,ABR
2025-02,ACA
2025-02,ACAD
2025-02,ACIW
2025-02,ACLS
2025-02,ADEA
2025-02,ADMA
2025-02,ADNT
2025-02,ADUS
2025-02,AEIS
2025-02,AEO
2025-02,AESI
2025-02,AGO
2025-02,AGYS
2025-02,AHCO
2025-02,AHH
2025-02,AIN
2025-02,AIR
2025-02,AKR
2025-02,AL
2025-02,ALEX
2025-02,ALG
2025-02,ALGT
2025-02,ALK
2025-02,ALKS
2025-02,ALRM
2025-02,AMBC
2025-02,AMN
2025-02,AMPH
2025-02,AMR
2025-02,AMSF
2025-02,AMTM
2025-02,AMWD
2025-02,ANDE
2025-02,ANIP
2025-02,AORT
2025-02,AOSL
2025-02,APAM
2025-02,APLE
2025-02,APOG
2025-02,ARCB
2025-02,ARI
2025-02,ARLO
2025-02,AROC
2025-02,ARR
2025-02,ARWR
2025-02,ASIX
2025-02,ASO
2025-02,ASTE
2025-02,ASTH
2025-02,ATEN
2025-02,ATGE
2025-02,ATI
2025-02,AUB
2025-02,AVA
2025-02,AVAV
2025-02,AVNS
2025-02,AWI
2025-02,AWR
2025-02,AX
2025-02,AXL
2025-02,AZTA
2025-02,AZZ
2025-02,BANC
2025-02,BANF
2025-02,BANR
2025-02,BBWI
2025-02,BCC
2025-02,BCPC
2025-02,BDN
2025-02,BFH
2025-02,BFS
2025-02,BGC
2025-02,BGS
2025-02,BHE
2025-02,BHLB
2025-02,BJRI
2025-02,BKE
2025-02,BKU
2025-02,BL
2025-02,BLFS
2025-02,BLMN
2025-02,BMI
2025-02,BOH
2025-02,BOOT
2025-02,BOX
2025-02,BRC
2025-02,BRKL
2025-02,BSIG
2025-02,BTU
2025-02,BXMT
2025-02,CABO
2025-02,CAKE
2025-02,CAL
2025-02,CALM
2025-02,CALX
2025-02,CARG
2025-02,CARS
2025-02,CASH
2025-02,CATY
2025-02,CBRL
2025-02,CBU
2025-02,CCOI
2025-02,CCS
2025-02,CENT
2025-02,CENTA
2025-02,CENX
2025-02,CERT
2025-02,CEVA
2025-02,CFFN
2025-02,CHCO
2025-02,CHEF
2025-02,CLB
2025-02,CNK
2025-02,CNMD
2025-02,CNR
2025-02,CNS
2025-02,CNXN
2025-02,COHU
2025-02,COLL
2025-02,CON
2025-02,COOP
2025-02,CORT
2025-02,CPF
2025-02,CPK
2025-02,CPRX
2025-02,CRC
2025-02,CRGY
2025-02,CRI
2025-02,CRK
2025-02,CRSR
2025-02,CRVL
2025-02,CSGS
2025-02,CSR
2025-02,CSWI
2025-02,CTKB
2025-02,CTRE
2025-02,CTS
2025-02,CUBI
2025-02,CURB
2025-02,CVBF
2025-02,CVCO
2025-02,CVI
2025-02,CWEN
2025-02,CWEN.A
2025-02,CWK
2025-02,CWT
2025-02,CXM
2025-02,CXW
2025-02,DAN
2025-02,DCOM
2025-02,DEA
2025-02,DEI
2025-02,DFH
2025-02,DFIN
2025-02,DGII
2025-02,DIOD
2025-02,DLX
2025-02,DNOW
2025-02,DOCN
2025-02,DORM
2025-02,DRH
2025-02,DRQ
2025-02,DV
2025-02,DVAX
2025-02,DXC
2025-02,DXPE
2025-02,DY
2025-02,EAT
2025-02,ECG
2025-02,ECPG
2025-02,EFC
2025-02,EGBN
2025-02,EIG
2025-02,ELME
2025-02,EMBC
2025-02,ENOV
2025-02,ENR
2025-02,ENVA
2025-02,EPAC
2025-02,EPC
2025-02,EPRT
2025-02,ESE
2025-02,ETD
2025-02,ETSY
2025-02,EVTC
2025-02,EXPI
2025-02,EXTR
2025-02,EYE
2025-02,EZPW
2025-02,FBK
2025-02,FBNC
2025-02,FBP
2025-02,FBRT
2025-02,FCF
2025-02,FCPT
2025-02,FDP
2025-02,FELE
2025-02,FFBC
2025-02,FHB
2025-02,FIZZ
2025-02,FL
2025-02,FLGT
2025-02,FORM
2025-02,FOXF
2025-02,FSS
2025-02,FTDR
2025-02,FTRE
2025-02,FUL
2025-02,FULT
2025-02,FUN
2025-02,FWRD
2025-02,GBX
2025-02,GDEN
2025-02,GDOT
2025-02,GDYN
2025-02,GEO
2025-02,GES
2025-02,GFF
2025-02,GIII
2025-02,GKOS
2025-02,GMS
2025-02,GNL
2025-02,GNW
2025-02,GO
2025-02,GOGO
2025-02,GOLF
2025-02,GPI
2025-02,GPRE
2025-02,GRBK
2025-02,GSHD
2025-02,GTES
2025-02,GTY
2025-02,GVA
2025-02,HAFC
2025-02,HAIN
2025-02,HASI
2025-02,HAYW
2025-02,HBI
2025-02,HCC
2025-02,HCI
2025-02,HCSG
2025-02,HELE
2025-02,HFWA
2025-02,HI
2025-02,HIMS
2025-02,HIW
2025-02,HLIT
2025-02,HLX
2025-02,HMN
2025-02,HNI
2025-02,HOPE
2025-02,HP
2025-02,HRMY
2025-02,HSII
2025-02,HSTM
2025-02,HTH
2025-02,HTLD
2025-02,HTZ
2025-02,HUBG
2025-02,HWKN
2025-02,HZO
2025-02,IAC
2025-02,IART
2025-02,IBP
2025-02,ICHR
2025-02,ICUI
2025-02,IDCC
2025-02,IIIN
2025-02,IIPR
2025-02,IJR
2025-02,INDB
2025-02,INN
2025-02,INSP
2025-02,INSW
2025-02,INVA
2025-02,IOSP
2025-02,IPAR
2025-02,ITGR
2025-02,ITRI
2025-02,JACK
2025-02,JBGS
2025-02,JBLU
2025-02,JBSS
2025-02,JBT
2025-02,JJSF
2025-02,JOE
2025-02,JXN
2025-02,KAI
2025-02,KALU
2025-02,KAR
2025-02,KFY
2025-02,KLG
2025-02,KLIC
2025-02,KMT
2025-02,KN
2025-02,KOP
2025-02,KREF
2025-02,KRYS
2025-02,KSS
2025-02,KTB
2025-02,KW
2025-02,KWR
2025-02,LBRT
2025-02,LCII
2025-02,LEG
2025-02,LGIH
2025-02,LGND
2025-02,LKFN
2025-02,LMAT
2025-02,LNC
2025-02,LNN
2025-02,LPG
2025-02,LQDT
2025-02,LRN
2025-02,LTC
2025-02,LUMN
2025-02,LXP
2025-02,LZB
2025-02,MAC
2025-02,MARA
2025-02,MATV
2025-02,MATW
2025-02,MATX
2025-02,MBC
2025-02,MC
2025-02,MCRI
2025-02,MCW
2025-02,MCY
2025-02,MD
2025-02,MDU
2025-02,MGEE
2025-02,MGPI
2025-02,MGY
2025-02,MHO
2025-02,MLAB
2025-02,MLKN
2025-02,MMI
2025-02,MMSI
2025-02,MNRO
2025-02,MODG
2025-02,MOG.A
2025-02,MP
2025-02,MPW
2025-02,MRCY
2025-02,MRP
2025-02,MRTN
2025-02,MSEX
2025-02,MSGS
2025-02,MTH
2025-02,MTRN
2025-02,MTUS
2025-02,MTX
2025-02,MXL
2025-02,MYGN
2025-02,MYRG
2025-02,NABL
2025-02,NATL
2025-02,NAVI
2025-02,NBHC
2025-02,NBR
2025-02,NBTB
2025-02,NEO
2025-02,NGVT
2025-02,NHC
2025-02,NMIH
2025-02,NOG
2025-02,NPK
2025-02,NPO
2025-02,NSIT
2025-02,NTCT
2025-02,NVEE
2025-02,NVRI
2025-02,NWBI
2025-02,NWL
2025-02,NWN
2025-02,NX
2025-02,NXRT
2025-02,NYMT
2025-02,ODP
2025-02,OFG
2025-02,OGN
2025-02,OI
2025-02,OII
2025-02,OMCL
2025-02,OMI
2025-02,OSIS
2025-02,OTTR
2025-02,OUT
2025-02,OXM
2025-02,PAHC
2025-02,PARR
2025-02,PATK
2025-02,PAYO
2025-02,PBH
2025-02,PBI
2025-02,PCRX
2025-02,PDCO
2025-02,PDFS
2025-02,PEB
2025-02,PECO
2025-02,PENN
2025-02,PFBC
2025-02,PFS
2025-02,PGNY
2025-02,PHIN
2025-02,PI
2025-02,PINC
2025-02,PIPR
2025-02,PJT
2025-02,PLAB
2025-02,PLAY
2025-02,PLMR
2025-02,PLUS
2025-02,PLXS
2025-02,PMT
2025-02,POWL
2025-02,PPBI
2025-02,PRA
2025-02,PRAA
2025-02,PRDO
2025-02,PRG
2025-02,PRGS
2025-02,PRLB
2025-02,PRVA
2025-02,PSMT
2025-02,PTEN
2025-02,PTGX
2025-02,PUMP
2025-02,PZZA
2025-02,QDEL
2025-02,QNST
2025-02,QRVO
2025-02,RAMP
2025-02,RC
2025-02,RCUS
2025-02,RDN
2025-02,RDNT
2025-02,RES
2025-02,REX
2025-02,REZI
2025-02,RGR
2025-02,RHI
2025-02,RNST
2025-02,ROCK
2025-02,ROG
2025-02,RUN
2025-02,RUSHA
2025-02,RWT
2025-02,RXO
2025-02,SABR
2025-02,SAFE
2025-02,SAFT
2025-02,SAH
2025-02,SANM
2025-02,SATS
2025-02,SBCF
2025-02,SBH
2025-02,SBSI
2025-02,SCHL
2025-02,SCL
2025-02,SCSC
2025-02,SCVL
2025-02,SDGR
2025-02,SEDG
2025-02,SEE
2025-02,SEM
2025-02,SFBS
2025-02,SFNC
2025-02,SGH
2025-02,SHAK
2025-02,SHEN
2025-02,SHO
2025-02,SHOO
2025-02,SIG
2025-02,SITC
2025-02,SITM
2025-02,SJW
2025-02,SKT
2025-02,SKY
2025-02,SKYW
2025-02,SLG
2025-02,SLP
2025-02,SLVM
2025-02,SM
2025-02,SMP
2025-02,SMPL
2025-02,SMTC
2025-02,SNCY
2025-02,SNDK
2025-02,SNDR
2025-02,SNEX
2025-02,SONO
2025-02,SPNT
2025-02,SPSC
2025-02,SPSM
2025-02,SPTN
2025-02,SPXC
2025-02,SSTK
2025-02,STAA
2025-02,STBA
2025-02,STC
2025-02,STEL
2025-02,STEP
2025-02,STRA
2025-02,SUPN
2025-02,SWI
2025-02,SXC
2025-02,SXI
2025-02,SXT
2025-02,TALO
2025-02,TBBK
2025-02,TDS
2025-02,TDW
2025-02,TFIN
2025-02,TGI
2025-02,TGNA
2025-02,TGTX
2025-02,THRM
2025-02,THRY
2025-02,THS
2025-02,TILE
2025-02,TMDX
2025-02,TNC
2025-02,TNDM
2025-02,TPH
2025-02,TR
2025-02,TRIP
2025-02,TRMK
2025-02,TRN
2025-02,TRNO
2025-02,TRST
2025-02,TRUP
2025-02,TTGT
2025-02,TTMI
2025-02,TWI
2025-02,TWO
2025-02,UCBI
2025-02,UCTT
2025-02,UE
2025-02,UFCS
2025-02,UFPT
2025-02,UHT
2025-02,UNF
2025-02,UNFI
2025-02,UNIT
2025-02,UPBD
2025-02,URBN
2025-02,USNA
2025-02,USPH
2025-02,UTL
2025-02,UVV
2025-02,VBTX
2025-02,VCEL
2025-02,VECO
2025-02,VFC
2025-02,VIAV
2025-02,VICR
2025-02,VIOO
2025-02,VIR
2025-02,VIRT
2025-02,VRE
2025-02,VRRM
2025-02,VRTS
2025-02,VSAT
2025-02,VSCO
2025-02,VSH
2025-02,VSTS
2025-02,VTLE
2025-02,VTOL
2025-02,VVI
2025-02,VYX
2025-02,WABC
2025-02,WAFD
2025-02,WD
2025-02,WDFC
2025-02,WERN
2025-02,WGO
2025-02,WHD
2025-02,WKC
2025-02,WLY
2025-02,WNC
2025-02,WOLF
2025-02,WOR
2025-02,WRLD
2025-02,WS
2025-02,WSFS
2025-02,WSR
2025-02,WT
2025-02,WWW
2025-02,XHR
2025-02,XNCR
2025-02,XPEL
2025-02,XRX
2025-02,YELP
2025-02,YOU
2025-02,ZD
2025-02,ZWS
2025-03,AAP
2025-03,AAT
2025-03,ABCB
2025-03,ABG
2025-03,ABM
2025-03,ABR
2025-03,ACA
2025-03,ACAD
2025-03,ACIW
2025-03,ACLS
2025-03,ADEA
2025-03,ADMA
2025-03,ADNT
2025-03,ADUS
2025-03,AEIS
2025-03,AEO
2025-03,AESI
2025-03,AGO
2025-03,AGYS
2025-03,AHCO
2025-03,AHH
2025-03,AIN
2025-03,AIR
2025-03,AKR
2025-03,AL
2025-03,ALEX
2025-03,ALG
2025-03,ALGT
2025-03,ALKS
2025-03,ALRM
2025-03,AMN
2025-03,AMPH
2025-03,AMR
2025-03,AMSF
2025-03,AMTM
2025-03,AMWD
2025-03,ANDE
2025-03,ANIP
2025-03,AORT
2025-03,AOSL
2025-03,APAM
2025-03,APLE
2025-03,APOG
2025-03,ARCB
2025-03,ARI
2025-03,ARLO
2025-03,AROC
2025-03,ARR
2025-03,ARWR
2025-03,ASIX
2025-03,ASO
2025-03,ASTE
2025-03,ASTH
2025-03,ATEN
2025-03,ATGE
2025-03,AUB
2025-03,AVA
2025-03,AVAV
2025-03,AVNS
2025-03,AWI
2025-03,AWR
2025-03,AX
2025-03,AXL
2025-03,AZTA
2025-03,AZZ
2025-03,BANC
2025-03,BANF
2025-03,BANR
2025-03,BCC
2025-03,BCPC
2025-03,BDN
2025-03,BFH
2025-03,BFS
2025-03,BGC
2025-03,BGS
2025-03,BHE
2025-03,BHLB
2025-03,BJRI
2025-03,BKE
2025-03,BKU
2025-03,BL
2025-03,BLFS
2025-03,BLMN
2025-03,BMI
2025-03,BOH
2025-03,BOOT
2025-03,BOX
2025-03,BRC
2025-03,BRKL
2025-03,BSIG
2025-03,BTU
2025-03,BWA
2025-03,BXMT
2025-03,CABO
2025-03,CAKE
2025-03,CAL
2025-03,CALM
2025-03,CALX
2025-03,CARG
2025-03,CARS
2025-03,CASH
2025-03,CATY
2025-03,CBRL
2025-03,CBU
2025-03,CC
2025-03,CCOI
2025-03,CCS
2025-03,CE
2025-03,CENT
2025-03,CENTA
2025-03,CENX
2025-03,CERT
2025-03,CEVA
2025-03,CFFN
2025-03,CHCO
2025-03,CHEF
2025-03,CLB
2025-03,CLSK
2025-03,CNK
2025-03,CNMD
2025-03,CNR
2025-03,CNS
2025-03,CNXN
2025-03,COHU
2025-03,COLL
2025-03,CON
2025-03,COOP
2025-03,CORT
2025-03,CPF
2025-03,CPK
2025-03,CPRX
2025-03,CRC
2025-03,CRGY
2025-03,CRI
2025-03,CRK
2025-03,CRSR
2025-03,CRVL
2025-03,CSGS
2025-03,CSR
2025-03,CSWI
2025-03,CTKB
2025-03,CTRE
2025-03,CTS
2025-03,CUBI
2025-03,CURB
2025-03,CVBF
2025-03,CVCO
2025-03,CVI
2025-03,CWEN
2025-03,CWEN.A
2025-03,CWK
2025-03,CWT
2025-03,CXM
2025-03,CXW
2025-03,DAN
2025-03,DCOM
2025-03,DEA
2025-03,DEI
2025-03,DFH
2025-03,DFIN
2025-03,DGII
2025-03,DIOD
2025-03,DLX
2025-03,DNOW
2025-03,DOCN
2025-03,DORM
2025-03,DRH
2025-03,DRQ
2025-03,DV
2025-03,DVAX
2025-03,DXC
2025-03,DXPE
2025-03,DY
2025-03,EAT
2025-03,ECG
2025-03,ECPG
2025-03,EFC
2025-03,EGBN
2025-03,EIG
2025-03,ELME
2025-03,EMBC
2025-03,ENOV
2025-03,ENR
2025-03,ENVA
2025-03,EPAC
2025-03,EPC
2025-03,EPRT
2025-03,ESE
2025-03,ESI
2025-03,ETD
2025-03,ETSY
2025-03,EVTC
2025-03,EXPI
2025-03,EXTR
2025-03,EYE
2025-03,EZPW
2025-03,FBK
2025-03,FBNC
2025-03,FBP
2025-03,FBRT
2025-03,FCF
2025-03,FCPT
2025-03,FDP
2025-03,FELE
2025-03,FFBC
2025-03,FHB
2025-03,FIZZ
2025-03,FL
2025-03,FMC
2025-03,FORM
2025-03,FOXF
2025-03,FRPT
2025-03,FSS
2025-03,FTDR
2025-03,FTRE
2025-03,FUL
2025-03,FULT
2025-03,FUN
2025-03,FWRD
2025-03,GBX
2025-03,GDEN
2025-03,GDYN
2025-03,GEO
2025-03,GES
2025-03,GFF
2025-03,GIII
2025-03,GKOS
2025-03,GMS
2025-03,GNL
2025-03,GNW
2025-03,GO
2025-03,GOGO
2025-03,GOLF
2025-03,GPI
2025-03,GRBK
2025-03,GSHD
2025-03,GTES
2025-03,GTY
2025-03,GVA
2025-03,HAFC
2025-03,HASI
2025-03,HAYW
2025-03,HBI
2025-03,HCC
2025-03,HCI
2025-03,HCSG
2025-03,HELE
2025-03,HFWA
2025-03,HI
2025-03,HIW
2025-03,HLIT
2025-03,HLX
2025-03,HMN
2025-03,HNI
2025-03,HOPE
2025-03,HP
2025-03,HRMY
2025-03,HSII
2025-03,HSTM
2025-03,HTH
2025-03,HTLD
2025-03,HTZ
2025-03,HUBG
2025-03,HWKN
2025-03,HZO
2025-03,IAC
2025-03,IART
2025-03,IBP
2025-03,ICHR
2025-03,ICUI
2025-03,IDCC
2025-03,IIIN
2025-03,IIPR
2025-03,IJR
2025-03,INDB
2025-03,INN
2025-03,INSP
2025-03,INSW
2025-03,INVA
2025-03,IOSP
2025-03,IPAR
2025-03,ITGR
2025-03,ITRI
2025-03,JACK
2025-03,JBGS
2025-03,JBLU
2025-03,JBSS
2025-03,JBT
2025-03,JJSF
2025-03,JOE
2025-03,JXN
2025-03,KAI
2025-03,KALU
2025-03,KAR
2025-03,KFY
2025-03,KLG
2025-03,KLIC
2025-03,KMT
2025-03,KN
2025-03,KOP
2025-03,KREF
2025-03,KRYS
2025-03,KSS
2025-03,KTB
2025-03,KTOS
2025-03,KW
2025-03,KWR
2025-03,LBRT
2025-03,LCII
2025-03,LEG
2025-03,LGIH
2025-03,LGND
2025-03,LKFN
2025-03,LMAT
2025-03,LNC
2025-03,LNN
2025-03,LPG
2025-03,LQDT
2025-03,LRN
2025-03,LTC
2025-03,LUMN
2025-03,LXP
2025-03,LZB
2025-03,MAC
2025-03,MARA
2025-03,MATW
2025-03,MATX
2025-03,MBC
2025-03,MC
2025-03,MCRI
2025-03,MCW
2025-03,MCY
2025-03,MD
2025-03,MDU
2025-03,MGEE
2025-03,MGPI
2025-03,MGY
2025-03,MHO
2025-03,MLAB
2025-03,MLKN
2025-03,MMI
2025-03,MMSI
2025-03,MNRO
2025-03,MODG
2025-03,MOG.A
2025-03,MP
2025-03,MPW
2025-03,MRCY
2025-03,MRP
2025-03,MRTN
2025-03,MSEX
2025-03,MSGS
2025-03,MTH
2025-03,MTRN
2025-03,MTUS
2025-03,MTX
2025-03,MWA
2025-03,MXL
2025-03,MYGN
2025-03,MYRG
2025-03,NABL
2025-03,NATL
2025-03,NAVI
2025-03,NBHC
2025-03,NBTB
2025-03,NEO
2025-03,NEOG
2025-03,NGVT
2025-03,NHC
2025-03,NMIH
2025-03,NOG
2025-03,NPK
2025-03,NPO
2025-03,NSIT
2025-03,NTCT
2025-03,NVEE
2025-03,NVRI
2025-03,NWBI
2025-03,NWL
2025-03,NWN
2025-03,NX
2025-03,NXRT
2025-03,NYMT
2025-03,ODP
2025-03,OFG
2025-03,OGN
2025-03,OI
2025-03,OII
2025-03,OMCL
2025-03,OMI
2025-03,OSIS
2025-03,OTTR
2025-03,OUT
2025-03,OXM
2025-03,PAHC
2025-03,PARR
2025-03,PATK
2025-03,PAYO
2025-03,PBH
2025-03,PBI
2025-03,PCRX
2025-03,PDCO
2025-03,PDFS
2025-03,PEB
2025-03,PECO
2025-03,PENN
2025-03,PFBC
2025-03,PFS
2025-03,PGNY
2025-03,PHIN
2025-03,PI
2025-03,PINC
2025-03,PIPR
2025-03,PJT
2025-03,PLAB
2025-03,PLAY
2025-03,PLMR
2025-03,PLUS
2025-03,PLXS
2025-03,PMT
2025-03,POWL
2025-03,PPBI
2025-03,PRA
2025-03,PRAA
2025-03,PRDO
2025-03,PRG
2025-03,PRGS
2025-03,PRLB
2025-03,PRVA
2025-03,PSMT
2025-03,PTEN
2025-03,PTGX
2025-03,PUMP
2025-03,PZZA
2025-03,QDEL
2025-03,QNST
2025-03,QRVO
2025-03,RAMP
2025-03,RC
2025-03,RCUS
2025-03,RDN
2025-03,RDNT
2025-03,RES
2025-03,REX
2025-03,REZI
2025-03,RGR
2025-03,RHI
2025-03,RHP
2025-03,RNST
2025-03,ROCK
2025-03,ROG
2025-03,RUN
2025-03,RUSHA
2025-03,RWT
2025-03,RXO
2025-03,SABR
2025-03,SAFE
2025-03,SAFT
2025-03,SAH
2025-03,SANM
2025-03,SBCF
2025-03,SBH
2025-03,SBSI
2025-03,SCHL
2025-03,SCL
2025-03,SCSC
2025-03,SCVL
2025-03,SDGR
2025-03,SEDG
2025-03,SEE
2025-03,SEM
2025-03,SFBS
2025-03,SFNC
2025-03,SGH
2025-03,SHAK
2025-03,SHEN
2025-03,SHO
2025-03,SHOO
2025-03,SIG
2025-03,SITC
2025-03,SITM
2025-03,SJW
2025-03,SKT
2025-03,SKY
2025-03,SKYW
2025-03,SLG
2025-03,SLP
2025-03,SLVM
2025-03,SM
2025-03,SMP
2025-03,SMPL
2025-03,SMTC
2025-03,SNCY
2025-03,SNDK
2025-03,SNDR
2025-03,SNEX
2025-03,SONO
2025-03,SPNT
2025-03,SPSC
2025-03,SPSM
2025-03,SPTN
2025-03,SPXC
2025-03,SSTK
2025-03,STAA
2025-03,STBA
2025-03,STC
2025-03,STEL
2025-03,STEP
2025-03,STRA
2025-03,SUPN
2025-03,SWI
2025-03,SXC
2025-03,SXI
2025-03,SXT
2025-03,TALO
2025-03,TBBK
2025-03,TDC
2025-03,TDS
2025-03,TDW
2025-03,TFIN
2025-03,TFX
2025-03,TGI
2025-03,TGNA
2025-03,TGTX
2025-03,THRM
2025-03,THRY
2025-03,THS
2025-03,TILE
2025-03,TMDX
2025-03,TNC
2025-03,TNDM
2025-03,TPH
2025-03,TR
2025-03,TRIP
2025-03,TRMK
2025-03,TRN
2025-03,TRNO
2025-03,TRST
2025-03,TRUP
2025-03,TTGT
2025-03,TTMI
2025-03,TWI
2025-03,TWO
2025-03,UCBI
2025-03,UCTT
2025-03,UE
2025-03,UFCS
2025-03,UFPT
2025-03,UHT
2025-03,UNF
2025-03,UNFI
2025-03,UNIT
2025-03,UPBD
2025-03,URBN
2025-03,USNA
2025-03,USPH
2025-03,UTL
2025-03,UVV
2025-03,VBTX
2025-03,VCEL
2025-03,VECO
2025-03,VIAV
2025-03,VICR
2025-03,VIOO
2025-03,VIR
2025-03,VIRT
2025-03,VRE
2025-03,VRRM
2025-03,VRTS
2025-03,VSAT
2025-03,VSCO
2025-03,VSH
2025-03,VSTS
2025-03,VTLE
2025-03,VTOL
2025-03,VVI
2025-03,VYX
2025-03,WABC
2025-03,WAFD
2025-03,WD
2025-03,WDFC
2025-03,WERN
2025-03,WGO
2025-03,WHD
2025-03,WKC
2025-03,WLY
2025-03,WOLF
2025-03,WOR
2025-03,WRLD
2025-03,WS
2025-03,WSC
2025-03,WSFS
2025-03,WSR
2025-03,WT
2025-03,WWW
2025-03,XHR
2025-03,XNCR
2025-03,XPEL
2025-03,XRX
2025-03,YELP
2025-03,YOU
2025-03,ZD
2025-03,ZWS
2025-04,AAP
2025-04,AAT
2025-04,ABCB
2025-04,ABG
2025-04,ABM
2025-04,ABR
2025-04,ACA
2025-04,ACAD
2025-04,ACIW
2025-04,ACLS
2025-04,ACT
2025-04,ADEA
2025-04,ADMA
2025-04,ADNT
2025-04,ADUS
2025-04,AEIS
2025-04,AEO
2025-04,AESI
2025-04,AGO
2025-04,AGYS
2025-04,AHCO
2025-04,AHH
2025-04,AIN
2025-04,AIR
2025-04,AKR
2025-04,AL
2025-04,ALEX
2025-04,ALG
2025-04,ALGT
2025-04,ALKS
2025-04,ALRM
2025-04,AMN
2025-04,AMPH
2025-04,AMR
2025-04,AMSF
2025-04,AMTM
2025-04,AMWD
2025-04,ANDE
2025-04,ANGI
2025-04,ANIP
2025-04,AORT
2025-04,AOSL
2025-04,APAM
2025-04,APLE
2025-04,APOG
2025-04,ARCB
2025-04,ARI
2025-04,ARLO
2025-04,AROC
2025-04,ARR
2025-04,ARWR
2025-04,ASIX
2025-04,ASO
2025-04,ASTE
2025-04,ASTH
2025-04,ATEN
2025-04,ATGE
2025-04,AUB
2025-04,AVA
2025-04,AVAV
2025-04,AVNS
2025-04,AWI
2025-04,AWR
2025-04,AX
2025-04,AXL
2025-04,AZTA
2025-04,AZZ
2025-04,BANC
2025-04,BANF
2025-04,BANR
2025-04,BCC
2025-04,BCPC
2025-04,BDN
2025-04,BFH
2025-04,BFS
2025-04,BGC
2025-04,BGS
2025-04,BHE
2025-04,BHLB
2025-04,BJRI
2025-04,BKE
2025-04,BKU
2025-04,BL
2025-04,BLFS
2025-04,BLMN
2025-04,BMI
2025-04,BOH
2025-04,BOOT
2025-04,BOX
2025-04,BRC
2025-04,BRKL
2025-04,BSIG
2025-04,BTU
2025-04,BWA
2025-04,BXMT
2025-04,CABO
2025-04,CAKE
2025-04,CAL
2025-04,CALM
2025-04,CALX
2025-04,CARG
2025-04,CARS
2025-04,CASH
2025-04,CATY
2025-04,CBRL
2025-04,CBU
2025-04,CC
2025-04,CCOI
2025-04,CCS
2025-04,CE
2025-04,CENT
2025-04,CENTA
2025-04,CENX
2025-04,CERT
2025-04,CEVA
2025-04,CFFN
2025-04,CHCO
2025-04,CHEF
2025-04,CLB
2025-04,CLSK
2025-04,CNK
2025-04,CNMD
2025-04,CNR
2025-04,CNS
2025-04,CNXN
2025-04,COHU
2025-04,COLL
2025-04,CON
2025-04,COOP
2025-04,CORT
2025-04,CPF
2025-04,CPK
2025-04,CPRX
2025-04,CRC
2025-04,CRGY
2025-04,CRI
2025-04,CRK
2025-04,CRSR
2025-04,CRVL
2025-04,CSGS
2025-04,CSR
2025-04,CSWI
2025-04,CTKB
2025-04,CTRE
2025-04,CTS
2025-04,CUBI
2025-04,CURB
2025-04,CVBF
2025-04,CVCO
2025-04,CVI
2025-04,CWEN
2025-04,CWEN.A
2025-04,CWK
2025-04,CWT
2025-04,CXM
2025-04,CXW
2025-04,DAN
2025-04,DCOM
2025-04,DEA
2025-04,DEI
2025-04,DFH
2025-04,DFIN
2025-04,DGII
2025-04,DIOD
2025-04,DLX
2025-04,DNOW
2025-04,DOCN
2025-04,DORM
2025-04,DRH
2025-04,DRQ
2025-04,DV
2025-04,DVAX
2025-04,DXC
2025-04,DXPE
2025-04,DY
2025-04,EAT
2025-04,ECG
2025-04,ECPG
2025-04,EFC
2025-04,EGBN
2025-04,EIG
2025-04,ELME
2025-04,EMBC
2025-04,ENOV
2025-04,ENR
2025-04,ENVA
2025-04,EPAC
2025-04,EPC
2025-04,EPRT
2025-04,ESE
2025-04,ESI
2025-04,ETD
2025-04,ETSY
2025-04,EVTC
2025-04,EXPI
2025-04,EXTR
2025-04,EYE
2025-04,EZPW
2025-04,FBK
2025-04,FBNC
2025-04,FBP
2025-04,FBRT
2025-04,FCF
2025-04,FCPT
2025-04,FDP
2025-04,FELE
2025-04,FFBC
2025-04,FHB
2025-04,FIZZ
2025-04,FL
2025-04,FMC
2025-04,FORM
2025-04,FOXF
2025-04,FRPT
2025-04,FSS
2025-04,FTDR
2025-04,FTRE
2025-04,FUL
2025-04,FULT
2025-04,FUN
2025-04,FWRD
2025-04,GBX
2025-04,GDEN
2025-04,GDYN
2025-04,GEO
2025-04,GES
2025-04,GFF
2025-04,GIII
2025-04,GKOS
2025-04,GMS
2025-04,GNL
2025-04,GNW
2025-04,GO
2025-04,GOGO
2025-04,GOLF
2025-04,GPI
2025-04,GRBK
2025-04,GSHD
2025-04,GTES
2025-04,GTY
2025-04,GVA
2025-04,HAFC
2025-04,HASI
2025-04,HAYW
2025-04,HBI
2025-04,HCC
2025-04,HCI
2025-04,HCSG
2025-04,HELE
2025-04,HFWA
2025-04,HI
2025-04,HIW
2025-04,HLIT
2025-04,HLX
2025-04,HMN
2025-04,HNI
2025-04,HOPE
2025-04,HP
2025-04,HRMY
2025-04,HSII
2025-04,HSTM
2025-04,HTH
2025-04,HTLD
2025-04,HTZ
2025-04,HUBG
2025-04,HWKN
2025-04,HZO
2025-04,IAC
2025-04,IART
2025-04,IBP
2025-04,ICHR
2025-04,ICUI
2025-04,IDCC
2025-04,IIIN
2025-04,IIPR
2025-04,IJR
2025-04,INDB
2025-04,INN
2025-04,INSP
2025-04,INSW
2025-04,INVA
2025-04,IOSP
2025-04,IPAR
2025-04,ITGR
2025-04,ITRI
2025-04,JACK
2025-04,JBGS
2025-04,JBLU
2025-04,JBSS
2025-04,JBT
2025-04,JJSF
2025-04,JOE
2025-04,JXN
2025-04,KAI
2025-04,KALU
2025-04,KAR
2025-04,KFY
2025-04,KLG
2025-04,KLIC
2025-04,KMT
2025-04,KN
2025-04,KOP
2025-04,KREF
2025-04,KRYS
2025-04,KSS
2025-04,KTB
2025-04,KTOS
2025-04,KW
2025-04,KWR
2025-04,LBRT
2025-04,LCII
2025-04,LEG
2025-04,LGIH
2025-04,LGND
2025-04,LKFN
2025-04,LMAT
2025-04,LNC
2025-04,LNN
2025-04,LPG
2025-04,LQDT
2025-04,LRN
2025-04,LTC
2025-04,LUMN
2025-04,LXP
2025-04,LZB
2025-04,MAC
2025-04,MARA
2025-04,MATW
2025-04,MATX
2025-04,MBC
2025-04,MC
2025-04,MCRI
2025-04,MCW
2025-04,MCY
2025-04,MD
2025-04,MDU
2025-04,MGEE
2025-04,MGPI
2025-04,MGY
2025-04,MHO
2025-04,MLAB
2025-04,MLKN
2025-04,MMI
2025-04,MMSI
2025-04,MNRO
2025-04,MODG
2025-04,MOG.A
2025-04,MP
2025-04,MPW
2025-04,MRCY
2025-04,MRP
2025-04,MRTN
2025-04,MSEX
2025-04,MSGS
2025-04,MTH
2025-04,MTRN
2025-04,MTUS
2025-04,MTX
2025-04,MWA
2025-04,MXL
2025-04,MYGN
2025-04,MYRG
2025-04,NABL
2025-04,NATL
2025-04,NAVI
2025-04,NBHC
2025-04,NBTB
2025-04,NEO
2025-04,NEOG
2025-04,NGVT
2025-04,NHC
2025-04,NMIH
2025-04,NOG
2025-04,NPK
2025-04,NPO
2025-04,NSIT
2025-04,NTCT
2025-04,NVEE
2025-04,NVRI
2025-04,NWBI
2025-04,NWL
2025-04,NWN
2025-04,NX
2025-04,NXRT
2025-04,NYMT
2025-04,OFG
2025-04,OGN
2025-04,OI
2025-04,OII
2025-04,OMCL
2025-04,OMI
2025-04,OSIS
2025-04,OTTR
2025-04,OUT
2025-04,OXM
2025-04,PAHC
2025-04,PARR
2025-04,PATK
2025-04,PAYO
2025-04,PBH
2025-04,PBI
2025-04,PCRX
2025-04,PDFS
2025-04,PEB
2025-04,PECO
2025-04,PENN
2025-04,PFBC
2025-04,PFS
2025-04,PGNY
2025-04,PHIN
2025-04,PI
2025-04,PINC
2025-04,PIPR
2025-04,PJT
2025-04,PLAB
2025-04,PLAY
2025-04,PLMR
2025-04,PLUS
2025-04,PLXS
2025-04,PMT
2025-04,POWL
2025-04,PPBI
2025-04,PRA
2025-04,PRAA
2025-04,PRDO
2025-04,PRG
2025-04,PRGS
2025-04,PRLB
2025-04,PRVA
2025-04,PSMT
2025-04,PTEN
2025-04,PTGX
2025-04,PUMP
2025-04,PZZA
2025-04,QDEL
2025-04,QNST
2025-04,QRVO
2025-04,RAMP
2025-04,RC
2025-04,RCUS
2025-04,RDN
2025-04,RDNT
2025-04,RES
2025-04,REX
2025-04,REZI
2025-04,RGR
2025-04,RHI
2025-04,RHP
2025-04,RNST
2025-04,ROCK
2025-04,ROG
2025-04,RUN
2025-04,RUSHA
2025-04,RWT
2025-04,RXO
2025-04,SABR
2025-04,SAFE
2025-04,SAFT
2025-04,SAH
2025-04,SANM
2025-04,SBCF
2025-04,SBH
2025-04,SBSI
2025-04,SCHL
2025-04,SCL
2025-04,SCSC
2025-04,SCVL
2025-04,SDGR
2025-04,SEDG
2025-04,SEE
2025-04,SEM
2025-04,SFBS
2025-04,SFNC
2025-04,SGH
2025-04,SHAK
2025-04,SHEN
2025-04,SHO
2025-04,SHOO
2025-04,SIG
2025-04,SITC
2025-04,SITM
2025-04,SJW
2025-04,SKT
2025-04,SKY
2025-04,SKYW
2025-04,SLG
2025-04,SLP
2025-04,SLVM
2025-04,SM
2025-04,SMP
2025-04,SMPL
2025-04,SMTC
2025-04,SNCY
2025-04,SNDK
2025-04,SNDR
2025-04,SNEX
2025-04,SONO
2025-04,SPNT
2025-04,SPSC
2025-04,SPSM
2025-04,SPTN
2025-04,SPXC
2025-04,SSTK
2025-04,STAA
2025-04,STBA
2025-04,STC
2025-04,STEL
2025-04,STEP
2025-04,STRA
2025-04,STRL
2025-04,SUPN
2025-04,SXC
2025-04,SXI
2025-04,SXT
2025-04,TALO
2025-04,TBBK
2025-04,TDC
2025-04,TDS
2025-04,TDW
2025-04,TFIN
2025-04,TFX
2025-04,TGI
2025-04,TGNA
2025-04,TGTX
2025-04,THRM
2025-04,THRY
2025-04,THS
2025-04,TILE
2025-04,TMDX
2025-04,TNC
2025-04,TNDM
2025-04,TPH
2025-04,TR
2025-04,TRIP
2025-04,TRMK
2025-04,TRN
2025-04,TRNO
2025-04,TRST
2025-04,TRUP
2025-04,TTGT
2025-04,TTMI
2025-04,TWI
2025-04,TWO
2025-04,UCBI
2025-04,UCTT
2025-04,UE
2025-04,UFCS
2025-04,UFPT
2025-04,UHT
2025-04,UNF
2025-04,UNFI
2025-04,UNIT
2025-04,UPBD
2025-04,URBN
2025-04,USNA
2025-04,USPH
2025-04,UTL
2025-04,UVV
2025-04,VBTX
2025-04,VCEL
2025-04,VECO
2025-04,VIAV
2025-04,VICR
2025-04,VIOO
2025-04,VIR
2025-04,VIRT
2025-04,VRE
2025-04,VRRM
2025-04,VRTS
2025-04,VSAT
2025-04,VSCO
2025-04,VSH
2025-04,VSTS
2025-04,VTLE
2025-04,VTOL
2025-04,VVI
2025-04,VYX
2025-04,WABC
2025-04,WAFD
2025-04,WD
2025-04,WDFC
2025-04,WERN
2025-04,WGO
2025-04,WHD
2025-04,WKC
2025-04,WLY
2025-04,WOLF
2025-04,WOR
2025-04,WRLD
2025-04,WS
2025-04,WSC
2025-04,WSFS
2025-04,WSR
2025-04,WT
2025-04,WWW
2025-04,XHR
2025-04,XNCR
2025-04,XPEL
2025-04,XRX
2025-04,YELP
2025-04,YOU
2025-04,ZD
2025-04,ZWS
2025-05,AAP
2025-05,AAT
2025-05,ABCB
2025-05,ABG
2025-05,ABM
2025-05,ABR
2025-05,ACA
2025-05,ACAD
2025-05,ACIW
2025-05,ACLS
2025-05,ACT
2025-05,ADEA
2025-05,ADMA
2025-05,ADNT
2025-05,ADUS
2025-05,AEIS
2025-05,AEO
2025-05,AESI
2025-05,AGO
2025-05,AGYS
2025-05,AHCO
2025-05,AHH
2025-05,AIN
2025-05,AIR
2025-05,AKR
2025-05,AL
2025-05,ALEX
2025-05,ALG
2025-05,ALGT
2025-05,ALKS
2025-05,ALRM
2025-05,AMN
2025-05,AMPH
2025-05,AMR
2025-05,AMSF
2025-05,AMTM
2025-05,AMWD
2025-05,ANDE
2025-05,ANGI
2025-05,ANIP
2025-05,AORT
2025-05,AOSL
2025-05,APAM
2025-05,APLE
2025-05,APOG
2025-05,ARCB
2025-05,ARI
2025-05,ARLO
2025-05,AROC
2025-05,ARR
2025-05,ARWR
2025-05,ASIX
2025-05,ASO
2025-05,ASTE
2025-05,ASTH
2025-05,ATEN
2025-05,ATGE
2025-05,AUB
2025-05,AVA
2025-05,AVAV
2025-05,AVNS
2025-05,AWI
2025-05,AWR
2025-05,AX
2025-05,AXL
2025-05,AZTA
2025-05,AZZ
2025-05,BANC
2025-05,BANF
2025-05,BANR
2025-05,BCC
2025-05,BCPC
2025-05,BDN
2025-05,BFH
2025-05,BFS
2025-05,BGC
2025-05,BGS
2025-05,BHE
2025-05,BHLB
2025-05,BJRI
2025-05,BKE
2025-05,BKU
2025-05,BL
2025-05,BLFS
2025-05,BLMN
2025-05,BMI
2025-05,BOH
2025-05,BOOT
2025-05,BOX
2025-05,BRC
2025-05,BRKL
2025-05,BSIG
2025-05,BTU
2025-05,BWA
2025-05,BXMT
2025-05,CABO
2025-05,CAKE
2025-05,CAL
2025-05,CALM
2025-05,CALX
2025-05,CARG
2025-05,CARS
2025-05,CASH
2025-05,CATY
2025-05,CBRL
2025-05,CBU
2025-05,CC
2025-05,CCOI
2025-05,CCS
2025-05,CE
2025-05,CENT
2025-05,CENTA
2025-05,CENX
2025-05,CERT
2025-05,CEVA
2025-05,CFFN
2025-05,CHCO
2025-05,CHEF
2025-05,CLB
2025-05,CLSK
2025-05,CNK
2025-05,CNMD
2025-05,CNR
2025-05,CNS
2025-05,CNXN
2025-05,COHU
2025-05,COLL
2025-05,CON
2025-05,COOP
2025-05,CORT
2025-05,CPF
2025-05,CPK
2025-05,CPRX
2025-05,CRC
2025-05,CRGY
2025-05,CRI
2025-05,CRK
2025-05,CRSR
2025-05,CRVL
2025-05,CSGS
2025-05,CSR
2025-05,CSWI
2025-05,CTKB
2025-05,CTRE
2025-05,CTS
2025-05,CUBI
2025-05,CURB
2025-05,CVBF
2025-05,CVCO
2025-05,CVI
2025-05,CWEN
2025-05,CWEN.A
2025-05,CWK
2025-05,CWT
2025-05,CXM
2025-05,CXW
2025-05,DAN
2025-05,DCOM
2025-05,DEA
2025-05,DEI
2025-05,DFH
2025-05,DFIN
2025-05,DGII
2025-05,DIOD
2025-05,DLX
2025-05,DNOW
2025-05,DOCN
2025-05,DORM
2025-05,DRH
2025-05,DRQ
2025-05,DV
2025-05,DVAX
2025-05,DXC
2025-05,DXPE
2025-05,DY
2025-05,EAT
2025-05,ECG
2025-05,ECPG
2025-05,EFC
2025-05,EGBN
2025-05,EIG
2025-05,ELME
2025-05,EMBC
2025-05,ENOV
2025-05,ENR
2025-05,ENVA
2025-05,EPAC
2025-05,EPC
2025-05,EPRT
2025-05,ESE
2025-05,ESI
2025-05,ETD
2025-05,ETSY
2025-05,EVTC
2025-05,EXPI
2025-05,EXTR
2025-05,EYE
2025-05,EZPW
2025-05,FBK
2025-05,FBNC
2025-05,FBP
2025-05,FBRT
2025-05,FCF
2025-05,FCPT
2025-05,FDP
2025-05,FELE
2025-05,FFBC
2025-05,FHB
2025-05,FIZZ
2025-05,FL
2025-05,FMC
2025-05,FORM
2025-05,FOXF
2025-05,FRPT
2025-05,FSS
2025-05,FTDR
2025-05,FTRE
2025-05,FUL
2025-05,FULT
2025-05,FUN
2025-05,FWRD
2025-05,GBX
2025-05,GDEN
2025-05,GDYN
2025-05,GEO
2025-05,GES
2025-05,GFF
2025-05,GIII
2025-05,GKOS
2025-05,GMS
2025-05,GNL
2025-05,GNW
2025-05,GO
2025-05,GOGO
2025-05,GOLF
2025-05,GPI
2025-05,GRBK
2025-05,GSHD
2025-05,GTES
2025-05,GTY
2025-05,GVA
2025-05,HAFC
2025-05,HASI
2025-05,HAYW
2025-05,HBI
2025-05,HCC
2025-05,HCI
2025-05,HCSG
2025-05,HELE
2025-05,HFWA
2025-05,HI
2025-05,HIW
2025-05,HLIT
2025-05,HLX
2025-05,HMN
2025-05,HNI
2025-05,HOPE
2025-05,HP
2025-05,HRMY
2025-05,HSII
2025-05,HSTM
2025-05,HTH
2025-05,HTLD
2025-05,HTZ
2025-05,HUBG
2025-05,HWKN
2025-05,HZO
2025-05,IAC
2025-05,IART
2025-05,IBP
2025-05,ICHR
2025-05,ICUI
2025-05,IDCC
2025-05,IIIN
2025-05,IIPR
2025-05,IJR
2025-05,INDB
2025-05,INN
2025-05,INSP
2025-05,INSW
2025-05,INVA
2025-05,IOSP
2025-05,IPAR
2025-05,ITGR
2025-05,ITRI
2025-05,JACK
2025-05,JBGS
2025-05,JBLU
2025-05,JBSS
2025-05,JBT
2025-05,JJSF
2025-05,JOE
2025-05,JXN
2025-05,KAI
2025-05,KALU
2025-05,KAR
2025-05,KFY
2025-05,KLG
2025-05,KLIC
2025-05,KMT
2025-05,KN
2025-05,KOP
2025-05,KREF
2025-05,KRYS
2025-05,KSS
2025-05,KTB
2025-05,KTOS
2025-05,KW
2025-05,KWR
2025-05,LBRT
2025-05,LCII
2025-05,LEG
2025-05,LGIH
2025-05,LGND
2025-05,LKFN
2025-05,LMAT
2025-05,LNC
2025-05,LNN
2025-05,LPG
2025-05,LQDT
2025-05,LRN
2025-05,LTC
2025-05,LUMN
2025-05,LXP
2025-05,LZB
2025-05,MAC
2025-05,MARA
2025-05,MATW
2025-05,MATX
2025-05,MBC
2025-05,MC
2025-05,MCRI
2025-05,MCW
2025-05,MCY
2025-05,MD
2025-05,MDU
2025-05,MGEE
2025-05,MGPI
2025-05,MGY
2025-05,MHO
2025-05,MLAB
2025-05,MLKN
2025-05,MMI
2025-05,MMSI
2025-05,MNRO
2025-05,MODG
2025-05,MOG.A
2025-05,MP
2025-05,MPW
2025-05,MRCY
2025-05,MRP
2025-05,MRTN
2025-05,MSEX
2025-05,MSGS
2025-05,MTH
2025-05,MTRN
2025-05,MTUS
2025-05,MTX
2025-05,MWA
2025-05,MXL
2025-05,MYGN
2025-05,MYRG
2025-05,NABL
2025-05,NATL
2025-05,NAVI
2025-05,NBHC
2025-05,NBTB
2025-05,NEO
2025-05,NEOG
2025-05,NGVT
2025-05,NHC
2025-05,NMIH
2025-05,NOG
2025-05,NPK
2025-05,NPO
2025-05,NSIT
2025-05,NTCT
2025-05,NVEE
2025-05,NVRI
2025-05,NWBI
2025-05,NWL
2025-05,NWN
2025-05,NX
2025-05,NXRT
2025-05,NYMT
2025-05,OFG
2025-05,OGN
2025-05,OI
2025-05,OII
2025-05,OMCL
2025-05,OMI
2025-05,OSIS
2025-05,OTTR
2025-05,OUT
2025-05,OXM
2025-05,PAHC
2025-05,PARR
2025-05,PATK
2025-05,PAYO
2025-05,PBH
2025-05,PBI
2025-05,PCRX
2025-05,PDFS
2025-05,PEB
2025-05,PECO
2025-05,PENN
2025-05,PFBC
2025-05,PFS
2025-05,PGNY
2025-05,PHIN
2025-05,PI
2025-05,PINC
2025-05,PIPR
2025-05,PJT
2025-05,PLAB
2025-05,PLAY
2025-05,PLMR
2025-05,PLUS
2025-05,PLXS
2025-05,PMT
2025-05,POWL
2025-05,PPBI
2025-05,PRA
2025-05,PRAA
2025-05,PRDO
2025-05,PRG
2025-05,PRGS
2025-05,PRLB
2025-05,PRVA
2025-05,PSMT
2025-05,PTEN
2025-05,PTGX
2025-05,PUMP
2025-05,PZZA
2025-05,QDEL
2025-05,QNST
2025-05,QRVO
2025-05,RAMP
2025-05,RC
2025-05,RCUS
2025-05,RDN
2025-05,RDNT
2025-05,RES
2025-05,REX
2025-05,REZI
2025-05,RGR
2025-05,RHI
2025-05,RHP
2025-05,RNST
2025-05,ROCK
2025-05,ROG
2025-05,RUN
2025-05,RUSHA
2025-05,RWT
2025-05,RXO
2025-05,SABR
2025-05,SAFE
2025-05,SAFT
2025-05,SAH
2025-05,SANM
2025-05,SBCF
2025-05,SBH
2025-05,SBSI
2025-05,SCHL
2025-05,SCL
2025-05,SCSC
2025-05,SCVL
2025-05,SDGR
2025-05,SEDG
2025-05,SEE
2025-05,SEM
2025-05,SFBS
2025-05,SFNC
2025-05,SGH
2025-05,SHAK
2025-05,SHEN
2025-05,SHO
2025-05,SHOO
2025-05,SIG
2025-05,SITC
2025-05,SITM
2025-05,SJW
2025-05,SKT
2025-05,SKY
2025-05,SKYW
2025-05,SLG
2025-05,SLP
2025-05,SLVM
2025-05,SM
2025-05,SMP
2025-05,SMPL
2025-05,SMTC
2025-05,SNCY
2025-05,SNDK
2025-05,SNDR
2025-05,SNEX
2025-05,SONO
2025-05,SPNT
2025-05,SPSC
2025-05,SPSM
2025-05,SPTN
2025-05,SPXC
2025-05,SSTK
2025-05,STAA
2025-05,STBA
2025-05,STC
2025-05,STEL
2025-05,STEP
2025-05,STRA
2025-05,STRL
2025-05,SUPN
2025-05,SXC
2025-05,SXI
2025-05,SXT
2025-05,TALO
2025-05,TBBK
2025-05,TDC
2025-05,TDS
2025-05,TDW
2025-05,TFIN
2025-05,TFX
2025-05,TGI
2025-05,TGNA
2025-05,TGTX
2025-05,THRM
2025-05,THRY
2025-05,THS
2025-05,TILE
2025-05,TMDX
2025-05,TNC
2025-05,TNDM
2025-05,TPH
2025-05,TR
2025-05,TRIP
2025-05,TRMK
2025-05,TRN
2025-05,TRNO
2025-05,TRST
2025-05,TRUP
2025-05,TTGT
2025-05,TTMI
2025-05,TWI
2025-05,TWO
2025-05,UCBI
2025-05,UCTT
2025-05,UE
2025-05,UFCS
2025-05,UFPT
2025-05,UHT
2025-05,UNF
2025-05,UNFI
2025-05,UNIT
2025-05,UPBD
2025-05,URBN
2025-05,USNA
2025-05,USPH
2025-05,UTL
2025-05,UVV
2025-05,VBTX
2025-05,VCEL
2025-05,VECO
2025-05,VIAV
2025-05,VICR
2025-05,VIOO
2025-05,VIR
2025-05,VIRT
2025-05,VRE
2025-05,VRRM
2025-05,VRTS
2025-05,VSAT
2025-05,VSCO
2025-05,VSH
2025-05,VSTS
2025-05,VTLE
2025-05,VTOL
2025-05,VVI
2025-05,VYX
2025-05,WABC
2025-05,WAFD
2025-05,WD
2025-05,WDFC
2025-05,WERN
2025-05,WGO
2025-05,WHD
2025-05,WKC
2025-05,WLY
2025-05,WOLF
2025-05,WOR
2025-05,WRLD
2025-05,WS
2025-05,WSC
2025-05,WSFS
2025-05,WSR
2025-05,WT
2025-05,WWW
2025-05,XHR
2025-05,XNCR
2025-05,XPEL
2025-05,XRX
2025-05,YELP
2025-05,YOU
2025-05,ZD
2025-05,ZWS
2025-06,AAP
2025-06,AAT
2025-06,ABCB
2025-06,ABG
2025-06,ABM
2025-06,ABR
2025-06,ACA
2025-06,ACAD
2025-06,ACIW
2025-06,ACLS
2025-06,ACT
2025-06,ADEA
2025-06,ADMA
2025-06,ADNT
2025-06,ADUS
2025-06,AEIS
2025-06,AEO
2025-06,AESI
2025-06,AGO
2025-06,AGYS
2025-06,AHCO
2025-06,AHH
2025-06,AIN
2025-06,AIR
2025-06,AKR
2025-06,AL
2025-06,ALEX
2025-06,ALG
2025-06,ALGT
2025-06,ALKS
2025-06,ALRM
2025-06,AMN
2025-06,AMPH
2025-06,AMR
2025-06,AMSF
2025-06,AMTM
2025-06,AMWD
2025-06,ANDE
2025-06,ANGI
2025-06,ANIP
2025-06,AORT
2025-06,AOSL
2025-06,APAM
2025-06,APLE
2025-06,APOG
2025-06,ARCB
2025-06,ARI
2025-06,ARLO
2025-06,AROC
2025-06,ARR
2025-06,ARWR
2025-06,ASIX
2025-06,ASO
2025-06,ASTE
2025-06,ASTH
2025-06,ATEN
2025-06,ATGE
2025-06,AUB
2025-06,AVA
2025-06,AVAV
2025-06,AVNS
2025-06,AWI
2025-06,AWR
2025-06,AX
2025-06,AXL
2025-06,AZTA
2025-06,AZZ
2025-06,BANC
2025-06,BANF
2025-06,BANR
2025-06,BCC
2025-06,BCPC
2025-06,BDN
2025-06,BFH
2025-06,BFS
2025-06,BGC
2025-06,BGS
2025-06,BHE
2025-06,BHLB
2025-06,BJRI
2025-06,BKE
2025-06,BKU
2025-06,BL
2025-06,BLFS
2025-06,BLMN
2025-06,BMI
2025-06,BOH
2025-06,BOOT
2025-06,BOX
2025-06,BRC
2025-06,BRKL
2025-06,BSIG
2025-06,BTU
2025-06,BWA
2025-06,BXMT
2025-06,CABO
2025-06,CAKE
2025-06,CAL
2025-06,CALM
2025-06,CALX
2025-06,CARG
2025-06,CARS
2025-06,CASH
2025-06,CATY
2025-06,CBRL
2025-06,CBU
2025-06,CC
2025-06,CCOI
2025-06,CCS
2025-06,CE
2025-06,CENT
2025-06,CENTA
2025-06,CENX
2025-06,CERT
2025-06,CEVA
2025-06,CFFN
2025-06,CHCO
2025-06,CHEF
2025-06,CLB
2025-06,CLSK
2025-06,CNK
2025-06,CNMD
2025-06,CNR
2025-06,CNS
2025-06,CNXN
2025-06,COHU
2025-06,COLL
2025-06,CON
2025-06,COOP
2025-06,CORT
2025-06,CPF
2025-06,CPK
2025-06,CPRX
2025-06,CRC
2025-06,CRGY
2025-06,CRI
2025-06,CRK
2025-06,CRSR
2025-06,CRVL
2025-06,CSGS
2025-06,CSR
2025-06,CSWI
2025-06,CTKB
2025-06,CTRE
2025-06,CTS
2025-06,CUBI
2025-06,CURB
2025-06,CVBF
2025-06,CVCO
2025-06,CVI
2025-06,CWEN
2025-06,CWEN.A
2025-06,CWK
2025-06,CWT
2025-06,CXM
2025-06,CXW
2025-06,DAN
2025-06,DCOM
2025-06,DEA
2025-06,DEI
2025-06,DFH
2025-06,DFIN
2025-06,DGII
2025-06,DIOD
2025-06,DLX
2025-06,DNOW
2025-06,DOCN
2025-06,DORM
2025-06,DRH
2025-06,DRQ
2025-06,DV
2025-06,DVAX
2025-06,DXC
2025-06,DXPE
2025-06,DY
2025-06,EAT
2025-06,ECG
2025-06,ECPG
2025-06,EFC
2025-06,EGBN
2025-06,EIG
2025-06,ELME
2025-06,EMBC
2025-06,ENOV
2025-06,ENR
2025-06,ENVA
2025-06,EPAC
2025-06,EPC
2025-06,EPRT
2025-06,ESE
2025-06,ESI
2025-06,ETD
2025-06,ETSY
2025-06,EVTC
2025-06,EXPI
2025-06,EXTR
2025-06,EYE
2025-06,EZPW
2025-06,FBK
2025-06,FBNC
2025-06,FBP
2025-06,FBRT
2025-06,FCF
2025-06,FCPT
2025-06,FDP
2025-06,FELE
2025-06,FFBC
2025-06,FHB
2025-06,FIZZ
2025-06,FL
2025-06,FMC
2025-06,FORM
2025-06,FOXF
2025-06,FRPT
2025-06,FSS
2025-06,FTDR
2025-06,FTRE
2025-06,FUL
2025-06,FULT
2025-06,FUN
2025-06,FWRD
2025-06,GBX
2025-06,GDEN
2025-06,GDYN
2025-06,GEO
2025-06,GES
2025-06,GFF
2025-06,GIII
2025-06,GKOS
2025-06,GMS
2025-06,GNL
2025-06,GNW
2025-06,GO
2025-06,GOGO
2025-06,GOLF
2025-06,GPI
2025-06,GRBK
2025-06,GSHD
2025-06,GTES
2025-06,GTY
2025-06,GVA
2025-06,HAFC
2025-06,HASI
2025-06,HAYW
2025-06,HBI
2025-06,HCC
2025-06,HCI
2025-06,HCSG
2025-06,HELE
2025-06,HFWA
2025-06,HI
2025-06,HIW
2025-06,HLIT
2025-06,HLX
2025-06,HMN
2025-06,HNI
2025-06,HOPE
2025-06,HP
2025-06,HRMY
2025-06,HSII
2025-06,HSTM
2025-06,HTH
2025-06,HTLD
2025-06,HTZ
2025-06,HUBG
2025-06,HWKN
2025-06,HZO
2025-06,IAC
2025-06,IART
2025-06,IBP
2025-06,ICHR
2025-06,ICUI
2025-06,IDCC
2025-06,IIIN
2025-06,IIPR
2025-06,IJR
2025-06,INDB
2025-06,INN
2025-06,INSP
2025-06,INSW
2025-06,INVA
2025-06,IOSP
2025-06,IPAR
2025-06,ITGR
2025-06,ITRI
2025-06,JACK
2025-06,JBGS
2025-06,JBLU
2025-06,JBSS
2025-06,JBT
2025-06,JJSF
2025-06,JOE
2025-06,JXN
2025-06,KAI
2025-06,KALU
2025-06,KAR
2025-06,KFY
2025-06,KLG
2025-06,KLIC
2025-06,KMT
2025-06,KN
2025-06,KOP
2025-06,KREF
2025-06,KRYS
2025-06,KSS
2025-06,KTB
2025-06,KTOS
2025-06,KW
2025-06,KWR
2025-06,LBRT
2025-06,LCII
2025-06,LEG
2025-06,LGIH
2025-06,LGND
2025-06,LKFN
2025-06,LMAT
2025-06,LNC
2025-06,LNN
2025-06,LPG
2025-06,LQDT
2025-06,LRN
2025-06,LTC
2025-06,LUMN
2025-06,LXP
2025-06,LZB
2025-06,MAC
2025-06,MARA
2025-06,MATW
2025-06,MATX
2025-06,MBC
2025-06,MC
2025-06,MCRI
2025-06,MCW
2025-06,MCY
2025-06,MD
2025-06,MDU
2025-06,MGEE
2025-06,MGPI
2025-06,MGY
2025-06,MHO
2025-06,MLAB
2025-06,MLKN
2025-06,MMI
2025-06,MMSI
2025-06,MNRO
2025-06,MODG
2025-06,MOG.A
2025-06,MP
2025-06,MPW
2025-06,MRCY
2025-06,MRP
2025-06,MRTN
2025-06,MSEX
2025-06,MSGS
2025-06,MTH
2025-06,MTRN
2025-06,MTUS
2025-06,MTX
2025-06,MWA
2025-06,MXL
2025-06,MYGN
2025-06,MYRG
2025-06,NABL
2025-06,NATL
2025-06,NAVI
2025-06,NBHC
2025-06,NBTB
2025-06,NEO
2025-06,NEOG
2025-06,NGVT
2025-06,NHC
2025-06,NMIH
2025-06,NOG
2025-06,NPK
2025-06,NPO
2025-06,NSIT
2025-06,NTCT
2025-06,NVEE
2025-06,NVRI
2025-06,NWBI
2025-06,NWL
2025-06,NWN
2025-06,NX
2025-06,NXRT
2025-06,NYMT
2025-06,OFG
2025-06,OGN
2025-06,OI
2025-06,OII
2025-06,OMCL
2025-06,OMI
2025-06,OSIS
2025-06,OTTR
2025-06,OUT
2025-06,OXM
2025-06,PAHC
2025-06,PARR
2025-06,PATK
2025-06,PAYO
2025-06,PBH
2025-06,PBI
2025-06,PCRX
2025-06,PDFS
2025-06,PEB
2025-06,PECO
2025-06,PENN
2025-06,PFBC
2025-06,PFS
2025-06,PGNY
2025-06,PHIN
2025-06,PI
2025-06,PINC
2025-06,PIPR
2025-06,PJT
2025-06,PLAB
2025-06,PLAY
2025-06,PLMR
2025-06,PLUS
2025-06,PLXS
2025-06,PMT
2025-06,POWL
2025-06,PPBI
2025-06,PRA
2025-06,PRAA
2025-06,PRDO
2025-06,PRG
2025-06,PRGS
2025-06,PRLB
2025-06,PRVA
2025-06,PSMT
2025-06,PTEN
2025-06,PTGX
2025-06,PUMP
2025-06,PZZA
2025-06,QDEL
2025-06,QNST
2025-06,QRVO
2025-06,RAMP
2025-06,RC
2025-06,RCUS
2025-06,RDN
2025-06,RDNT
2025-06,RES
2025-06,REX
2025-06,REZI
2025-06,RGR
2025-06,RHI
2025-06,RHP
2025-06,RNST
2025-06,ROCK
2025-06,ROG
2025-06,RUN
2025-06,RUSHA
2025-06,RWT
2025-06,RXO
2025-06,SABR
2025-06,SAFE
2025-06,SAFT
2025-06,SAH
2025-06,SANM
2025-06,SBCF
2025-06,SBH
2025-06,SBSI
2025-06,SCHL
2025-06,SCL
2025-06,SCSC
2025-06,SCVL
2025-06,SDGR
2025-06,SEDG
2025-06,SEE
2025-06,SEM
2025-06,SFBS
2025-06,SFNC
2025-06,SGH
2025-06,SHAK
2025-06,SHEN
2025-06,SHO
2025-06,SHOO
2025-06,SIG
2025-06,SITC
2025-06,SITM
2025-06,SJW
2025-06,SKT
2025-06,SKY
2025-06,SKYW
2025-06,SLG
2025-06,SLP
2025-06,SLVM
2025-06,SM
2025-06,SMP
2025-06,SMPL
2025-06,SMTC
2025-06,SNCY
2025-06,SNDK
2025-06,SNDR
2025-06,SNEX
2025-06,SONO
2025-06,SPNT
2025-06,SPSC
2025-06,SPSM
2025-06,SPTN
2025-06,SPXC
2025-06,SSTK
2025-06,STAA
2025-06,STBA
2025-06,STC
2025-06,STEL
2025-06,STEP
2025-06,STRA
2025-06,STRL
2025-06,SUPN
2025-06,SXC
2025-06,SXI
2025-06,SXT
2025-06,TALO
2025-06,TBBK
2025-06,TDC
2025-06,TDS
2025-06,TDW
2025-06,TFIN
2025-06,TFX
2025-06,TGI
2025-06,TGNA
2025-06,TGTX
2025-06,THRM
2025-06,THRY
2025-06,THS
2025-06,TILE
2025-06,TMDX
2025-06,TNC
2025-06,TNDM
2025-06,TPH
2025-06,TR
2025-06,TRIP
2025-06,TRMK
2025-06,TRN
2025-06,TRNO
2025-06,TRST
2025-06,TRUP
2025-06,TTGT
2025-06,TTMI
2025-06,TWI
2025-06,TWO
2025-06,UCBI
2025-06,UCTT
2025-06,UE
2025-06,UFCS
2025-06,UFPT
2025-06,UHT
2025-06,UNF
2025-06,UNFI
2025-06,UNIT
2025-06,UPBD
2025-06,URBN
2025-06,USNA
2025-06,USPH
2025-06,UTL
2025-06,UVV
2025-06,VBTX
2025-06,VCEL
2025-06,VECO
2025-06,VIAV
2025-06,VICR
2025-06,VIOO
2025-06,VIR
2025-06,VIRT
2025-06,VRE
2025-06,VRRM
2025-06,VRTS
2025-06,VSAT
2025-06,VSCO
2025-06,VSH
2025-06,VSTS
2025-06,VTLE
2025-06,VTOL
2025-06,VVI
2025-06,VYX
2025-06,WABC
2025-06,WAFD
2025-06,WD
2025-06,WDFC
2025-06,WERN
2025-06,WGO
2025-06,WHD
2025-06,WKC
2025-06,WLY
2025-06,WOLF
2025-06,WOR
2025-06,WRLD
2025-06,WS
2025-06,WSC
2025-06,WSFS
2025-06,WSR
2025-06,WT
2025-06,WWW
2025-06,XHR
2025-06,XNCR
2025-06,XPEL
2025-06,XRX
2025-06,YELP
2025-06,YOU
2025-06,ZD
2025-06,ZWS
2025-07,AAP
2025-07,AAT
2025-07,ABCB
2025-07,ABG
2025-07,ABM
2025-07,ABR
2025-07,ACA
2025-07,ACAD
2025-07,ACIW
2025-07,ACLS
2025-07,ACT
2025-07,ADEA
2025-07,ADMA
2025-07,ADNT
2025-07,ADUS
2025-07,AEIS
2025-07,AEO
2025-07,AESI
2025-07,AGO
2025-07,AGYS
2025-07,AHCO
2025-07,AHH
2025-07,AIN
2025-07,AIR
2025-07,AKR
2025-07,AL
2025-07,ALEX
2025-07,ALG
2025-07,ALGT
2025-07,ALKS
2025-07,ALRM
2025-07,AMN
2025-07,AMPH
2025-07,AMR
2025-07,AMSF
2025-07,AMTM
2025-07,AMWD
2025-07,ANDE
2025-07,ANGI
2025-07,ANIP
2025-07,AORT
2025-07,AOSL
2025-07,APAM
2025-07,APLE
2025-07,APOG
2025-07,ARCB
2025-07,ARI
2025-07,ARLO
2025-07,AROC
2025-07,ARR
2025-07,ARWR
2025-07,ASIX
2025-07,ASO
2025-07,ASTE
2025-07,ASTH
2025-07,ATEN
2025-07,ATGE
2025-07,AUB
2025-07,AVA
2025-07,AVNS
2025-07,AWI
2025-07,AWR
2025-07,AX
2025-07,AXL
2025-07,AZTA
2025-07,AZZ
2025-07,BANC
2025-07,BANF
2025-07,BANR
2025-07,BCC
2025-07,BCPC
2025-07,BDN
2025-07,BFH
2025-07,BFS
2025-07,BGC
2025-07,BGS
2025-07,BHE
2025-07,BHLB
2025-07,BJRI
2025-07,BKE
2025-07,BKU
2025-07,BL
2025-07,BLFS
2025-07,BLMN
2025-07,BMI
2025-07,BOH
2025-07,BOOT
2025-07,BOX
2025-07,BRC
2025-07,BRKL
2025-07,BSIG
2025-07,BTU
2025-07,BWA
2025-07,BXMT
2025-07,CABO
2025-07,CAKE
2025-07,CAL
2025-07,CALM
2025-07,CALX
2025-07,CARG
2025-07,CARS
2025-07,CASH
2025-07,CATY
2025-07,CBRL
2025-07,CBU
2025-07,CC
2025-07,CCOI
2025-07,CCS
2025-07,CE
2025-07,CENT
2025-07,CENTA
2025-07,CENX
2025-07,CERT
2025-07,CEVA
2025-07,CFFN
2025-07,CHCO
2025-07,CHEF
2025-07,CLB
2025-07,CLSK
2025-07,CNK
2025-07,CNMD
2025-07,CNR
2025-07,CNS
2025-07,CNXN
2025-07,COHU
2025-07,COLL
2025-07,CON
2025-07,COOP
2025-07,CORT
2025-07,CPF
2025-07,CPK
2025-07,CPRX
2025-07,CRC
2025-07,CRGY
2025-07,CRI
2025-07,CRK
2025-07,CRSR
2025-07,CRVL
2025-07,CSGS
2025-07,CSR
2025-07,CSWI
2025-07,CTKB
2025-07,CTRE
2025-07,CTS
2025-07,CUBI
2025-07,CURB
2025-07,CVBF
2025-07,CVCO
2025-07,CVI
2025-07,CWEN
2025-07,CWEN.A
2025-07,CWK
2025-07,CWT
2025-07,CXM
2025-07,CXW
2025-07,DAN
2025-07,DCOM
2025-07,DEA
2025-07,DEI
2025-07,DFH
2025-07,DFIN
2025-07,DGII
2025-07,DIOD
2025-07,DLX
2025-07,DNOW
2025-07,DOCN
2025-07,DORM
2025-07,DRH
2025-07,DRQ
2025-07,DV
2025-07,DVAX
2025-07,DXC
2025-07,DXPE
2025-07,DY
2025-07,EAT
2025-07,ECG
2025-07,ECPG
2025-07,EFC
2025-07,EGBN
2025-07,EIG
2025-07,ELME
2025-07,EMBC
2025-07,ENOV
2025-07,ENR
2025-07,ENVA
2025-07,EPAC
2025-07,EPC
2025-07,EPRT
2025-07,ESE
2025-07,ESI
2025-07,ETD
2025-07,ETSY
2025-07,EVTC
2025-07,EXPI
2025-07,EXTR
2025-07,EYE
2025-07,EZPW
2025-07,FBK
2025-07,FBNC
2025-07,FBP
2025-07,FBRT
2025-07,FCF
2025-07,FCPT
2025-07,FDP
2025-07,FELE
2025-07,FFBC
2025-07,FHB
2025-07,FIZZ
2025-07,FL
2025-07,FMC
2025-07,FORM
2025-07,FOXF
2025-07,FRPT
2025-07,FSS
2025-07,FTDR
2025-07,FTRE
2025-07,FUL
2025-07,FULT
2025-07,FUN
2025-07,FWRD
2025-07,GBX
2025-07,GDEN
2025-07,GDYN
2025-07,GEO
2025-07,GES
2025-07,GFF
2025-07,GIII
2025-07,GKOS
2025-07,GMS
2025-07,GNL
2025-07,GNW
2025-07,GO
2025-07,GOGO
2025-07,GOLF
2025-07,GPI
2025-07,GRBK
2025-07,GSHD
2025-07,GTES
2025-07,GTY
2025-07,GVA
2025-07,HAFC
2025-07,HASI
2025-07,HAYW
2025-07,HBI
2025-07,HCC
2025-07,HCI
2025-07,HCSG
2025-07,HELE
2025-07,HFWA
2025-07,HI
2025-07,HIW
2025-07,HLIT
2025-07,HLX
2025-07,HMN
2025-07,HNI
2025-07,HOPE
2025-07,HP
2025-07,HRMY
2025-07,HSII
2025-07,HSTM
2025-07,HTH
2025-07,HTLD
2025-07,HTZ
2025-07,HUBG
2025-07,HWKN
2025-07,HZO
2025-07,IAC
2025-07,IART
2025-07,IBP
2025-07,ICHR
2025-07,ICUI
2025-07,IDCC
2025-07,IIIN
2025-07,IIPR
2025-07,IJR
2025-07,INDB
2025-07,INN
2025-07,INSP
2025-07,INSW
2025-07,INVA
2025-07,IOSP
2025-07,IPAR
2025-07,ITGR
2025-07,ITRI
2025-07,JACK
2025-07,JBGS
2025-07,JBLU
2025-07,JBSS
2025-07,JBT
2025-07,JJSF
2025-07,JOE
2025-07,JXN
2025-07,KAI
2025-07,KALU
2025-07,KAR
2025-07,KFY
2025-07,KLG
2025-07,KLIC
2025-07,KMT
2025-07,KN
2025-07,KOP
2025-07,KREF
2025-07,KRYS
2025-07,KSS
2025-07,KTB
2025-07,KTOS
2025-07,KW
2025-07,KWR
2025-07,LBRT
2025-07,LCII
2025-07,LEG
2025-07,LGIH
2025-07,LGND
2025-07,LKFN
2025-07,LMAT
2025-07,LNC
2025-07,LNN
2025-07,LPG
2025-07,LQDT
2025-07,LRN
2025-07,LTC
2025-07,LUMN
2025-07,LXP
2025-07,LZB
2025-07,MAC
2025-07,MARA
2025-07,MATW
2025-07,MATX
2025-07,MBC
2025-07,MC
2025-07,MCRI
2025-07,MCW
2025-07,MCY
2025-07,MD
2025-07,MDU
2025-07,MGEE
2025-07,MGPI
2025-07,MGY
2025-07,MHO
2025-07,MLAB
2025-07,MLKN
2025-07,MMI
2025-07,MMSI
2025-07,MNRO
2025-07,MODG
2025-07,MOG.A
2025-07,MP
2025-07,MPW
2025-07,MRCY
2025-07,MRP
2025-07,MRTN
2025-07,MSEX
2025-07,MSGS
2025-07,MTH
2025-07,MTRN
2025-07,MTUS
2025-07,MTX
2025-07,MWA
2025-07,MXL
2025-07,MYGN
2025-07,MYRG
2025-07,NABL
2025-07,NATL
2025-07,NAVI
2025-07,NBHC
2025-07,NBTB
2025-07,NEO
2025-07,NEOG
2025-07,NGVT
2025-07,NHC
2025-07,NMIH
2025-07,NOG
2025-07,NPK
2025-07,NPO
2025-07,NSIT
2025-07,NTCT
2025-07,NVEE
2025-07,NVRI
2025-07,NWBI
2025-07,NWL
2025-07,NWN
2025-07,NX
2025-07,NXRT
2025-07,NYMT
2025-07,OFG
2025-07,OGN
2025-07,OI
2025-07,OII
2025-07,OMCL
2025-07,OMI
2025-07,OSIS
2025-07,OTTR
2025-07,OUT
2025-07,OXM
2025-07,PAHC
2025-07,PARR
2025-07,PATK
2025-07,PAYO
2025-07,PBH
2025-07,PBI
2025-07,PCRX
2025-07,PDFS
2025-07,PEB
2025-07,PECO
2025-07,PENN
2025-07,PFBC
2025-07,PFS
2025-07,PGNY
2025-07,PHIN
2025-07,PI
2025-07,PINC
2025-07,PIPR
2025-07,PJT
2025-07,PLAB
2025-07,PLAY
2025-07,PLMR
2025-07,PLUS
2025-07,PLXS
2025-07,PMT
2025-07,POWL
2025-07,PPBI
2025-07,PRA
2025-07,PRAA
2025-07,PRDO
2025-07,PRG
2025-07,PRGS
2025-07,PRLB
2025-07,PRSU
2025-07,PRVA
2025-07,PSMT
2025-07,PTEN
2025-07,PTGX
2025-07,PUMP
2025-07,PZZA
2025-07,QDEL
2025-07,QNST
2025-07,QRVO
2025-07,RAL
2025-07,RAMP
2025-07,RC
2025-07,RCUS
2025-07,RDN
2025-07,RDNT
2025-07,RES
2025-07,REX
2025-07,REZI
2025-07,RGR
2025-07,RHI
2025-07,RHP
2025-07,RNST
2025-07,ROCK
2025-07,ROG
2025-07,RUN
2025-07,RUSHA
2025-07,RWT
2025-07,RXO
2025-07,SABR
2025-07,SAFE
2025-07,SAFT
2025-07,SAH
2025-07,SANM
2025-07,SBCF
2025-07,SBH
2025-07,SBSI
2025-07,SCHL
2025-07,SCL
2025-07,SCSC
2025-07,SCVL
2025-07,SDGR
2025-07,SEDG
2025-07,SEE
2025-07,SEM
2025-07,SFBS
2025-07,SFNC
2025-07,SGH
2025-07,SHAK
2025-07,SHEN
2025-07,SHO
2025-07,SHOO
2025-07,SIG
2025-07,SITC
2025-07,SITM
2025-07,SJW
2025-07,SKT
2025-07,SKY
2025-07,SKYW
2025-07,SLG
2025-07,SLP
2025-07,SLVM
2025-07,SM
2025-07,SMP
2025-07,SMPL
2025-07,SMTC
2025-07,SNCY
2025-07,SNDK
2025-07,SNDR
2025-07,SNEX
2025-07,SONO
2025-07,SPNT
2025-07,SPSC
2025-07,SPSM
2025-07,SPTN
2025-07,SPXC
2025-07,SSTK
2025-07,STAA
2025-07,STBA
2025-07,STC
2025-07,STEL
2025-07,STEP
2025-07,STRA
2025-07,STRL
2025-07,SUPN
2025-07,SXC
2025-07,SXI
2025-07,SXT
2025-07,TALO
2025-07,TBBK
2025-07,TDC
2025-07,TDS
2025-07,TDW
2025-07,TFIN
2025-07,TFX
2025-07,TGNA
2025-07,TGTX
2025-07,THRM
2025-07,THRY
2025-07,THS
2025-07,TILE
2025-07,TMDX
2025-07,TNC
2025-07,TNDM
2025-07,TPH
2025-07,TR
2025-07,TRIP
2025-07,TRMK
2025-07,TRN
2025-07,TRNO
2025-07,TRST
2025-07,TRUP
2025-07,TTGT
2025-07,TTMI
2025-07,TWI
2025-07,TWO
2025-07,UCBI
2025-07,UCTT
2025-07,UE
2025-07,UFCS
2025-07,UFPT
2025-07,UHT
2025-07,UNF
2025-07,UNFI
2025-07,UNIT
2025-07,UPBD
2025-07,URBN
2025-07,USNA
2025-07,USPH
2025-07,UTL
2025-07,UVV
2025-07,VBTX
2025-07,VCEL
2025-07,VCTR
2025-07,VCYT
2025-07,VECO
2025-07,VIAV
2025-07,VICR
2025-07,VIOO
2025-07,VIR
2025-07,VIRT
2025-07,VRE
2025-07,VRRM
2025-07,VRTS
2025-07,VSAT
2025-07,VSCO
2025-07,VSH
2025-07,VSTS
2025-07,VTLE
2025-07,VTOL
2025-07,VYX
2025-07,WABC
2025-07,WAFD
2025-07,WD
2025-07,WDFC
2025-07,WERN
2025-07,WGO
2025-07,WHD
2025-07,WKC
2025-07,WLY
2025-07,WOR
2025-07,WRLD
2025-07,WS
2025-07,WSC
2025-07,WSFS
2025-07,WSR
2025-07,WT
2025-07,WWW
2025-07,XHR
2025-07,XNCR
2025-07,XPEL
2025-07,XRX
2025-07,YELP
2025-07,YOU
2025-07,ZD
2025-07,ZWS
2025-08,AAP
2025-08,AAT
2025-08,ABCB
2025-08,ABG
2025-08,ABM
2025-08,ABR
2025-08,ACA
2025-08,ACAD
2025-08,ACIW
2025-08,ACLS
2025-08,ACT
2025-08,ADEA
2025-08,ADMA
2025-08,ADNT
2025-08,ADUS
2025-08,AEIS
2025-08,AEO
2025-08,AESI
2025-08,AGO
2025-08,AGYS
2025-08,AHCO
2025-08,AHH
2025-08,AIN
2025-08,AIR
2025-08,AKR
2025-08,AL
2025-08,ALEX
2025-08,ALG
2025-08,ALGT
2025-08,ALKS
2025-08,ALRM
2025-08,AMN
2025-08,AMPH
2025-08,AMR
2025-08,AMSF
2025-08,AMTM
2025-08,AMWD
2025-08,ANDE
2025-08,ANGI
2025-08,ANIP
2025-08,AORT
2025-08,AOSL
2025-08,APAM
2025-08,APLE
2025-08,APOG
2025-08,ARCB
2025-08,ARI
2025-08,ARLO
2025-08,AROC
2025-08,ARR
2025-08,ARWR
2025-08,ASIX
2025-08,ASO
2025-08,ASTE
2025-08,ASTH
2025-08,ATEN
2025-08,ATGE
2025-08,AUB
2025-08,AVA
2025-08,AVNS
2025-08,AWI
2025-08,AWR
2025-08,AX
2025-08,AXL
2025-08,AZTA
2025-08,AZZ
2025-08,BANC
2025-08,BANF
2025-08,BANR
2025-08,BCC
2025-08,BCPC
2025-08,BDN
2025-08,BFH
2025-08,BFS
2025-08,BGC
2025-08,BGS
2025-08,BHE
2025-08,BHLB
2025-08,BJRI
2025-08,BKE
2025-08,BKU
2025-08,BL
2025-08,BLFS
2025-08,BLMN
2025-08,BMI
2025-08,BOH
2025-08,BOOT
2025-08,BOX
2025-08,BRC
2025-08,BRKL
2025-08,BSIG
2025-08,BTU
2025-08,BWA
2025-08,BXMT
2025-08,CABO
2025-08,CAKE
2025-08,CAL
2025-08,CALM
2025-08,CALX
2025-08,CARG
2025-08,CARS
2025-08,CASH
2025-08,CATY
2025-08,CBRL
2025-08,CBU
2025-08,CC
2025-08,CCOI
2025-08,CCS
2025-08,CE
2025-08,CENT
2025-08,CENTA
2025-08,CENX
2025-08,CERT
2025-08,CEVA
2025-08,CFFN
2025-08,CHCO
2025-08,CHEF
2025-08,CLB
2025-08,CLSK
2025-08,CNK
2025-08,CNMD
2025-08,CNR
2025-08,CNS
2025-08,CNXN
2025-08,COHU
2025-08,COLL
2025-08,CON
2025-08,COOP
2025-08,CORT
2025-08,CPF
2025-08,CPK
2025-08,CPRX
2025-08,CRC
2025-08,CRGY
2025-08,CRI
2025-08,CRK
2025-08,CRSR
2025-08,CRVL
2025-08,CSGS
2025-08,CSR
2025-08,CTKB
2025-08,CTRE
2025-08,CTS
2025-08,CUBI
2025-08,CURB
2025-08,CVBF
2025-08,CVCO
2025-08,CVI
2025-08,CWEN
2025-08,CWEN.A
2025-08,CWK
2025-08,CWT
2025-08,CXM
2025-08,CXW
2025-08,DAN
2025-08,DCOM
2025-08,DEA
2025-08,DEI
2025-08,DFH
2025-08,DFIN
2025-08,DGII
2025-08,DIOD
2025-08,DLX
2025-08,DNOW
2025-08,DOCN
2025-08,DORM
2025-08,DRH
2025-08,DV
2025-08,DVAX
2025-08,DXC
2025-08,DXPE
2025-08,DY
2025-08,EAT
2025-08,ECG
2025-08,ECPG
2025-08,EFC
2025-08,EGBN
2025-08,EIG
2025-08,ELME
2025-08,EMBC
2025-08,ENOV
2025-08,ENR
2025-08,ENVA
2025-08,EPAC
2025-08,EPC
2025-08,EPRT
2025-08,ESE
2025-08,ESI
2025-08,ETD
2025-08,ETSY
2025-08,EVTC
2025-08,EXPI
2025-08,EXTR
2025-08,EYE
2025-08,EZPW
2025-08,FBK
2025-08,FBNC
2025-08,FBP
2025-08,FBRT
2025-08,FCF
2025-08,FCPT
2025-08,FDP
2025-08,FELE
2025-08,FFBC
2025-08,FHB
2025-08,FIZZ
2025-08,FL
2025-08,FMC
2025-08,FORM
2025-08,FOXF
2025-08,FRPT
2025-08,FSS
2025-08,FTDR
2025-08,FTRE
2025-08,FUL
2025-08,FULT
2025-08,FUN
2025-08,FWRD
2025-08,GBX
2025-08,GDEN
2025-08,GDYN
2025-08,GEO
2025-08,GES
2025-08,GFF
2025-08,GIII
2025-08,GKOS
2025-08,GMS
2025-08,GNL
2025-08,GNW
2025-08,GO
2025-08,GOGO
2025-08,GOLF
2025-08,GPI
2025-08,GRBK
2025-08,GSHD
2025-08,GTES
2025-08,GTY
2025-08,GVA
2025-08,HAFC
2025-08,HASI
2025-08,HAYW
2025-08,HBI
2025-08,HCC
2025-08,HCI
2025-08,HCSG
2025-08,HELE
2025-08,HFWA
2025-08,HI
2025-08,HIW
2025-08,HLIT
2025-08,HLX
2025-08,HMN
2025-08,HNI
2025-08,HOPE
2025-08,HP
2025-08,HRMY
2025-08,HSII
2025-08,HSTM
2025-08,HTH
2025-08,HTLD
2025-08,HTO
2025-08,HTZ
2025-08,HUBG
2025-08,HWKN
2025-08,HZO
2025-08,IAC
2025-08,IART
2025-08,IBP
2025-08,ICHR
2025-08,ICUI
2025-08,IDCC
2025-08,IIIN
2025-08,IIPR
2025-08,IJR
2025-08,INDB
2025-08,INN
2025-08,INSP
2025-08,INSW
2025-08,INVA
2025-08,INVX
2025-08,IOSP
2025-08,IPAR
2025-08,ITGR
2025-08,ITRI
2025-08,JACK
2025-08,JBGS
2025-08,JBLU
2025-08,JBSS
2025-08,JBTM
2025-08,JJSF
2025-08,JOE
2025-08,JXN
2025-08,KAI
2025-08,KALU
2025-08,KAR
2025-08,KFY
2025-08,KGS
2025-08,KLG
2025-08,KLIC
2025-08,KMT
2025-08,KN
2025-08,KOP
2025-08,KREF
2025-08,KRYS
2025-08,KSS
2025-08,KTB
2025-08,KTOS
2025-08,KW
2025-08,KWR
2025-08,LBRT
2025-08,LCII
2025-08,LEG
2025-08,LGIH
2025-08,LGND
2025-08,LKFN
2025-08,LMAT
2025-08,LNC
2025-08,LNN
2025-08,LPG
2025-08,LQDT
2025-08,LRN
2025-08,LTC
2025-08,LUMN
2025-08,LXP
2025-08,LZB
2025-08,MAC
2025-08,MARA
2025-08,MATW
2025-08,MATX
2025-08,MBC
2025-08,MC
2025-08,MCRI
2025-08,MCW
2025-08,MCY
2025-08,MD
2025-08,MDU
2025-08,MGEE
2025-08,MGPI
2025-08,MGY
2025-08,MHO
2025-08,MLAB
2025-08,MLKN
2025-08,MMI
2025-08,MMSI
2025-08,MNRO
2025-08,MODG
2025-08,MOG.A
2025-08,MP
2025-08,MPW
2025-08,MRCY
2025-08,MRP
2025-08,MRTN
2025-08,MSEX
2025-08,MSGS
2025-08,MTH
2025-08,MTRN
2025-08,MTUS
2025-08,MTX
2025-08,MWA
2025-08,MXL
2025-08,MYGN
2025-08,MYRG
2025-08,NABL
2025-08,NATL
2025-08,NAVI
2025-08,NBHC
2025-08,NBTB
2025-08,NEO
2025-08,NEOG
2025-08,NGVT
2025-08,NHC
2025-08,NMIH
2025-08,NOG
2025-08,NPK
2025-08,NPO
2025-08,NSIT
2025-08,NTCT
2025-08,NVRI
2025-08,NWBI
2025-08,NWL
2025-08,NWN
2025-08,NX
2025-08,NXRT
2025-08,NYMT
2025-08,OFG
2025-08,OGN
2025-08,OI
2025-08,OII
2025-08,OMCL
2025-08,OMI
2025-08,OSIS
2025-08,OTTR
2025-08,OUT
2025-08,OXM
2025-08,PAHC
2025-08,PARR
2025-08,PATK
2025-08,PAYO
2025-08,PBH
2025-08,PBI
2025-08,PCRX
2025-08,PDFS
2025-08,PEB
2025-08,PECO
2025-08,PENG
2025-08,PENN
2025-08,PFBC
2025-08,PFS
2025-08,PGNY
2025-08,PHIN
2025-08,PI
2025-08,PINC
2025-08,PIPR
2025-08,PJT
2025-08,PLAB
2025-08,PLAY
2025-08,PLMR
2025-08,PLUS
2025-08,PLXS
2025-08,PMT
2025-08,POWL
2025-08,PPBI
2025-08,PRA
2025-08,PRAA
2025-08,PRDO
2025-08,PRG
2025-08,PRGS
2025-08,PRLB
2025-08,PRSU
2025-08,PRVA
2025-08,PSMT
2025-08,PTEN
2025-08,PTGX
2025-08,PUMP
2025-08,PZZA
2025-08,QDEL
2025-08,QNST
2025-08,QRVO
2025-08,RAL
2025-08,RAMP
2025-08,RC
2025-08,RCUS
2025-08,RDN
2025-08,RDNT
2025-08,RES
2025-08,REX
2025-08,REZI
2025-08,RGR
2025-08,RHI
2025-08,RHP
2025-08,RNST
2025-08,ROCK
2025-08,ROG
2025-08,RUN
2025-08,RUSHA
2025-08,RWT
2025-08,RXO
2025-08,SABR
2025-08,SAFE
2025-08,SAFT
2025-08,SAH
2025-08,SANM
2025-08,SBCF
2025-08,SBH
2025-08,SBSI
2025-08,SCHL
2025-08,SCL
2025-08,SCSC
2025-08,SCVL
2025-08,SDGR
2025-08,SEDG
2025-08,SEE
2025-08,SEM
2025-08,SFBS
2025-08,SFNC
2025-08,SHAK
2025-08,SHEN
2025-08,SHO
2025-08,SHOO
2025-08,SIG
2025-08,SITC
2025-08,SITM
2025-08,SKT
2025-08,SKY
2025-08,SKYW
2025-08,SLG
2025-08,SLP
2025-08,SLVM
2025-08,SM
2025-08,SMP
2025-08,SMPL
2025-08,SMTC
2025-08,SNCY
2025-08,SNDK
2025-08,SNDR
2025-08,SNEX
2025-08,SONO
2025-08,SPNT
2025-08,SPSC
2025-08,SPSM
2025-08,SPTN
2025-08,SPXC
2025-08,SSTK
2025-08,STAA
2025-08,STBA
2025-08,STC
2025-08,STEL
2025-08,STEP
2025-08,STRA
2025-08,STRL
2025-08,SUPN
2025-08,SXC
2025-08,SXI
2025-08,SXT
2025-08,TALO
2025-08,TBBK
2025-08,TDC
2025-08,TDS
2025-08,TDW
2025-08,TFIN
2025-08,TFX
2025-08,TGNA
2025-08,TGTX
2025-08,THRM
2025-08,THRY
2025-08,THS
2025-08,TILE
2025-08,TMDX
2025-08,TNC
2025-08,TNDM
2025-08,TPH
2025-08,TR
2025-08,TRIP
2025-08,TRMK
2025-08,TRN
2025-08,TRNO
2025-08,TRST
2025-08,TRUP
2025-08,TTGT
2025-08,TTMI
2025-08,TWI
2025-08,TWO
2025-08,UCBI
2025-08,UCTT
2025-08,UE
2025-08,UFCS
2025-08,UFPT
2025-08,UHT
2025-08,UNF
2025-08,UNFI
2025-08,UNIT
2025-08,UPBD
2025-08,URBN
2025-08,USNA
2025-08,USPH
2025-08,UTL
2025-08,UVV
2025-08,VBTX
2025-08,VCEL
2025-08,VCTR
2025-08,VCYT
2025-08,VECO
2025-08,VIAV
2025-08,VICR
2025-08,VIOO
2025-08,VIR
2025-08,VIRT
2025-08,VRE
2025-08,VRRM
2025-08,VRTS
2025-08,VSAT
2025-08,VSCO
2025-08,VSH
2025-08,VSTS
2025-08,VTLE
2025-08,VTOL
2025-08,VYX
2025-08,WABC
2025-08,WAFD
2025-08,WD
2025-08,WDFC
2025-08,WERN
2025-08,WGO
2025-08,WHD
2025-08,WKC
2025-08,WLY
2025-08,WOR
2025-08,WRLD
2025-08,WS
2025-08,WSC
2025-08,WSFS
2025-08,WSR
2025-08,WT
2025-08,WWW
2025-08,XHR
2025-08,XNCR
2025-08,XPEL
2025-08,XRX
2025-08,YELP
2025-08,YOU
2025-08,ZD
2025-08,ZWS
2025-09,AAMI
2025-09,AAP
2025-09,AAT
2025-09,ABCB
2025-09,ABG
2025-09,ABM
2025-09,ABR
2025-09,ACA
2025-09,ACAD
2025-09,ACHC
2025-09,ACIW
2025-09,ACLS
2025-09,ACT
2025-09,ADAM
2025-09,ADEA
2025-09,ADMA
2025-09,ADNT
2025-09,ADUS
2025-09,AEIS
2025-09,AEO
2025-09,AESI
2025-09,AGO
2025-09,AGYS
2025-09,AHCO
2025-09,AHH
2025-09,AIN
2025-09,AIR
2025-09,AKR
2025-09,AL
2025-09,ALEX
2025-09,ALG
2025-09,ALGT
2025-09,ALKS
2025-09,ALRM
2025-09,AMN
2025-09,AMPH
2025-09,AMR
2025-09,AMSF
2025-09,AMTM
2025-09,AMWD
2025-09,ANDE
2025-09,ANGI
2025-09,ANIP
2025-09,AORT
2025-09,AOSL
2025-09,APAM
2025-09,APLE
2025-09,APOG
2025-09,ARCB
2025-09,ARI
2025-09,ARLO
2025-09,AROC
2025-09,ARR
2025-09,ARWR
2025-09,ASIX
2025-09,ASO
2025-09,ASTE
2025-09,ASTH
2025-09,ATEN
2025-09,ATGE
2025-09,AUB
2025-09,AVA
2025-09,AVNS
2025-09,AWI
2025-09,AWR
2025-09,AX
2025-09,AXL
2025-09,AZTA
2025-09,AZZ
2025-09,BANC
2025-09,BANF
2025-09,BANR
2025-09,BBT
2025-09,BCC
2025-09,BCPC
2025-09,BDN
2025-09,BFH
2025-09,BFS
2025-09,BGC
2025-09,BHE
2025-09,BJRI
2025-09,BKE
2025-09,BKU
2025-09,BL
2025-09,BLFS
2025-09,BLMN
2025-09,BMI
2025-09,BOH
2025-09,BOOT
2025-09,BOX
2025-09,BRC
2025-09,BTU
2025-09,BWA
2025-09,BXMT
2025-09,CABO
2025-09,CAKE
2025-09,CAL
2025-09,CALM
2025-09,CALX
2025-09,CARG
2025-09,CARS
2025-09,CASH
2025-09,CATY
2025-09,CBRL
2025-09,CBU
2025-09,CC
2025-09,CCOI
2025-09,CCS
2025-09,CE
2025-09,CENT
2025-09,CENTA
2025-09,CENX
2025-09,CERT
2025-09,CEVA
2025-09,CFFN
2025-09,CHCO
2025-09,CHEF
2025-09,CLB
2025-09,CLSK
2025-09,CNK
2025-09,CNMD
2025-09,CNR
2025-09,CNS
2025-09,CNXN
2025-09,COHU
2025-09,COLL
2025-09,CON
2025-09,COOP
2025-09,CORT
2025-09,CPF
2025-09,CPK
2025-09,CPRX
2025-09,CRC
2025-09,CRGY
2025-09,CRI
2025-09,CRK
2025-09,CRSR
2025-09,CRVL
2025-09,CSGS
2025-09,CSR
2025-09,CTKB
2025-09,CTRE
2025-09,CTS
2025-09,CUBI
2025-09,CURB
2025-09,CVBF
2025-09,CVCO
2025-09,CVI
2025-09,CWEN
2025-09,CWEN.A
2025-09,CWK
2025-09,CWT
2025-09,CXM
2025-09,CXW
2025-09,CZR
2025-09,DAN
2025-09,DCOM
2025-09,DEA
2025-09,DEI
2025-09,DFH
2025-09,DFIN
2025-09,DGII
2025-09,DIOD
2025-09,DLX
2025-09,DNOW
2025-09,DOCN
2025-09,DORM
2025-09,DRH
2025-09,DV
2025-09,DVAX
2025-09,DXC
2025-09,DXPE
2025-09,DY
2025-09,EAT
2025-09,ECG
2025-09,ECPG
2025-09,EFC
2025-09,EGBN
2025-09,EIG
2025-09,ELME
2025-09,EMBC
2025-09,ENOV
2025-09,ENPH
2025-09,ENR
2025-09,ENVA
2025-09,EPAC
2025-09,EPC
2025-09,EPRT
2025-09,ESE
2025-09,ESI
2025-09,ETD
2025-09,ETSY
2025-09,EVTC
2025-09,EXPI
2025-09,EXTR
2025-09,EYE
2025-09,EZPW
2025-09,FBK
2025-09,FBNC
2025-09,FBP
2025-09,FBRT
2025-09,FCF
2025-09,FCPT
2025-09,FDP
2025-09,FELE
2025-09,FFBC
2025-09,FHB
2025-09,FIZZ
2025-09,FMC
2025-09,FORM
2025-09,FOXF
2025-09,FRPT
2025-09,FSS
2025-09,FTDR
2025-09,FTRE
2025-09,FUL
2025-09,FULT
2025-09,FUN
2025-09,FWRD
2025-09,GBX
2025-09,GDEN
2025-09,GDYN
2025-09,GEO
2025-09,GES
2025-09,GFF
2025-09,GIII
2025-09,GKOS
2025-09,GNL
2025-09,GNW
2025-09,GO
2025-09,GOGO
2025-09,GOLF
2025-09,GPI
2025-09,GRBK
2025-09,GSHD
2025-09,GTES
2025-09,GTY
2025-09,GVA
2025-09,HAFC
2025-09,HASI
2025-09,HAYW
2025-09,HBI
2025-09,HCC
2025-09,HCI
2025-09,HCSG
2025-09,HELE
2025-09,HFWA
2025-09,HI
2025-09,HIW
2025-09,HL
2025-09,HLIT
2025-09,HLX
2025-09,HMN
2025-09,HNI
2025-09,HOPE
2025-09,HP
2025-09,HRMY
2025-09,HSII
2025-09,HSTM
2025-09,HTH
2025-09,HTLD
2025-09,HTO
2025-09,HTZ
2025-09,HUBG
2025-09,HWKN
2025-09,HZO
2025-09,IAC
2025-09,IART
2025-09,IBP
2025-09,ICHR
2025-09,ICUI
2025-09,IDCC
2025-09,IIIN
2025-09,IIPR
2025-09,IJR
2025-09,INDB
2025-09,INN
2025-09,INSP
2025-09,INSW
2025-09,INVA
2025-09,INVX
2025-09,IOSP
2025-09,IPAR
2025-09,ITGR
2025-09,ITRI
2025-09,JBGS
2025-09,JBLU
2025-09,JBSS
2025-09,JBTM
2025-09,JJSF
2025-09,JOE
2025-09,JXN
2025-09,KAI
2025-09,KALU
2025-09,KAR
2025-09,KFY
2025-09,KGS
2025-09,KLIC
2025-09,KMT
2025-09,KN
2025-09,KNTK
2025-09,KOP
2025-09,KREF
2025-09,KRYS
2025-09,KSS
2025-09,KTB
2025-09,KW
2025-09,KWR
2025-09,LBRT
2025-09,LCII
2025-09,LEG
2025-09,LGIH
2025-09,LGND
2025-09,LKFN
2025-09,LMAT
2025-09,LNC
2025-09,LNN
2025-09,LPG
2025-09,LQDT
2025-09,LRN
2025-09,LTC
2025-09,LUMN
2025-09,LXP
2025-09,LZB
2025-09,MAC
2025-09,MAN
2025-09,MARA
2025-09,MATW
2025-09,MATX
2025-09,MBC
2025-09,MC
2025-09,MCRI
2025-09,MCW
2025-09,MCY
2025-09,MD
2025-09,MDU
2025-09,MGEE
2025-09,MGPI
2025-09,MGY
2025-09,MHO
2025-09,MIR
2025-09,MKTX
2025-09,MLKN
2025-09,MMI
2025-09,MMSI
2025-09,MNRO
2025-09,MODG
2025-09,MOG.A
2025-09,MPW
2025-09,MRCY
2025-09,MRP
2025-09,MRTN
2025-09,MSEX
2025-09,MSGS
2025-09,MTH
2025-09,MTRN
2025-09,MTUS
2025-09,MTX
2025-09,MWA
2025-09,MXL
2025-09,MYGN
2025-09,MYRG
2025-09,NABL
2025-09,NATL
2025-09,NAVI
2025-09,NBHC
2025-09,NBTB
2025-09,NE
2025-09,NEO
2025-09,NEOG
2025-09,NGVT
2025-09,NHC
2025-09,NMIH
2025-09,NOG
2025-09,NPK
2025-09,NPO
2025-09,NSIT
2025-09,NTCT
2025-09,NVRI
2025-09,NWBI
2025-09,NWL
2025-09,NWN
2025-09,NX
2025-09,NXRT
2025-09,OFG
2025-09,OGN
2025-09,OI
2025-09,OII
2025-09,OMCL
2025-09,OSIS
2025-09,OTTR
2025-09,OUT
2025-09,OXM
2025-09,PAHC
2025-09,PARR
2025-09,PATK
2025-09,PAYO
2025-09,PBH
2025-09,PBI
2025-09,PCRX
2025-09,PDFS
2025-09,PEB
2025-09,PECO
2025-09,PENG
2025-09,PENN
2025-09,PFBC
2025-09,PFS
2025-09,PGNY
2025-09,PHIN
2025-09,PI
2025-09,PINC
2025-09,PIPR
2025-09,PJT
2025-09,PLAB
2025-09,PLAY
2025-09,PLMR
2025-09,PLUS
2025-09,PLXS
2025-09,PMT
2025-09,POWL
2025-09,PRA
2025-09,PRAA
2025-09,PRDO
2025-09,PRG
2025-09,PRGS
2025-09,PRKS
2025-09,PRLB
2025-09,PRSU
2025-09,PRVA
2025-09,PSMT
2025-09,PTEN
2025-09,PTGX
2025-09,PZZA
2025-09,QDEL
2025-09,QNST
2025-09,QRVO
2025-09,QTWO
2025-09,RAL
2025-09,RAMP
2025-09,RC
2025-09,RCUS
2025-09,RDN
2025-09,RDNT
2025-09,RES
2025-09,REX
2025-09,REYN
2025-09,REZI
2025-09,RGR
2025-09,RHI
2025-09,RHP
2025-09,RNST
2025-09,ROCK
2025-09,ROG
2025-09,RUN
2025-09,RUSHA
2025-09,RWT
2025-09,RXO
2025-09,SABR
2025-09,SAFE
2025-09,SAFT
2025-09,SAH
2025-09,SANM
2025-09,SBCF
2025-09,SBH
2025-09,SBSI
2025-09,SCHL
2025-09,SCL
2025-09,SCSC
2025-09,SCVL
2025-09,SDGR
2025-09,SEDG
2025-09,SEE
2025-09,SEM
2025-09,SFBS
2025-09,SFNC
2025-09,SHAK
2025-09,SHEN
2025-09,SHO
2025-09,SHOO
2025-09,SIG
2025-09,SITC
2025-09,SITM
2025-09,SKT
2025-09,SKY
2025-09,SKYW
2025-09,SLG
2025-09,SLVM
2025-09,SM
2025-09,SMP
2025-09,SMPL
2025-09,SMTC
2025-09,SNCY
2025-09,SNDK
2025-09,SNDR
2025-09,SNEX
2025-09,SONO
2025-09,SPNT
2025-09,SPSC
2025-09,SPSM
2025-09,SPXC
2025-09,SRPT
2025-09,SSTK
2025-09,STAA
2025-09,STBA
2025-09,STC
2025-09,STEL
2025-09,STEP
2025-09,STRA
2025-09,STRL
2025-09,SUPN
2025-09,SXC
2025-09,SXI
2025-09,SXT
2025-09,TALO
2025-09,TBBK
2025-09,TDC
2025-09,TDS
2025-09,TDW
2025-09,TFIN
2025-09,TFX
2025-09,TGNA
2025-09,TGTX
2025-09,THRM
2025-09,THRY
2025-09,THS
2025-09,TILE
2025-09,TMDX
2025-09,TNC
2025-09,TNDM
2025-09,TPH
2025-09,TR
2025-09,TRIP
2025-09,TRMK
2025-09,TRN
2025-09,TRNO
2025-09,TRST
2025-09,TRUP
2025-09,TTMI
2025-09,TWI
2025-09,TWO
2025-09,UCB
2025-09,UCTT
2025-09,UE
2025-09,UFCS
2025-09,UFPT
2025-09,UHT
2025-09,UNF
2025-09,UNFI
2025-09,UNIT
2025-09,UPBD
2025-09,URBN
2025-09,USNA
2025-09,USPH
2025-09,UTL
2025-09,UVV
2025-09,VBTX
2025-09,VCEL
2025-09,VCTR
2025-09,VCYT
2025-09,VECO
2025-09,VIAV
2025-09,VICR
2025-09,VIOO
2025-09,VIR
2025-09,VIRT
2025-09,VRE
2025-09,VRRM
2025-09,VRTS
2025-09,VSAT
2025-09,VSCO
2025-09,VSH
2025-09,VSTS
2025-09,VTLE
2025-09,VTOL
2025-09,VYX
2025-09,WABC
2025-09,WAFD
2025-09,WAY
2025-09,WD
2025-09,WDFC
2025-09,WEN
2025-09,WERN
2025-09,WGO
2025-09,WHD
2025-09,WKC
2025-09,WLY
2025-09,WOR
2025-09,WRLD
2025-09,WS
2025-09,WSC
2025-09,WSFS
2025-09,WSR
2025-09,WT
2025-09,WWW
2025-09,XHR
2025-09,XNCR
2025-09,XPEL
2025-09,YELP
2025-09,YOU
2025-09,ZD
2025-09,ZWS
2025-10,AAMI
2025-10,AAP
2025-10,AAT
2025-10,ABCB
2025-10,ABG
2025-10,ABM
2025-10,ABR
2025-10,ACA
2025-10,ACAD
2025-10,ACHC
2025-10,ACIW
2025-10,ACLS
2025-10,ACT
2025-10,ADAM
2025-10,ADEA
2025-10,ADMA
2025-10,ADNT
2025-10,ADUS
2025-10,AEIS
2025-10,AEO
2025-10,AESI
2025-10,AGO
2025-10,AGYS
2025-10,AHCO
2025-10,AHH
2025-10,AIN
2025-10,AIR
2025-10,AKR
2025-10,AL
2025-10,ALEX
2025-10,ALG
2025-10,ALGT
2025-10,ALKS
2025-10,ALRM
2025-10,AMN
2025-10,AMPH
2025-10,AMR
2025-10,AMSF
2025-10,AMTM
2025-10,AMWD
2025-10,ANDE
2025-10,ANGI
2025-10,ANIP
2025-10,AORT
2025-10,AOSL
2025-10,APAM
2025-10,APLE
2025-10,APOG
2025-10,ARCB
2025-10,ARI
2025-10,ARLO
2025-10,AROC
2025-10,ARR
2025-10,ARWR
2025-10,ASIX
2025-10,ASO
2025-10,ASTE
2025-10,ASTH
2025-10,ATEN
2025-10,ATGE
2025-10,AUB
2025-10,AVA
2025-10,AVNS
2025-10,AWI
2025-10,AWR
2025-10,AX
2025-10,AXL
2025-10,AZTA
2025-10,AZZ
2025-10,BANC
2025-10,BANF
2025-10,BANR
2025-10,BBT
2025-10,BCC
2025-10,BCPC
2025-10,BDN
2025-10,BFH
2025-10,BFS
2025-10,BGC
2025-10,BHE
2025-10,BJRI
2025-10,BKE
2025-10,BKU
2025-10,BL
2025-10,BLFS
2025-10,BLMN
2025-10,BMI
2025-10,BOH
2025-10,BOOT
2025-10,BOX
2025-10,BRC
2025-10,BTSG
2025-10,BTU
2025-10,BWA
2025-10,BXMT
2025-10,CABO
2025-10,CAKE
2025-10,CAL
2025-10,CALM
2025-10,CALX
2025-10,CARG
2025-10,CARS
2025-10,CASH
2025-10,CATY
2025-10,CBRL
2025-10,CBU
2025-10,CC
2025-10,CCOI
2025-10,CCS
2025-10,CE
2025-10,CENT
2025-10,CENTA
2025-10,CENX
2025-10,CERT
2025-10,CEVA
2025-10,CFFN
2025-10,CHCO
2025-10,CHEF
2025-10,CLB
2025-10,CLSK
2025-10,CNK
2025-10,CNMD
2025-10,CNR
2025-10,CNS
2025-10,CNXN
2025-10,COHU
2025-10,COLL
2025-10,CON
2025-10,CORT
2025-10,CPF
2025-10,CPK
2025-10,CPRX
2025-10,CRC
2025-10,CRGY
2025-10,CRI
2025-10,CRK
2025-10,CRSR
2025-10,CRVL
2025-10,CSGS
2025-10,CSR
2025-10,CTKB
2025-10,CTRE
2025-10,CTS
2025-10,CUBI
2025-10,CURB
2025-10,CVBF
2025-10,CVCO
2025-10,CVI
2025-10,CWEN
2025-10,CWEN.A
2025-10,CWK
2025-10,CWT
2025-10,CXM
2025-10,CXW
2025-10,CZR
2025-10,DAN
2025-10,DCOM
2025-10,DEA
2025-10,DEI
2025-10,DFH
2025-10,DFIN
2025-10,DGII
2025-10,DIOD
2025-10,DLX
2025-10,DNOW
2025-10,DOCN
2025-10,DORM
2025-10,DRH
2025-10,DV
2025-10,DVAX
2025-10,DXC
2025-10,DXPE
2025-10,DY
2025-10,EAT
2025-10,ECG
2025-10,ECPG
2025-10,EFC
2025-10,EGBN
2025-10,EIG
2025-10,ELME
2025-10,EMBC
2025-10,ENOV
2025-10,ENPH
2025-10,ENR
2025-10,ENVA
2025-10,EPAC
2025-10,EPC
2025-10,EPRT
2025-10,ESE
2025-10,ESI
2025-10,ETD
2025-10,ETSY
2025-10,EVTC
2025-10,EXPI
2025-10,EXTR
2025-10,EYE
2025-10,EZPW
2025-10,FBK
2025-10,FBNC
2025-10,FBP
2025-10,FBRT
2025-10,FCF
2025-10,FCPT
2025-10,FDP
2025-10,FELE
2025-10,FFBC
2025-10,FHB
2025-10,FIZZ
2025-10,FMC
2025-10,FORM
2025-10,FOXF
2025-10,FRPT
2025-10,FSS
2025-10,FTDR
2025-10,FTRE
2025-10,FUL
2025-10,FULT
2025-10,FUN
2025-10,FWRD
2025-10,GBX
2025-10,GDEN
2025-10,GDYN
2025-10,GEO
2025-10,GES
2025-10,GFF
2025-10,GIII
2025-10,GKOS
2025-10,GNL
2025-10,GNW
2025-10,GO
2025-10,GOGO
2025-10,GOLF
2025-10,GPI
2025-10,GRBK
2025-10,GSHD
2025-10,GTES
2025-10,GTY
2025-10,GVA
2025-10,HAFC
2025-10,HASI
2025-10,HAYW
2025-10,HBI
2025-10,HCC
2025-10,HCI
2025-10,HCSG
2025-10,HELE
2025-10,HFWA
2025-10,HI
2025-10,HIW
2025-10,HL
2025-10,HLIT
2025-10,HLX
2025-10,HMN
2025-10,HNI
2025-10,HOPE
2025-10,HP
2025-10,HRMY
2025-10,HSII
2025-10,HSTM
2025-10,HTH
2025-10,HTLD
2025-10,HTO
2025-10,HTZ
2025-10,HUBG
2025-10,HWKN
2025-10,HZO
2025-10,IAC
2025-10,IART
2025-10,IBP
2025-10,ICHR
2025-10,ICUI
2025-10,IDCC
2025-10,IIIN
2025-10,IIPR
2025-10,IJR
2025-10,INDB
2025-10,INN
2025-10,INSP
2025-10,INSW
2025-10,INVA
2025-10,INVX
2025-10,IOSP
2025-10,IPAR
2025-10,ITGR
2025-10,ITRI
2025-10,JBGS
2025-10,JBLU
2025-10,JBSS
2025-10,JBTM
2025-10,JJSF
2025-10,JOE
2025-10,JXN
2025-10,KAI
2025-10,KALU
2025-10,KAR
2025-10,KFY
2025-10,KGS
2025-10,KLIC
2025-10,KMT
2025-10,KN
2025-10,KNTK
2025-10,KOP
2025-10,KREF
2025-10,KRYS
2025-10,KSS
2025-10,KTB
2025-10,KW
2025-10,KWR
2025-10,LBRT
2025-10,LCII
2025-10,LEG
2025-10,LGIH
2025-10,LGND
2025-10,LKFN
2025-10,LMAT
2025-10,LNC
2025-10,LNN
2025-10,LPG
2025-10,LQDT
2025-10,LRN
2025-10,LTC
2025-10,LUMN
2025-10,LXP
2025-10,LZB
2025-10,MAC
2025-10,MAN
2025-10,MARA
2025-10,MATW
2025-10,MATX
2025-10,MBC
2025-10,MC
2025-10,MCRI
2025-10,MCW
2025-10,MCY
2025-10,MD
2025-10,MDU
2025-10,MGEE
2025-10,MGPI
2025-10,MGY
2025-10,MHO
2025-10,MIR
2025-10,MKTX
2025-10,MLKN
2025-10,MMI
2025-10,MMSI
2025-10,MNRO
2025-10,MODG
2025-10,MOG.A
2025-10,MPW
2025-10,MRCY
2025-10,MRP
2025-10,MRTN
2025-10,MSEX
2025-10,MSGS
2025-10,MTH
2025-10,MTRN
2025-10,MTUS
2025-10,MTX
2025-10,MWA
2025-10,MXL
2025-10,MYGN
2025-10,MYRG
2025-10,NABL
2025-10,NATL
2025-10,NAVI
2025-10,NBHC
2025-10,NBTB
2025-10,NE
2025-10,NEO
2025-10,NEOG
2025-10,NGVT
2025-10,NHC
2025-10,NMIH
2025-10,NOG
2025-10,NPK
2025-10,NPO
2025-10,NSIT
2025-10,NTCT
2025-10,NVRI
2025-10,NWBI
2025-10,NWL
2025-10,NWN
2025-10,NX
2025-10,NXRT
2025-10,OFG
2025-10,OGN
2025-10,OI
2025-10,OII
2025-10,OMCL
2025-10,OSIS
2025-10,OTTR
2025-10,OUT
2025-10,OXM
2025-10,PAHC
2025-10,PARR
2025-10,PATK
2025-10,PAYO
2025-10,PBH
2025-10,PBI
2025-10,PCRX
2025-10,PDFS
2025-10,PEB
2025-10,PECO
2025-10,PENG
2025-10,PENN
2025-10,PFBC
2025-10,PFS
2025-10,PGNY
2025-10,PHIN
2025-10,PI
2025-10,PINC
2025-10,PIPR
2025-10,PJT
2025-10,PLAB
2025-10,PLAY
2025-10,PLMR
2025-10,PLUS
2025-10,PLXS
2025-10,PMT
2025-10,POWL
2025-10,PRA
2025-10,PRAA
2025-10,PRDO
2025-10,PRG
2025-10,PRGS
2025-10,PRKS
2025-10,PRLB
2025-10,PRSU
2025-10,PRVA
2025-10,PSMT
2025-10,PTEN
2025-10,PTGX
2025-10,PZZA
2025-10,QDEL
2025-10,QNST
2025-10,QRVO
2025-10,QTWO
2025-10,RAL
2025-10,RAMP
2025-10,RC
2025-10,RCUS
2025-10,RDN
2025-10,RDNT
2025-10,RES
2025-10,REX
2025-10,REYN
2025-10,REZI
2025-10,RGR
2025-10,RHI
2025-10,RHP
2025-10,RNST
2025-10,ROCK
2025-10,ROG
2025-10,RUN
2025-10,RUSHA
2025-10,RWT
2025-10,RXO
2025-10,SABR
2025-10,SAFE
2025-10,SAFT
2025-10,SAH
2025-10,SANM
2025-10,SBCF
2025-10,SBH
2025-10,SBSI
2025-10,SCHL
2025-10,SCL
2025-10,SCSC
2025-10,SCVL
2025-10,SDGR
2025-10,SEDG
2025-10,SEE
2025-10,SEM
2025-10,SFBS
2025-10,SFNC
2025-10,SHAK
2025-10,SHEN
2025-10,SHO
2025-10,SHOO
2025-10,SIG
2025-10,SITC
2025-10,SITM
2025-10,SKT
2025-10,SKY
2025-10,SKYW
2025-10,SLG
2025-10,SLVM
2025-10,SM
2025-10,SMP
2025-10,SMPL
2025-10,SMTC
2025-10,SNCY
2025-10,SNDK
2025-10,SNDR
2025-10,SNEX
2025-10,SONO
2025-10,SPNT
2025-10,SPSC
2025-10,SPSM
2025-10,SPXC
2025-10,SRPT
2025-10,SSTK
2025-10,STAA
2025-10,STBA
2025-10,STC
2025-10,STEL
2025-10,STEP
2025-10,STRA
2025-10,STRL
2025-10,SUPN
2025-10,SXC
2025-10,SXI
2025-10,SXT
2025-10,TALO
2025-10,TBBK
2025-10,TDC
2025-10,TDS
2025-10,TDW
2025-10,TFIN
2025-10,TFX
2025-10,TGNA
2025-10,TGTX
2025-10,THRM
2025-10,THRY
2025-10,THS
2025-10,TILE
2025-10,TMDX
2025-10,TNC
2025-10,TNDM
2025-10,TPH
2025-10,TR
2025-10,TRIP
2025-10,TRMK
2025-10,TRN
2025-10,TRNO
2025-10,TRST
2025-10,TRUP
2025-10,TTMI
2025-10,TWI
2025-10,TWO
2025-10,UCB
2025-10,UCTT
2025-10,UE
2025-10,UFCS
2025-10,UFPT
2025-10,UHT
2025-10,UNF
2025-10,UNFI
2025-10,UNIT
2025-10,UPBD
2025-10,URBN
2025-10,USNA
2025-10,USPH
2025-10,UTL
2025-10,UVV
2025-10,VCEL
2025-10,VCTR
2025-10,VCYT
2025-10,VECO
2025-10,VIAV
2025-10,VICR
2025-10,VIOO
2025-10,VIR
2025-10,VIRT
2025-10,VRE
2025-10,VRRM
2025-10,VRTS
2025-10,VSAT
2025-10,VSCO
2025-10,VSH
2025-10,VSTS
2025-10,VTLE
2025-10,VTOL
2025-10,VYX
2025-10,WABC
2025-10,WAFD
2025-10,WAY
2025-10,WD
2025-10,WDFC
2025-10,WEN
2025-10,WERN
2025-10,WGO
2025-10,WHD
2025-10,WKC
2025-10,WLY
2025-10,WOR
2025-10,WRLD
2025-10,WS
2025-10,WSC
2025-10,WSFS
2025-10,WSR
2025-10,WT
2025-10,WU
2025-10,WWW
2025-10,XHR
2025-10,XNCR
2025-10,XPEL
2025-10,YELP
2025-10,YOU
2025-10,ZD
2025-10,ZWS
2025-11,AAMI
2025-11,AAP
2025-11,AAT
2025-11,ABCB
2025-11,ABG
2025-11,ABM
2025-11,ABR
2025-11,ACA
2025-11,ACAD
2025-11,ACHC
2025-11,ACIW
2025-11,ACLS
2025-11,ACMR
2025-11,ACT
2025-11,ADAM
2025-11,ADEA
2025-11,ADMA
2025-11,ADNT
2025-11,ADUS
2025-11,AEIS
2025-11,AEO
2025-11,AESI
2025-11,AGO
2025-11,AGYS
2025-11,AHCO
2025-11,AHH
2025-11,AIN
2025-11,AIR
2025-11,AKR
2025-11,AL
2025-11,ALEX
2025-11,ALG
2025-11,ALGT
2025-11,ALKS
2025-11,ALRM
2025-11,AMN
2025-11,AMPH
2025-11,AMR
2025-11,AMSF
2025-11,AMTM
2025-11,AMWD
2025-11,ANDE
2025-11,ANGI
2025-11,ANIP
2025-11,AORT
2025-11,AOSL
2025-11,APAM
2025-11,APLE
2025-11,APOG
2025-11,ARCB
2025-11,ARI
2025-11,ARLO
2025-11,AROC
2025-11,ARR
2025-11,ARWR
2025-11,ASIX
2025-11,ASO
2025-11,ASTE
2025-11,ASTH
2025-11,ATEN
2025-11,ATGE
2025-11,AUB
2025-11,AVA
2025-11,AVNS
2025-11,AWI
2025-11,AWR
2025-11,AX
2025-11,AXL
2025-11,AZTA
2025-11,AZZ
2025-11,BANC
2025-11,BANF
2025-11,BANR
2025-11,BBT
2025-11,BCC
2025-11,BCPC
2025-11,BDN
2025-11,BFH
2025-11,BFS
2025-11,BGC
2025-11,BHE
2025-11,BJRI
2025-11,BKE
2025-11,BKU
2025-11,BL
2025-11,BLFS
2025-11,BLMN
2025-11,BMI
2025-11,BOH
2025-11,BOOT
2025-11,BOX
2025-11,BRC
2025-11,BTSG
2025-11,BTU
2025-11,BWA
2025-11,BXMT
2025-11,CABO
2025-11,CAKE
2025-11,CALM
2025-11,CALX
2025-11,CARG
2025-11,CARS
2025-11,CASH
2025-11,CATY
2025-11,CBRL
2025-11,CBU
2025-11,CC
2025-11,CCOI
2025-11,CCS
2025-11,CE
2025-11,CENT
2025-11,CENTA
2025-11,CENX
2025-11,CERT
2025-11,CEVA
2025-11,CFFN
2025-11,CHCO
2025-11,CHEF
2025-11,CLB
2025-11,CLSK
2025-11,CNK
2025-11,CNMD
2025-11,CNR
2025-11,CNS
2025-11,CNXN
2025-11,COHU
2025-11,COLL
2025-11,CON
2025-11,CORT
2025-11,CPF
2025-11,CPK
2025-11,CPRX
2025-11,CRC
2025-11,CRGY
2025-11,CRI
2025-11,CRK
2025-11,CRSR
2025-11,CRVL
2025-11,CSGS
2025-11,CSR
2025-11,CTKB
2025-11,CTRE
2025-11,CTS
2025-11,CUBI
2025-11,CURB
2025-11,CVBF
2025-11,CVCO
2025-11,CVI
2025-11,CWEN
2025-11,CWEN.A
2025-11,CWK
2025-11,CWT
2025-11,CXM
2025-11,CXW
2025-11,CZR
2025-11,DAN
2025-11,DCOM
2025-11,DEA
2025-11,DEI
2025-11,DFH
2025-11,DFIN
2025-11,DGII
2025-11,DIOD
2025-11,DLX
2025-11,DNOW
2025-11,DOCN
2025-11,DORM
2025-11,DRH
2025-11,DV
2025-11,DVAX
2025-11,DXC
2025-11,DXPE
2025-11,DY
2025-11,EAT
2025-11,ECG
2025-11,ECPG
2025-11,EFC
2025-11,EGBN
2025-11,EIG
2025-11,ELME
2025-11,EMBC
2025-11,EMN
2025-11,ENOV
2025-11,ENPH
2025-11,ENR
2025-11,ENVA
2025-11,EPAC
2025-11,EPC
2025-11,EPRT
2025-11,ESE
2025-11,ESI
2025-11,ETD
2025-11,ETSY
2025-11,EVTC
2025-11,EXPI
2025-11,EXTR
2025-11,EYE
2025-11,EZPW
2025-11,FBK
2025-11,FBNC
2025-11,FBP
2025-11,FBRT
2025-11,FCF
2025-11,FCPT
2025-11,FDP
2025-11,FELE
2025-11,FFBC
2025-11,FHB
2025-11,FIZZ
2025-11,FMC
2025-11,FORM
2025-11,FOXF
2025-11,FRPT
2025-11,FSS
2025-11,FTDR
2025-11,FTRE
2025-11,FUL
2025-11,FULT
2025-11,FUN
2025-11,FWRD
2025-11,GBX
2025-11,GDEN
2025-11,GDYN
2025-11,GEO
2025-11,GES
2025-11,GFF
2025-11,GIII
2025-11,GKOS
2025-11,GNL
2025-11,GNW
2025-11,GO
2025-11,GOGO
2025-11,GOLF
2025-11,GPI
2025-11,GRBK
2025-11,GSHD
2025-11,GTES
2025-11,GTY
2025-11,GVA
2025-11,HAFC
2025-11,HASI
2025-11,HAYW
2025-11,HBI
2025-11,HCC
2025-11,HCI
2025-11,HCSG
2025-11,HELE
2025-11,HFWA
2025-11,HI
2025-11,HIW
2025-11,HL
2025-11,HLIT
2025-11,HLX
2025-11,HMN
2025-11,HNI
2025-11,HOPE
2025-11,HP
2025-11,HRMY
2025-11,HSII
2025-11,HSTM
2025-11,HTH
2025-11,HTLD
2025-11,HTO
2025-11,HTZ
2025-11,HUBG
2025-11,HWKN
2025-11,HZO
2025-11,IAC
2025-11,IART
2025-11,IBP
2025-11,ICHR
2025-11,ICUI
2025-11,IDCC
2025-11,IIIN
2025-11,IIPR
2025-11,IJR
2025-11,INDB
2025-11,INN
2025-11,INSP
2025-11,INSW
2025-11,INVA
2025-11,INVX
2025-11,IOSP
2025-11,IPAR
2025-11,ITGR
2025-11,ITRI
2025-11,JBGS
2025-11,JBLU
2025-11,JBSS
2025-11,JBTM
2025-11,JJSF
2025-11,JOE
2025-11,JXN
2025-11,KAI
2025-11,KALU
2025-11,KAR
2025-11,KFY
2025-11,KGS
2025-11,KLIC
2025-11,KMT
2025-11,KMX
2025-11,KN
2025-11,KNTK
2025-11,KOP
2025-11,KREF
2025-11,KRYS
2025-11,KSS
2025-11,KTB
2025-11,KW
2025-11,KWR
2025-11,LBRT
2025-11,LCII
2025-11,LEG
2025-11,LGIH
2025-11,LGND
2025-11,LKFN
2025-11,LMAT
2025-11,LNC
2025-11,LNN
2025-11,LPG
2025-11,LQDT
2025-11,LRN
2025-11,LTC
2025-11,LUMN
2025-11,LXP
2025-11,LZB
2025-11,MAC
2025-11,MAN
2025-11,MARA
2025-11,MATW
2025-11,MATX
2025-11,MBC
2025-11,MC
2025-11,MCRI
2025-11,MCW
2025-11,MCY
2025-11,MD
2025-11,MDU
2025-11,MGEE
2025-11,MGPI
2025-11,MGY
2025-11,MHO
2025-11,MIR
2025-11,MKTX
2025-11,MLKN
2025-11,MMI
2025-11,MMSI
2025-11,MNRO
2025-11,MODG
2025-11,MOG.A
2025-11,MPW
2025-11,MRCY
2025-11,MRP
2025-11,MRTN
2025-11,MSEX
2025-11,MSGS
2025-11,MTH
2025-11,MTRN
2025-11,MTUS
2025-11,MTX
2025-11,MWA
2025-11,MXL
2025-11,MYGN
2025-11,MYRG
2025-11,NABL
2025-11,NATL
2025-11,NAVI
2025-11,NBHC
2025-11,NBTB
2025-11,NE
2025-11,NEO
2025-11,NEOG
2025-11,NGVT
2025-11,NHC
2025-11,NMIH
2025-11,NOG
2025-11,NPK
2025-11,NPO
2025-11,NSIT
2025-11,NTCT
2025-11,NVRI
2025-11,NWBI
2025-11,NWL
2025-11,NWN
2025-11,NX
2025-11,NXRT
2025-11,OFG
2025-11,OGN
2025-11,OI
2025-11,OII
2025-11,OMCL
2025-11,OSIS
2025-11,OTTR
2025-11,OUT
2025-11,OXM
2025-11,PAHC
2025-11,PARR
2025-11,PATK
2025-11,PAYO
2025-11,PBH
2025-11,PBI
2025-11,PCRX
2025-11,PDFS
2025-11,PEB
2025-11,PECO
2025-11,PENG
2025-11,PENN
2025-11,PFBC
2025-11,PFS
2025-11,PGNY
2025-11,PHIN
2025-11,PI
2025-11,PINC
2025-11,PIPR
2025-11,PJT
2025-11,PLAB
2025-11,PLAY
2025-11,PLMR
2025-11,PLUS
2025-11,PLXS
2025-11,PMT
2025-11,POWL
2025-11,PRA
2025-11,PRAA
2025-11,PRDO
2025-11,PRG
2025-11,PRGS
2025-11,PRKS
2025-11,PRLB
2025-11,PRSU
2025-11,PRVA
2025-11,PSMT
2025-11,PTEN
2025-11,PTGX
2025-11,PZZA
2025-11,QDEL
2025-11,QNST
2025-11,QRVO
2025-11,QTWO
2025-11,RAL
2025-11,RAMP
2025-11,RC
2025-11,RCUS
2025-11,RDN
2025-11,RDNT
2025-11,RES
2025-11,REX
2025-11,REYN
2025-11,REZI
2025-11,RGR
2025-11,RHI
2025-11,RHP
2025-11,RNST
2025-11,ROCK
2025-11,ROG
2025-11,RRR
2025-11,RUN
2025-11,RUSHA
2025-11,RWT
2025-11,RXO
2025-11,SABR
2025-11,SAFE
2025-11,SAFT
2025-11,SAH
2025-11,SANM
2025-11,SBCF
2025-11,SBH
2025-11,SBSI
2025-11,SCHL
2025-11,SCL
2025-11,SCSC
2025-11,SCVL
2025-11,SDGR
2025-11,SEDG
2025-11,SEE
2025-11,SEM
2025-11,SFBS
2025-11,SFNC
2025-11,SHAK
2025-11,SHEN
2025-11,SHO
2025-11,SHOO
2025-11,SIG
2025-11,SITC
2025-11,SITM
2025-11,SKT
2025-11,SKY
2025-11,SKYW
2025-11,SLG
2025-11,SLVM
2025-11,SM
2025-11,SMP
2025-11,SMPL
2025-11,SMTC
2025-11,SNCY
2025-11,SNDK
2025-11,SNDR
2025-11,SNEX
2025-11,SONO
2025-11,SPNT
2025-11,SPSC
2025-11,SPSM
2025-11,SPXC
2025-11,SRPT
2025-11,SSTK
2025-11,STAA
2025-11,STBA
2025-11,STC
2025-11,STEL
2025-11,STEP
2025-11,STRA
2025-11,SUPN
2025-11,SXC
2025-11,SXI
2025-11,SXT
2025-11,TALO
2025-11,TBBK
2025-11,TDC
2025-11,TDS
2025-11,TDW
2025-11,TFIN
2025-11,TFX
2025-11,TGNA
2025-11,TGTX
2025-11,THRM
2025-11,THRY
2025-11,THS
2025-11,TILE
2025-11,TMDX
2025-11,TNC
2025-11,TNDM
2025-11,TPH
2025-11,TR
2025-11,TRIP
2025-11,TRMK
2025-11,TRN
2025-11,TRNO
2025-11,TRST
2025-11,TRUP
2025-11,TTMI
2025-11,TWI
2025-11,TWO
2025-11,UCB
2025-11,UCTT
2025-11,UE
2025-11,UFCS
2025-11,UFPT
2025-11,UHT
2025-11,UNF
2025-11,UNFI
2025-11,UNIT
2025-11,UPBD
2025-11,URBN
2025-11,USPH
2025-11,UTL
2025-11,UVV
2025-11,VCEL
2025-11,VCTR
2025-11,VCYT
2025-11,VECO
2025-11,VIAV
2025-11,VICR
2025-11,VIOO
2025-11,VIR
2025-11,VIRT
2025-11,VRE
2025-11,VRRM
2025-11,VRTS
2025-11,VSAT
2025-11,VSCO
2025-11,VSH
2025-11,VSTS
2025-11,VTLE
2025-11,VTOL
2025-11,VYX
2025-11,WABC
2025-11,WAFD
2025-11,WAY
2025-11,WD
2025-11,WDFC
2025-11,WEN
2025-11,WERN
2025-11,WGO
2025-11,WHD
2025-11,WKC
2025-11,WLY
2025-11,WOR
2025-11,WRLD
2025-11,WS
2025-11,WSC
2025-11,WSFS
2025-11,WSR
2025-11,WT
2025-11,WU
2025-11,WWW
2025-11,XHR
2025-11,XNCR
2025-11,XPEL
2025-11,YELP
2025-11,YOU
2025-11,ZD
2025-11,ZWS
2025-12,AAMI
2025-12,AAP
2025-12,AAT
2025-12,ABCB
2025-12,ABG
2025-12,ABM
2025-12,ABR
2025-12,ACA
2025-12,ACAD
2025-12,ACHC
2025-12,ACIW
2025-12,ACLS
2025-12,ACMR
2025-12,ACT
2025-12,ADAM
2025-12,ADEA
2025-12,ADMA
2025-12,ADNT
2025-12,ADUS
2025-12,AEIS
2025-12,AEO
2025-12,AESI
2025-12,AGO
2025-12,AGYS
2025-12,AHCO
2025-12,AHH
2025-12,AIN
2025-12,AIR
2025-12,AKR
2025-12,AL
2025-12,ALEX
2025-12,ALG
2025-12,ALGT
2025-12,ALKS
2025-12,ALRM
2025-12,AMN
2025-12,AMPH
2025-12,AMR
2025-12,AMSF
2025-12,AMTM
2025-12,AMWD
2025-12,ANDE
2025-12,ANGI
2025-12,ANIP
2025-12,AORT
2025-12,AOSL
2025-12,APAM
2025-12,APLE
2025-12,APOG
2025-12,ARCB
2025-12,ARI
2025-12,ARLO
2025-12,AROC
2025-12,ARR
2025-12,ARWR
2025-12,ASO
2025-12,ASTE
2025-12,ASTH
2025-12,ATEN
2025-12,ATGE
2025-12,AUB
2025-12,AVA
2025-12,AVNS
2025-12,AWI
2025-12,AWR
2025-12,AX
2025-12,AXL
2025-12,AZTA
2025-12,AZZ
2025-12,BANC
2025-12,BANF
2025-12,BANR
2025-12,BBT
2025-12,BCC
2025-12,BCPC
2025-12,BDN
2025-12,BFH
2025-12,BFS
2025-12,BGC
2025-12,BHE
2025-12,BJRI
2025-12,BKE
2025-12,BKU
2025-12,BL
2025-12,BLFS
2025-12,BLMN
2025-12,BMI
2025-12,BOH
2025-12,BOOT
2025-12,BOX
2025-12,BRC
2025-12,BTSG
2025-12,BTU
2025-12,BXMT
2025-12,CABO
2025-12,CAKE
2025-12,CALM
2025-12,CALX
2025-12,CARG
2025-12,CARS
2025-12,CASH
2025-12,CATY
2025-12,CBRL
2025-12,CBU
2025-12,CC
2025-12,CCOI
2025-12,CCS
2025-12,CE
2025-12,CENT
2025-12,CENTA
2025-12,CENX
2025-12,CERT
2025-12,CFFN
2025-12,CHCO
2025-12,CHEF
2025-12,CLB
2025-12,CLSK
2025-12,CNK
2025-12,CNMD
2025-12,CNR
2025-12,CNS
2025-12,CNXN
2025-12,COHU
2025-12,COLL
2025-12,CON
2025-12,CORT
2025-12,CPF
2025-12,CPK
2025-12,CPRX
2025-12,CRC
2025-12,CRGY
2025-12,CRI
2025-12,CRK
2025-12,CRSR
2025-12,CRVL
2025-12,CSGS
2025-12,CSR
2025-12,CSW
2025-12,CTKB
2025-12,CTRE
2025-12,CTS
2025-12,CUBI
2025-12,CURB
2025-12,CVBF
2025-12,CVCO
2025-12,CVI
2025-12,CWEN
2025-12,CWEN.A
2025-12,CWK
2025-12,CWST
2025-12,CWT
2025-12,CXM
2025-12,CXW
2025-12,CZR
2025-12,DAN
2025-12,DCOM
2025-12,DEA
2025-12,DEI
2025-12,DFH
2025-12,DFIN
2025-12,DGII
2025-12,DIOD
2025-12,DLX
2025-12,DNOW
2025-12,DOCN
2025-12,DORM
2025-12,DRH
2025-12,DV
2025-12,DVAX
2025-12,DXC
2025-12,DXPE
2025-12,EAT
2025-12,ECG
2025-12,ECPG
2025-12,EFC
2025-12,EGBN
2025-12,EIG
2025-12,ELME
2025-12,EMBC
2025-12,EMN
2025-12,ENOV
2025-12,ENPH
2025-12,ENR
2025-12,ENVA
2025-12,EPAC
2025-12,EPC
2025-12,EPRT
2025-12,ESE
2025-12,ESI
2025-12,ETD
2025-12,ETSY
2025-12,EVTC
2025-12,EXPI
2025-12,EXTR
2025-12,EYE
2025-12,EZPW
2025-12,FBK
2025-12,FBNC
2025-12,FBP
2025-12,FBRT
2025-12,FCF
2025-12,FCPT
2025-12,FDP
2025-12,FELE
2025-12,FFBC
2025-12,FHB
2025-12,FIBK
2025-12,FIZZ
2025-12,FMC
2025-12,FORM
2025-12,FOXF
2025-12,FRPT
2025-12,FSS
2025-12,FTDR
2025-12,FTRE
2025-12,FUL
2025-12,FULT
2025-12,FUN
2025-12,FWRD
2025-12,GBX
2025-12,GDEN
2025-12,GDYN
2025-12,GEO
2025-12,GES
2025-12,GFF
2025-12,GIII
2025-12,GKOS
2025-12,GNL
2025-12,GNW
2025-12,GO
2025-12,GOGO
2025-12,GOLF
2025-12,GPI
2025-12,GRBK
2025-12,GSHD
2025-12,GTES
2025-12,GTY
2025-12,GVA
2025-12,HAFC
2025-12,HASI
2025-12,HAYW
2025-12,HCC
2025-12,HCI
2025-12,HCSG
2025-12,HE
2025-12,HFWA
2025-12,HI
2025-12,HIW
2025-12,HLIT
2025-12,HLX
2025-12,HMN
2025-12,HNI
2025-12,HOPE
2025-12,HP
2025-12,HRMY
2025-12,HSTM
2025-12,HTH
2025-12,HTLD
2025-12,HTO
2025-12,HTZ
2025-12,HUBG
2025-12,HWKN
2025-12,HZO
2025-12,IAC
2025-12,IART
2025-12,IBP
2025-12,ICHR
2025-12,ICUI
2025-12,IDCC
2025-12,IIIN
2025-12,IIPR
2025-12,IJR
2025-12,INDB
2025-12,INDV
2025-12,INN
2025-12,INSP
2025-12,INSW
2025-12,INVA
2025-12,INVX
2025-12,IOSP
2025-12,IPAR
2025-12,IRDM
2025-12,ITGR
2025-12,ITRI
2025-12,JBGS
2025-12,JBLU
2025-12,JBSS
2025-12,JBTM
2025-12,JJSF
2025-12,JOE
2025-12,JXN
2025-12,KAI
2025-12,KALU
2025-12,KAR
2025-12,KFY
2025-12,KGS
2025-12,KLIC
2025-12,KMT
2025-12,KMX
2025-12,KN
2025-12,KNTK
2025-12,KOP
2025-12,KREF
2025-12,KRYS
2025-12,KSS
2025-12,KTB
2025-12,KW
2025-12,KWR
2025-12,LBRT
2025-12,LCII
2025-12,LEG
2025-12,LGIH
2025-12,LGND
2025-12,LKFN
2025-12,LKQ
2025-12,LMAT
2025-12,LNC
2025-12,LNN
2025-12,LPG
2025-12,LQDT
2025-12,LRN
2025-12,LTC
2025-12,LUMN
2025-12,LXP
2025-12,LZB
2025-12,MAC
2025-12,MAN
2025-12,MARA
2025-12,MATW
2025-12,MATX
2025-12,MBC
2025-12,MC
2025-12,MCRI
2025-12,MCW
2025-12,MCY
2025-12,MD
2025-12,MDU
2025-12,MGEE
2025-12,MGY
2025-12,MHK
2025-12,MHO
2025-12,MIR
2025-12,MKTX
2025-12,MLKN
2025-12,MMI
2025-12,MMSI
2025-12,MNRO
2025-12,MODG
2025-12,MOG.A
2025-12,MPW
2025-12,MRCY
2025-12,MRP
2025-12,MRTN
2025-12,MSEX
2025-12,MSGS
2025-12,MTH
2025-12,MTRN
2025-12,MTUS
2025-12,MTX
2025-12,MWA
2025-12,MXL
2025-12,MYGN
2025-12,MYRG
2025-12,NABL
2025-12,NATL
2025-12,NAVI
2025-12,NBHC
2025-12,NBTB
2025-12,NE
2025-12,NEO
2025-12,NEOG
2025-12,NGVT
2025-12,NHC
2025-12,NMIH
2025-12,NOG
2025-12,NPK
2025-12,NPO
2025-12,NSIT
2025-12,NSP
2025-12,NTCT
2025-12,NVRI
2025-12,NWBI
2025-12,NWL
2025-12,NWN
2025-12,NX
2025-12,NXRT
2025-12,OFG
2025-12,OGN
2025-12,OI
2025-12,OII
2025-12,OMCL
2025-12,OSIS
2025-12,OTTR
2025-12,OUT
2025-12,OXM
2025-12,PAHC
2025-12,PARR
2025-12,PATK
2025-12,PAYO
2025-12,PBH
2025-12,PBI
2025-12,PCRX
2025-12,PDFS
2025-12,PEB
2025-12,PECO
2025-12,PENG
2025-12,PENN
2025-12,PFBC
2025-12,PFS
2025-12,PGNY
2025-12,PHIN
2025-12,PI
2025-12,PIPR
2025-12,PJT
2025-12,PLAB
2025-12,PLAY
2025-12,PLMR
2025-12,PLUS
2025-12,PLXS
2025-12,PMT
2025-12,POWI
2025-12,POWL
2025-12,PRA
2025-12,PRAA
2025-12,PRDO
2025-12,PRG
2025-12,PRGO
2025-12,PRGS
2025-12,PRIM
2025-12,PRKS
2025-12,PRLB
2025-12,PRSU
2025-12,PRVA
2025-12,PSMT
2025-12,PTCT
2025-12,PTEN
2025-12,PTGX
2025-12,PZZA
2025-12,QDEL
2025-12,QNST
2025-12,QRVO
2025-12,QTWO
2025-12,RAL
2025-12,RAMP
2025-12,RCUS
2025-12,RDN
2025-12,RDNT
2025-12,RES
2025-12,REX
2025-12,REYN
2025-12,REZI
2025-12,RHI
2025-12,RHP
2025-12,RNST
2025-12,ROCK
2025-12,ROG
2025-12,RRR
2025-12,RUN
2025-12,RUSHA
2025-12,RWT
2025-12,RXO
2025-12,SABR
2025-12,SAFE
2025-12,SAFT
2025-12,SAH
2025-12,SANM
2025-12,SBCF
2025-12,SBH
2025-12,SBSI
2025-12,SCHL
2025-12,SCL
2025-12,SCSC
2025-12,SDGR
2025-12,SEDG
2025-12,SEE
2025-12,SEM
2025-12,SEZL
2025-12,SFBS
2025-12,SFNC
2025-12,SHAK
2025-12,SHEN
2025-12,SHO
2025-12,SHOO
2025-12,SIG
2025-12,SITM
2025-12,SKT
2025-12,SKY
2025-12,SKYW
2025-12,SLG
2025-12,SLVM
2025-12,SM
2025-12,SMP
2025-12,SMPL
2025-12,SMTC
2025-12,SNCY
2025-12,SNDR
2025-12,SNEX
2025-12,SOLS
2025-12,SONO
2025-12,SPNT
2025-12,SPSC
2025-12,SPSM
2025-12,SRPT
2025-12,SSTK
2025-12,STAA
2025-12,STBA
2025-12,STC
2025-12,STEL
2025-12,STEP
2025-12,STRA
2025-12,SUPN
2025-12,SXC
2025-12,SXI
2025-12,SXT
2025-12,TALO
2025-12,TBBK
2025-12,TDC
2025-12,TDS
2025-12,TDW
2025-12,TFIN
2025-12,TFX
2025-12,TGNA
2025-12,TGTX
2025-12,THRM
2025-12,THS
2025-12,TILE
2025-12,TMDX
2025-12,TNC
2025-12,TNDM
2025-12,TPH
2025-12,TR
2025-12,TRIP
2025-12,TRMK
2025-12,TRN
2025-12,TRNO
2025-12,TRST
2025-12,TRUP
2025-12,TTMI
2025-12,TWI
2025-12,TWO
2025-12,UA
2025-12,UAA
2025-12,UCB
2025-12,UCTT
2025-12,UE
2025-12,UFCS
2025-12,UFPT
2025-12,UHT
2025-12,UNF
2025-12,UNFI
2025-12,UNIT
2025-12,UPBD
2025-12,UPWK
2025-12,URBN
2025-12,USPH
2025-12,UTL
2025-12,UVV
2025-12,VAC
2025-12,VCEL
2025-12,VCTR
2025-12,VCYT
2025-12,VECO
2025-12,VIAV
2025-12,VICR
2025-12,VIOO
2025-12,VIR
2025-12,VIRT
2025-12,VITL
2025-12,VRE
2025-12,VRRM
2025-12,VRTS
2025-12,VSAT
2025-12,VSCO
2025-12,VSH
2025-12,VSTS
2025-12,VTOL
2025-12,VYX
2025-12,WABC
2025-12,WAFD
2025-12,WAY
2025-12,WD
2025-12,WDFC
2025-12,WEN
2025-12,WERN
2025-12,WGO
2025-12,WHD
2025-12,WKC
2025-12,WLY
2025-12,WOR
2025-12,WRLD
2025-12,WS
2025-12,WSC
2025-12,WSFS
2025-12,WSR
2025-12,WT
2025-12,WU
2025-12,WWW
2025-12,XHR
2025-12,XNCR
2025-12,XPEL
2025-12,YELP
2025-12,YOU
2025-12,ZD
2025-12,ZWS
2026-01,AAMI
2026-01,AAP
2026-01,AAT
2026-01,ABCB
2026-01,ABG
2026-01,ABM
2026-01,ABR
2026-01,ACA
2026-01,ACAD
2026-01,ACHC
2026-01,ACIW
2026-01,ACLS
2026-01,ACMR
2026-01,ACT
2026-01,ADAM
2026-01,ADEA
2026-01,ADMA
2026-01,ADNT
2026-01,ADUS
2026-01,AEIS
2026-01,AEO
2026-01,AESI
2026-01,AGO
2026-01,AGYS
2026-01,AHCO
2026-01,AHH
2026-01,AIN
2026-01,AIR
2026-01,AKR
2026-01,AL
2026-01,ALEX
2026-01,ALG
2026-01,ALGT
2026-01,ALKS
2026-01,ALRM
2026-01,AMN
2026-01,AMPH
2026-01,AMR
2026-01,AMRX
2026-01,AMSF
2026-01,AMTM
2026-01,AMWD
2026-01,ANDE
2026-01,ANGI
2026-01,ANIP
2026-01,AORT
2026-01,AOSL
2026-01,APAM
2026-01,APLE
2026-01,APOG
2026-01,ARCB
2026-01,ARI
2026-01,ARLO
2026-01,AROC
2026-01,ARR
2026-01,ARWR
2026-01,ASO
2026-01,ASTE
2026-01,ASTH
2026-01,ATEN
2026-01,ATGE
2026-01,AUB
2026-01,AVA
2026-01,AVNS
2026-01,AWI
2026-01,AWR
2026-01,AX
2026-01,AXL
2026-01,AZTA
2026-01,AZZ
2026-01,BANC
2026-01,BANF
2026-01,BANR
2026-01,BBT
2026-01,BCC
2026-01,BCPC
2026-01,BFH
2026-01,BFS
2026-01,BGC
2026-01,BHE
2026-01,BJRI
2026-01,BKE
2026-01,BKU
2026-01,BL
2026-01,BLFS
2026-01,BLMN
2026-01,BMI
2026-01,BOH
2026-01,BOOT
2026-01,BOX
2026-01,BRC
2026-01,BTSG
2026-01,BTU
2026-01,BXMT
2026-01,CABO
2026-01,CAKE
2026-01,CALM
2026-01,CALX
2026-01,CARG
2026-01,CARS
2026-01,CASH
2026-01,CATY
2026-01,CBRL
2026-01,CBU
2026-01,CC
2026-01,CCOI
2026-01,CCS
2026-01,CE
2026-01,CENT
2026-01,CENTA
2026-01,CENX
2026-01,CERT
2026-01,CFFN
2026-01,CHCO
2026-01,CHEF
2026-01,CLB
2026-01,CLSK
2026-01,CNK
2026-01,CNMD
2026-01,CNR
2026-01,CNS
2026-01,CNXN
2026-01,COHU
2026-01,COLL
2026-01,CON
2026-01,CORT
2026-01,CPF
2026-01,CPK
2026-01,CPRX
2026-01,CRC
2026-01,CRGY
2026-01,CRI
2026-01,CRK
2026-01,CRSR
2026-01,CRVL
2026-01,CSGS
2026-01,CSR
2026-01,CSW
2026-01,CTKB
2026-01,CTRE
2026-01,CTS
2026-01,CUBI
2026-01,CURB
2026-01,CVBF
2026-01,CVCO
2026-01,CVI
2026-01,CWEN
2026-01,CWEN.A
2026-01,CWK
2026-01,CWST
2026-01,CWT
2026-01,CXM
2026-01,CXW
2026-01,CZR
2026-01,DAN
2026-01,DCOM
2026-01,DEA
2026-01,DEI
2026-01,DFH
2026-01,DFIN
2026-01,DGII
2026-01,DIOD
2026-01,DLX
2026-01,DNOW
2026-01,DOCN
2026-01,DORM
2026-01,DRH
2026-01,DV
2026-01,DVAX
2026-01,DXC
2026-01,DXPE
2026-01,EAT
2026-01,ECG
2026-01,ECPG
2026-01,EFC
2026-01,EGBN
2026-01,EIG
2026-01,ELME
2026-01,EMBC
2026-01,EMN
2026-01,ENOV
2026-01,ENPH
2026-01,ENR
2026-01,ENVA
2026-01,EPAC
2026-01,EPC
2026-01,EPRT
2026-01,ESE
2026-01,ESI
2026-01,ETD
2026-01,ETSY
2026-01,EVTC
2026-01,EXPI
2026-01,EXTR
2026-01,EYE
2026-01,EZPW
2026-01,FBK
2026-01,FBNC
2026-01,FBP
2026-01,FBRT
2026-01,FCF
2026-01,FCPT
2026-01,FDP
2026-01,FELE
2026-01,FFBC
2026-01,FHB
2026-01,FIBK
2026-01,FIZZ
2026-01,FMC
2026-01,FORM
2026-01,FOXF
2026-01,FRPT
2026-01,FSS
2026-01,FTDR
2026-01,FTRE
2026-01,FUL
2026-01,FULT
2026-01,FUN
2026-01,FWRD
2026-01,GBX
2026-01,GDEN
2026-01,GDYN
2026-01,GEO
2026-01,GFF
2026-01,GIII
2026-01,GKOS
2026-01,GNL
2026-01,GNW
2026-01,GO
2026-01,GOGO
2026-01,GOLF
2026-01,GPI
2026-01,GRBK
2026-01,GSHD
2026-01,GTES
2026-01,GTY
2026-01,GVA
2026-01,HAFC
2026-01,HASI
2026-01,HAYW
2026-01,HCC
2026-01,HCI
2026-01,HCSG
2026-01,HE
2026-01,HFWA
2026-01,HI
2026-01,HIW
2026-01,HLIT
2026-01,HLX
2026-01,HMN
2026-01,HNI
2026-01,HOPE
2026-01,HP
2026-01,HRMY
2026-01,HSTM
2026-01,HTH
2026-01,HTLD
2026-01,HTO
2026-01,HTZ
2026-01,HUBG
2026-01,HWKN
2026-01,HZO
2026-01,IAC
2026-01,IART
2026-01,IBP
2026-01,ICHR
2026-01,ICUI
2026-01,IDCC
2026-01,IIIN
2026-01,IIPR
2026-01,IJR
2026-01,INDB
2026-01,INDV
2026-01,INN
2026-01,INSP
2026-01,INSW
2026-01,INVA
2026-01,INVX
2026-01,IOSP
2026-01,IPAR
2026-01,IRDM
2026-01,ITGR
2026-01,ITRI
2026-01,JBGS
2026-01,JBLU
2026-01,JBSS
2026-01,JBTM
2026-01,JJSF
2026-01,JOE
2026-01,JXN
2026-01,KAI
2026-01,KALU
2026-01,KFY
2026-01,KGS
2026-01,KLIC
2026-01,KMT
2026-01,KMX
2026-01,KN
2026-01,KNTK
2026-01,KOP
2026-01,KREF
2026-01,KRYS
2026-01,KSS
2026-01,KTB
2026-01,KW
2026-01,KWR
2026-01,LBRT
2026-01,LCII
2026-01,LEG
2026-01,LGIH
2026-01,LGND
2026-01,LKFN
2026-01,LKQ
2026-01,LMAT
2026-01,LNC
2026-01,LNN
2026-01,LPG
2026-01,LQDT
2026-01,LRN
2026-01,LTC
2026-01,LUMN
2026-01,LXP
2026-01,LZB
2026-01,MAC
2026-01,MAN
2026-01,MARA
2026-01,MATW
2026-01,MATX
2026-01,MBC
2026-01,MC
2026-01,MCRI
2026-01,MCW
2026-01,MCY
2026-01,MD
2026-01,MDU
2026-01,MGEE
2026-01,MGY
2026-01,MHK
2026-01,MHO
2026-01,MIR
2026-01,MKTX
2026-01,MLKN
2026-01,MMI
2026-01,MMSI
2026-01,MNRO
2026-01,MODG
2026-01,MOG.A
2026-01,MPW
2026-01,MRCY
2026-01,MRP
2026-01,MRTN
2026-01,MSEX
2026-01,MSGS
2026-01,MTH
2026-01,MTRN
2026-01,MTUS
2026-01,MTX
2026-01,MWA
2026-01,MXL
2026-01,MYGN
2026-01,MYRG
2026-01,NABL
2026-01,NATL
2026-01,NAVI
2026-01,NBHC
2026-01,NBTB
2026-01,NE
2026-01,NEO
2026-01,NEOG
2026-01,NGVT
2026-01,NHC
2026-01,NMIH
2026-01,NOG
2026-01,NPK
2026-01,NPO
2026-01,NSIT
2026-01,NSP
2026-01,NTCT
2026-01,NVRI
2026-01,NWBI
2026-01,NWL
2026-01,NWN
2026-01,NX
2026-01,NXRT
2026-01,OFG
2026-01,OGN
2026-01,OI
2026-01,OII
2026-01,OMCL
2026-01,OPLN
2026-01,OSIS
2026-01,OTTR
2026-01,OUT
2026-01,OXM
2026-01,PAHC
2026-01,PARR
2026-01,PATK
2026-01,PAYO
2026-01,PBH
2026-01,PBI
2026-01,PCRX
2026-01,PDFS
2026-01,PEB
2026-01,PECO
2026-01,PENG
2026-01,PENN
2026-01,PFBC
2026-01,PFS
2026-01,PGNY
2026-01,PHIN
2026-01,PI
2026-01,PIPR
2026-01,PJT
2026-01,PLAB
2026-01,PLAY
2026-01,PLMR
2026-01,PLUS
2026-01,PLXS
2026-01,PMT
2026-01,POWI
2026-01,POWL
2026-01,PRA
2026-01,PRAA
2026-01,PRDO
2026-01,PRG
2026-01,PRGO
2026-01,PRGS
2026-01,PRIM
2026-01,PRKS
2026-01,PRLB
2026-01,PRSU
2026-01,PRVA
2026-01,PSMT
2026-01,PTCT
2026-01,PTEN
2026-01,PTGX
2026-01,PZZA
2026-01,QDEL
2026-01,QNST
2026-01,QRVO
2026-01,QTWO
2026-01,RAL
2026-01,RAMP
2026-01,RCUS
2026-01,RDN
2026-01,RDNT
2026-01,RES
2026-01,REX
2026-01,REYN
2026-01,REZI
2026-01,RHI
2026-01,RHP
2026-01,RNST
2026-01,ROCK
2026-01,ROG
2026-01,RRR
2026-01,RUN
2026-01,RUSHA
2026-01,RWT
2026-01,RXO
2026-01,SABR
2026-01,SAFE
2026-01,SAFT
2026-01,SAH
2026-01,SANM
2026-01,SBCF
2026-01,SBH
2026-01,SBSI
2026-01,SCHL
2026-01,SCL
2026-01,SCSC
2026-01,SDGR
2026-01,SEDG
2026-01,SEE
2026-01,SEM
2026-01,SEZL
2026-01,SFBS
2026-01,SFNC
2026-01,SHAK
2026-01,SHEN
2026-01,SHO
2026-01,SHOO
2026-01,SIG
2026-01,SITM
2026-01,SKT
2026-01,SKY
2026-01,SKYW
2026-01,SLG
2026-01,SLVM
2026-01,SM
2026-01,SMP
2026-01,SMPL
2026-01,SMTC
2026-01,SNCY
2026-01,SNDR
2026-01,SNEX
2026-01,SOLS
2026-01,SONO
2026-01,SPNT
2026-01,SPSC
2026-01,SPSM
2026-01,SRPT
2026-01,SSTK
2026-01,STAA
2026-01,STBA
2026-01,STC
2026-01,STEL
2026-01,STEP
2026-01,STRA
2026-01,SUPN
2026-01,SXC
2026-01,SXI
2026-01,SXT
2026-01,TALO
2026-01,TBBK
2026-01,TDC
2026-01,TDS
2026-01,TDW
2026-01,TFIN
2026-01,TFX
2026-01,TGNA
2026-01,TGTX
2026-01,THRM
2026-01,THS
2026-01,TILE
2026-01,TMDX
2026-01,TNC
2026-01,TNDM
2026-01,TPH
2026-01,TR
2026-01,TRIP
2026-01,TRMK
2026-01,TRN
2026-01,TRNO
2026-01,TRST
2026-01,TRUP
2026-01,TWI
2026-01,TWO
2026-01,UA
2026-01,UAA
2026-01,UCB
2026-01,UCTT
2026-01,UE
2026-01,UFCS
2026-01,UFPT
2026-01,UHT
2026-01,UNF
2026-01,UNFI
2026-01,UNIT
2026-01,UPBD
2026-01,UPWK
2026-01,URBN
2026-01,USPH
2026-01,UTL
2026-01,UVV
2026-01,VAC
2026-01,VCEL
2026-01,VCTR
2026-01,VCYT
2026-01,VECO
2026-01,VIAV
2026-01,VICR
2026-01,VIOO
2026-01,VIR
2026-01,VIRT
2026-01,VITL
2026-01,VRE
2026-01,VRRM
2026-01,VRTS
2026-01,VSAT
2026-01,VSCO
2026-01,VSH
2026-01,VSNT
2026-01,VSTS
2026-01,VTOL
2026-01,VYX
2026-01,WABC
2026-01,WAFD
2026-01,WAY
2026-01,WD
2026-01,WDFC
2026-01,WEN
2026-01,WERN
2026-01,WGO
2026-01,WHD
2026-01,WINA
2026-01,WKC
2026-01,WLY
2026-01,WOR
2026-01,WRLD
2026-01,WS
2026-01,WSC
2026-01,WSFS
2026-01,WSR
2026-01,WT
2026-01,WU
2026-01,WWW
2026-01,XHR
2026-01,XNCR
2026-01,XPEL
2026-01,YELP
2026-01,YOU
2026-01,ZD
2026-01,ZWS
2026-02,AAMI
2026-02,AAP
2026-02,AAT
2026-02,ABCB
2026-02,ABG
2026-02,ABM
2026-02,ABR
2026-02,ACA
2026-02,ACAD
2026-02,ACHC
2026-02,ACIW
2026-02,ACLS
2026-02,ACMR
2026-02,ACT
2026-02,ADAM
2026-02,ADEA
2026-02,ADMA
2026-02,ADNT
2026-02,ADT
2026-02,ADUS
2026-02,AEO
2026-02,AESI
2026-02,AGO
2026-02,AGYS
2026-02,AHCO
2026-02,AHH
2026-02,AIN
2026-02,AIR
2026-02,AKR
2026-02,AL
2026-02,ALEX
2026-02,ALG
2026-02,ALGT
2026-02,ALKS
2026-02,ALRM
2026-02,AMN
2026-02,AMPH
2026-02,AMR
2026-02,AMRX
2026-02,AMSF
2026-02,AMTM
2026-02,AMWD
2026-02,ANDE
2026-02,ANGI
2026-02,ANIP
2026-02,AORT
2026-02,AOSL
2026-02,APAM
2026-02,APLE
2026-02,APLS
2026-02,APOG
2026-02,ARCB
2026-02,ARI
2026-02,ARLO
2026-02,AROC
2026-02,ARR
2026-02,ASO
2026-02,ASTE
2026-02,ASTH
2026-02,ATEN
2026-02,ATGE
2026-02,AUB
2026-02,AVA
2026-02,AVNS
2026-02,AWI
2026-02,AWR
2026-02,AX
2026-02,AXL
2026-02,AZTA
2026-02,AZZ
2026-02,BANC
2026-02,BANF
2026-02,BANR
2026-02,BBT
2026-02,BCC
2026-02,BCPC
2026-02,BFH
2026-02,BFS
2026-02,BGC
2026-02,BHE
2026-02,BJRI
2026-02,BKE
2026-02,BKU
2026-02,BL
2026-02,BLFS
2026-02,BLMN
2026-02,BMI
2026-02,BOH
2026-02,BOOT
2026-02,BOX
2026-02,BRC
2026-02,BTSG
2026-02,BTU
2026-02,BXMT
2026-02,CABO
2026-02,CAKE
2026-02,CALM
2026-02,CALX
2026-02,CARG
2026-02,CARS
2026-02,CASH
2026-02,CATY
2026-02,CBRL
2026-02,CBU
2026-02,CC
2026-02,CCOI
2026-02,CCS
2026-02,CE
2026-02,CENT
2026-02,CENTA
2026-02,CENX
2026-02,CERT
2026-02,CFFN
2026-02,CHCO
2026-02,CHEF
2026-02,CLB
2026-02,CLSK
2026-02,CNK
2026-02,CNMD
2026-02,CNR
2026-02,CNS
2026-02,CNXN
2026-02,COHU
2026-02,COLL
2026-02,CON
2026-02,CORT
2026-02,CPF
2026-02,CPK
2026-02,CPRX
2026-02,CRC
2026-02,CRGY
2026-02,CRI
2026-02,CRK
2026-02,CRSR
2026-02,CRVL
2026-02,CSGS
2026-02,CSR
2026-02,CSW
2026-02,CTKB
2026-02,CTRE
2026-02,CTS
2026-02,CUBI
2026-02,CURB
2026-02,CVBF
2026-02,CVCO
2026-02,CVI
2026-02,CWEN
2026-02,CWEN.A
2026-02,CWK
2026-02,CWST
2026-02,CWT
2026-02,CXM
2026-02,CXW
2026-02,CZR
2026-02,DAN
2026-02,DCOM
2026-02,DEA
2026-02,DEI
2026-02,DFH
2026-02,DFIN
2026-02,DGII
2026-02,DIOD
2026-02,DLX
2026-02,DNOW
2026-02,DOCN
2026-02,DORM
2026-02,DRH
2026-02,DV
2026-02,DXC
2026-02,DXPE
2026-02,EAT
2026-02,ECG
2026-02,ECPG
2026-02,EFC
2026-02,EGBN
2026-02,EIG
2026-02,EMBC
2026-02,EMN
2026-02,ENOV
2026-02,ENPH
2026-02,ENR
2026-02,ENVA
2026-02,EPAC
2026-02,EPC
2026-02,EPRT
2026-02,ESE
2026-02,ESI
2026-02,ETD
2026-02,ETSY
2026-02,EVTC
2026-02,EXPI
2026-02,EXTR
2026-02,EYE
2026-02,EZPW
2026-02,FBK
2026-02,FBNC
2026-02,FBP
2026-02,FBRT
2026-02,FCF
2026-02,FCPT
2026-02,FDP
2026-02,FELE
2026-02,FFBC
2026-02,FHB
2026-02,FIBK
2026-02,FIZZ
2026-02,FMC
2026-02,FORM
2026-02,FOXF
2026-02,FRPT
2026-02,FSS
2026-02,FTDR
2026-02,FTRE
2026-02,FUL
2026-02,FULT
2026-02,FUN
2026-02,FWRD
2026-02,GBX
2026-02,GDEN
2026-02,GDYN
2026-02,GEO
2026-02,GFF
2026-02,GIII
2026-02,GKOS
2026-02,GNL
2026-02,GNW
2026-02,GO
2026-02,GOGO
2026-02,GOLF
2026-02,GPI
2026-02,GRBK
2026-02,GSHD
2026-02,GTES
2026-02,GTY
2026-02,GVA
2026-02,HAFC
2026-02,HASI
2026-02,HAYW
2026-02,HCC
2026-02,HCI
2026-02,HCSG
2026-02,HE
2026-02,HFWA
2026-02,HIW
2026-02,HLIT
2026-02,HLX
2026-02,HMN
2026-02,HNI
2026-02,HOPE
2026-02,HP
2026-02,HRMY
2026-02,HSTM
2026-02,HTH
2026-02,HTLD
2026-02,HTO
2026-02,HTZ
2026-02,HUBG
2026-02,HWKN
2026-02,HZO
2026-02,IAC
2026-02,IART
2026-02,IBP
2026-02,ICHR
2026-02,ICUI
2026-02,IDCC
2026-02,IIIN
2026-02,IIPR
2026-02,IJR
2026-02,INDB
2026-02,INDV
2026-02,INN
2026-02,INSP
2026-02,INSW
2026-02,INVA
2026-02,INVX
2026-02,IOSP
2026-02,IPAR
2026-02,IRDM
2026-02,ITGR
2026-02,ITRI
2026-02,JBGS
2026-02,JBLU
2026-02,JBSS
2026-02,JBTM
2026-02,JJSF
2026-02,JOE
2026-02,JXN
2026-02,KAI
2026-02,KALU
2026-02,KFY
2026-02,KGS
2026-02,KLIC
2026-02,KMT
2026-02,KMX
2026-02,KN
2026-02,KNTK
2026-02,KOP
2026-02,KREF
2026-02,KRYS
2026-02,KSS
2026-02,KTB
2026-02,KW
2026-02,KWR
2026-02,LBRT
2026-02,LCII
2026-02,LEG
2026-02,LGIH
2026-02,LGND
2026-02,LKFN
2026-02,LKQ
2026-02,LMAT
2026-02,LNC
2026-02,LNN
2026-02,LPG
2026-02,LQDT
2026-02,LRN
2026-02,LTC
2026-02,LUMN
2026-02,LXP
2026-02,LZ
2026-02,LZB
2026-02,MAC
2026-02,MAN
2026-02,MARA
2026-02,MATW
2026-02,MATX
2026-02,MBC
2026-02,MBIN
2026-02,MC
2026-02,MCRI
2026-02,MCW
2026-02,MCY
2026-02,MD
2026-02,MDU
2026-02,MGEE
2026-02,MGY
2026-02,MHK
2026-02,MHO
2026-02,MIR
2026-02,MKTX
2026-02,MLKN
2026-02,MMI
2026-02,MMSI
2026-02,MNRO
2026-02,MODG
2026-02,MOG.A
2026-02,MPT
2026-02,MRCY
2026-02,MRP
2026-02,MRTN
2026-02,MSEX
2026-02,MSGS
2026-02,MTH
2026-02,MTRN
2026-02,MTUS
2026-02,MTX
2026-02,MWA
2026-02,MXL
2026-02,MYGN
2026-02,MYRG
2026-02,NABL
2026-02,NATL
2026-02,NAVI
2026-02,NBHC
2026-02,NBTB
2026-02,NE
2026-02,NEO
2026-02,NEOG
2026-02,NGVT
2026-02,NHC
2026-02,NMIH
2026-02,NOG
2026-02,NPK
2026-02,NPO
2026-02,NSIT
2026-02,NSP
2026-02,NTCT
2026-02,NVRI
2026-02,NWBI
2026-02,NWL
2026-02,NWN
2026-02,NX
2026-02,NXRT
2026-02,OFG
2026-02,OGN
2026-02,OI
2026-02,OII
2026-02,OMCL
2026-02,OPLN
2026-02,OSIS
2026-02,OSW
2026-02,OTTR
2026-02,OUT
2026-02,OXM
2026-02,PAHC
2026-02,PARR
2026-02,PATK
2026-02,PAYO
2026-02,PBH
2026-02,PBI
2026-02,PCRX
2026-02,PDFS
2026-02,PEB
2026-02,PECO
2026-02,PENG
2026-02,PENN
2026-02,PFBC
2026-02,PFS
2026-02,PGNY
2026-02,PHIN
2026-02,PI
2026-02,PIPR
2026-02,PJT
2026-02,PLAB
2026-02,PLAY
2026-02,PLMR
2026-02,PLUS
2026-02,PLXS
2026-02,PMT
2026-02,POWI
2026-02,POWL
2026-02,PRA
2026-02,PRAA
2026-02,PRDO
2026-02,PRG
2026-02,PRGO
2026-02,PRGS
2026-02,PRIM
2026-02,PRKS
2026-02,PRLB
2026-02,PRSU
2026-02,PRVA
2026-02,PSMT
2026-02,PTCT
2026-02,PTEN
2026-02,PTGX
2026-02,PZZA
2026-02,QDEL
2026-02,QNST
2026-02,QRVO
2026-02,QTWO
2026-02,RAL
2026-02,RAMP
2026-02,RCUS
2026-02,RDN
2026-02,RDNT
2026-02,RES
2026-02,REX
2026-02,REYN
2026-02,REZI
2026-02,RHI
2026-02,RHP
2026-02,RNG
2026-02,RNST
2026-02,ROCK
2026-02,ROG
2026-02,RRR
2026-02,RUN
2026-02,RUSHA
2026-02,RWT
2026-02,RXO
2026-02,SABR
2026-02,SAFE
2026-02,SAFT
2026-02,SAH
2026-02,SANM
2026-02,SBCF
2026-02,SBH
2026-02,SBSI
2026-02,SCHL
2026-02,SCL
2026-02,SCSC
2026-02,SDGR
2026-02,SEDG
2026-02,SEE
2026-02,SEM
2026-02,SEZL
2026-02,SFBS
2026-02,SFNC
2026-02,SHAK
2026-02,SHEN
2026-02,SHO
2026-02,SHOO
2026-02,SIG
2026-02,SITM
2026-02,SKT
2026-02,SKY
2026-02,SKYW
2026-02,SLG
2026-02,SLVM
2026-02,SM
2026-02,SMP
2026-02,SMPL
2026-02,SMTC
2026-02,SNCY
2026-02,SNDR
2026-02,SNEX
2026-02,SOLS
2026-02,SONO
2026-02,SPNT
2026-02,SPSC
2026-02,SPSM
2026-02,SRPT
2026-02,SSTK
2026-02,STAA
2026-02,STBA
2026-02,STC
2026-02,STEL
2026-02,STEP
2026-02,STRA
2026-02,SUPN
2026-02,SXC
2026-02,SXI
2026-02,SXT
2026-02,TALO
2026-02,TBBK
2026-02,TDC
2026-02,TDS
2026-02,TDW
2026-02,TFIN
2026-02,TFX
2026-02,TGNA
2026-02,TGTX
2026-02,THRM
2026-02,TILE
2026-02,TMDX
2026-02,TNC
2026-02,TNDM
2026-02,TPH
2026-02,TR
2026-02,TRIP
2026-02,TRMK
2026-02,TRN
2026-02,TRNO
2026-02,TRST
2026-02,TRUP
2026-02,TWI
2026-02,TWO
2026-02,UA
2026-02,UAA
2026-02,UCB
2026-02,UCTT
2026-02,UE
2026-02,UFCS
2026-02,UFPT
2026-02,UHT
2026-02,UNF
2026-02,UNFI
2026-02,UNIT
2026-02,UPBD
2026-02,UPWK
2026-02,URBN
2026-02,USPH
2026-02,UTL
2026-02,UVV
2026-02,VAC
2026-02,VCEL
2026-02,VCTR
2026-02,VCYT
2026-02,VECO
2026-02,VIAV
2026-02,VICR
2026-02,VIOO
2026-02,VIR
2026-02,VIRT
2026-02,VITL
2026-02,VRE
2026-02,VRRM
2026-02,VRTS
2026-02,VSAT
2026-02,VSCO
2026-02,VSH
2026-02,VSNT
2026-02,VSTS
2026-02,VTOL
2026-02,VYX
2026-02,WABC
2026-02,WAFD
2026-02,WAY
2026-02,WD
2026-02,WDFC
2026-02,WEN
2026-02,WERN
2026-02,WGO
2026-02,WHD
2026-02,WINA
2026-02,WKC
2026-02,WLY
2026-02,WOR
2026-02,WRLD
2026-02,WS
2026-02,WSC
2026-02,WSFS
2026-02,WSR
2026-02,WT
2026-02,WU
2026-02,WWW
2026-02,XHR
2026-02,XNCR
2026-02,XPEL
2026-02,YELP
2026-02,YOU
2026-02,ZD
2026-02,ZWS
2026-03,AAMI
2026-03,AAP
2026-03,AAT
2026-03,ABCB
2026-03,ABG
2026-03,ABM
2026-03,ABR
2026-03,ACA
2026-03,ACAD
2026-03,ACHC
2026-03,ACIW
2026-03,ACLS
2026-03,ACMR
2026-03,ACT
2026-03,ADAM
2026-03,ADEA
2026-03,ADMA
2026-03,ADNT
2026-03,ADT
2026-03,ADUS
2026-03,AEO
2026-03,AESI
2026-03,AGO
2026-03,AGX
2026-03,AGYS
2026-03,AHCO
2026-03,AIN
2026-03,AIR
2026-03,AKR
2026-03,AL
2026-03,ALG
2026-03,ALGT
2026-03,ALKS
2026-03,ALRM
2026-03,AMN
2026-03,AMPH
2026-03,AMR
2026-03,AMRX
2026-03,AMSF
2026-03,AMTM
2026-03,AMWD
2026-03,ANDE
2026-03,ANIP
2026-03,AORT
2026-03,AOSL
2026-03,APAM
2026-03,APLE
2026-03,APLS
2026-03,APOG
2026-03,ARCB
2026-03,ARI
2026-03,ARLO
2026-03,AROC
2026-03,ARR
2026-03,ASGN
2026-03,ASO
2026-03,ASTE
2026-03,ASTH
2026-03,ATEN
2026-03,ATGE
2026-03,AUB
2026-03,AVA
2026-03,AVNS
2026-03,AWI
2026-03,AWR
2026-03,AX
2026-03,AXL
2026-03,AZTA
2026-03,AZZ
2026-03,BANC
2026-03,BANF
2026-03,BANR
2026-03,BBT
2026-03,BCC
2026-03,BCPC
2026-03,BFH
2026-03,BFS
2026-03,BGC
2026-03,BHE
2026-03,BJRI
2026-03,BKE
2026-03,BKU
2026-03,BL
2026-03,BLFS
2026-03,BMI
2026-03,BOH
2026-03,BOOT
2026-03,BOX
2026-03,BRC
2026-03,BTSG
2026-03,BTU
2026-03,BXMT
2026-03,CABO
2026-03,CAKE
2026-03,CALM
2026-03,CALX
2026-03,CALY
2026-03,CARG
2026-03,CASH
2026-03,CATY
2026-03,CBRL
2026-03,CBU
2026-03,CC
2026-03,CCOI
2026-03,CCS
2026-03,CE
2026-03,CENT
2026-03,CENTA
2026-03,CENX
2026-03,CERT
2026-03,CFFN
2026-03,CHCO
2026-03,CHEF
2026-03,CLB
2026-03,CLSK
2026-03,CNK
2026-03,CNMD
2026-03,CNR
2026-03,CNS
2026-03,CNXN
2026-03,COCO
2026-03,COHU
2026-03,COLL
2026-03,CON
2026-03,CORT
2026-03,CPF
2026-03,CPK
2026-03,CPRX
2026-03,CRC
2026-03,CRGY
2026-03,CRI
2026-03,CRK
2026-03,CRSR
2026-03,CRVL
2026-03,CSGS
2026-03,CSR
2026-03,CSW
2026-03,CTKB
2026-03,CTS
2026-03,CUBI
2026-03,CURB
2026-03,CVBF
2026-03,CVCO
2026-03,CVI
2026-03,CWEN
2026-03,CWEN.A
2026-03,CWK
2026-03,CWST
2026-03,CWT
2026-03,CXM
2026-03,CXW
2026-03,CZR
2026-03,DAN
2026-03,DCOM
2026-03,DEA
2026-03,DEI
2026-03,DFH
2026-03,DFIN
2026-03,DGII
2026-03,DIOD
2026-03,DLX
2026-03,DNOW
2026-03,DOCN
2026-03,DORM
2026-03,DRH
2026-03,DV
2026-03,DXC
2026-03,DXPE
2026-03,EAT
2026-03,ECG
2026-03,ECPG
2026-03,EFC
2026-03,EGBN
2026-03,EIG
2026-03,EMBC
2026-03,EMN
2026-03,ENOV
2026-03,ENPH
2026-03,ENR
2026-03,ENVA
2026-03,EPAC
2026-03,EPC
2026-03,EPRT
2026-03,ESE
2026-03,ESI
2026-03,ETD
2026-03,ETSY
2026-03,EVTC
2026-03,EXPI
2026-03,EXTR
2026-03,EYE
2026-03,EZPW
2026-03,FBK
2026-03,FBNC
2026-03,FBP
2026-03,FBRT
2026-03,FCF
2026-03,FCPT
2026-03,FDP
2026-03,FELE
2026-03,FFBC
2026-03,FHB
2026-03,FIBK
2026-03,FIZZ
2026-03,FMC
2026-03,FORM
2026-03,FOXF
2026-03,FRPT
2026-03,FSS
2026-03,FTDR
2026-03,FTRE
2026-03,FUL
2026-03,FULT
2026-03,FUN
2026-03,FWRD
2026-03,GBX
2026-03,GDEN
2026-03,GDYN
2026-03,GEO
2026-03,GFF
2026-03,GIII
2026-03,GKOS
2026-03,GNL
2026-03,GNW
2026-03,GO
2026-03,GOGO
2026-03,GOLF
2026-03,GPI
2026-03,GRBK
2026-03,GSHD
2026-03,GTES
2026-03,GTM
2026-03,GTY
2026-03,GVA
2026-03,HAFC
2026-03,HASI
2026-03,HAYW
2026-03,HCC
2026-03,HCI
2026-03,HCSG
2026-03,HE
2026-03,HFWA
2026-03,HIW
2026-03,HLIT
2026-03,HLX
2026-03,HMN
2026-03,HNI
2026-03,HOPE
2026-03,HP
2026-03,HRMY
2026-03,HSTM
2026-03,HTH
2026-03,HTLD
2026-03,HTO
2026-03,HTZ
2026-03,HUBG
2026-03,HWKN
2026-03,HZO
2026-03,IAC
2026-03,IART
2026-03,IBP
2026-03,ICHR
2026-03,ICUI
2026-03,IIIN
2026-03,IIPR
2026-03,IJR
2026-03,INDB
2026-03,INDV
2026-03,INSP
2026-03,INSW
2026-03,INVA
2026-03,INVX
2026-03,IOSP
2026-03,IPAR
2026-03,IRDM
2026-03,ITGR
2026-03,ITRI
2026-03,JBGS
2026-03,JBLU
2026-03,JBSS
2026-03,JBTM
2026-03,JJSF
2026-03,JOE
2026-03,JXN
2026-03,KAI
2026-03,KALU
2026-03,KFY
2026-03,KGS
2026-03,KLIC
2026-03,KMPR
2026-03,KMT
2026-03,KMX
2026-03,KN
2026-03,KNTK
2026-03,KOP
2026-03,KRYS
2026-03,KSS
2026-03,KTB
2026-03,KW
2026-03,KWR
2026-03,LAUR
2026-03,LBRT
2026-03,LCII
2026-03,LEG
2026-03,LGIH
2026-03,LGND
2026-03,LIF
2026-03,LKFN
2026-03,LKQ
2026-03,LMAT
2026-03,LNC
2026-03,LNN
2026-03,LPG
2026-03,LQDT
2026-03,LRN
2026-03,LTC
2026-03,LTH
2026-03,LUMN
2026-03,LW
2026-03,LXP
2026-03,LYFT
2026-03,LZ
2026-03,LZB
2026-03,MAC
2026-03,MAN
2026-03,MARA
2026-03,MATW
2026-03,MATX
2026-03,MBC
2026-03,MBIN
2026-03,MC
2026-03,MCRI
2026-03,MCW
2026-03,MCY
2026-03,MD
2026-03,MDU
2026-03,MGEE
2026-03,MGY
2026-03,MHK
2026-03,MHO
2026-03,MIR
2026-03,MKTX
2026-03,MLKN
2026-03,MMI
2026-03,MMSI
2026-03,MNRO
2026-03,MOH
2026-03,MPT
2026-03,MRCY
2026-03,MRP
2026-03,MRTN
2026-03,MSEX
2026-03,MSGS
2026-03,MTCH
2026-03,MTH
2026-03,MTRN
2026-03,MTUS
2026-03,MTX
2026-03,MWA
2026-03,MXL
2026-03,MYRG
2026-03,NABL
2026-03,NATL
2026-03,NAVI
2026-03,NBHC
2026-03,NBTB
2026-03,NE
2026-03,NEO
2026-03,NEOG
2026-03,NGVT
2026-03,NHC
2026-03,NMIH
2026-03,NOG
2026-03,NPK
2026-03,NPO
2026-03,NSIT
2026-03,NSP
2026-03,NSSC
2026-03,NTCT
2026-03,NVRI
2026-03,NWBI
2026-03,NWL
2026-03,NWN
2026-03,NX
2026-03,NXRT
2026-03,OFG
2026-03,OGN
2026-03,OI
2026-03,OII
2026-03,OMCL
2026-03,OPLN
2026-03,OSIS
2026-03,OSW
2026-03,OTTR
2026-03,OUT
2026-03,OXM
2026-03,PAHC
2026-03,PARR
2026-03,PATK
2026-03,PAYC
2026-03,PAYO
2026-03,PBH
2026-03,PBI
2026-03,PCRX
2026-03,PDFS
2026-03,PEB
2026-03,PECO
2026-03,PENG
2026-03,PENN
2026-03,PFBC
2026-03,PFS
2026-03,PGNY
2026-03,PHIN
2026-03,PI
2026-03,PIPR
2026-03,PJT
2026-03,PLAB
2026-03,PLMR
2026-03,PLUS
2026-03,PLXS
2026-03,PMT
2026-03,POWI
2026-03,POWL
2026-03,PRA
2026-03,PRAA
2026-03,PRDO
2026-03,PRG
2026-03,PRGO
2026-03,PRGS
2026-03,PRIM
2026-03,PRKS
2026-03,PRLB
2026-03,PRSU
2026-03,PRVA
2026-03,PSMT
2026-03,PTCT
2026-03,PTEN
2026-03,PTGX
2026-03,PZZA
2026-03,QDEL
2026-03,QNST
2026-03,QRVO
2026-03,QTWO
2026-03,RAL
2026-03,RAMP
2026-03,RCUS
2026-03,RDN
2026-03,RDNT
2026-03,RES
2026-03,REX
2026-03,REYN
2026-03,REZI
2026-03,RHI
2026-03,RHP
2026-03,RITM
2026-03,RNG
2026-03,RNST
2026-03,ROCK
2026-03,ROG
2026-03,RRR
2026-03,RUN
2026-03,RUSHA
2026-03,RWT
2026-03,RXO
2026-03,SABR
2026-03,SAFE
2026-03,SAFT
2026-03,SAH
2026-03,SANM
2026-03,SBCF
2026-03,SBH
2026-03,SBSI
2026-03,SCHL
2026-03,SCL
2026-03,SCSC
2026-03,SDGR
2026-03,SEDG
2026-03,SEE
2026-03,SEM
2026-03,SEZL
2026-03,SFBS
2026-03,SFNC
2026-03,SHAK
2026-03,SHEN
2026-03,SHO
2026-03,SHOO
2026-03,SIG
2026-03,SKT
2026-03,SKY
2026-03,SKYW
2026-03,SLG
2026-03,SLVM
2026-03,SM
2026-03,SMP
2026-03,SMPL
2026-03,SMTC
2026-03,SNCY
2026-03,SNDR
2026-03,SNEX
2026-03,SONO
2026-03,SPHR
2026-03,SPNT
2026-03,SPSC
2026-03,SPSM
2026-03,SRPT
2026-03,SSTK
2026-03,STAA
2026-03,STBA
2026-03,STC
2026-03,STEL
2026-03,STEP
2026-03,STRA
2026-03,SUPN
2026-03,SXI
2026-03,SXT
2026-03,TALO
2026-03,TBBK
2026-03,TDC
2026-03,TDS
2026-03,TDW
2026-03,TFIN
2026-03,TFX
2026-03,TGTX
2026-03,THRM
2026-03,TILE
2026-03,TMDX
2026-03,TNC
2026-03,TNDM
2026-03,TPH
2026-03,TR
2026-03,TRIP
2026-03,TRMK
2026-03,TRN
2026-03,TRNO
2026-03,TRST
2026-03,TRUP
2026-03,TWI
2026-03,TWO
2026-03,UA
2026-03,UAA
2026-03,UCB
2026-03,UCTT
2026-03,UE
2026-03,UFCS
2026-03,UFPT
2026-03,UHT
2026-03,UNF
2026-03,UNFI
2026-03,UNIT
2026-03,UPBD
2026-03,UPWK
2026-03,URBN
2026-03,USPH
2026-03,UTL
2026-03,UVV
2026-03,VAC
2026-03,VCEL
2026-03,VCTR
2026-03,VCYT
2026-03,VECO
2026-03,VIAV
2026-03,VIOO
2026-03,VIR
2026-03,VIRT
2026-03,VITL
2026-03,VRE
2026-03,VRRM
2026-03,VRTS
2026-03,VSAT
2026-03,VSCO
2026-03,VSEC
2026-03,VSH
2026-03,VSNT
2026-03,VSTS
2026-03,VTOL
2026-03,VYX
2026-03,WABC
2026-03,WAFD
2026-03,WAY
2026-03,WD
2026-03,WDFC
2026-03,WEN
2026-03,WERN
2026-03,WGO
2026-03,WHD
2026-03,WINA
2026-03,WKC
2026-03,WLY
2026-03,WOR
2026-03,WRLD
2026-03,WS
2026-03,WSC
2026-03,WSFS
2026-03,WSR
2026-03,WT
2026-03,WU
2026-03,WWW
2026-03,XHR
2026-03,XNCR
2026-03,XPEL
2026-03,YELP
2026-03,YOU
2026-03,ZD
2026-03,ZWS
2026-04,AAMI
2026-04,AAP
2026-04,AAT
2026-04,ABCB
2026-04,ABG
2026-04,ABM
2026-04,ABR
2026-04,ACA
2026-04,ACAD
2026-04,ACHC
2026-04,ACIW
2026-04,ACLS
2026-04,ACMR
2026-04,ACT
2026-04,ADAM
2026-04,ADEA
2026-04,ADMA
2026-04,ADNT
2026-04,ADT
2026-04,ADUS
2026-04,AEO
2026-04,AESI
2026-04,AGO
2026-04,AGX
2026-04,AGYS
2026-04,AHCO
2026-04,AIN
2026-04,AIR
2026-04,AKR
2026-04,ALG
2026-04,ALGT
2026-04,ALKS
2026-04,ALRM
2026-04,AMN
2026-04,AMPH
2026-04,AMR
2026-04,AMRX
2026-04,AMSF
2026-04,AMTM
2026-04,AMWD
2026-04,ANDE
2026-04,ANIP
2026-04,AORT
2026-04,AOSL
2026-04,APAM
2026-04,APLE
2026-04,APLS
2026-04,APOG
2026-04,ARCB
2026-04,ARI
2026-04,ARLO
2026-04,AROC
2026-04,ARR
2026-04,ASGN
2026-04,ASO
2026-04,ASTE
2026-04,ASTH
2026-04,ATEN
2026-04,ATMU
2026-04,AUB
2026-04,AVA
2026-04,AVNS
2026-04,AWI
2026-04,AWR
2026-04,AX
2026-04,AZTA
2026-04,AZZ
2026-04,BANC
2026-04,BANF
2026-04,BANR
2026-04,BBT
2026-04,BCC
2026-04,BCPC
2026-04,BFH
2026-04,BFS
2026-04,BGC
2026-04,BHE
2026-04,BJRI
2026-04,BKE
2026-04,BKU
2026-04,BL
2026-04,BLFS
2026-04,BMI
2026-04,BNL
2026-04,BOH
2026-04,BOOT
2026-04,BOX
2026-04,BRC
2026-04,BTSG
2026-04,BTU
2026-04,BXMT
2026-04,CABO
2026-04,CAKE
2026-04,CALM
2026-04,CALX
2026-04,CALY
2026-04,CARG
2026-04,CASH
2026-04,CATY
2026-04,CBRL
2026-04,CBU
2026-04,CC
2026-04,CCOI
2026-04,CCS
2026-04,CE
2026-04,CENT
2026-04,CENTA
2026-04,CENX
2026-04,CERT
2026-04,CFFN
2026-04,CHCO
2026-04,CHEF
2026-04,CLB
2026-04,CLSK
2026-04,CNK
2026-04,CNMD
2026-04,CNR
2026-04,CNS
2026-04,CNXN
2026-04,COCO
2026-04,COHU
2026-04,COLL
2026-04,CON
2026-04,CORT
2026-04,CPF
2026-04,CPK
2026-04,CPRX
2026-04,CRC
2026-04,CRGY
2026-04,CRI
2026-04,CRK
2026-04,CRSR
2026-04,CRVL
2026-04,CSGS
2026-04,CSR
2026-04,CSW
2026-04,CTKB
2026-04,CTS
2026-04,CUBI
2026-04,CURB
2026-04,CVBF
2026-04,CVCO
2026-04,CVI
2026-04,CVSA
2026-04,CWEN
2026-04,CWEN.A
2026-04,CWK
2026-04,CWST
2026-04,CWT
2026-04,CXM
2026-04,CXW
2026-04,CZR
2026-04,DAN
2026-04,DBD
2026-04,DCH
2026-04,DCOM
2026-04,DEA
2026-04,DEI
2026-04,DFH
2026-04,DFIN
2026-04,DGII
2026-04,DIOD
2026-04,DLX
2026-04,DNOW
2026-04,DORM
2026-04,DRH
2026-04,DV
2026-04,DXC
2026-04,DXPE
2026-04,EAT
2026-04,ECG
2026-04,ECPG
2026-04,EFC
2026-04,EGBN
2026-04,EIG
2026-04,EMBC
2026-04,EMN
2026-04,ENOV
2026-04,ENPH
2026-04,ENR
2026-04,ENVA
2026-04,EPAC
2026-04,EPC
2026-04,EPRT
2026-04,ESE
2026-04,ESI
2026-04,ETD
2026-04,ETSY
2026-04,EVTC
2026-04,EXPI
2026-04,EXTR
2026-04,EYE
2026-04,EZPW
2026-04,FBK
2026-04,FBNC
2026-04,FBP
2026-04,FBRT
2026-04,FCF
2026-04,FCPT
2026-04,FDP
2026-04,FELE
2026-04,FFBC
2026-04,FHB
2026-04,FIBK
2026-04,FIZZ
2026-04,FMC
2026-04,FORM
2026-04,FOXF
2026-04,FRPT
2026-04,FSS
2026-04,FTDR
2026-04,FTRE
2026-04,FUL
2026-04,FULT
2026-04,FUN
2026-04,FWRD
2026-04,GBX
2026-04,GDEN
2026-04,GDYN
2026-04,GEO
2026-04,GFF
2026-04,GIII
2026-04,GKOS
2026-04,GNL
2026-04,GNW
2026-04,GO
2026-04,GOGO
2026-04,GOLF
2026-04,GPI
2026-04,GRBK
2026-04,GSHD
2026-04,GTES
2026-04,GTM
2026-04,GTY
2026-04,GVA
2026-04,HAFC
2026-04,HASI
2026-04,HAYW
2026-04,HCC
2026-04,HCI
2026-04,HCSG
2026-04,HE
2026-04,HFWA
2026-04,HIW
2026-04,HLIT
2026-04,HLX
2026-04,HMN
2026-04,HNI
2026-04,HOPE
2026-04,HP
2026-04,HRMY
2026-04,HSTM
2026-04,HTH
2026-04,HTLD
2026-04,HTO
2026-04,HTZ
2026-04,HUBG
2026-04,HWKN
2026-04,HZO
2026-04,IAC
2026-04,IART
2026-04,IBP
2026-04,ICHR
2026-04,ICUI
2026-04,IIIN
2026-04,IIPR
2026-04,IJR
2026-04,INDB
2026-04,INDV
2026-04,INSP
2026-04,INSW
2026-04,INVA
2026-04,INVX
2026-04,IOSP
2026-04,IPAR
2026-04,IRDM
2026-04,ITGR
2026-04,ITRI
2026-04,JBGS
2026-04,JBLU
2026-04,JBSS
2026-04,JBTM
2026-04,JJSF
2026-04,JOE
2026-04,JXN
2026-04,KAI
2026-04,KALU
2026-04,KFY
2026-04,KGS
2026-04,KLIC
2026-04,KMPR
2026-04,KMT
2026-04,KMX
2026-04,KN
2026-04,KNTK
2026-04,KOP
2026-04,KRYS
2026-04,KSS
2026-04,KTB
2026-04,KW
2026-04,KWR
2026-04,LAUR
2026-04,LBRT
2026-04,LCII
2026-04,LEG
2026-04,LGIH
2026-04,LGND
2026-04,LIF
2026-04,LKFN
2026-04,LKQ
2026-04,LMAT
2026-04,LNC
2026-04,LNN
2026-04,LPG
2026-04,LQDT
2026-04,LRN
2026-04,LTC
2026-04,LTH
2026-04,LUMN
2026-04,LW
2026-04,LXP
2026-04,LYFT
2026-04,LZ
2026-04,LZB
2026-04,MAC
2026-04,MAN
2026-04,MARA
2026-04,MATW
2026-04,MATX
2026-04,MBC
2026-04,MBIN
2026-04,MC
2026-04,MCRI
2026-04,MCW
2026-04,MCY
2026-04,MD
2026-04,MDU
2026-04,MGEE
2026-04,MGY
2026-04,MHK
2026-04,MHO
2026-04,MIR
2026-04,MKTX
2026-04,MLKN
2026-04,MMI
2026-04,MMSI
2026-04,MNRO
2026-04,MOH
2026-04,MPT
2026-04,MRCY
2026-04,MRP
2026-04,MRTN
2026-04,MSEX
2026-04,MSGS
2026-04,MTCH
2026-04,MTH
2026-04,MTRN
2026-04,MTUS
2026-04,MTX
2026-04,MWA
2026-04,MXL
2026-04,MYRG
2026-04,NABL
2026-04,NATL
2026-04,NAVI
2026-04,NBHC
2026-04,NBTB
2026-04,NE
2026-04,NEO
2026-04,NEOG
2026-04,NGVT
2026-04,NHC
2026-04,NMIH
2026-04,NOG
2026-04,NPK
2026-04,NPO
2026-04,NSIT
2026-04,NSP
2026-04,NSSC
2026-04,NTCT
2026-04,NVRI
2026-04,NWBI
2026-04,NWL
2026-04,NWN
2026-04,NX
2026-04,NXRT
2026-04,OFG
2026-04,OGN
2026-04,OI
2026-04,OII
2026-04,OMCL
2026-04,OPLN
2026-04,OSIS
2026-04,OSW
2026-04,OTTR
2026-04,OUT
2026-04,OXM
2026-04,PAHC
2026-04,PARR
2026-04,PATK
2026-04,PAYC
2026-04,PAYO
2026-04,PBH
2026-04,PBI
2026-04,PCRX
2026-04,PDFS
2026-04,PEB
2026-04,PECO
2026-04,PENG
2026-04,PENN
2026-04,PFBC
2026-04,PFS
2026-04,PGNY
2026-04,PHIN
2026-04,PI
2026-04,PIPR
2026-04,PJT
2026-04,PLAB
2026-04,PLMR
2026-04,PLUS
2026-04,PLXS
2026-04,PMT
2026-04,POWI
2026-04,POWL
2026-04,PRA
2026-04,PRAA
2026-04,PRDO
2026-04,PRG
2026-04,PRGO
2026-04,PRGS
2026-04,PRIM
2026-04,PRKS
2026-04,PRLB
2026-04,PRSU
2026-04,PRVA
2026-04,PSMT
2026-04,PTCT
2026-04,PTEN
2026-04,PTGX
2026-04,PZZA
2026-04,QDEL
2026-04,QNST
2026-04,QRVO
2026-04,QTWO
2026-04,RAL
2026-04,RAMP
2026-04,RCUS
2026-04,RDN
2026-04,RDNT
2026-04,RES
2026-04,REX
2026-04,REYN
2026-04,REZI
2026-04,RHI
2026-04,RHP
2026-04,RITM
2026-04,RNG
2026-04,RNST
2026-04,ROCK
2026-04,ROG
2026-04,RRR
2026-04,RUN
2026-04,RUSHA
2026-04,RWT
2026-04,RXO
2026-04,SABR
2026-04,SAFE
2026-04,SAFT
2026-04,SAH
2026-04,SANM
2026-04,SBCF
2026-04,SBH
2026-04,SBSI
2026-04,SCHL
2026-04,SCL
2026-04,SCSC
2026-04,SDGR
2026-04,SEDG
2026-04,SEM
2026-04,SEZL
2026-04,SFBS
2026-04,SFNC
2026-04,SHAK
2026-04,SHEN
2026-04,SHO
2026-04,SHOO
2026-04,SIG
2026-04,SKT
2026-04,SKY
2026-04,SKYW
2026-04,SLG
2026-04,SLVM
2026-04,SM
2026-04,SMP
2026-04,SMPL
2026-04,SMTC
2026-04,SNCY
2026-04,SNDR
2026-04,SNEX
2026-04,SONO
2026-04,SPHR
2026-04,SPNT
2026-04,SPSC
2026-04,SPSM
2026-04,SRPT
2026-04,SSTK
2026-04,STAA
2026-04,STBA
2026-04,STC
2026-04,STEL
2026-04,STEP
2026-04,STRA
2026-04,SUPN
2026-04,SXI
2026-04,SXT
2026-04,TALO
2026-04,TBBK
2026-04,TDC
2026-04,TDS
2026-04,TDW
2026-04,TFIN
2026-04,TFX
2026-04,TGTX
2026-04,THRM
2026-04,TILE
2026-04,TMDX
2026-04,TNC
2026-04,TNDM
2026-04,TPH
2026-04,TR
2026-04,TRIP
2026-04,TRMK
2026-04,TRN
2026-04,TRNO
2026-04,TRST
2026-04,TRUP
2026-04,TWO
2026-04,UA
2026-04,UAA
2026-04,UCB
2026-04,UCTT
2026-04,UE
2026-04,UFCS
2026-04,UFPT
2026-04,UHT
2026-04,UNF
2026-04,UNFI
2026-04,UNIT
2026-04,UPBD
2026-04,UPWK
2026-04,URBN
2026-04,USPH
2026-04,UTL
2026-04,UVV
2026-04,VAC
2026-04,VCEL
2026-04,VCTR
2026-04,VCYT
2026-04,VECO
2026-04,VGNT
2026-04,VIAV
2026-04,VIOO
2026-04,VIR
2026-04,VIRT
2026-04,VITL
2026-04,VRE
2026-04,VRRM
2026-04,VRTS
2026-04,VSAT
2026-04,VSCO
2026-04,VSEC
2026-04,VSH
2026-04,VSNT
2026-04,VSTS
2026-04,VTOL
2026-04,VYX
2026-04,WABC
2026-04,WAFD
2026-04,WAY
2026-04,WD
2026-04,WDFC
2026-04,WEN
2026-04,WERN
2026-04,WGO
2026-04,WHD
2026-04,WINA
2026-04,WKC
2026-04,WLY
2026-04,WOR
2026-04,WRLD
2026-04,WS
2026-04,WSC
2026-04,WSFS
2026-04,WSR
2026-04,WT
2026-04,WU
2026-04,WWW
2026-04,XHR
2026-04,XNCR
2026-04,XPEL
2026-04,YELP
2026-04,YOU
2026-04,ZD
2026-04,ZWS
2026-05,AAMI
2026-05,AAP
2026-05,AAT
2026-05,ABCB
2026-05,ABG
2026-05,ABM
2026-05,ABR
2026-05,ACA
2026-05,ACAD
2026-05,ACHC
2026-05,ACIW
2026-05,ACLS
2026-05,ACMR
2026-05,ACT
2026-05,ADAM
2026-05,ADEA
2026-05,ADMA
2026-05,ADNT
2026-05,ADT
2026-05,ADUS
2026-05,AEO
2026-05,AESI
2026-05,AGNT
2026-05,AGO
2026-05,AGX
2026-05,AGYS
2026-05,AHCO
2026-05,AIN
2026-05,AIR
2026-05,AKR
2026-05,ALG
2026-05,ALGT
2026-05,ALHC
2026-05,ALKS
2026-05,ALRM
2026-05,AMN
2026-05,AMPH
2026-05,AMR
2026-05,AMRX
2026-05,AMSF
2026-05,AMTM
2026-05,AMWD
2026-05,ANDE
2026-05,ANIP
2026-05,AORT
2026-05,AOSL
2026-05,APAM
2026-05,APLE
2026-05,APOG
2026-05,ARCB
2026-05,ARI
2026-05,ARLO
2026-05,AROC
2026-05,ARR
2026-05,ASO
2026-05,ASTE
2026-05,ASTH
2026-05,ATEN
2026-05,ATMU
2026-05,AUB
2026-05,AVA
2026-05,AVNS
2026-05,AWI
2026-05,AWR
2026-05,AX
2026-05,AZTA
2026-05,AZZ
2026-05,BANC
2026-05,BANF
2026-05,BANR
2026-05,BBT
2026-05,BCC
2026-05,BCPC
2026-05,BFAM
2026-05,BFH
2026-05,BFS
2026-05,BGC
2026-05,BHE
2026-05,BJRI
2026-05,BKE
2026-05,BKU
2026-05,BL
2026-05,BLFS
2026-05,BMI
2026-05,BNL
2026-05,BOH
2026-05,BOOT
2026-05,BOX
2026-05,BRC
2026-05,BTSG
2026-05,BTU
2026-05,BXMT
2026-05,CABO
2026-05,CAKE
2026-05,CALM
2026-05,CALX
2026-05,CALY
2026-05,CARG
2026-05,CASH
2026-05,CATY
2026-05,CBRL
2026-05,CBU
2026-05,CC
2026-05,CCOI
2026-05,CCS
2026-05,CE
2026-05,CENT
2026-05,CENTA
2026-05,CENX
2026-05,CERT
2026-05,CFFN
2026-05,CHCO
2026-05,CHEF
2026-05,CLB
2026-05,CLSK
2026-05,CNK
2026-05,CNMD
2026-05,CNR
2026-05,CNS
2026-05,CNXN
2026-05,COCO
2026-05,COHU
2026-05,COLL
2026-05,CON
2026-05,CORT
2026-05,CPF
2026-05,CPK
2026-05,CPRX
2026-05,CRC
2026-05,CRGY
2026-05,CRI
2026-05,CRK
2026-05,CRSR
2026-05,CRVL
2026-05,CSR
2026-05,CSW
2026-05,CTKB
2026-05,CTS
2026-05,CUBI
2026-05,CURB
2026-05,CVBF
2026-05,CVCO
2026-05,CVI
2026-05,CVSA
2026-05,CWEN
2026-05,CWEN.A
2026-05,CWK
2026-05,CWST
2026-05,CWT
2026-05,CXM
2026-05,CXW
2026-05,CZR
2026-05,DAN
2026-05,DBD
2026-05,DCH
2026-05,DCOM
2026-05,DEA
2026-05,DEI
2026-05,DFH
2026-05,DFIN
2026-05,DGII
2026-05,DIOD
2026-05,DLX
2026-05,DNOW
2026-05,DORM
2026-05,DRH
2026-05,DV
2026-05,DXC
2026-05,DXPE
2026-05,EAT
2026-05,ECG
2026-05,ECPG
2026-05,EFC
2026-05,EGBN
2026-05,EIG
2026-05,EMBC
2026-05,EMN
2026-05,ENOV
2026-05,ENPH
2026-05,ENR
2026-05,ENVA
2026-05,EPAC
2026-05,EPC
2026-05,EPRT
2026-05,ESE
2026-05,ESI
2026-05,ETD
2026-05,ETSY
2026-05,EVTC
2026-05,EXTR
2026-05,EYE
2026-05,EZPW
2026-05,FBK
2026-05,FBNC
2026-05,FBP
2026-05,FBRT
2026-05,FCF
2026-05,FCPT
2026-05,FDP
2026-05,FELE
2026-05,FFBC
2026-05,FG
2026-05,FHB
2026-05,FIBK
2026-05,FIZZ
2026-05,FLO
2026-05,FMC
2026-05,FORM
2026-05,FOXF
2026-05,FRPT
2026-05,FSS
2026-05,FTDR
2026-05,FTRE
2026-05,FUL
2026-05,FULT
2026-05,FUN
2026-05,FWRD
2026-05,GBX
2026-05,GDYN
2026-05,GEO
2026-05,GFF
2026-05,GIII
2026-05,GKOS
2026-05,GNL
2026-05,GNW
2026-05,GO
2026-05,GOGO
2026-05,GOLF
2026-05,GPI
2026-05,GRBK
2026-05,GSHD
2026-05,GTES
2026-05,GTM
2026-05,GTY
2026-05,GVA
2026-05,HAFC
2026-05,HASI
2026-05,HAYW
2026-05,HCC
2026-05,HCI
2026-05,HCSG
2026-05,HE
2026-05,HFWA
2026-05,HIW
2026-05,HLIT
2026-05,HLX
2026-05,HMN
2026-05,HNI
2026-05,HOPE
2026-05,HP
2026-05,HRMY
2026-05,HSTM
2026-05,HTH
2026-05,HTLD
2026-05,HTO
2026-05,HTZ
2026-05,HUBG
2026-05,HWKN
2026-05,HZO
2026-05,IAC
2026-05,IART
2026-05,IBP
2026-05,ICHR
2026-05,ICUI
2026-05,IIIN
2026-05,IIPR
2026-05,IJR
2026-05,INDB
2026-05,INDV
2026-05,INSP
2026-05,INSW
2026-05,INVA
2026-05,INVX
2026-05,IOSP
2026-05,IPAR
2026-05,IRDM
2026-05,ITGR
2026-05,ITRI
2026-05,JBGS
2026-05,JBLU
2026-05,JBSS
2026-05,JBTM
2026-05,JJSF
2026-05,JOE
2026-05,JXN
2026-05,KAI
2026-05,KALU
2026-05,KFY
2026-05,KGS
2026-05,KLIC
2026-05,KMPR
2026-05,KMT
2026-05,KMX
2026-05,KN
2026-05,KNTK
2026-05,KOP
2026-05,KRYS
2026-05,KSS
2026-05,KTB
2026-05,KW
2026-05,KWR
2026-05,LAUR
2026-05,LBRT
2026-05,LCII
2026-05,LEG
2026-05,LFST
2026-05,LGIH
2026-05,LGND
2026-05,LIF
2026-05,LKFN
2026-05,LKQ
2026-05,LMAT
2026-05,LNC
2026-05,LNN
2026-05,LPG
2026-05,LQDT
2026-05,LRN
2026-05,LTC
2026-05,LTH
2026-05,LUMN
2026-05,LW
2026-05,LXP
2026-05,LYFT
2026-05,LZ
2026-05,LZB
2026-05,MAC
2026-05,MAN
2026-05,MARA
2026-05,MATW
2026-05,MATX
2026-05,MBC
2026-05,MBIN
2026-05,MC
2026-05,MCRI
2026-05,MCY
2026-05,MD
2026-05,MDU
2026-05,MGEE
2026-05,MGY
2026-05,MHK
2026-05,MHO
2026-05,MIR
2026-05,MKTX
2026-05,MLKN
2026-05,MMI
2026-05,MMSI
2026-05,MNRO
2026-05,MOH
2026-05,MPT
2026-05,MRCY
2026-05,MRP
2026-05,MRTN
2026-05,MSEX
2026-05,MSGS
2026-05,MTCH
2026-05,MTH
2026-05,MTRN
2026-05,MTUS
2026-05,MTX
2026-05,MWA
2026-05,MXL
2026-05,MYRG
2026-05,NABL
2026-05,NATL
2026-05,NAVI
2026-05,NBHC
2026-05,NBTB
2026-05,NE
2026-05,NEO
2026-05,NEOG
2026-05,NGVT
2026-05,NHC
2026-05,NMIH
2026-05,NOG
2026-05,NPK
2026-05,NPO
2026-05,NSIT
2026-05,NSP
2026-05,NSSC
2026-05,NTCT
2026-05,NVRI
2026-05,NWBI
2026-05,NWL
2026-05,NWN
2026-05,NX
2026-05,NXRT
2026-05,OFG
2026-05,OGN
2026-05,OI
2026-05,OII
2026-05,OMCL
2026-05,OPLN
2026-05,OSIS
2026-05,OSW
2026-05,OTTR
2026-05,OUT
2026-05,OXM
2026-05,PAHC
2026-05,PARR
2026-05,PATK
2026-05,PAYC
2026-05,PAYO
2026-05,PBH
2026-05,PBI
2026-05,PCRX
2026-05,PDFS
2026-05,PEB
2026-05,PECO
2026-05,PENG
2026-05,PENN
2026-05,PFBC
2026-05,PFS
2026-05,PGNY
2026-05,PHIN
2026-05,PI
2026-05,PIPR
2026-05,PJT
2026-05,PLAB
2026-05,PLMR
2026-05,PLUS
2026-05,PLXS
2026-05,PMT
2026-05,POWI
2026-05,POWL
2026-05,PRA
2026-05,PRAA
2026-05,PRDO
2026-05,PRG
2026-05,PRGO
2026-05,PRGS
2026-05,PRIM
2026-05,PRKS
2026-05,PRLB
2026-05,PRSU
2026-05,PRVA
2026-05,PSMT
2026-05,PTCT
2026-05,PTEN
2026-05,PTGX
2026-05,PZZA
2026-05,QDEL
2026-05,QNST
2026-05,QRVO
2026-05,QTWO
2026-05,RAL
2026-05,RAMP
2026-05,RCUS
2026-05,RDN
2026-05,RDNT
2026-05,RELY
2026-05,RES
2026-05,REX
2026-05,REYN
2026-05,REZI
2026-05,RHI
2026-05,RHP
2026-05,RITM
2026-05,RNG
2026-05,RNST
2026-05,ROCK
2026-05,ROG
2026-05,RRR
2026-05,RUN
2026-05,RUSHA
2026-05,RWT
2026-05,RXO
2026-05,SABR
2026-05,SAFE
2026-05,SAFT
2026-05,SAH
2026-05,SANM
2026-05,SBCF
2026-05,SBH
2026-05,SBSI
2026-05,SCHL
2026-05,SCL
2026-05,SCSC
2026-05,SDGR
2026-05,SEDG
2026-05,SEM
2026-05,SEZL
2026-05,SFBS
2026-05,SFNC
2026-05,SHAK
2026-05,SHEN
2026-05,SHO
2026-05,SHOO
2026-05,SIG
2026-05,SKT
2026-05,SKY
2026-05,SKYW
2026-05,SLG
2026-05,SLVM
2026-05,SM
2026-05,SMP
2026-05,SMPL
2026-05,SMTC
2026-05,SNDR
2026-05,SNEX
2026-05,SONO
2026-05,SPHR
2026-05,SPNT
2026-05,SPSC
2026-05,SPSM
2026-05,SRPT
2026-05,SSTK
2026-05,STAA
2026-05,STBA
2026-05,STC
2026-05,STEL
2026-05,STEP
2026-05,STRA
2026-05,SUPN
2026-05,SXI
2026-05,SXT
2026-05,TALO
2026-05,TBBK
2026-05,TDC
2026-05,TDS
2026-05,TDW
2026-05,TFIN
2026-05,TFX
2026-05,TGTX
2026-05,THRM
2026-05,TILE
2026-05,TMDX
2026-05,TNC
2026-05,TNDM
2026-05,TR
2026-05,TRIP
2026-05,TRMK
2026-05,TRN
2026-05,TRNO
2026-05,TRST
2026-05,TRUP
2026-05,TWO
2026-05,UA
2026-05,UAA
2026-05,UCB
2026-05,UCTT
2026-05,UE
2026-05,UFCS
2026-05,UFPT
2026-05,UHT
2026-05,UNF
2026-05,UNFI
2026-05,UNIT
2026-05,UPBD
2026-05,UPWK
2026-05,URBN
2026-05,USPH
2026-05,UTL
2026-05,UVV
2026-05,VAC
2026-05,VCEL
2026-05,VCTR
2026-05,VCYT
2026-05,VECO
2026-05,VGNT
2026-05,VIAV
2026-05,VIOO
2026-05,VIR
2026-05,VIRT
2026-05,VITL
2026-05,VRE
2026-05,VRRM
2026-05,VRTS
2026-05,VSAT
2026-05,VSCO
2026-05,VSEC
2026-05,VSH
2026-05,VSNT
2026-05,VSTS
2026-05,VTOL
2026-05,VYX
2026-05,WABC
2026-05,WAFD
2026-05,WAY
2026-05,WD
2026-05,WDFC
2026-05,WEN
2026-05,WERN
2026-05,WGO
2026-05,WHD
2026-05,WINA
2026-05,WKC
2026-05,WLY
2026-05,WOR
2026-05,WRLD
2026-05,WS
2026-05,WSC
2026-05,WSFS
2026-05,WSR
2026-05,WT
2026-05,WU
2026-05,WWW
2026-05,XHR
2026-05,XNCR
2026-05,XPEL
2026-05,YELP
2026-05,YOU
2026-05,ZD
2026-05,ZWS
2026-06,AAMI
2026-06,AAP
2026-06,AAT
2026-06,ABCB
2026-06,ABG
2026-06,ABM
2026-06,ABR
2026-06,ACA
2026-06,ACAD
2026-06,ACHC
2026-06,ACIW
2026-06,ACLS
2026-06,ACMR
2026-06,ACT
2026-06,ADAM
2026-06,ADEA
2026-06,ADMA
2026-06,ADNT
2026-06,ADT
2026-06,ADUS
2026-06,AEO
2026-06,AESI
2026-06,AGNT
2026-06,AGO
2026-06,AGX
2026-06,AGYS
2026-06,AHCO
2026-06,AIN
2026-06,AIR
2026-06,AKR
2026-06,ALG
2026-06,ALGT
2026-06,ALHC
2026-06,ALKS
2026-06,ALRM
2026-06,AMN
2026-06,AMPH
2026-06,AMR
2026-06,AMRX
2026-06,AMSF
2026-06,AMTM
2026-06,ANDE
2026-06,ANIP
2026-06,AORT
2026-06,AOSL
2026-06,APAM
2026-06,APLE
2026-06,APOG
2026-06,ARCB
2026-06,ARI
2026-06,ARLO
2026-06,AROC
2026-06,ARR
2026-06,ASO
2026-06,ASTE
2026-06,ASTH
2026-06,ATEN
2026-06,ATMU
2026-06,AUB
2026-06,AVA
2026-06,AVNS
2026-06,AWI
2026-06,AWR
2026-06,AX
2026-06,AZTA
2026-06,AZZ
2026-06,BANC
2026-06,BANF
2026-06,BANR
2026-06,BBT
2026-06,BCC
2026-06,BCPC
2026-06,BFAM
2026-06,BFH
2026-06,BFS
2026-06,BGC
2026-06,BHE
2026-06,BJRI
2026-06,BKE
2026-06,BKU
2026-06,BL
2026-06,BLFS
2026-06,BMI
2026-06,BNL
2026-06,BOH
2026-06,BOOT
2026-06,BOX
2026-06,BRC
2026-06,BTSG
2026-06,BTU
2026-06,BXMT
2026-06,CABO
2026-06,CAKE
2026-06,CALM
2026-06,CALX
2026-06,CALY
2026-06,CARG
2026-06,CASH
2026-06,CATY
2026-06,CBRL
2026-06,CBU
2026-06,CC
2026-06,CCOI
2026-06,CCS
2026-06,CE
2026-06,CENT
2026-06,CENTA
2026-06,CENX
2026-06,CERT
2026-06,CFFN
2026-06,CHCO
2026-06,CHEF
2026-06,CLB
2026-06,CLSK
2026-06,CNK
2026-06,CNMD
2026-06,CNR
2026-06,CNS
2026-06,CNXN
2026-06,COCO
2026-06,COHU
2026-06,COLL
2026-06,CON
2026-06,CORT
2026-06,CPF
2026-06,CPK
2026-06,CPRX
2026-06,CRC
2026-06,CRGY
2026-06,CRI
2026-06,CRK
2026-06,CRSR
2026-06,CRVL
2026-06,CSR
2026-06,CSW
2026-06,CTKB
2026-06,CTS
2026-06,CUBI
2026-06,CURB
2026-06,CVBF
2026-06,CVCO
2026-06,CVI
2026-06,CVSA
2026-06,CWEN
2026-06,CWEN.A
2026-06,CWK
2026-06,CWST
2026-06,CWT
2026-06,CXM
2026-06,CXW
2026-06,CZR
2026-06,DAN
2026-06,DAVE
2026-06,DBD
2026-06,DCH
2026-06,DCOM
2026-06,DEA
2026-06,DEI
2026-06,DFH
2026-06,DFIN
2026-06,DGII
2026-06,DIOD
2026-06,DLX
2026-06,DNOW
2026-06,DORM
2026-06,DRH
2026-06,DV
2026-06,DXC
2026-06,DXPE
2026-06,EAT
2026-06,ECG
2026-06,ECPG
2026-06,EFC
2026-06,EFOR
2026-06,EGBN
2026-06,EIG
2026-06,EMBC
2026-06,EMN
2026-06,ENOV
2026-06,ENPH
2026-06,ENR
2026-06,ENVA
2026-06,EPAC
2026-06,EPAM
2026-06,EPC
2026-06,EPRT
2026-06,ESE
2026-06,ESI
2026-06,ETD
2026-06,ETSY
2026-06,EVTC
2026-06,EXTR
2026-06,EYE
2026-06,EZPW
2026-06,FA
2026-06,FBK
2026-06,FBNC
2026-06,FBP
2026-06,FBRT
2026-06,FCF
2026-06,FCPT
2026-06,FDP
2026-06,FELE
2026-06,FFBC
2026-06,FG
2026-06,FHB
2026-06,FIBK
2026-06,FIZZ
2026-06,FLO
2026-06,FMC
2026-06,FORM
2026-06,FOXF
2026-06,FRPT
2026-06,FSS
2026-06,FTDR
2026-06,FTRE
2026-06,FUL
2026-06,FULT
2026-06,FUN
2026-06,FWRD
2026-06,GBX
2026-06,GDYN
2026-06,GEO
2026-06,GFF
2026-06,GIII
2026-06,GKOS
2026-06,GNL
2026-06,GNW
2026-06,GO
2026-06,GOGO
2026-06,GOLF
2026-06,GPI
2026-06,GRBK
2026-06,GSHD
2026-06,GTES
2026-06,GTM
2026-06,GTY
2026-06,GVA
2026-06,HAFC
2026-06,HASI
2026-06,HAYW
2026-06,HCC
2026-06,HCI
2026-06,HCSG
2026-06,HE
2026-06,HFWA
2026-06,HIW
2026-06,HLIT
2026-06,HLX
2026-06,HMN
2026-06,HNI
2026-06,HOPE
2026-06,HP
2026-06,HRMY
2026-06,HSTM
2026-06,HTH
2026-06,HTLD
2026-06,HTO
2026-06,HTZ
2026-06,HUBG
2026-06,HWKN
2026-06,HZO
2026-06,IART
2026-06,IBP
2026-06,ICHR
2026-06,ICUI
2026-06,IIIN
2026-06,IIPR
2026-06,IJR
2026-06,INDB
2026-06,INDV
2026-06,INSP
2026-06,INSW
2026-06,INVA
2026-06,INVX
2026-06,IOSP
2026-06,IPAR
2026-06,IRDM
2026-06,ITGR
2026-06,ITRI
2026-06,JBGS
2026-06,JBLU
2026-06,JBSS
2026-06,JBTM
2026-06,JJSF
2026-06,JOE
2026-06,JXN
2026-06,KAI
2026-06,KALU
2026-06,KFY
2026-06,KGS
2026-06,KLIC
2026-06,KMPR
2026-06,KMT
2026-06,KMX
2026-06,KN
2026-06,KNTK
2026-06,KOP
2026-06,KRYS
2026-06,KSS
2026-06,KTB
2026-06,KWR
2026-06,LAUR
2026-06,LBRT
2026-06,LCII
2026-06,LEG
2026-06,LFST
2026-06,LGIH
2026-06,LGND
2026-06,LIF
2026-06,LKFN
2026-06,LKQ
2026-06,LMAT
2026-06,LNC
2026-06,LNN
2026-06,LPG
2026-06,LQDT
2026-06,LRN
2026-06,LTC
2026-06,LTH
2026-06,LUMN
2026-06,LW
2026-06,LXP
2026-06,LYFT
2026-06,LZ
2026-06,LZB
2026-06,MAC
2026-06,MAN
2026-06,MARA
2026-06,MATW
2026-06,MATX
2026-06,MBC
2026-06,MBIN
2026-06,MC
2026-06,MCRI
2026-06,MCY
2026-06,MD
2026-06,MDU
2026-06,MGEE
2026-06,MGY
2026-06,MHK
2026-06,MHO
2026-06,MIR
2026-06,MKTX
2026-06,MLKN
2026-06,MMI
2026-06,MMSI
2026-06,MNRO
2026-06,MOH
2026-06,MPT
2026-06,MRCY
2026-06,MRP
2026-06,MRTN
2026-06,MSEX
2026-06,MSGS
2026-06,MTCH
2026-06,MTH
2026-06,MTRN
2026-06,MTUS
2026-06,MTX
2026-06,MWA
2026-06,MXL
2026-06,MYRG
2026-06,NABL
2026-06,NATL
2026-06,NAVI
2026-06,NBHC
2026-06,NBTB
2026-06,NE
2026-06,NEO
2026-06,NEOG
2026-06,NGVT
2026-06,NHC
2026-06,NMIH
2026-06,NOG
2026-06,NPK
2026-06,NPO
2026-06,NSIT
2026-06,NSP
2026-06,NSSC
2026-06,NTCT
2026-06,NTST
2026-06,NWBI
2026-06,NWL
2026-06,NWN
2026-06,NX
2026-06,NXRT
2026-06,OFG
2026-06,OGN
2026-06,OI
2026-06,OII
2026-06,OMCL
2026-06,OPLN
2026-06,OSIS
2026-06,OSW
2026-06,OTTR
2026-06,OUT
2026-06,OXM
2026-06,PAHC
2026-06,PARR
2026-06,PATK
2026-06,PAYC
2026-06,PAYO
2026-06,PBH
2026-06,PBI
2026-06,PCRX
2026-06,PDFS
2026-06,PEB
2026-06,PECO
2026-06,PENG
2026-06,PENN
2026-06,PFBC
2026-06,PFS
2026-06,PGNY
2026-06,PHIN
2026-06,PI
2026-06,PIPR
2026-06,PJT
2026-06,PLAB
2026-06,PLMR
2026-06,PLUS
2026-06,PLXS
2026-06,PMT
2026-06,POWI
2026-06,POWL
2026-06,PPLI
2026-06,PRAA
2026-06,PRDO
2026-06,PRG
2026-06,PRGO
2026-06,PRGS
2026-06,PRIM
2026-06,PRKS
2026-06,PRLB
2026-06,PRSU
2026-06,PRVA
2026-06,PSMT
2026-06,PTCT
2026-06,PTEN
2026-06,PTGX
2026-06,PTON
2026-06,PZZA
2026-06,QDEL
2026-06,QNST
2026-06,QRVO
2026-06,QTWO
2026-06,RAL
2026-06,RAMP
2026-06,RCUS
2026-06,RDN
2026-06,RDNT
2026-06,RELY
2026-06,RES
2026-06,REX
2026-06,REYN
2026-06,REZI
2026-06,RHI
2026-06,RHP
2026-06,RITM
2026-06,RNG
2026-06,RNST
2026-06,ROCK
2026-06,ROG
2026-06,RRR
2026-06,RUN
2026-06,RUSHA
2026-06,RWT
2026-06,RXO
2026-06,SABR
2026-06,SAFE
2026-06,SAFT
2026-06,SAH
2026-06,SANM
2026-06,SBCF
2026-06,SBH
2026-06,SBSI
2026-06,SCHL
2026-06,SCL
2026-06,SCSC
2026-06,SDGR
2026-06,SEDG
2026-06,SEM
2026-06,SEZL
2026-06,SFBS
2026-06,SFNC
2026-06,SHAK
2026-06,SHEN
2026-06,SHO
2026-06,SHOO
2026-06,SIG
2026-06,SKT
2026-06,SKY
2026-06,SKYW
2026-06,SLG
2026-06,SLVM
2026-06,SM
2026-06,SMP
2026-06,SMPL
2026-06,SMTC
2026-06,SNDR
2026-06,SNEX
2026-06,SONO
2026-06,SPHR
2026-06,SPNT
2026-06,SPSC
2026-06,SPSM
2026-06,SRPT
2026-06,STAA
2026-06,STBA
2026-06,STC
2026-06,STEL
2026-06,STEP
2026-06,STRA
2026-06,SUPN
2026-06,SXI
2026-06,SXT
2026-06,TALO
2026-06,TBBK
2026-06,TDC
2026-06,TDS
2026-06,TDW
2026-06,TFIN
2026-06,TFX
2026-06,TGTX
2026-06,THRM
2026-06,TILE
2026-06,TMDX
2026-06,TNC
2026-06,TNDM
2026-06,TR
2026-06,TRIP
2026-06,TRMK
2026-06,TRN
2026-06,TRNO
2026-06,TRST
2026-06,TRUP
2026-06,TWO
2026-06,UA
2026-06,UAA
2026-06,UCB
2026-06,UCTT
2026-06,UE
2026-06,UFCS
2026-06,UFPT
2026-06,UHT
2026-06,UNF
2026-06,UNFI
2026-06,UNIT
2026-06,UPBD
2026-06,UPWK
2026-06,URBN
2026-06,USPH
2026-06,UTI
2026-06,UTL
2026-06,UVV
2026-06,VAC
2026-06,VCEL
2026-06,VCTR
2026-06,VCYT
2026-06,VECO
2026-06,VGNT
2026-06,VIAV
2026-06,VIOO
2026-06,VIR
2026-06,VIRT
2026-06,VITL
2026-06,VRRM
2026-06,VRTS
2026-06,VSAT
2026-06,VSEC
2026-06,VSH
2026-06,VSNT
2026-06,VSTS
2026-06,VSXY
2026-06,VTOL
2026-06,VYX
2026-06,WABC
2026-06,WAFD
2026-06,WAY
2026-06,WD
2026-06,WDFC
2026-06,WEN
2026-06,WERN
2026-06,WGO
2026-06,WHD
2026-06,WINA
2026-06,WKC
2026-06,WLY
2026-06,WOR
2026-06,WRLD
2026-06,WS
2026-06,WSC
2026-06,WSFS
2026-06,WSR
2026-06,WT
2026-06,WU
2026-06,WWW
2026-06,XHR
2026-06,XNCR
2026-06,XPEL
2026-06,YELP
2026-06,YOU
2026-06,ZD
2026-06,ZWS
2026-07,AAMI
2026-07,AAP
2026-07,AAT
2026-07,ABCB
2026-07,ABG
2026-07,ABM
2026-07,ABR
2026-07,ACA
2026-07,ACAD
2026-07,ACHC
2026-07,ACIW
2026-07,ACLS
2026-07,ACMR
2026-07,ACT
2026-07,ADAM
2026-07,ADEA
2026-07,ADMA
2026-07,ADNT
2026-07,ADT
2026-07,ADUS
2026-07,AEO
2026-07,AESI
2026-07,AGNT
2026-07,AGO
2026-07,AGX
2026-07,AGYS
2026-07,AHCO
2026-07,AIN
2026-07,AIR
2026-07,AKR
2026-07,ALG
2026-07,ALGT
2026-07,ALHC
2026-07,ALKS
2026-07,ALRM
2026-07,AMN
2026-07,AMPH
2026-07,AMR
2026-07,AMRX
2026-07,AMSF
2026-07,AMTM
2026-07,ANDE
2026-07,ANIP
2026-07,AORT
2026-07,AOSL
2026-07,APAM
2026-07,APLE
2026-07,APOG
2026-07,ARCB
2026-07,ARLO
2026-07,AROC
2026-07,ARR
2026-07,ASO
2026-07,ASTE
2026-07,ASTH
2026-07,ATEN
2026-07,ATMU
2026-07,AUB
2026-07,AVA
2026-07,AWI
2026-07,AWR
2026-07,AX
2026-07,AZTA
2026-07,AZZ
2026-07,BANC
2026-07,BANF
2026-07,BANR
2026-07,BBT
2026-07,BCC
2026-07,BCPC
2026-07,BFAM
2026-07,BFH
2026-07,BFS
2026-07,BGC
2026-07,BHE
2026-07,BJRI
2026-07,BKE
2026-07,BKU
2026-07,BL
2026-07,BLFS
2026-07,BLKB
2026-07,BMI
2026-07,BNL
2026-07,BOH
2026-07,BOOT
2026-07,BOX
2026-07,BRC
2026-07,BTU
2026-07,BXMT
2026-07,CACC
2026-07,CAG
2026-07,CAKE
2026-07,CALM
2026-07,CALX
2026-07,CALY
2026-07,CARG
2026-07,CASH
2026-07,CATY
2026-07,CBRL
2026-07,CBU
2026-07,CC
2026-07,CCOI
2026-07,CCS
2026-07,CE
2026-07,CENT
2026-07,CENTA
2026-07,CENX
2026-07,CERT
2026-07,CFFN
2026-07,CHCO
2026-07,CHEF
2026-07,CLSK
2026-07,CNK
2026-07,CNMD
2026-07,CNR
2026-07,CNS
2026-07,CNXC
2026-07,CNXN
2026-07,COCO
2026-07,COHU
2026-07,COLL
2026-07,CON
2026-07,CORT
2026-07,COTY
2026-07,CPB
2026-07,CPF
2026-07,CPK
2026-07,CRC
2026-07,CRGY
2026-07,CRI
2026-07,CRK
2026-07,CRSR
2026-07,CRVL
2026-07,CSR
2026-07,CSW
2026-07,CTS
2026-07,CUBI
2026-07,CURB
2026-07,CVBF
2026-07,CVCO
2026-07,CVI
2026-07,CVSA
2026-07,CWEN
2026-07,CWEN.A
2026-07,CWK
2026-07,CWST
2026-07,CWT
2026-07,CXM
2026-07,CXW
2026-07,CZR
2026-07,DAN
2026-07,DAVE
2026-07,DBD
2026-07,DCH
2026-07,DCOM
2026-07,DEA
2026-07,DEI
2026-07,DFH
2026-07,DFIN
2026-07,DGII
2026-07,DIOD
2026-07,DLX
2026-07,DMC
2026-07,DNOW
2026-07,DORM
2026-07,DRH
2026-07,DV
2026-07,DXC
2026-07,DXPE
2026-07,EAT
2026-07,EBC
2026-07,ECG
2026-07,ECPG
2026-07,EFC
2026-07,EFOR
2026-07,EGBN
2026-07,EIG
2026-07,EMN
2026-07,ENOV
2026-07,ENPH
2026-07,ENR
2026-07,ENVA
2026-07,EPAC
2026-07,EPAM
2026-07,EPC
2026-07,EPRT
2026-07,ESE
2026-07,ESI
2026-07,ETSY
2026-07,EVTC
2026-07,EXTR
2026-07,EYE
2026-07,EZPW
2026-07,FA
2026-07,FBK
2026-07,FBNC
2026-07,FBP
2026-07,FBRT
2026-07,FCF
2026-07,FCPT
2026-07,FELE
2026-07,FFBC
2026-07,FG
2026-07,FHB
2026-07,FIBK
2026-07,FIZZ
2026-07,FLO
2026-07,FMC
2026-07,FORM
2026-07,FOXF
2026-07,FRPT
2026-07,FSS
2026-07,FTDR
2026-07,FTRE
2026-07,FUL
2026-07,FULT
2026-07,FUN
2026-07,GBX
2026-07,GEO
2026-07,GFF
2026-07,GIII
2026-07,GKOS
2026-07,GNL
2026-07,GNW
2026-07,GO
2026-07,GOLF
2026-07,GPI
2026-07,GPOR
2026-07,GRBK
2026-07,GSHD
2026-07,GT
2026-07,GTES
2026-07,GTM
2026-07,GTY
2026-07,GVA
2026-07,HAFC
2026-07,HASI
2026-07,HAYW
2026-07,HCC
2026-07,HCI
2026-07,HCSG
2026-07,HE
2026-07,HFWA
2026-07,HIW
2026-07,HLIT
2026-07,HLX
2026-07,HMN
2026-07,HNI
2026-07,HOPE
2026-07,HP
2026-07,HRMY
2026-07,HSTM
2026-07,HTH
2026-07,HTLD
2026-07,HTO
2026-07,HTZ
2026-07,HUBG
2026-07,HWKN
2026-07,HZO
2026-07,IART
2026-07,IBP
2026-07,ICHR
2026-07,ICUI
2026-07,IIPR
2026-07,IJR
2026-07,INDB
2026-07,INDV
2026-07,INSP
2026-07,INSW
2026-07,INVA
2026-07,INVX
2026-07,IOSP
2026-07,IPAR
2026-07,IRDM
2026-07,ITGR
2026-07,ITRI
2026-07,IVT
2026-07,JBGS
2026-07,JBLU
2026-07,JBSS
2026-07,JBTM
2026-07,JJSF
2026-07,JOE
2026-07,JXN
2026-07,KAI
2026-07,KALU
2026-07,KFY
2026-07,KGS
2026-07,KLIC
2026-07,KMPR
2026-07,KMT
2026-07,KMX
2026-07,KN
2026-07,KNTK
2026-07,KOP
2026-07,KRMN
2026-07,KSS
2026-07,KTB
2026-07,KWR
2026-07,LAUR
2026-07,LAZ
2026-07,LBRT
2026-07,LCII
2026-07,LEG
2026-07,LEU
2026-07,LFST
2026-07,LGIH
2026-07,LGND
2026-07,LIF
2026-07,LKFN
2026-07,LKQ
2026-07,LMAT
2026-07,LNC
2026-07,LNN
2026-07,LPG
2026-07,LQDA
2026-07,LQDT
2026-07,LRN
2026-07,LTC
2026-07,LTH
2026-07,LUMN
2026-07,LW
2026-07,LXP
2026-07,LYFT
2026-07,LZ
2026-07,LZB
2026-07,MAC
2026-07,MAN
2026-07,MARA
2026-07,MATW
2026-07,MATX
2026-07,MBC
2026-07,MBGL
2026-07,MBIN
2026-07,MC
2026-07,MCRI
2026-07,MCY
2026-07,MD
2026-07,MDU
2026-07,MFP
2026-07,MGEE
2026-07,MGY
2026-07,MHK
2026-07,MHO
2026-07,MIR
2026-07,MKTX
2026-07,MLKN
2026-07,MMI
2026-07,MMSI
2026-07,MPT
2026-07,MRCY
2026-07,MRP
2026-07,MRTN
2026-07,MSEX
2026-07,MSGS
2026-07,MTCH
2026-07,MTH
2026-07,MTRN
2026-07,MTUS
2026-07,MTX
2026-07,MWA
2026-07,MXL
2026-07,MYRG
2026-07,NABL
2026-07,NATL
2026-07,NAVI
2026-07,NBHC
2026-07,NBTB
2026-07,NE
2026-07,NEO
2026-07,NEOG
2026-07,NGVT
2026-07,NHC
2026-07,NHI
2026-07,NIC
2026-07,NMIH
2026-07,NOG
2026-07,NPK
2026-07,NPO
2026-07,NSIT
2026-07,NSP
2026-07,NSSC
2026-07,NTCT
2026-07,NTST
2026-07,NWBI
2026-07,NWL
2026-07,NWN
2026-07,NX
2026-07,NXRT
2026-07,OFG
2026-07,OGN
2026-07,OI
2026-07,OII
2026-07,OMCL
2026-07,OPLN
2026-07,OSIS
2026-07,OSW
2026-07,OTTR
2026-07,OUT
2026-07,PAHC
2026-07,PARR
2026-07,PATK
2026-07,PAYC
2026-07,PAYO
2026-07,PBH
2026-07,PBI
2026-07,PCRX
2026-07,PDFS
2026-07,PEB
2026-07,PECO
2026-07,PENG
2026-07,PENN
2026-07,PFBC
2026-07,PFS
2026-07,PGNY
2026-07,PHIN
2026-07,PI
2026-07,PIPR
2026-07,PJT
2026-07,PLAB
2026-07,PLMR
2026-07,PLUS
2026-07,PLXS
2026-07,PMT
2026-07,POOL
2026-07,POWI
2026-07,POWL
2026-07,PPLI
2026-07,PRDO
2026-07,PRG
2026-07,PRGO
2026-07,PRGS
2026-07,PRIM
2026-07,PRKS
2026-07,PRLB
2026-07,PRSU
2026-07,PRVA
2026-07,PSMT
2026-07,PTCT
2026-07,PTEN
2026-07,PTGX
2026-07,PTON
2026-07,PZZA
2026-07,QDEL
2026-07,QNST
2026-07,QRVO
2026-07,QTWO
2026-07,RAL
2026-07,RAMP
2026-07,RCUS
2026-07,RDN
2026-07,RDNT
2026-07,RELY
2026-07,RES
2026-07,REX
2026-07,REYN
2026-07,REZI
2026-07,RHI
2026-07,RHP
2026-07,RITM
2026-07,RNG
2026-07,RNST
2026-07,ROAD
2026-07,ROCK
2026-07,ROG
2026-07,RRR
2026-07,RSI
2026-07,RUN
2026-07,RUSHA
2026-07,RXO
2026-07,SABR
2026-07,SAFE
2026-07,SAFT
2026-07,SAH
2026-07,SBCF
2026-07,SBH
2026-07,SBSI
2026-07,SCHL
2026-07,SCL
2026-07,SCSC
2026-07,SDGR
2026-07,SEDG
2026-07,SEI
2026-07,SEZL
2026-07,SFBS
2026-07,SFNC
2026-07,SHAK
2026-07,SHEN
2026-07,SHO
2026-07,SHOO
2026-07,SIG
2026-07,SKT
2026-07,SKY
2026-07,SKYW
2026-07,SLG
2026-07,SLVM
2026-07,SM
2026-07,SMP
2026-07,SMPL
2026-07,SNDR
2026-07,SNEX
2026-07,SONO
2026-07,SPHR
2026-07,SPNT
2026-07,SPSC
2026-07,SPSM
2026-07,SRPT
2026-07,STAA
2026-07,STBA
2026-07,STC
2026-07,STEL
2026-07,STEP
2026-07,STRA
2026-07,SUPN
2026-07,SXI
2026-07,SXT
2026-07,TALO
2026-07,TBBK
2026-07,TDC
2026-07,TDS
2026-07,TDW
2026-07,TFIN
2026-07,TFX
2026-07,TGTX
2026-07,THRM
2026-07,TILE
2026-07,TMDX
2026-07,TNC
2026-07,TNDM
2026-07,TPC
2026-07,TR
2026-07,TRIP
2026-07,TRMK
2026-07,TRN
2026-07,TRNO
2026-07,TRST
2026-07,TRUP
2026-07,TWO
2026-07,UA
2026-07,UAA
2026-07,UCB
2026-07,UCTT
2026-07,UE
2026-07,UFCS
2026-07,UFPT
2026-07,UNF
2026-07,UNFI
2026-07,UNIT
2026-07,UPBD
2026-07,UPWK
2026-07,URBN
2026-07,USLM
2026-07,USPH
2026-07,UTI
2026-07,UTL
2026-07,UVV
2026-07,VAC
2026-07,VCEL
2026-07,VCTR
2026-07,VCYT
2026-07,VECO
2026-07,VGNT
2026-07,VIOO
2026-07,VIR
2026-07,VIRT
2026-07,VRRM
2026-07,VRTS
2026-07,VSAT
2026-07,VSEC
2026-07,VSH
2026-07,VSNT
2026-07,VSTS
2026-07,VSXY
2026-07,VTOL
2026-07,VVX
2026-07,VYX
2026-07,WABC
2026-07,WAFD
2026-07,WAY
2026-07,WD
2026-07,WDFC
2026-07,WEN
2026-07,WERN
2026-07,WGO
2026-07,WHD
2026-07,WINA
2026-07,WKC
2026-07,WLY
2026-07,WOR
2026-07,WRBY
2026-07,WRLD
2026-07,WS
2026-07,WSBC
2026-07,WSC
2026-07,WSFS
2026-07,WT
2026-07,WU
2026-07,WWW
2026-07,XHR
2026-07,XNCR
2026-07,XPEL
2026-07,YELP
2026-07,YOU
2026-07,ZD
2026-07,ZWS
2026-08,AAMI
2026-08,AAP
2026-08,AAT
2026-08,ABCB
2026-08,ABG
2026-08,ABM
2026-08,ABR
2026-08,ACA
2026-08,ACAD
2026-08,ACHC
2026-08,ACIW
2026-08,ACLS
2026-08,ACMR
2026-08,ACT
2026-08,ADAM
2026-08,ADEA
2026-08,ADIG
2026-08,ADMA
2026-08,ADNT
2026-08,ADT
2026-08,ADUS
2026-08,AEO
2026-08,AESI
2026-08,AGNT
2026-08,AGO
2026-08,AGX
2026-08,AGYS
2026-08,AHCO
2026-08,AIN
2026-08,AIR
2026-08,AKR
2026-08,ALG
2026-08,ALGT
2026-08,ALHC
2026-08,ALKS
2026-08,ALRM
2026-08,AMN
2026-08,AMPH
2026-08,AMR
2026-08,AMRX
2026-08,AMSF
2026-08,AMTM
2026-08,ANDE
2026-08,ANIP
2026-08,AORT
2026-08,AOSL
2026-08,APAM
2026-08,APLE
2026-08,APOG
2026-08,ARCB
2026-08,ARLO
2026-08,AROC
2026-08,ARR
2026-08,ASO
2026-08,ASTE
2026-08,ASTH
2026-08,ATEN
2026-08,ATMU
2026-08,AUB
2026-08,AVA
2026-08,AWI
2026-08,AWR
2026-08,AX
2026-08,AZTA
2026-08,AZZ
2026-08,BANC
2026-08,BANF
2026-08,BANR
2026-08,BBT
2026-08,BCC
2026-08,BCPC
2026-08,BFAM
2026-08,BFH
2026-08,BFS
2026-08,BGC
2026-08,BHE
2026-08,BJRI
2026-08,BKE
2026-08,BKU
2026-08,BL
2026-08,BLFS
2026-08,BLKB
2026-08,BMI
2026-08,BNL
2026-08,BOH
2026-08,BOOT
2026-08,BOX
2026-08,BRC
2026-08,BTU
2026-08,BXMT
2026-08,CACC
2026-08,CAG
2026-08,CAKE
2026-08,CALM
2026-08,CALX
2026-08,CALY
2026-08,CARG
2026-08,CASH
2026-08,CATY
2026-08,CBRL
2026-08,CBU
2026-08,CC
2026-08,CCOI
2026-08,CCS
2026-08,CE
2026-08,CENT
2026-08,CENTA
2026-08,CENX
2026-08,CERT
2026-08,CFFN
2026-08,CHCO
2026-08,CHEF
2026-08,CLSK
2026-08,CNK
2026-08,CNMD
2026-08,CNR
2026-08,CNS
2026-08,CNXC
2026-08,CNXN
2026-08,COCO
2026-08,COHU
2026-08,COLL
2026-08,CON
2026-08,CORT
2026-08,COTY
2026-08,CPB
2026-08,CPF
2026-08,CPK
2026-08,CRC
2026-08,CRGY
2026-08,CRI
2026-08,CRK
2026-08,CRSR
2026-08,CRVL
2026-08,CSR
2026-08,CSW
2026-08,CTS
2026-08,CUBI
2026-08,CURB
2026-08,CVBF
2026-08,CVCO
2026-08,CVI
2026-08,CVSA
2026-08,CWEN
2026-08,CWEN.A
2026-08,CWK
2026-08,CWST
2026-08,CWT
2026-08,CXM
2026-08,CXW
2026-08,CZR
2026-08,DAN
2026-08,DAVE
2026-08,DBD
2026-08,DCH
2026-08,DCOM
2026-08,DEA
2026-08,DEI
2026-08,DFH
2026-08,DFIN
2026-08,DGII
2026-08,DIOD
2026-08,DLX
2026-08,DMC
2026-08,DNOW
2026-08,DORM
2026-08,DRH
2026-08,DV
2026-08,DXC
2026-08,DXPE
2026-08,EAT
2026-08,EBC
2026-08,ECG
2026-08,ECPG
2026-08,EFC
2026-08,EFOR
2026-08,EGBN
2026-08,EIG
2026-08,EMN
2026-08,ENOV
2026-08,ENPH
2026-08,ENR
2026-08,ENVA
2026-08,EPAC
2026-08,EPAM
2026-08,EPC
2026-08,EPRT
2026-08,ESE
2026-08,ESI
2026-08,ETSY
2026-08,EVTC
2026-08,EXTR
2026-08,EYE
2026-08,EZPW
2026-08,FA
2026-08,FBK
2026-08,FBNC
2026-08,FBP
2026-08,FBRT
2026-08,FCF
2026-08,FCPT
2026-08,FELE
2026-08,FFBC
2026-08,FG
2026-08,FHB
2026-08,FIBK
2026-08,FIVN
2026-08,FIZZ
2026-08,FLO
2026-08,FMC
2026-08,FORM
2026-08,FOXF
2026-08,FRPT
2026-08,FSS
2026-08,FTDR
2026-08,FTRE
2026-08,FUL
2026-08,FULT
2026-08,FUN
2026-08,GBX
2026-08,GEO
2026-08,GFF
2026-08,GIII
2026-08,GKOS
2026-08,GNL
2026-08,GNW
2026-08,GO
2026-08,GOLF
2026-08,GPI
2026-08,GPOR
2026-08,GRBK
2026-08,GSHD
2026-08,GT
2026-08,GTES
2026-08,GTM
2026-08,GTY
2026-08,GVA
2026-08,HAFC
2026-08,HASI
2026-08,HAYW
2026-08,HCC
2026-08,HCI
2026-08,HCSG
2026-08,HE
2026-08,HFWA
2026-08,HIW
2026-08,HLIT
2026-08,HLX
2026-08,HMN
2026-08,HNI
2026-08,HOPE
2026-08,HP
2026-08,HRMY
2026-08,HSTM
2026-08,HTH
2026-08,HTLD
2026-08,HTO
2026-08,HUBG
2026-08,HWKN
2026-08,HZO
2026-08,IART
2026-08,IBP
2026-08,ICHR
2026-08,ICUI
2026-08,IIPR
2026-08,IJR
2026-08,INDB
2026-08,INDV
2026-08,INSP
2026-08,INSW
2026-08,INVA
2026-08,INVX
2026-08,IOSP
2026-08,IPAR
2026-08,IRDM
2026-08,ITGR
2026-08,ITRI
2026-08,IVT
2026-08,JBGS
2026-08,JBLU
2026-08,JBSS
2026-08,JBTM
2026-08,JJSF
2026-08,JOE
2026-08,JXN
2026-08,KAI
2026-08,KALU
2026-08,KFY
2026-08,KGS
2026-08,KLIC
2026-08,KMPR
2026-08,KMT
2026-08,KMX
2026-08,KN
2026-08,KNTK
2026-08,KOP
2026-08,KRMN
2026-08,KSS
2026-08,KTB
2026-08,KWR
2026-08,LAUR
2026-08,LAZ
2026-08,LBRT
2026-08,LCII
2026-08,LEG
2026-08,LEU
2026-08,LFST
2026-08,LGIH
2026-08,LGND
2026-08,LIF
2026-08,LKFN
2026-08,LKQ
2026-08,LMAT
2026-08,LNC
2026-08,LNN
2026-08,LPG
2026-08,LQDA
2026-08,LQDT
2026-08,LRN
2026-08,LTC
2026-08,LTH
2026-08,LUMN
2026-08,LW
2026-08,LXP
2026-08,LYFT
2026-08,LZ
2026-08,LZB
2026-08,MAC
2026-08,MAN
2026-08,MARA
2026-08,MATW
2026-08,MATX
2026-08,MBC
2026-08,MBGL
2026-08,MBIN
2026-08,MC
2026-08,MCRI
2026-08,MCY
2026-08,MD
2026-08,MDU
2026-08,MFP
2026-08,MGEE
2026-08,MGY
2026-08,MHK
2026-08,MHO
2026-08,MIR
2026-08,MKTX
2026-08,MLKN
2026-08,MMI
2026-08,MMSI
2026-08,MPT
2026-08,MRCY
2026-08,MRP
2026-08,MRTN
2026-08,MSEX
2026-08,MSGS
2026-08,MTCH
2026-08,MTH
2026-08,MTRN
2026-08,MTUS
2026-08,MTX
2026-08,MWA
2026-08,MXL
2026-08,MYRG
2026-08,NABL
2026-08,NATL
2026-08,NAVI
2026-08,NBHC
2026-08,NBTB
2026-08,NE
2026-08,NEO
2026-08,NEOG
2026-08,NGVT
2026-08,NHC
2026-08,NHI
2026-08,NIC
2026-08,NMIH
2026-08,NOG
2026-08,NPK
2026-08,NPO
2026-08,NSIT
2026-08,NSP
2026-08,NSSC
2026-08,NTCT
2026-08,NTST
2026-08,NWBI
2026-08,NWL
2026-08,NWN
2026-08,NX
2026-08,NXRT
2026-08,OFG
2026-08,OGN
2026-08,OI
2026-08,OII
2026-08,OMCL
2026-08,OPLN
2026-08,OSIS
2026-08,OSW
2026-08,OTTR
2026-08,OUT
2026-08,PAHC
2026-08,PARR
2026-08,PATK
2026-08,PAYC
2026-08,PAYO
2026-08,PBH
2026-08,PBI
2026-08,PCRX
2026-08,PDFS
2026-08,PEB
2026-08,PECO
2026-08,PENG
2026-08,PENN
2026-08,PFBC
2026-08,PFS
2026-08,PGNY
2026-08,PHIN
2026-08,PI
2026-08,PIPR
2026-08,PJT
2026-08,PLAB
2026-08,PLMR
2026-08,PLUS
2026-08,PLXS
2026-08,PMT
2026-08,POOL
2026-08,POWI
2026-08,POWL
2026-08,PPLI
2026-08,PRDO
2026-08,PRG
2026-08,PRGO
2026-08,PRGS
2026-08,PRIM
2026-08,PRKS
2026-08,PRLB
2026-08,PRSU
2026-08,PRVA
2026-08,PSMT
2026-08,PTCT
2026-08,PTEN
2026-08,PTGX
2026-08,PTON
2026-08,PZZA
2026-08,QDEL
2026-08,QNST
2026-08,QRVO
2026-08,QTWO
2026-08,RAL
2026-08,RAMP
2026-08,RCUS
2026-08,RDN
2026-08,RDNT
2026-08,RELY
2026-08,RES
2026-08,REX
2026-08,REYN
2026-08,REZI
2026-08,RHI
2026-08,RHP
2026-08,RITM
2026-08,RNG
2026-08,RNST
2026-08,ROAD
2026-08,ROCK
2026-08,ROG
2026-08,RRR
2026-08,RSI
2026-08,RUN
2026-08,RUSHA
2026-08,RXO
2026-08,SABR
2026-08,SAFE
2026-08,SAFT
2026-08,SAH
2026-08,SBCF
2026-08,SBH
2026-08,SBSI
2026-08,SCHL
2026-08,SCL
2026-08,SCSC
2026-08,SDGR
2026-08,SEDG
2026-08,SEI
2026-08,SEZL
2026-08,SFBS
2026-08,SFNC
2026-08,SHAK
2026-08,SHEN
2026-08,SHO
2026-08,SHOO
2026-08,SIG
2026-08,SKT
2026-08,SKY
2026-08,SKYW
2026-08,SLG
2026-08,SLVM
2026-08,SM
2026-08,SMP
2026-08,SMPL
2026-08,SNDR
2026-08,SNEX
2026-08,SONO
2026-08,SPHR
2026-08,SPNT
2026-08,SPSC
2026-08,SPSM
2026-08,SRPT
2026-08,STAA
2026-08,STBA
2026-08,STC
2026-08,STEL
2026-08,STEP
2026-08,STRA
2026-08,SUPN
2026-08,SXI
2026-08,SXT
2026-08,TALO
2026-08,TBBK
2026-08,TDC
2026-08,TDS
2026-08,TDW
2026-08,TFIN
2026-08,TFX
2026-08,TGTX
2026-08,THRM
2026-08,TILE
2026-08,TMDX
2026-08,TNC
2026-08,TNDM
2026-08,TPC
2026-08,TR
2026-08,TRIP
2026-08,TRMK
2026-08,TRN
2026-08,TRNO
2026-08,TRST
2026-08,TRUP
2026-08,UA
2026-08,UAA
2026-08,UCB
2026-08,UCTT
2026-08,UE
2026-08,UFCS
2026-08,UFPT
2026-08,UNF
2026-08,UNFI
2026-08,UNIT
2026-08,UPBD
2026-08,UPWK
2026-08,URBN
2026-08,USLM
2026-08,USPH
2026-08,UTI
2026-08,UTL
2026-08,UVV
2026-08,VAC
2026-08,VCEL
2026-08,VCTR
2026-08,VCYT
2026-08,VECO
2026-08,VGNT
2026-08,VIOO
2026-08,VIR
2026-08,VIRT
2026-08,VRRM
2026-08,VRTS
2026-08,VSAT
2026-08,VSEC
2026-08,VSH
2026-08,VSNT
2026-08,VSTS
2026-08,VSXY
2026-08,VTOL
2026-08,VVX
2026-08,VYX
2026-08,WABC
2026-08,WAFD
2026-08,WAY
2026-08,WD
2026-08,WDFC
2026-08,WEN
2026-08,WERN
2026-08,WGO
2026-08,WHD
2026-08,WINA
2026-08,WKC
2026-08,WLY
2026-08,WOR
2026-08,WRBY
2026-08,WRLD
2026-08,WS
2026-08,WSBC
2026-08,WSC
2026-08,WSFS
2026-08,WT
2026-08,WU
2026-08,WWW
2026-08,XHR
2026-08,XNCR
2026-08,XPEL
2026-08,YELP
2026-08,YOU
2026-08,ZD
2026-08,ZWS
