code,segment,start,end,rows,status,reason,index_months
A,0,1999-11-18,2026-09-04,6739,clean,,315
AA,0,1995-01-03,2026-09-04,7972,clean,,319
AAI,0,1997-12-31,2011-05-02,3355,clean,,5
AAL,0,2005-09-27,2026-09-04,5268,clean,,138
AAMI,0,2014-10-09,2026-09-04,2994,clean,,12
AAN,0,2020-11-25,2024-10-03,969,clean,,32
AAOI,0,2013-09-26,2026-09-04,3255,clean,,38
AAON,0,1995-01-03,2026-09-04,7972,clean,,96
AAP,0,2001-11-29,2026-09-04,6231,clean,,188
AAPL,0,1995-01-03,2026-09-04,7972,clean,,380
AAT,0,2011-01-13,2026-09-04,3934,clean,,96
AAWW,0,2004-07-21,2023-03-17,4634,clean,,54
AAXN,0,,,0,excluded,no data,0
ABBV,0,2012-12-10,2026-09-04,3455,clean,,164
ABCB,0,1995-01-03,2026-09-04,7972,clean,,96
ABG,0,2002-03-14,2026-09-04,6160,clean,,96
ABGX,0,1998-07-06,2006-03-31,1948,unused,never in an index while trading,0
ABI,0,2025-06-26,2026-09-04,301,unused,never in an index while trading,0
ABM,0,1995-01-03,2026-09-04,7972,clean,,96
ABMD,0,1995-01-03,2022-12-21,7025,clean,,73
ABNB,0,2020-12-10,2026-09-04,1440,clean,,36
ABR,0,2004-04-07,2026-09-04,5639,clean,,39
ABS,0,2018-08-28,2019-06-07,195,unused,never in an index while trading,0
ABT,0,1995-01-03,2026-09-04,7972,clean,,380
ABTX,0,2015-10-08,2022-09-30,1758,clean,,20
ABX,0,2020-09-14,2026-09-04,1502,unused,never in an index while trading,0
ACA,0,2018-10-30,2026-09-04,1972,clean,,67
ACAD,0,2004-05-27,2026-09-04,5604,clean,,20
ACAS,0,1997-12-31,2017-01-03,4783,clean,,20
ACC,0,2004-08-12,2022-08-09,4530,clean,,106
ACCOB,0,,,0,excluded,no data,0
ACE,0,,,0,excluded,no data,0
ACET,0,2018-01-26,2026-09-04,2164,clean,,22
ACGL,0,1995-09-14,2026-09-04,7795,clean,,47
ACHC,0,1995-01-03,2026-09-04,7867,clean,,113
ACI,0,2020-06-26,2026-09-04,1556,clean,,18
ACIW,0,1995-02-24,2026-09-04,7935,clean,,188
ACKH,0,1997-12-31,2007-12-12,2503,clean,,35
ACLS,0,2000-07-11,2026-09-04,6578,clean,,96
ACM,0,2007-05-10,2026-09-04,4862,clean,,187
ACMR,0,2017-11-03,2026-09-04,2220,clean,,10
ACN,0,2001-07-19,2026-09-04,6320,clean,,182
ACOR,0,2006-02-10,2024-04-11,4571,clean,,22
ACS,0,1997-12-31,2010-01-28,3038,excluded,58% zero-volume days,70
ACT,0,2021-09-16,2026-09-04,1248,clean,,17
ACV,0,2015-05-21,2026-09-04,2840,unused,never in an index while trading,0
ACXM,0,1995-01-03,2018-10-01,5980,clean,,94
ADAM,0,2004-07-26,2026-09-04,5565,clean,,12
ADBE,0,1995-01-03,2026-09-04,7972,clean,,352
ADC,0,1995-01-03,2026-09-04,7972,clean,,96
ADCT,0,2020-05-15,2026-09-04,1585,unused,never in an index while trading,0
ADEA,0,2003-11-13,2026-09-04,5738,clean,,47
ADI,0,1995-01-03,2026-09-04,7972,clean,,323
ADIG,0,2026-07-30,2026-09-04,27,excluded,only 27 rows,1
ADLAC,0,,,0,excluded,no data,0
ADM,0,1995-01-03,2026-09-04,7972,clean,,380
ADMA,0,2013-10-17,2026-09-04,3240,clean,,24
ADNT,0,2016-10-17,2026-09-04,2485,clean,,97
ADP,0,1995-01-03,2026-09-04,7972,clean,,380
ADRX,0,1997-12-31,2006-11-03,2226,unused,never in an index while trading,0
ADRX,1,2007-06-13,2007-06-13,1,excluded,only 1 rows,0
ADS,0,2001-06-08,2022-04-01,5238,clean,,129
ADSK,0,1995-01-03,2026-09-04,7972,clean,,380
ADT,0,2018-01-19,2026-09-04,2169,clean,,7
ADTN,0,1995-01-03,2026-09-04,7972,clean,,122
ADUS,0,2009-10-28,2026-09-04,4239,clean,,67
ADVS,0,1997-12-31,2015-07-07,4406,clean,,55
AEE,0,1995-01-03,2026-09-04,7972,clean,,380
AEGN,0,1995-01-03,2021-05-14,6639,clean,,32
AEIS,0,1995-11-17,2026-09-04,7749,clean,,96
AEL,0,2003-12-04,2024-05-02,5137,clean,,68
AEO,0,1995-01-03,2026-09-04,7972,clean,,188
AEP,0,1995-01-03,2026-09-04,7972,clean,,380
AES,0,1995-01-03,2026-09-04,7972,clean,,335
AESI,0,2023-03-09,2026-09-04,877,clean,,22
AET,0,1997-12-31,2018-11-28,5263,clean,,251
AF,0,1997-12-31,2017-09-29,4970,clean,,52
AFG,0,1995-01-03,2026-09-04,7972,clean,,188
AFL,0,1995-01-03,2026-09-04,7972,clean,,328
AFS-A,0,,,0,excluded,no data,0
AGC,0,2020-12-01,2021-12-01,253,unused,never in an index while trading,0
AGCO,0,1995-01-03,2026-09-04,7972,clean,,188
AGL,0,2021-04-15,2026-09-04,1355,unused,never in an index while trading,0
AGN,0,1995-01-03,2020-05-08,6383,clean,,253
AGNT,0,2013-11-19,2013-11-19,1,excluded,only 1 rows,0
AGNT,1,2014-01-30,2026-09-04,2968,clean,,4
AGO,0,2004-04-23,2026-09-04,5628,clean,,67
AGTI,0,2021-04-23,2024-05-06,764,clean,,17
AGX,0,1995-08-18,2026-09-04,7813,excluded,19% zero-volume days,6
AGYS,0,1995-01-03,2026-09-04,7972,clean,,96
AHCO,0,2018-05-24,2026-09-04,2080,clean,,49
AHH,0,2013-05-08,2026-05-01,3266,clean,,90
AHL,0,2025-05-08,2026-02-23,199,unused,never in an index while trading,0
AHM,0,1997-12-31,2004-04-06,1575,clean,,9
AHR,0,2024-02-07,2026-09-04,647,clean,,8
AIG,0,1995-01-03,2026-09-04,7972,clean,,380
AIN,0,1995-01-03,2026-09-04,7972,clean,,96
AINV,0,2004-04-06,2022-10-14,4665,clean,,52
AIR,0,1995-01-03,2026-09-04,7972,clean,,96
AIRC,0,2020-12-15,2024-06-26,887,clean,,42
AIT,0,1995-01-03,2026-09-04,7968,clean,,153
AIV,0,1995-01-03,2026-09-04,7972,clean,,213
AIZ,0,2004-02-05,2026-09-04,5682,clean,,233
AJG,0,1995-01-03,2026-09-04,7972,clean,,188
AJRD,0,1995-01-03,2023-07-27,7192,clean,,59
AKAM,0,1999-10-29,2026-09-04,6753,clean,,230
AKLM,0,1999-01-04,2005-01-03,1509,unused,never in an index while trading,0
AKLM,1,2007-06-13,2007-06-13,1,excluded,only 1 rows,0
AKR,0,1995-01-03,2026-09-04,7972,clean,,96
AKRX,0,2004-11-24,2020-05-29,3901,clean,,61
AKRX,1,2020-07-27,2020-10-02,49,excluded,only 49 rows,4
AKS,0,1997-12-31,2020-03-12,5585,clean,,61
AL,0,2011-04-19,2026-04-07,3763,clean,,25
ALAB,0,2024-03-20,2026-09-04,618,unused,never in an index while trading,0
ALB,0,1995-01-03,2026-09-04,7972,clean,,188
ALE,0,1995-01-03,2025-12-12,7790,clean,,93
ALEX,0,2012-06-14,2026-03-12,3455,clean,,165
ALG,0,1995-01-03,2026-09-04,7972,clean,,96
ALGM,0,2020-10-29,2026-09-04,1469,clean,,45
ALGN,0,2001-01-26,2026-09-04,6440,clean,,136
ALGT,0,2006-12-08,2026-09-04,4965,clean,,96
ALHC,0,2021-03-26,2026-09-04,1368,clean,,4
ALK,0,1995-01-03,2026-09-04,7972,clean,,188
ALKS,0,1995-01-03,2026-09-04,7972,clean,,33
ALL,0,1995-01-03,2026-09-04,7972,clean,,374
ALLE,0,2013-11-18,2026-09-04,3218,clean,,154
ALLY,0,2014-01-28,2026-09-04,3171,clean,,35
ALNY,0,2004-05-28,2026-09-04,5603,unused,never in an index while trading,0
ALRM,0,2015-06-26,2026-09-04,2815,clean,,96
ALSN,0,2012-03-15,2026-09-04,3640,clean,,2
ALTM,0,2018-10-11,2025-03-05,1607,clean,,14
ALTR,0,2017-11-01,2025-03-24,1857,clean,,9
ALV,0,1997-04-28,2026-09-04,7386,clean,,42
ALXN,0,1996-02-28,2021-07-20,6391,clean,,110
AM,0,2017-05-03,2026-09-04,2349,clean,,83
AMAG,0,1995-01-03,2020-11-13,6459,clean,,27
AMAT,0,1995-01-03,2026-09-04,7972,clean,,378
AMB,0,,,0,excluded,no data,0
AMBC,0,2013-05-01,2025-11-21,3162,clean,,78
AMCC,0,1999-01-04,2017-01-26,4546,clean,,88
AMCR,0,2012-05-15,2026-09-04,3598,excluded,38% zero-volume days,87
AMCX,0,2011-06-16,2026-09-04,3828,clean,,131
AMD,0,1995-01-03,2026-09-04,7972,clean,,379
AME,0,1995-01-03,2026-09-04,7972,clean,,188
AMED,0,1995-01-10,2025-08-14,7494,clean,,83
AMEH,0,2017-12-08,2024-04-26,1605,clean,,35
AMFM,0,,,0,excluded,no data,0
AMG,0,1997-11-21,2026-09-04,7240,clean,,178
AMGN,0,1995-01-03,2026-09-04,7972,clean,,380
AMH,0,2013-08-01,2026-09-04,3294,clean,,30
AMKR,0,1998-05-01,2026-09-04,7131,clean,,66
AMLN,0,1997-12-31,2012-08-08,3676,unused,never in an index while trading,0
AMN,0,2001-11-13,2026-09-04,6242,clean,,96
AMP,0,2005-09-15,2026-09-04,5276,clean,,252
AMPH,0,2014-06-25,2026-09-04,3068,clean,,96
AMR,0,2016-08-18,2026-09-04,2499,clean,,34
AMRX,0,2009-01-14,2026-09-04,4438,clean,,8
AMSF,0,2005-11-18,2026-09-04,5230,clean,,96
AMT,0,1998-02-27,2026-09-04,7175,clean,,226
AMTM,0,2024-09-24,2026-09-04,489,clean,,22
AMWD,0,1995-01-03,2026-05-27,7902,clean,,93
AMZN,0,1997-05-15,2026-09-04,7373,clean,,250
AN,0,1995-01-03,2026-09-04,7970,clean,,330
ANDE,0,1996-02-20,2026-09-04,7686,clean,,96
ANDV,0,1997-12-31,2018-09-28,5221,clean,,132
ANDW,0,1997-12-31,2007-12-27,2513,clean,,105
ANET,0,2014-06-06,2026-09-04,3081,clean,,97
ANF,0,1996-09-26,2026-09-04,7533,clean,,196
ANGI,0,2011-11-17,2026-09-04,3720,clean,,11
ANGO,0,2004-05-27,2026-09-04,5603,clean,,60
ANIK,0,1995-01-03,2026-09-04,7945,clean,,60
ANIP,0,2001-07-24,2026-09-04,6211,clean,,96
ANN,0,1997-12-31,2015-08-21,4439,clean,,56
ANR,0,2005-02-16,2015-07-15,2620,clean,,37
ANSS,0,1996-06-20,2025-07-16,7310,clean,,174
ANV,0,2026-02-03,2026-09-04,149,unused,never in an index while trading,0
AOL,0,2009-11-24,2015-06-22,1402,clean,,54
AON,0,1995-01-03,2026-09-04,7972,clean,,365
AORT,0,1995-01-03,2026-09-04,7972,clean,,56
AOS,0,1995-01-03,2026-09-04,7972,clean,,136
AOSL,0,2010-04-29,2026-09-04,4114,clean,,52
APA,0,1995-01-03,2026-09-04,7972,clean,,350
APAM,0,2013-03-06,2026-09-04,3397,clean,,39
APC,0,2026-02-12,2026-09-04,142,unused,never in an index while trading,0
APCC,0,1997-12-31,2007-02-14,2294,clean,,81
APD,0,1995-01-03,2026-09-04,7972,clean,,380
APEI,0,2007-11-09,2026-09-04,4734,clean,,48
APG,0,2017-10-11,2017-10-11,1,excluded,only 1 rows,0
APG,1,2017-12-29,2017-12-29,1,excluded,only 1 rows,0
APG,2,2018-04-24,2018-04-24,1,excluded,only 1 rows,0
APG,3,2018-09-20,2018-09-20,1,excluded,only 1 rows,0
APG,4,2018-11-12,2018-11-12,1,excluded,only 1 rows,0
APG,5,2019-01-07,2019-01-07,1,excluded,only 1 rows,0
APG,6,2019-03-18,2019-03-18,1,excluded,only 1 rows,0
APG,7,2019-04-18,2019-04-18,1,excluded,only 1 rows,0
APG,8,2019-05-29,2019-05-29,1,excluded,only 1 rows,0
APG,9,2019-08-15,2026-09-04,1741,clean,,15
APH,0,1995-01-03,2026-09-04,7970,clean,,216
APLE,0,2015-05-18,2026-09-04,2843,clean,,36
APLS,0,2017-11-09,2026-05-13,2137,clean,,3
APO,0,2011-03-30,2026-09-04,3882,clean,,21
APOG,0,1995-01-03,2026-09-04,7972,clean,,96
APOL,0,1997-12-31,2017-02-01,4803,clean,,171
APP,0,2021-04-15,2026-09-04,1355,clean,,12
APPF,0,2015-06-26,2026-09-04,2815,clean,,30
APPS,0,2006-06-30,2010-09-16,501,excluded,9 unexplained >50% moves,0
APPS,1,2010-10-21,2026-09-04,3877,clean,,29
APTV,0,2011-11-17,2026-09-04,3720,clean,,165
APY,0,2018-04-27,2020-10-22,628,clean,,29
AR,0,2013-10-10,2026-09-04,3245,clean,,47
ARBA,0,1999-06-23,2012-10-01,3342,unused,never in an index while trading,0
ARC,0,2005-02-04,2024-11-21,4984,unused,never in an index while trading,0
ARCB,0,1995-01-03,2026-09-04,7972,clean,,96
ARCH,0,2001-03-13,2025-01-13,5996,clean,,10
ARE,0,1997-05-28,2026-09-04,7365,clean,,188
ARES,0,2014-05-02,2026-09-04,3105,clean,,9
ARG,0,1997-12-31,2016-05-20,4627,clean,,80
ARI,0,2009-09-24,2026-09-04,4263,clean,,94
ARLO,0,2018-08-03,2026-09-04,2033,clean,,67
ARM,0,2023-09-14,2026-09-04,747,unused,never in an index while trading,0
ARMK,0,2013-12-12,2026-09-04,3201,clean,,42
ARNC,0,2016-11-01,2023-08-17,1709,clean,,30
ARO,0,2002-05-16,2016-04-21,3508,clean,,52
AROC,0,1997-07-01,2026-09-04,7340,clean,,96
ARR,0,2007-12-03,2026-09-04,4719,clean,,96
ARRS,0,1997-12-31,2019-04-03,5348,clean,,48
ARW,0,1995-01-03,2026-09-04,7972,clean,,188
ARWR,0,1995-07-27,1995-07-27,1,excluded,only 1 rows,0
ARWR,1,1995-08-28,2000-08-01,400,excluded,31 unexplained >50% moves,0
ARWR,2,2000-09-08,2026-09-04,5806,clean,,71
AS,0,2024-02-01,2026-09-04,651,unused,never in an index while trading,0
ASAI,0,2021-03-02,2025-01-10,970,unused,never in an index while trading,0
ASB,0,1995-01-03,2026-09-04,7972,clean,,136
ASBC,0,2003-09-10,2014-12-22,2842,clean,,48
ASC,0,2013-08-01,2026-09-04,3294,unused,never in an index while trading,0
ASCL,0,1997-12-31,2005-04-29,1843,unused,never in an index while trading,0
ASGN,0,1995-01-03,2026-06-18,7917,clean,,92
ASH,0,1995-01-03,2026-09-04,7972,clean,,354
ASIX,0,2016-09-15,2026-09-04,2507,clean,,87
ASML,0,1995-03-15,2026-09-04,7922,unused,never in an index while trading,0
ASN,0,1999-01-04,2007-10-05,2203,clean,,105
ASNA,0,1995-01-03,2020-10-22,6499,clean,,97
ASND,0,2015-01-28,2026-09-04,2919,unused,never in an index while trading,0
ASO,0,2020-10-02,2026-09-04,1488,clean,,54
ASRT,0,1997-11-05,2026-06-15,7195,excluded,74 unexplained >50% moves,30
ASTA,0,2012-08-28,2012-08-28,1,excluded,only 1 rows,0
ASTA,1,2012-12-13,2012-12-13,1,excluded,only 1 rows,0
ASTA,2,2013-03-14,2013-03-14,1,excluded,only 1 rows,0
ASTA,3,2014-06-10,2014-06-10,1,excluded,only 1 rows,0
ASTA,4,2014-12-01,2014-12-01,1,excluded,only 1 rows,0
ASTA,5,2015-05-27,2025-05-22,2467,excluded,88 unexplained >50% moves,0
ASTE,0,1995-01-03,2026-09-04,7972,clean,,96
ASTH,0,2008-09-08,2008-09-08,1,excluded,only 1 rows,0
ASTH,1,2009-01-15,2026-09-04,4416,excluded,27% zero-volume days,28
AT,0,2010-07-23,2021-05-14,2722,unused,never in an index while trading,0
ATEN,0,2014-03-21,2026-09-04,3134,clean,,53
ATGE,0,,,0,excluded,no data,0
ATHMA,0,,,0,excluded,no data,0
ATI,0,1995-01-03,2026-09-04,7972,clean,,363
ATK,0,2015-02-04,2015-02-04,1,excluded,only 1 rows,1
ATML,0,1997-12-31,2016-04-04,4593,clean,,64
ATMU,0,2023-05-26,2026-09-04,822,clean,,5
ATNI,0,1995-01-03,2026-09-04,7972,clean,,69
ATO,0,1995-01-03,2026-09-04,7972,clean,,188
ATR,0,1995-01-03,2026-09-04,7972,clean,,188
ATU,0,1995-01-03,2020-10-08,6427,clean,,26
ATVI,0,1995-01-03,2023-10-12,7244,clean,,98
ATW,0,1997-12-31,2017-10-05,4974,clean,,62
ATYT,0,1998-11-24,2006-10-24,1991,unused,never in an index while trading,0
AUB,0,1995-01-03,2026-09-04,7972,clean,,42
AV,0,2026-05-12,2026-09-04,81,unused,never in an index while trading,0
AVA,0,1995-01-03,2026-09-04,7972,clean,,96
AVAV,0,2007-01-23,2026-09-04,4937,clean,,96
AVB,0,1995-01-03,2026-08-14,7957,clean,,235
AVD,0,1995-01-03,2026-09-04,7972,clean,,61
AVGO,0,2009-08-06,2026-09-04,4297,clean,,148
AVID,0,1995-01-03,2023-11-06,7263,clean,,14
AVNS,0,2014-10-21,2026-07-24,2956,clean,,94
AVNT,0,1995-01-03,2026-09-04,7972,clean,,69
AVP,0,1997-12-31,2020-01-03,5538,clean,,259
AVT,0,1995-01-03,2026-09-04,7972,clean,,188
AVTA,0,1998-12-15,2023-11-27,6278,clean,,9
AVTR,0,2019-05-16,2026-09-04,1837,clean,,26
AVY,0,1995-01-03,2026-09-04,7972,clean,,380
AW,0,1997-12-31,2008-12-05,2751,clean,,113
AWE,0,2000-04-27,2004-10-26,1130,clean,,39
AWI,0,2006-10-11,2026-09-04,5006,clean,,33
AWK,0,2008-04-23,2026-09-04,4622,clean,,126
AWR,0,1995-01-03,2026-09-04,7972,clean,,96
AX,0,2005-03-15,2026-09-04,5370,clean,,67
AXE,0,1995-01-03,2020-06-19,6412,clean,,22
AXL,0,1999-01-29,2026-04-07,6838,clean,,91
AXON,0,2001-06-07,2026-09-04,6349,clean,,66
AXP,0,1995-01-03,2026-09-04,7972,clean,,380
AXTA,0,2014-11-12,2026-09-04,2970,clean,,42
AYE,0,1997-12-31,2010-01-28,3038,excluded,73% zero-volume days,110
AYI,0,2001-11-28,2026-09-04,6232,clean,,187
AZA-A,0,,,0,excluded,no data,0
AZN,0,1995-01-03,2026-09-04,7972,unused,never in an index while trading,0
AZO,0,1995-01-03,2026-09-04,7972,clean,,357
AZPN,0,1995-01-03,2025-03-11,7598,clean,,46
AZTA,0,1995-02-02,2026-09-04,7950,clean,,57
AZZ,0,1995-01-03,2026-09-04,7972,clean,,96
B,0,1995-01-03,2026-09-04,7972,clean,,76
BA,0,1995-01-03,2026-09-04,7972,clean,,380
BABY,0,2012-04-26,2012-04-26,1,excluded,only 1 rows,0
BABY,1,2012-06-11,2012-06-11,1,excluded,only 1 rows,0
BABY,2,2012-10-25,2012-10-25,1,excluded,only 1 rows,0
BABY,3,2013-04-22,2013-04-22,1,excluded,only 1 rows,0
BABY,4,2013-09-16,2013-09-16,1,excluded,only 1 rows,0
BABY,5,2014-12-10,2014-12-10,1,excluded,only 1 rows,0
BABY,6,2015-01-28,2015-01-28,1,excluded,only 1 rows,0
BABY,7,2015-03-11,2015-03-11,1,excluded,only 1 rows,0
BABY,8,2015-04-30,2015-04-30,1,excluded,only 1 rows,0
BABY,9,2016-01-04,2020-10-08,1171,clean,,26
BAC,0,1995-01-03,2026-09-04,7972,clean,,380
BAH,0,2010-11-17,2026-09-04,3973,clean,,8
BALL,0,1995-01-03,2026-09-04,7972,clean,,380
BANC,0,2002-08-23,2026-09-04,6047,clean,,96
BANF,0,1995-01-03,2026-09-04,7972,clean,,67
BANR,0,1995-11-01,2026-09-04,7761,clean,,96
BATRA,0,2016-04-18,2026-09-04,2612,unused,never in an index while trading,0
BATRK,0,2016-04-18,2026-09-04,2612,unused,never in an index while trading,0
BAX,0,1995-01-03,2026-09-04,7972,clean,,380
BAY,0,2026-05-06,2026-09-04,85,unused,never in an index while trading,0
BB,0,1999-02-04,2026-09-04,6939,unused,never in an index while trading,0
BBBY,0,2002-05-30,2026-09-04,6107,clean,,249
BBG,0,2004-12-10,2018-03-19,3340,clean,,53
BBI,0,1995-01-03,2024-04-19,7376,clean,,36
BBT,0,2000-06-28,2026-09-04,6586,clean,,12
BBWI,0,1995-01-03,2026-09-04,7972,clean,,380
BBY,0,1995-01-03,2026-09-04,7972,clean,,327
BC,0,1995-01-03,2026-09-04,7972,clean,,297
BCC,0,2013-02-05,2026-09-04,3417,clean,,96
BCEI,0,2011-12-15,2021-11-19,2500,clean,,38
BCO,0,1995-01-03,2026-09-04,7972,clean,,172
BCOR,0,2025-04-30,2026-09-04,340,unused,never in an index while trading,0
BCPC,0,1995-01-04,2026-09-04,7798,clean,,96
BCR,0,1997-12-31,2017-12-28,5032,clean,,240
BDC,0,1995-01-03,2026-09-04,7972,clean,,136
BDK,0,1997-12-31,2010-03-12,3068,clean,,147
BDN,0,1995-01-03,2026-09-04,7972,clean,,58
BDX,0,1995-01-03,2026-09-04,7972,clean,,380
BEAM,0,2020-02-06,2026-09-04,1654,unused,never in an index while trading,0
BEAS,0,1997-12-31,2008-04-29,2597,unused,never in an index while trading,0
BEAT,0,2021-11-11,2026-09-04,1208,unused,never in an index while trading,0
BEAV,0,1997-12-31,2017-04-12,4852,clean,,75
BEC,0,2026-06-30,2026-09-04,48,excluded,only 48 rows,0
BEL,0,2000-08-03,2019-04-16,4704,clean,,8
BELFB,0,1998-07-10,2026-09-04,7083,clean,,35
BEN,0,1995-01-03,2026-09-04,7972,clean,,341
BERY,0,2012-10-04,2025-04-29,3159,clean,,22
BEV,0,1997-12-31,2006-03-14,2062,unused,never in an index while trading,0
BEZ,0,2026-02-11,2026-09-04,143,unused,never in an index while trading,0
BF-B,0,1995-01-03,2026-09-04,7972,clean,,380
BFAM,0,2013-01-24,2026-09-04,3425,clean,,4
BFH,0,2001-06-08,2026-09-04,6348,clean,,53
BFI,0,2018-03-26,2024-09-20,1357,unused,never in an index while trading,0
BFO,0,2003-09-26,2020-12-15,4301,unused,never in an index while trading,0
BFS,0,1995-01-03,2026-09-04,7972,clean,,96
BG,0,2001-08-02,2026-09-04,6310,clean,,42
BGC,0,1999-12-10,2026-09-04,6724,clean,,49
BGEN,0,1997-12-31,2003-11-12,1476,clean,,46
BGEN,1,2010-03-24,2010-03-24,1,excluded,only 1 rows,0
BGEN,2,2011-12-19,2011-12-19,1,excluded,only 1 rows,0
BGFV,0,2002-06-25,2025-09-30,5855,clean,,29
BGG,0,1995-01-03,2020-10-22,6492,clean,,101
BGS,0,2007-05-23,2026-09-04,4853,clean,,84
BHE,0,1995-01-03,2026-09-04,7972,clean,,96
BHF,0,2017-07-17,2026-09-04,2298,clean,,104
BHLB,0,2000-06-28,2025-09-04,6334,clean,,84
BHMSQ,0,,,0,excluded,no data,0
BID,0,1997-12-31,2019-10-02,5474,clean,,106
BIDU,0,2005-08-05,2026-09-04,5304,unused,never in an index while trading,0
BIG,0,1995-01-03,2024-09-20,7482,clean,,299
BIIB,0,1995-01-03,2026-09-04,7972,clean,,274
BILL,0,2019-12-12,2026-09-04,1691,clean,,21
BIO,0,1995-01-03,2026-09-04,7972,clean,,380
BIVV,0,2017-02-02,2018-03-08,276,clean,,13
BJ,0,2018-06-28,2026-09-04,2058,clean,,71
BJRI,0,1996-10-09,2026-09-04,7488,clean,,96
BJS,0,1997-12-31,2010-04-28,3100,clean,,95
BK,0,1995-01-03,2026-05-20,7898,unused,never in an index while trading,0
BKB,0,1997-12-31,1999-09-30,441,clean,,21
BKE,0,1995-01-03,2026-09-04,7972,clean,,96
BKH,0,1995-01-03,2026-09-04,7972,clean,,188
BKNG,0,1999-03-30,2026-09-04,6902,clean,,202
BKR,0,1995-01-03,2026-09-04,7972,clean,,380
BKS,0,1997-12-31,2019-08-06,5434,clean,,46
BKU,0,2011-01-28,2026-09-04,3924,clean,,66
BL,0,2016-10-28,2026-09-04,2476,clean,,30
BLD,0,2015-06-17,2026-06-30,2775,clean,,94
BLDR,0,2005-06-22,2026-09-04,5335,clean,,67
BLFS,0,1995-01-03,2026-09-04,7972,clean,,60
BLK,0,1999-10-01,2026-09-04,6773,clean,,185
BLKB,0,2004-07-22,2026-09-04,5567,clean,,109
BLMN,0,2012-08-08,2026-09-04,3539,clean,,60
BLS,0,1997-12-31,2006-12-29,2264,clean,,109
BLUD,0,1997-12-31,2011-08-19,3432,clean,,8
BLY,0,,,0,excluded,no data,0
BMC,0,1997-12-31,2013-09-10,3948,clean,,180
BMET,0,1997-12-31,2007-09-25,2448,clean,,115
BMGCA,0,1997-12-31,2001-01-10,764,clean,,20
BMI,0,1995-01-03,2026-09-04,7972,clean,,96
BMR,0,2023-02-28,2026-09-04,884,unused,never in an index while trading,0
BMRN,0,1999-07-23,2026-09-04,6822,clean,,27
BMS,0,1997-12-31,2019-06-10,5394,clean,,254
BMY,0,1995-01-03,2026-09-04,7972,clean,,380
BNED,0,2015-07-23,2026-09-04,2797,clean,,43
BNI,0,1997-12-31,2010-02-12,3049,clean,,146
BNL,0,2020-09-17,2026-09-04,1499,clean,,5
BNY,0,1995-01-03,2026-09-04,7972,clean,,380
BOAT,0,2021-08-04,2026-09-04,1278,unused,never in an index while trading,0
BOBE,0,1997-12-31,2018-01-11,5041,clean,,52
BOFI,0,2005-03-15,2018-09-28,3411,clean,,1
BOH,0,1995-01-03,2026-09-04,7972,clean,,188
BOL,0,1997-12-31,2007-10-26,2471,clean,,118
BOOM,0,1995-01-03,2026-09-04,7715,clean,,27
BOOT,0,2014-10-30,2026-09-04,2979,clean,,66
BOST,0,1997-12-31,1998-12-09,238,unused,never in an index while trading,0
BOX,0,2015-01-23,2026-09-04,2922,clean,,30
BPFH,0,1995-01-04,2021-06-30,6447,clean,,34
BR,0,2007-03-22,2026-09-04,4896,clean,,188
BRBR,0,2019-10-17,2026-09-04,1730,clean,,51
BRC,0,1995-01-03,2026-09-04,7972,clean,,96
BRCD,0,1999-05-25,2017-11-17,4654,clean,,12
BRCM,0,1998-04-17,2016-01-29,4476,clean,,187
BRE,0,1995-01-03,2018-02-28,5831,excluded,45% zero-volume days,50
BRK-B,0,1996-05-09,2026-09-04,7630,clean,,199
BRKL,0,2026-07-07,2026-09-04,44,excluded,only 44 rows,0
BRKR,0,2000-08-04,2026-09-04,6560,clean,,57
BRKS,0,1995-02-02,2022-01-14,6787,clean,,39
BRL,0,1997-12-31,2008-12-22,2762,clean,,34
BRNO,0,,,0,excluded,no data,0
BRO,0,1995-01-03,2026-09-04,7972,clean,,188
BROS,0,2021-09-15,2026-09-04,1249,clean,,8
BRS,0,2004-03-12,2019-05-17,3816,clean,,9
BRX,0,2013-10-30,2026-09-04,3231,clean,,84
BS,0,1997-12-31,2004-01-05,1511,clean,,36
BSC,0,2008-03-17,2008-05-30,53,excluded,only 53 rows,3
BSC,1,2008-08-07,2011-08-25,573,unused,never in an index while trading,0
BSET,0,1995-01-03,2026-09-04,7969,clean,,9
BSIG,0,2014-10-09,2024-12-31,2574,clean,,46
BSX,0,1995-01-03,2026-09-04,7972,clean,,379
BSY,0,2020-09-23,2026-09-04,1495,clean,,11
BT,0,1995-01-03,2020-10-08,5826,excluded,31% zero-volume days,53
BTSG,0,2024-01-26,2026-09-04,655,clean,,11
BTU,0,2017-04-03,2026-09-04,2370,clean,,32
BUCY,0,2004-07-22,2011-07-08,1755,clean,,7
BUD,0,2009-07-01,2026-09-04,4322,unused,never in an index while trading,0
BURL,0,2013-10-01,2026-09-04,3252,clean,,34
BVSN,0,1996-06-21,2020-05-18,5983,clean,,9
BWA,0,1995-01-03,2026-09-04,7972,clean,,187
BWLD,0,2003-11-24,2018-02-05,3574,clean,,33
BWXT,0,2010-07-12,2026-09-04,4064,clean,,39
BX,0,2007-06-22,2026-09-04,4832,clean,,36
BXLT,0,2015-07-01,2016-06-02,233,clean,,11
BXMT,0,1995-01-03,2026-09-04,7972,clean,,36
BXP,0,1997-06-18,2026-09-04,7350,clean,,246
BXS,0,1995-01-03,2021-12-30,6780,clean,,130
BYD,0,1995-01-03,2026-09-04,7972,clean,,136
BYI,0,1997-12-31,2014-11-21,4252,clean,,47
C,0,1995-01-03,2026-09-04,7972,clean,,380
CA,0,2023-12-14,2026-05-07,600,unused,never in an index while trading,0
CAA,0,1997-12-31,2018-02-12,5062,excluded,451 unexplained >50% moves,15
CAB,0,2004-07-06,2017-09-25,3331,clean,,50
CABO,0,2015-06-11,2026-09-04,2826,clean,,115
CACC,0,1995-01-03,2026-09-04,7955,clean,,2
CACI,0,1995-01-03,2026-09-04,7972,clean,,96
CADE,0,1995-01-03,2026-01-30,7804,clean,,59
CAG,0,1995-01-03,2026-09-04,7972,clean,,379
CAH,0,1995-01-03,2026-09-04,7972,clean,,352
CAKE,0,1995-01-03,2026-09-04,7972,clean,,188
CAL,0,1995-01-03,2026-09-04,7972,clean,,104
CALM,0,1996-12-12,2026-09-04,7479,clean,,96
CALX,0,2010-03-24,2026-09-04,4139,clean,,56
CALY,0,1995-01-03,2026-09-04,7972,clean,,6
CAM,0,2025-10-06,2026-09-04,231,unused,never in an index while trading,0
CAMP,0,2024-10-11,2026-09-04,476,unused,never in an index while trading,0
CAR,0,1995-01-03,2026-09-04,7972,clean,,253
CARA,0,2014-02-03,2025-04-16,2818,clean,,26
CARG,0,2017-10-12,2026-09-04,2236,clean,,39
CARR,0,2020-03-19,2026-09-04,1625,clean,,77
CARS,0,2017-05-18,2026-09-04,2338,clean,,95
CART,0,2023-09-18,2026-09-04,745,clean,,20
CASH,0,1995-01-03,2026-09-04,7972,excluded,13% zero-volume days,96
CASY,0,1995-01-03,2026-09-04,7972,clean,,117
CAT,0,1995-01-03,2026-09-04,7972,clean,,380
CATM,0,2007-12-11,2021-06-18,3404,clean,,33
CATO,0,1995-01-03,2026-09-04,7972,clean,,51
CATP,0,1999-01-04,2001-07-10,635,unused,never in an index while trading,0
CATP,1,2002-12-17,2002-12-17,1,excluded,only 1 rows,0
CATP,2,2013-01-25,2013-01-25,1,excluded,only 1 rows,0
CATP,3,2014-05-21,2014-05-21,1,excluded,only 1 rows,0
CATP,4,2015-02-17,2015-02-17,1,excluded,only 1 rows,0
CATP,5,2020-01-24,2020-01-24,1,excluded,only 1 rows,0
CATY,0,1995-01-03,2026-09-04,7972,clean,,188
CAVA,0,2023-06-15,2026-09-04,809,clean,,18
CB,0,1995-01-03,2026-09-04,7972,clean,,272
CBB,0,1995-01-03,2021-09-03,6717,clean,,103
CBE,0,1995-01-03,2012-11-28,4510,excluded,11% zero-volume days,188
CBH,0,2017-06-28,2024-08-26,1802,unused,never in an index while trading,0
CBL,0,2021-11-02,2026-09-04,1215,unused,never in an index while trading,0
CBM,0,1997-12-31,2019-12-03,5517,clean,,16
CBOE,0,2010-06-15,2026-09-04,4082,clean,,157
CBRE,0,2004-06-10,2026-09-04,5595,clean,,238
CBRL,0,1995-01-03,2026-09-04,7972,clean,,117
CBS,0,1995-01-03,2019-12-04,6276,clean,,64
CBSH,0,1995-01-03,2026-09-04,7972,clean,,188
CBSS,0,1997-12-31,2007-09-06,2435,clean,,33
CBST,0,1999-01-04,2015-01-21,4038,clean,,16
CBT,0,1995-01-03,2026-09-04,7972,clean,,188
CBU,0,1995-01-03,2026-09-04,7972,clean,,96
CC,0,2015-06-19,2026-09-04,2820,clean,,116
CCB,0,2018-07-18,2026-09-04,2045,unused,never in an index while trading,0
CCE,0,1997-11-10,1997-11-10,1,excluded,only 1 rows,1
CCE,1,1998-11-09,1998-11-09,1,excluded,only 1 rows,1
CCE,2,1999-11-08,1999-11-08,1,excluded,only 1 rows,1
CCE,3,2000-11-06,2000-11-06,1,excluded,only 1 rows,1
CCE,4,2001-11-05,2001-11-05,1,excluded,only 1 rows,1
CCE,5,2002-11-04,2002-11-04,1,excluded,only 1 rows,1
CCE,6,2003-09-10,2018-11-09,3821,clean,,152
CCEP,0,1995-01-03,2026-09-04,7972,unused,never in an index while trading,0
CCI,0,1998-08-18,2026-09-04,7056,clean,,176
CCK,0,1995-01-03,2026-09-04,7972,clean,,110
CCL,0,1995-01-03,2026-09-04,7972,clean,,333
CCMP,0,2000-04-04,2022-07-05,5598,clean,,46
CCOI,0,2002-02-05,2026-09-04,6186,clean,,96
CCP,0,2015-08-18,2017-08-16,504,clean,,9
CCRN,0,2001-10-25,2026-07-20,6221,clean,,73
CCS,0,2014-06-18,2026-09-04,3073,clean,,66
CCSI,0,2021-09-30,2026-09-04,1238,clean,,29
CDAY,0,,,0,excluded,no data,0
CDE,0,1995-01-03,2026-09-04,7972,clean,,3
CDK,0,2014-09-22,2022-07-05,1960,clean,,86
CDMO,0,1995-07-24,2025-02-03,7433,clean,,25
CDNS,0,1995-01-03,2026-09-04,7972,clean,,188
CDP,0,1995-01-03,2026-09-04,7972,clean,,35
CDR,0,1995-01-10,2022-08-22,5680,clean,,29
CDW,0,2013-06-27,2026-09-04,3318,clean,,84
CDWC,0,1997-12-31,2007-10-12,2461,unused,never in an index while trading,0
CE,0,2005-01-21,2026-09-04,5440,clean,,93
CEB,0,1999-02-23,2017-04-04,4559,clean,,42
CECO,0,1995-01-03,2026-09-04,7972,clean,,60
CEG,0,2022-01-19,2026-09-04,1162,clean,,55
CEIX,0,2017-11-14,2025-01-15,1796,clean,,76
CELG,0,1995-01-03,2019-11-20,6267,clean,,156
CELH,0,2007-01-22,2026-09-04,4938,clean,,66
CEM,0,1995-01-03,2025-08-29,7571,clean,,9
CEN,0,2013-09-26,2023-10-06,2525,unused,never in an index while trading,0
CENT,0,1995-01-03,2026-09-04,7966,clean,,96
CENTA,0,2007-02-06,2026-09-04,4927,clean,,96
CENX,0,1996-03-29,2026-09-04,7652,clean,,96
CEPH,0,1997-12-31,2011-10-13,3470,clean,,35
CERN,0,1995-01-03,2022-06-07,6907,clean,,146
CERT,0,2020-12-11,2026-09-04,1439,clean,,42
CEVA,0,2002-11-01,2026-09-04,5998,clean,,87
CEXP,0,1997-12-31,2004-01-07,1513,excluded,28% zero-volume days,0
CF,0,2005-08-11,2026-09-04,5300,clean,,217
CFC,0,1999-01-04,2019-06-07,5140,excluded,33% zero-volume days,113
CFFN,0,1999-04-01,2026-09-04,6900,clean,,66
CFG,0,2014-09-24,2026-09-04,3005,clean,,128
CFL,0,2008-11-03,2010-05-13,384,unused,never in an index while trading,0
CFN,0,2009-08-21,2015-03-16,1400,clean,,67
CFR,0,1995-01-03,2026-09-04,7972,clean,,188
CFX,0,2008-05-08,2022-06-01,3542,clean,,31
CG,0,2012-05-03,2026-09-04,3606,clean,,34
CGNX,0,1995-01-03,2026-09-04,7972,clean,,136
CGP,0,1997-12-31,2001-01-29,776,clean,,37
CGP,1,2014-01-23,2019-03-29,1305,excluded,64% zero-volume days,0
CGP,2,2021-05-14,2021-05-14,1,excluded,only 1 rows,0
CHA,0,2025-04-16,2026-09-04,349,unused,never in an index while trading,0
CHCO,0,1995-01-03,2026-09-04,7972,clean,,96
CHCT,0,2015-05-20,2026-09-04,2841,clean,,72
CHD,0,1995-01-03,2026-09-04,7972,clean,,188
CHDN,0,1995-01-03,2026-09-04,7901,clean,,117
CHE,0,1995-01-03,2026-09-04,7972,clean,,98
CHEF,0,2011-07-28,2026-09-04,3799,clean,,66
CHFC,0,1995-01-03,2019-09-25,6157,clean,,32
CHH,0,1996-10-16,2026-09-04,7519,clean,,71
CHIR,0,2018-12-07,2024-02-16,1307,unused,never in an index while trading,0
CHK,0,2016-01-04,2024-10-01,2201,clean,,74
CHKP,0,1996-06-28,2026-09-04,7595,unused,never in an index while trading,0
CHRD,0,2010-06-17,2026-09-04,4080,clean,,42
CHRS,0,2014-11-06,2026-09-04,2974,clean,,30
CHRW,0,1997-10-15,2026-09-04,7267,clean,,234
CHS,0,1995-01-03,2024-01-04,7303,clean,,142
CHSP,0,2010-01-26,2019-09-17,2428,clean,,13
CHTR,0,2010-01-05,2026-09-04,4193,clean,,120
CHUY,0,2012-07-24,2024-10-09,3073,clean,,73
CHWY,0,2019-06-07,2026-09-04,1822,clean,,22
CHX,0,2018-04-27,2025-07-14,1812,clean,,55
CI,0,1995-01-03,2026-09-04,7972,clean,,380
CIC,0,2017-10-06,2019-08-02,457,excluded,37% zero-volume days,0
CIC,1,2019-09-06,2019-09-06,1,excluded,only 1 rows,0
CIEN,0,1997-02-07,2026-09-04,7440,clean,,288
CIN,0,1995-01-03,2018-01-30,5811,excluded,48% zero-volume days,134
CINF,0,1995-01-03,2026-09-04,7972,clean,,345
CIR,0,1999-10-18,2023-10-17,6037,clean,,61
CIT,0,2009-12-10,2022-01-03,3037,clean,,14
CIVI,0,2011-12-15,2026-01-30,3551,clean,,49
CJ,0,2017-03-06,2019-10-30,670,clean,,14
CKFR,0,1999-01-04,2007-12-03,2243,unused,never in an index while trading,0
CKH,0,1995-01-03,2021-04-15,6566,clean,,31
CKL,0,,,0,excluded,no data,0
CL,0,1995-01-03,2026-09-04,7972,clean,,380
CLB,0,1995-09-21,2026-09-04,7790,clean,,108
CLC,0,1997-12-31,2017-02-27,4820,clean,,41
CLD,0,2009-11-20,2019-03-26,2350,clean,,7
CLD,1,2019-06-24,2020-10-08,304,clean,,17
CLDT,0,2010-04-16,2026-09-04,4123,clean,,70
CLF,0,1995-01-03,2026-09-04,7972,clean,,297
CLFD,0,1995-01-03,2026-09-04,7826,clean,,16
CLGX,0,1995-01-03,2021-06-03,6651,clean,,125
CLH,0,1995-01-03,2026-09-04,7942,clean,,188
CLI,0,1995-01-03,2022-02-10,6827,clean,,131
CLSK,0,2012-07-18,2012-07-18,1,excluded,only 1 rows,0
CLSK,1,2013-02-26,2013-02-26,1,excluded,only 1 rows,0
CLSK,2,2013-04-18,2013-04-18,1,excluded,only 1 rows,0
CLSK,3,2014-03-31,2014-03-31,1,excluded,only 1 rows,0
CLSK,4,2014-06-05,2014-06-05,1,excluded,only 1 rows,0
CLSK,5,2015-02-26,2015-02-26,1,excluded,only 1 rows,0
CLSK,6,2015-05-12,2015-05-12,1,excluded,only 1 rows,0
CLSK,7,2015-06-23,2015-06-23,1,excluded,only 1 rows,0
CLSK,8,2015-07-29,2015-07-29,1,excluded,only 1 rows,0
CLSK,9,2015-12-17,2015-12-17,1,excluded,only 1 rows,0
CLSK,10,2016-01-29,2016-01-29,1,excluded,only 1 rows,0
CLSK,11,2016-03-28,2016-09-08,39,excluded,only 39 rows,0
CLSK,12,2016-10-10,2016-10-10,1,excluded,only 1 rows,0
CLSK,13,2016-11-16,2026-09-04,2463,excluded,16% zero-volume days,18
CLW,0,2008-12-05,2026-09-04,4464,clean,,74
CLX,0,1995-01-03,2026-09-04,7972,clean,,380
CMA,0,1995-01-03,2026-01-30,7822,clean,,361
CMB,0,,,0,excluded,no data,0
CMC,0,1995-01-03,2026-09-04,7972,clean,,188
CMCSA,0,1995-01-03,2026-09-04,7972,clean,,286
CMCSK,0,1997-12-31,2015-12-11,4517,clean,,62
CMD,0,1995-01-03,2021-06-01,6216,clean,,38
CME,0,2002-12-06,2026-09-04,5974,clean,,241
CMG,0,2006-01-26,2026-09-04,5185,clean,,188
CMI,0,1995-01-03,2026-09-04,7972,clean,,380
CMO,0,1995-01-03,2021-10-18,6747,clean,,38
CMP,0,2003-12-12,2026-09-04,5718,clean,,164
CMS,0,1995-01-03,2026-09-04,7972,clean,,329
CMTL,0,1995-01-03,2026-09-04,7944,clean,,57
CMVT,0,1995-01-03,2013-02-04,4555,clean,,88
CMX,0,1997-12-31,2007-03-22,2319,clean,,36
CNC,0,2001-12-13,2026-09-04,6221,clean,,136
CNET,0,2007-10-15,2007-10-15,1,excluded,only 1 rows,0
CNET,1,2009-06-29,2026-09-04,4308,unused,never in an index while trading,0
CNG,0,2011-11-23,2022-03-02,2584,unused,never in an index while trading,0
CNH,0,1996-11-01,2026-09-04,7507,clean,,24
CNK,0,2007-04-24,2026-09-04,4874,clean,,156
CNL,0,2021-07-14,2026-09-04,1293,excluded,32% zero-volume days,0
CNM,0,2021-07-22,2026-09-04,1287,clean,,34
CNMD,0,1995-01-03,2026-09-04,7972,clean,,96
CNO,0,2003-09-10,2026-09-04,5784,clean,,136
CNP,0,1995-01-03,2026-09-04,7972,clean,,380
CNQR,0,1999-01-04,2014-12-04,4007,clean,,48
CNR,0,2017-11-14,2026-09-04,2213,clean,,20
CNS,0,2004-08-13,2026-09-04,5551,clean,,29
CNSL,0,2005-07-22,2024-12-24,4890,clean,,76
CNTO,0,2012-10-19,2012-10-19,1,excluded,only 1 rows,0
CNTO,1,2013-04-22,2013-05-10,15,excluded,only 15 rows,0
CNTO,2,2013-06-24,2021-05-24,1427,excluded,253 unexplained >50% moves,0
CNTO,3,2021-09-17,2021-09-17,1,excluded,only 1 rows,0
CNTO,4,2022-03-14,2022-03-14,1,excluded,only 1 rows,0
CNTO,5,2022-06-21,2022-06-21,1,excluded,only 1 rows,0
CNTO,6,2022-09-27,2022-09-27,1,excluded,only 1 rows,0
CNTO,7,2022-11-17,2022-11-17,1,excluded,only 1 rows,0
CNTO,8,2023-07-13,2023-07-13,1,excluded,only 1 rows,0
CNTO,9,2023-10-04,2023-10-04,1,excluded,only 1 rows,0
CNTO,10,2024-01-05,2024-01-05,1,excluded,only 1 rows,0
CNTO,11,2024-03-19,2024-03-19,1,excluded,only 1 rows,0
CNTO,12,2024-05-28,2024-05-28,1,excluded,only 1 rows,0
CNW,0,1997-12-31,2015-10-29,4487,clean,,58
CNX,0,1999-04-30,2026-09-04,6880,clean,,234
CNXC,0,2020-11-24,2026-09-04,1451,clean,,66
CNXN,0,1998-03-03,2026-09-04,7173,clean,,66
CNXT,0,2014-07-24,2026-09-04,3044,unused,never in an index while trading,0
COC-B,0,1999-07-13,2002-08-30,789,clean,,36
COCO,0,2021-10-21,2026-09-04,1223,clean,,6
COF,0,1995-01-03,2026-09-04,7972,clean,,339
COHR,0,1995-01-03,2026-09-04,7972,clean,,112
COHU,0,1995-01-03,2026-09-04,7972,clean,,96
COIN,0,2021-04-14,2026-09-04,1356,clean,,16
COKE,0,1995-01-03,2026-09-04,7972,clean,,96
COL,0,2001-06-15,2018-11-26,4390,clean,,209
COLB,0,1995-01-03,2026-09-04,7972,clean,,96
COLL,0,2015-05-07,2026-09-04,2849,clean,,66
COLM,0,1998-03-27,2026-09-04,7155,clean,,70
COMR,0,1997-12-31,2000-01-11,512,unused,never in an index while trading,0
COMS,0,2008-08-15,2025-12-31,4372,excluded,38% zero-volume days,0
CON,0,2024-07-25,2026-09-04,531,clean,,22
CONE,0,2013-01-18,2022-03-24,2312,clean,,60
CONN,0,2003-11-25,2024-08-06,5208,clean,,21
COO,0,1995-01-03,2026-09-04,7972,clean,,155
COOP,0,2012-03-28,2025-09-30,3397,clean,,55
COP,0,1995-01-03,2026-09-04,7972,clean,,380
COR,0,1995-04-04,2026-09-04,7908,clean,,301
CORE,0,2005-04-13,2021-09-01,4041,clean,,36
CORT,0,2004-04-14,2026-09-04,5632,clean,,96
COST,0,1995-01-03,2026-09-04,7972,clean,,380
COTY,0,2013-06-13,2026-09-04,3328,clean,,114
COV,0,2007-06-14,2012-06-15,1263,clean,,41
CPAY,0,2010-12-15,2026-09-04,3954,clean,,99
CPB,0,1995-01-03,2026-09-04,7972,clean,,379
CPE,0,1995-01-03,2024-03-28,7328,clean,,79
CPF,0,1995-01-03,2026-09-04,7972,clean,,96
CPGX,0,2015-07-02,2016-06-30,252,clean,,12
CPK,0,1995-01-03,2026-09-04,7972,clean,,66
CPN,0,2008-01-10,2018-03-08,2558,unused,never in an index while trading,0
CPN,1,2020-12-09,2021-02-19,49,excluded,only 49 rows,0
CPO,0,,,0,excluded,no data,0
CPQ,0,1999-01-04,2002-05-03,837,clean,,40
CPRI,0,2011-12-15,2026-09-04,3701,clean,,145
CPRT,0,1995-01-03,2026-09-04,7972,clean,,188
CPRX,0,2006-11-08,2026-07-14,4921,clean,,46
CPS,0,2010-05-25,2026-09-04,3962,clean,,42
CPSI,0,,,0,excluded,no data,0
CPT,0,1995-01-03,2026-09-04,7972,clean,,188
CPWR,0,2006-12-04,2026-09-03,4968,excluded,58% zero-volume days,79
CR,0,2023-03-29,2026-09-04,863,clean,,42
CRAY,0,1997-12-31,2019-09-24,5468,clean,,13
CRBG,0,2022-09-15,2026-09-04,997,clean,,9
CRC,0,2020-10-28,2026-09-04,1470,clean,,39
CREE,0,1995-01-03,2021-10-18,6744,clean,,130
CRGY,0,2021-12-08,2026-09-04,1190,clean,,23
CRH,0,1995-01-03,2026-09-04,7972,clean,,9
CRI,0,2003-10-24,2026-09-04,5752,clean,,155
CRK,0,1995-01-03,2026-09-04,7972,clean,,77
CRL,0,2000-06-23,2026-09-04,6589,clean,,188
CRM,0,2004-06-23,2026-09-04,5587,clean,,216
CRMT,0,1995-01-03,2026-09-04,7950,clean,,36
CRNC,0,2019-09-16,2026-09-04,1753,clean,,36
CROX,0,2006-02-08,2026-09-04,5176,clean,,96
CRR,0,2003-09-10,2020-10-08,4296,clean,,47
CRS,0,1995-01-03,2026-09-04,7972,clean,,187
CRSR,0,2020-09-23,2026-09-04,1495,clean,,55
CRUS,0,1995-01-03,2026-09-04,7972,clean,,117
CRVL,0,1995-01-03,2026-09-04,7908,clean,,96
CRWD,0,2019-06-12,2026-09-04,1819,clean,,27
CRWV,0,2025-03-28,2026-09-04,362,unused,never in an index while trading,0
CRY,0,2026-04-28,2026-09-04,91,unused,never in an index while trading,0
CRZO,0,1997-12-31,2019-12-20,5530,clean,,16
CSAL,0,,,0,excluded,no data,0
CSC,0,1997-12-31,2017-03-31,4844,clean,,219
CSCC,0,,,0,excluded,no data,0
CSCO,0,1995-01-03,2026-09-04,7972,clean,,380
CSE,0,2003-08-07,2014-04-07,2685,unused,never in an index while trading,0
CSGP,0,1998-07-01,2026-09-04,7081,clean,,48
CSGS,0,1996-02-28,2026-05-15,7603,clean,,92
CSII,0,2006-06-28,2023-04-27,4237,clean,,26
CSL,0,1995-01-03,2026-09-04,7972,clean,,188
CSR,0,1997-10-17,2026-09-04,7189,clean,,101
CSRA,0,2026-08-12,2026-09-04,18,excluded,only 18 rows,0
CST,0,2013-04-17,2017-06-27,1058,clean,,45
CSW,0,2015-09-30,2026-09-04,2749,clean,,9
CSWI,0,2015-09-30,2025-06-06,2436,clean,,10
CSX,0,1995-01-03,2026-09-04,7972,clean,,380
CTAS,0,1995-01-03,2026-09-04,7972,clean,,307
CTB,0,1995-01-03,2021-06-04,6653,clean,,188
CTKB,0,2021-07-23,2026-09-04,1286,clean,,38
CTLT,0,2014-07-31,2024-12-17,2614,clean,,96
CTRA,0,1995-01-03,2026-05-06,7888,clean,,215
CTRE,0,2014-05-29,2026-09-04,3087,clean,,96
CTRL,0,2013-08-02,2019-07-31,1509,clean,,11
CTRX,0,2006-06-13,2015-07-23,2294,unused,never in an index while trading,0
CTS,0,1995-01-03,2026-09-04,7972,clean,,96
CTSH,0,1998-06-19,2026-09-04,7097,clean,,238
CTVA,0,2019-05-24,2026-09-04,1831,clean,,88
CTX,0,1997-12-31,2009-08-18,2926,clean,,140
CTX,1,2012-04-03,2018-08-20,1606,unused,never in an index while trading,0
CTXS,0,1995-12-08,1995-12-08,1,excluded,only 1 rows,0
CTXS,1,1996-12-20,1998-12-18,504,unused,never in an index while trading,0
CTXS,2,2003-09-11,2022-09-29,4784,clean,,228
CUB,0,2024-08-12,2026-09-04,519,excluded,18% zero-volume days,0
CUBE,0,2004-10-22,2026-09-04,5502,clean,,45
CUBI,0,2006-03-31,2006-03-31,1,excluded,only 1 rows,0
CUBI,1,2006-06-27,2006-06-27,1,excluded,only 1 rows,0
CUBI,2,2006-08-21,2006-08-21,1,excluded,only 1 rows,0
CUBI,3,2006-12-14,2006-12-14,1,excluded,only 1 rows,0
CUBI,4,2007-05-10,2007-05-10,1,excluded,only 1 rows,0
CUBI,5,2007-08-20,2007-08-20,1,excluded,only 1 rows,0
CUBI,6,2007-09-21,2007-09-21,1,excluded,only 1 rows,0
CUBI,7,2007-12-26,2007-12-26,1,excluded,only 1 rows,0
CUBI,8,2008-05-14,2008-05-14,1,excluded,only 1 rows,0
CUBI,9,2008-06-20,2008-06-20,1,excluded,only 1 rows,0
CUBI,10,2008-10-24,2008-10-24,1,excluded,only 1 rows,0
CUBI,11,2009-02-13,2009-02-13,1,excluded,only 1 rows,0
CUBI,12,2009-09-14,2009-09-14,1,excluded,only 1 rows,0
CUBI,13,2009-10-28,2009-10-28,1,excluded,only 1 rows,0
CUBI,14,2010-02-18,2010-02-18,1,excluded,only 1 rows,0
CUBI,15,2010-04-05,2010-07-20,15,excluded,only 15 rows,0
CUBI,16,2010-08-25,2010-08-25,1,excluded,only 1 rows,0
CUBI,17,2010-11-05,2010-11-05,1,excluded,only 1 rows,0
CUBI,18,2010-12-10,2010-12-10,1,excluded,only 1 rows,0
CUBI,19,2011-03-18,2011-03-18,1,excluded,only 1 rows,0
CUBI,20,2011-10-13,2011-10-13,1,excluded,only 1 rows,0
CUBI,21,2011-11-29,2011-11-29,1,excluded,only 1 rows,0
CUBI,22,2012-02-21,2026-09-04,3646,clean,,96
CURB,0,2024-09-26,2026-09-04,487,clean,,23
CUTR,0,2004-03-31,2025-03-12,5271,clean,,57
CUZ,0,1995-01-03,2026-09-04,7972,clean,,148
CVA,0,1995-01-03,2021-11-29,6702,clean,,19
CVBF,0,1995-01-03,2026-09-04,7972,clean,,96
CVCO,0,2003-06-26,2026-09-04,5835,clean,,96
CVD,0,1997-12-31,2015-02-18,4310,clean,,50
CVET,0,2019-02-05,2022-10-12,930,clean,,32
CVG,0,1998-08-13,2018-10-04,5070,clean,,208
CVGW,0,2002-03-22,2026-05-27,6057,clean,,72
CVH,0,1997-12-31,2013-05-06,3860,clean,,93
CVI,0,2007-10-23,2026-09-04,4747,clean,,42
CVLT,0,2006-09-22,2026-09-04,5019,clean,,155
CVNA,0,2017-04-28,2026-09-04,2352,clean,,9
CVS,0,1995-01-03,2026-09-04,7972,clean,,380
CVSA,0,1995-01-03,2026-09-04,7972,clean,,5
CVX,0,1995-01-03,2026-09-04,7972,clean,,380
CW,0,1995-01-03,2026-09-04,7972,clean,,117
CWEN,0,2015-05-15,2026-09-04,2844,clean,,34
CWEN-A,0,2013-07-17,2026-04-30,3217,clean,,30
CWK,0,2018-08-02,2026-09-04,2034,clean,,45
CWST,0,1997-10-29,2026-09-04,7255,clean,,9
CWT,0,1995-01-03,2026-09-04,7971,clean,,96
CXM,0,2021-06-23,2026-09-04,1307,clean,,30
CXO,0,2007-08-03,2021-01-15,3388,clean,,59
CXT,0,1995-01-03,2026-09-04,7972,clean,,41
CXW,0,1997-07-15,2026-09-04,7332,clean,,188
CY,0,1997-12-31,2020-04-15,5608,clean,,79
CYH,0,2000-06-09,2026-09-04,6599,clean,,134
CYM,0,1997-12-31,1999-12-02,485,clean,,22
CYN,0,2021-10-20,2026-09-04,1224,unused,never in an index while trading,0
CYR,0,,,0,excluded,no data,0
CYT,0,2021-06-18,2024-03-15,690,unused,never in an index while trading,0
CYTC,0,1999-01-04,2007-10-22,2214,unused,never in an index while trading,0
CYTK,0,2004-04-29,2026-09-04,5624,clean,,96
CZR,0,1995-01-03,2026-09-04,7971,clean,,240
D,0,1995-01-03,2026-09-04,7972,clean,,380
DAKT,0,1995-01-03,2026-09-04,7919,clean,,38
DAL,0,2007-04-26,2026-09-04,4872,clean,,156
DAN,0,2008-01-02,2026-09-04,4699,clean,,136
DAR,0,1995-01-03,2026-09-04,7972,clean,,96
DASH,0,2020-12-09,2026-09-04,1441,clean,,18
DAVE,0,2021-04-26,2026-09-04,1348,clean,,3
DAY,0,2018-04-26,2026-02-04,1955,clean,,53
DBD,0,2023-08-14,2026-09-04,769,clean,,5
DBI,0,2005-06-29,2026-09-04,5330,clean,,42
DBX,0,2018-03-23,2026-09-04,2125,clean,,39
DCH,0,1999-01-29,2026-09-04,6943,clean,,5
DCI,0,1995-01-03,2026-09-04,7972,clean,,188
DCOM,0,1995-08-09,1995-08-09,1,excluded,only 1 rows,0
DCOM,1,1996-01-23,1996-01-23,1,excluded,only 1 rows,0
DCOM,2,1996-05-06,1996-05-06,1,excluded,only 1 rows,0
DCOM,3,1996-07-25,1996-07-25,1,excluded,only 1 rows,0
DCOM,4,1996-10-11,1996-10-11,1,excluded,only 1 rows,0
DCOM,5,1996-11-27,1996-11-27,1,excluded,only 1 rows,0
DCOM,6,1997-02-19,1997-02-19,1,excluded,only 1 rows,0
DCOM,7,1997-06-02,2026-09-04,7097,excluded,10% zero-volume days,96
DCT,0,2016-01-04,2023-03-29,1822,excluded,27% zero-volume days,20
DD,0,1995-01-03,2026-09-04,7972,clean,,358
DDD,0,1995-01-03,2026-09-04,7970,clean,,130
DDOG,0,2019-09-19,2026-09-04,1750,clean,,14
DDS,0,1995-01-03,2026-09-04,7972,clean,,214
DE,0,1995-01-03,2026-09-04,7972,clean,,380
DEA,0,2015-02-06,2026-09-04,2912,clean,,96
DEC,0,2018-10-22,2018-10-22,1,excluded,only 1 rows,0
DEC,1,2019-01-28,2019-01-28,1,excluded,only 1 rows,0
DEC,2,2019-05-22,2019-05-22,1,excluded,only 1 rows,0
DEC,3,2019-11-15,2019-11-15,1,excluded,only 1 rows,0
DEC,4,2020-02-04,2026-09-04,1496,unused,never in an index while trading,0
DECK,0,1995-01-03,2026-09-04,7972,clean,,188
DEI,0,2006-10-24,2026-09-04,4997,clean,,136
DELL,0,2016-08-17,2026-09-04,2527,clean,,24
DEN,0,2020-09-21,2023-11-01,785,clean,,3
DF,0,1996-04-17,2020-10-08,6134,clean,,166
DFH,0,2021-01-21,2026-09-04,1413,clean,,22
DFIN,0,2016-09-26,2026-09-04,2500,clean,,96
DFS,0,2007-06-14,2025-05-16,4511,clean,,215
DG,0,2009-11-13,2026-09-04,4227,clean,,166
DGII,0,1995-01-03,2026-09-04,7972,clean,,96
DGN,0,2014-07-14,2014-07-14,1,excluded,only 1 rows,0
DGX,0,1996-12-17,2026-09-04,7476,clean,,285
DHC,0,1999-10-07,2026-09-04,6769,clean,,23
DHI,0,1995-01-03,2026-09-04,7972,clean,,254
DHR,0,1995-01-03,2026-09-04,7971,clean,,334
DI,0,2017-03-27,2017-03-27,1,excluded,only 1 rows,0
DIGI,0,1997-11-25,1997-11-25,1,excluded,only 1 rows,1
DIGI,1,1998-01-02,1998-01-02,1,excluded,only 1 rows,1
DIGI,2,1998-03-03,1998-03-03,1,excluded,only 1 rows,1
DIGI,3,1998-05-04,2000-04-19,470,clean,,3
DIGI,4,2003-11-19,2003-11-19,1,excluded,only 1 rows,0
DIGI,5,2004-05-18,2004-05-18,1,excluded,only 1 rows,0
DIGI,6,2005-05-09,2005-05-09,1,excluded,only 1 rows,0
DIGI,7,2005-10-27,2005-10-27,1,excluded,only 1 rows,0
DIGI,8,2006-02-22,2006-02-22,1,excluded,only 1 rows,0
DIGI,9,2006-05-17,2007-07-12,63,excluded,8 unexplained >50% moves,0
DIGI,10,2007-08-13,2013-02-13,776,excluded,53 unexplained >50% moves,0
DIGI,11,2013-03-26,2013-09-13,29,excluded,only 29 rows,0
DIGI,12,2013-10-17,2016-09-21,168,excluded,12 unexplained >50% moves,0
DIGI,13,2016-10-25,2022-11-14,818,excluded,60 unexplained >50% moves,0
DIN,0,1995-01-03,2026-09-04,7972,clean,,72
DINO,0,1995-01-03,2026-09-04,7972,clean,,54
DIOD,0,1995-01-03,2026-09-04,7972,clean,,96
DIS,0,1995-01-03,2026-09-04,7972,clean,,380
DISCA,0,2005-07-06,2022-04-08,4221,unused,never in an index while trading,0
DISCK,0,2008-09-18,2022-04-08,3414,clean,,92
DISH,0,1995-06-21,2023-12-29,7182,clean,,82
DJ,0,1997-12-31,2007-12-13,2504,clean,,120
DKS,0,2002-10-16,2026-09-04,6010,clean,,188
DLB,0,2005-02-17,2026-09-04,5421,clean,,37
DLPH,0,2011-11-17,2020-10-01,2232,clean,,35
DLR,0,2004-10-29,2026-09-04,5497,clean,,124
DLTR,0,1995-03-07,2026-09-04,7928,clean,,188
DLX,0,1995-01-03,2026-09-04,7971,clean,,307
DMC,0,1997-10-24,2026-09-04,7260,clean,,2
DNB,0,2020-07-01,2025-08-25,1294,clean,,8
DNKN,0,2011-07-27,2020-12-14,2363,clean,,68
DNOW,0,2014-05-20,2026-09-04,3093,clean,,136
DNR,0,1995-09-06,2020-07-28,6192,clean,,116
DO,0,2022-03-30,2024-09-03,610,unused,never in an index while trading,0
DOC,0,1995-01-03,2026-09-04,7972,clean,,222
DOCN,0,2021-03-24,2026-09-04,1370,clean,,28
DOCS,0,2021-06-24,2026-09-04,1306,clean,,39
DOCU,0,2018-04-27,2026-09-04,2101,clean,,23
DORM,0,1995-01-03,2026-09-04,7811,clean,,96
DOUG,0,2021-12-30,2026-09-04,1175,clean,,17
DOV,0,1995-01-03,2026-09-04,7972,clean,,380
DOW,0,2019-03-20,2026-09-04,1877,clean,,89
DPH,0,2000-10-23,2017-04-11,4138,excluded,63% zero-volume days,60
DPH,1,2019-02-01,2019-02-01,1,excluded,only 1 rows,0
DPL,0,1997-12-31,2018-01-30,5053,clean,,34
DPLO,0,2014-10-10,2020-02-07,1341,clean,,18
DPS,0,2008-05-07,2018-07-09,2561,clean,,116
DPZ,0,2004-07-13,2026-09-04,5574,clean,,155
DRC,0,2005-08-05,2015-06-30,2492,clean,,21
DRE,0,1995-01-03,2022-09-30,6987,clean,,140
DRH,0,2005-05-26,2026-09-04,5353,clean,,96
DRI,0,1995-05-09,2026-09-04,7884,clean,,376
DRIV,0,2018-04-17,2026-09-04,2109,unused,never in an index while trading,0
DRQ,0,1997-10-23,2024-09-09,6762,clean,,165
DSPG,0,1995-01-03,2021-12-02,6779,clean,,39
DST,0,1997-12-31,2018-04-16,5105,clean,,88
DSW,0,2005-06-29,2019-04-04,3464,clean,,8
DT,0,2019-08-01,2026-09-04,1784,clean,,48
DTE,0,1995-01-03,2026-09-04,7972,clean,,380
DTM,0,2021-06-18,2026-09-04,1310,clean,,62
DTV,0,2016-10-11,2019-09-30,747,unused,never in an index while trading,0
DUK,0,1995-01-03,2026-09-04,7972,clean,,380
DUOL,0,2021-07-28,2026-09-04,1283,clean,,29
DURA,0,2018-10-31,2026-09-04,1966,unused,never in an index while trading,0
DV,0,2021-04-21,2026-09-04,1351,clean,,44
DVA,0,1995-10-31,2026-09-04,7762,clean,,218
DVAX,0,2004-02-19,2026-02-06,5526,clean,,45
DVN,0,1995-01-03,2026-09-04,7972,clean,,313
DWA,0,2004-10-28,2016-08-22,2975,clean,,68
DWD,0,,,0,excluded,no data,0
DWDP,0,1995-01-03,2019-06-28,6149,clean,,21
DXC,0,1995-01-03,2026-09-04,7972,clean,,113
DXCM,0,2005-04-14,2026-09-04,5383,clean,,76
DXPE,0,1995-08-08,1995-08-08,1,excluded,only 1 rows,0
DXPE,1,1995-10-04,1995-10-04,1,excluded,only 1 rows,0
DXPE,2,1996-02-05,1997-10-28,149,unused,never in an index while trading,0
DXPE,3,1997-12-08,2026-09-04,7171,clean,,96
DY,0,1995-01-03,2026-09-04,7972,clean,,116
DYN,0,2020-09-17,2026-09-04,1499,unused,never in an index while trading,0
DZB,0,,,0,excluded,no data,0
E,0,1995-11-28,2026-09-04,7743,unused,never in an index while trading,0
EA,0,1995-01-03,2026-08-04,7949,clean,,289
EAT,0,1995-01-03,2026-09-04,7972,clean,,188
EBAY,0,1998-09-24,2026-09-04,7030,clean,,290
EBC,0,2020-10-15,2026-09-04,1479,clean,,2
EBIX,0,1995-01-03,2024-02-28,7142,clean,,61
EBS,0,2006-11-15,2026-09-04,4981,clean,,59
EC,0,2008-09-18,2026-09-04,4519,unused,never in an index while trading,0
ECG,0,2024-10-28,2026-09-04,465,clean,,22
ECH,0,2007-11-16,2026-09-04,4729,unused,never in an index while trading,0
ECHO,0,2008-01-02,2026-09-04,4699,clean,,224
ECL,0,1995-01-03,2026-09-04,7972,clean,,380
ECO,0,2020-03-30,2020-03-30,1,excluded,only 1 rows,0
ECO,1,2020-08-17,2020-08-17,1,excluded,only 1 rows,0
ECO,2,2021-04-07,2021-04-07,1,excluded,only 1 rows,0
ECO,3,2021-08-13,2021-08-13,1,excluded,only 1 rows,0
ECO,4,2021-12-03,2021-12-03,1,excluded,only 1 rows,0
ECO,5,2022-01-14,2022-01-14,1,excluded,only 1 rows,0
ECO,6,2022-04-07,2022-04-07,1,excluded,only 1 rows,0
ECO,7,2022-06-02,2022-06-02,1,excluded,only 1 rows,0
ECO,8,2023-01-09,2023-01-09,1,excluded,only 1 rows,0
ECO,9,2023-05-03,2023-05-03,1,excluded,only 1 rows,0
ECO,10,2023-06-05,2023-06-05,1,excluded,only 1 rows,0
ECO,11,2023-08-14,2026-09-04,769,unused,never in an index while trading,0
ECOL,0,1995-01-03,2022-04-29,6808,clean,,44
ECPG,0,1999-07-09,2026-09-04,6572,clean,,96
ED,0,1995-01-03,2026-09-04,7972,clean,,380
EDCI,0,1995-01-03,2013-12-05,4299,unused,never in an index while trading,0
EDCI,1,2014-01-17,2014-01-17,1,excluded,only 1 rows,0
EDCI,2,2014-07-01,2014-07-01,1,excluded,only 1 rows,0
EDCI,3,2014-10-23,2014-10-23,1,excluded,only 1 rows,0
EDCI,4,2015-03-02,2015-03-02,1,excluded,only 1 rows,0
EDCI,5,2015-04-07,2015-04-07,1,excluded,only 1 rows,0
EDCI,6,2015-07-17,2015-07-17,1,excluded,only 1 rows,0
EDCI,7,2015-08-25,2015-08-25,1,excluded,only 1 rows,0
EDCI,8,2015-11-30,2015-11-30,1,excluded,only 1 rows,0
EDCI,9,2016-03-02,2016-03-02,1,excluded,only 1 rows,0
EDCI,10,2016-10-06,2016-10-06,1,excluded,only 1 rows,0
EDCI,11,2016-12-12,2017-03-27,16,excluded,only 16 rows,0
EDCI,12,2017-05-15,2017-05-15,1,excluded,only 1 rows,0
EDCI,13,2017-06-21,2017-06-21,1,excluded,only 1 rows,0
EDCI,14,2017-08-03,2017-08-03,1,excluded,only 1 rows,0
EDCI,15,2017-10-06,2017-10-06,1,excluded,only 1 rows,0
EDCI,16,2017-11-10,2017-11-10,1,excluded,only 1 rows,0
EDCI,17,2018-03-14,2018-03-14,1,excluded,only 1 rows,0
EDCI,18,2018-07-18,2018-07-18,1,excluded,only 1 rows,0
EDCI,19,2018-11-13,2018-11-13,1,excluded,only 1 rows,0
EDCI,20,2019-03-06,2019-03-06,1,excluded,only 1 rows,0
EDCI,21,2019-04-12,2019-04-12,1,excluded,only 1 rows,0
EDCI,22,2019-06-19,2019-06-19,1,excluded,only 1 rows,0
EDCI,23,2019-08-02,2019-08-02,1,excluded,only 1 rows,0
EDCI,24,2019-09-05,2019-09-05,1,excluded,only 1 rows,0
EDCI,25,2019-11-26,2019-11-26,1,excluded,only 1 rows,0
EDR,0,2021-04-29,2025-03-21,979,unused,never in an index while trading,0
EDS,0,1997-12-31,2008-08-25,2679,clean,,120
EE,0,2022-04-13,2026-09-04,1103,unused,never in an index while trading,0
EEFT,0,1997-03-07,2026-09-04,7397,clean,,55
EFC,0,2010-10-08,2026-09-04,4001,clean,,64
EFII,0,1997-12-31,2019-07-22,5423,clean,,11
EFOR,0,1999-12-27,2026-09-04,6714,clean,,3
EFU,0,2007-10-25,2017-09-20,2400,unused,never in an index while trading,0
EFU,1,2017-10-23,2026-09-04,2163,unused,never in an index while trading,0
EFX,0,1995-01-03,2026-09-04,7972,clean,,351
EG,0,1995-10-03,2026-09-04,7782,clean,,111
EGBN,0,1999-07-14,2026-09-04,6829,clean,,66
EGHT,0,1997-07-03,2026-09-04,7339,clean,,60
EGL,0,2012-07-18,2019-01-11,1632,clean,,5
EGN,0,1997-12-31,2018-11-29,5264,clean,,95
EGOV,0,1999-07-15,2021-04-20,5477,clean,,31
EGP,0,1995-01-03,2026-09-04,7972,clean,,96
EGRX,0,2014-02-12,2026-02-09,3015,clean,,57
EHAB,0,2022-06-23,2026-05-14,977,clean,,26
EHC,0,1995-01-03,2026-09-04,7972,clean,,178
EHTH,0,2006-10-13,2026-09-04,5004,clean,,48
EIG,0,2007-01-31,2026-09-04,4931,clean,,96
EIX,0,1995-01-03,2026-09-04,7972,clean,,380
EK,0,2003-09-10,2012-01-18,2105,clean,,13
EL,0,1995-11-17,2026-09-04,7749,clean,,248
ELAN,0,2018-09-20,2026-09-04,2000,clean,,12
ELF,0,2016-09-22,2026-09-04,2502,clean,,66
ELME,0,1995-01-03,2026-09-04,7972,clean,,27
ELS,0,1995-01-03,2026-09-04,7972,clean,,37
ELV,0,1995-01-03,2026-09-04,7972,clean,,290
ELY,0,1995-01-03,2022-11-08,7014,clean,,48
EMBC,0,2022-03-21,2026-09-04,1120,clean,,51
EMC,0,2023-05-15,2026-09-04,831,unused,never in an index while trading,0
EME,0,1995-01-10,2026-09-04,7967,clean,,118
EMN,0,1995-01-03,2026-09-04,7972,clean,,380
EMR,0,1995-01-03,2026-09-04,7972,clean,,380
ENDP,0,1996-09-26,2022-10-27,6564,clean,,135
ENH,0,2003-02-28,2017-03-28,3545,clean,,4
ENOV,0,2008-05-08,2026-09-04,4611,clean,,53
ENPH,0,2012-03-30,2026-09-04,3629,clean,,68
ENR,0,2015-06-12,2026-09-04,2825,clean,,135
ENRNQ,0,1997-12-31,2004-11-17,1731,clean,,47
ENS,0,2004-07-30,2026-09-04,5561,clean,,117
ENSG,0,2007-11-09,2026-09-04,4734,clean,,96
ENTA,0,2013-03-21,2026-09-04,3386,clean,,60
ENTG,0,2000-07-11,2026-09-04,6578,clean,,18
ENV,0,2010-07-29,2024-11-22,3606,clean,,41
ENVA,0,2014-10-30,2026-09-04,2976,clean,,96
EOG,0,1995-01-03,2026-09-04,7972,clean,,310
EOP,0,1997-12-31,2007-02-09,2291,clean,,64
EP,0,1995-01-06,1996-06-14,126,excluded,8 unexplained >50% moves,0
EP,1,1996-07-23,1997-12-30,159,unused,never in an index while trading,0
EP,2,1998-02-02,2026-09-04,7033,excluded,37% zero-volume days,151
EPAC,0,1995-01-03,2026-09-04,7969,clean,,66
EPAM,0,2012-02-08,2026-09-04,3665,clean,,57
EPAY,0,1999-02-12,2022-05-12,5851,clean,,44
EPC,0,2000-03-27,2026-09-04,6651,clean,,117
EPR,0,1997-11-18,2026-09-04,7243,clean,,117
EPRT,0,2018-06-21,2026-09-04,2063,clean,,66
EQ,0,2018-10-12,2026-09-04,1984,unused,never in an index while trading,0
EQH,0,2018-05-10,2026-09-04,2092,clean,,33
EQIX,0,2000-08-11,2026-09-04,6555,clean,,188
EQR,0,1995-01-03,2026-08-17,7958,unused,never in an index while trading,0
EQT,0,1995-01-03,2026-09-04,7972,clean,,203
EQY,0,1999-01-04,2017-03-01,4569,clean,,74
ERA,0,2013-01-22,2020-06-11,1861,clean,,22
ERI,0,2014-09-22,2021-01-28,1600,clean,,28
ERIC,0,1995-01-03,2026-09-04,7972,unused,never in an index while trading,0
ERIE,0,1995-10-02,2026-09-04,7783,clean,,37
ES,0,1995-01-03,2026-09-04,7972,clean,,210
ESAB,0,2022-03-29,2026-09-04,1114,clean,,53
ESE,0,1995-01-03,2026-09-04,7972,clean,,96
ESI,0,2013-10-22,2026-09-04,3237,clean,,18
ESIO,0,1997-12-31,2019-02-01,5306,clean,,6
ESL,0,1997-12-31,2019-03-13,5333,clean,,66
ESND,0,1997-12-31,2019-01-30,5304,clean,,5
ESNT,0,2013-10-31,2026-09-04,3230,clean,,67
ESRX,0,1997-12-31,2018-12-20,5278,clean,,183
ESS,0,1995-01-03,2026-09-04,7972,clean,,188
ESV,0,1997-12-31,2019-07-30,5429,clean,,32
ESY,0,,,0,excluded,no data,0
ETD,0,1995-01-03,2026-09-04,7972,clean,,59
ETFC,0,1996-08-16,2020-10-01,6072,clean,,199
ETH,0,2024-07-23,2026-09-04,533,unused,never in an index while trading,0
ETN,0,1995-01-03,2026-09-04,7972,clean,,380
ETR,0,1995-01-03,2026-09-04,7972,clean,,380
ETRN,0,2018-10-31,2024-07-19,1437,clean,,58
ETS,0,2025-08-21,2026-09-04,262,unused,never in an index while trading,0
ETSY,0,2015-04-16,2026-09-04,2865,clean,,83
EV,0,2023-12-20,2024-11-19,231,unused,never in an index while trading,0
EVHC,0,2013-08-14,2018-10-10,1300,clean,,22
EVR,0,2006-08-11,2026-09-04,5047,clean,,101
EVRG,0,1995-01-03,2026-09-04,7972,clean,,99
EVTC,0,2013-04-12,2026-09-04,3371,clean,,96
EW,0,2000-03-27,2026-09-04,6651,clean,,188
EWBC,0,1999-02-03,2026-09-04,6940,clean,,188
EXBD,0,,,0,excluded,no data,0
EXC,0,1995-01-03,2026-09-04,7972,clean,,380
EXDS,0,1998-03-19,2001-09-25,885,unused,never in an index while trading,0
EXE,0,2021-02-10,2026-09-04,1399,clean,,23
EXEL,0,2000-04-11,2026-09-04,6640,clean,,98
EXH,0,2007-08-21,2015-11-03,2067,clean,,34
EXLS,0,2006-10-20,2026-09-04,4999,clean,,96
EXP,0,1995-01-03,2026-09-04,7972,clean,,154
EXPD,0,1995-01-03,2026-09-04,7972,clean,,227
EXPE,0,2005-07-20,2026-09-04,5316,clean,,227
EXPI,0,2013-04-03,2026-05-07,3295,excluded,12% zero-volume days,35
EXPO,0,1995-01-03,2026-09-04,7972,clean,,96
EXPR,0,2010-05-13,2024-03-06,3477,clean,,30
EXR,0,2004-08-12,2026-09-04,5552,clean,,154
EXTN,0,2015-10-27,2022-10-12,1750,clean,,30
EXTR,0,1999-04-09,2026-09-04,6895,clean,,96
EYE,0,2017-10-26,2026-09-04,2226,clean,,51
EZPW,0,1995-01-03,2026-09-04,7914,clean,,96
F,0,1995-01-03,2026-09-04,7972,clean,,380
FA,0,2021-06-23,2026-09-04,1307,clean,,3
FAF,0,2010-05-24,2026-09-04,4097,clean,,188
FANG,0,2012-10-12,2026-09-04,3493,clean,,94
FARO,0,1997-09-18,2025-07-17,6913,clean,,57
FAST,0,1995-01-03,2026-09-04,7972,clean,,216
FBC,0,1997-04-30,2022-11-30,6440,clean,,21
FBF,0,1997-12-31,2003-12-18,1501,excluded,70% zero-volume days,73
FBF,1,2011-02-28,2018-01-30,1743,excluded,78% zero-volume days,0
FBHS,0,2011-09-16,2023-03-06,2885,clean,,37
FBIN,0,2011-09-16,2026-09-04,3764,clean,,123
FBK,0,2016-09-16,2026-09-04,2506,clean,,66
FBNC,0,1995-01-06,2026-09-04,7403,clean,,66
FBO,0,,,0,excluded,no data,0
FBP,0,1995-01-03,2026-09-04,7972,clean,,96
FBRT,0,2021-10-19,2026-09-04,1225,clean,,58
FCF,0,1995-01-03,2026-09-04,7972,clean,,96
FCFS,0,1995-01-03,2026-09-04,7972,clean,,96
FCN,0,1996-05-09,2026-09-04,7630,clean,,204
FCPT,0,2015-10-29,2026-09-04,2728,clean,,96
FCS,0,1999-08-04,2016-09-16,4309,clean,,69
FCX,0,1995-07-10,2026-09-04,7842,clean,,374
FDC,0,2015-10-14,2019-07-26,952,unused,never in an index while trading,0
FDO,0,1997-12-31,2015-07-06,4405,clean,,167
FDP,0,1997-10-24,2026-06-26,7211,clean,,64
FDS,0,1996-06-28,2026-09-04,7585,clean,,188
FDX,0,1995-01-03,2026-09-04,7972,clean,,380
FDXF,0,2026-05-26,2026-09-04,72,clean,,3
FE,0,1997-11-10,2026-09-04,7249,clean,,346
FEIC,0,1997-12-31,2016-09-19,4710,clean,,17
FELE,0,1995-01-03,2026-09-04,7972,clean,,96
FER,0,2010-10-21,2010-10-21,1,excluded,only 1 rows,0
FER,1,2011-06-01,2011-06-01,1,excluded,only 1 rows,0
FER,2,2011-09-08,2011-09-08,1,excluded,only 1 rows,0
FER,3,2011-12-08,2011-12-08,1,excluded,only 1 rows,0
FER,4,2012-02-24,2012-02-24,1,excluded,only 1 rows,0
FER,5,2012-07-27,2026-09-04,3538,excluded,70% zero-volume days,0
FERG,0,2001-10-22,2001-10-22,1,excluded,only 1 rows,0
FERG,1,2001-12-06,2001-12-06,1,excluded,only 1 rows,0
FERG,2,2002-03-01,2002-03-01,1,excluded,only 1 rows,0
FERG,3,2002-10-23,2002-10-23,1,excluded,only 1 rows,0
FERG,4,2002-12-13,2002-12-13,1,excluded,only 1 rows,0
FERG,5,2003-03-28,2003-03-28,1,excluded,only 1 rows,0
FERG,6,2003-05-12,2003-05-12,1,excluded,only 1 rows,0
FERG,7,2003-09-26,2003-09-26,1,excluded,only 1 rows,0
FERG,8,2003-10-31,2003-10-31,1,excluded,only 1 rows,0
FERG,9,2003-12-08,2003-12-08,1,excluded,only 1 rows,0
FERG,10,2005-03-28,2005-03-28,1,excluded,only 1 rows,0
FERG,11,2005-12-06,2005-12-06,1,excluded,only 1 rows,0
FERG,12,2006-04-24,2006-04-24,1,excluded,only 1 rows,0
FERG,13,2006-06-29,2006-06-29,1,excluded,only 1 rows,0
FERG,14,2006-08-22,2006-08-22,1,excluded,only 1 rows,0
FERG,15,2006-12-11,2007-04-25,23,excluded,only 23 rows,0
FERG,16,2007-05-31,2007-05-31,1,excluded,only 1 rows,0
FERG,17,2007-10-04,2008-09-19,51,excluded,only 51 rows,0
FERG,18,2008-11-12,2009-05-20,20,excluded,only 20 rows,0
FERG,19,2009-06-25,2009-06-25,1,excluded,only 1 rows,0
FERG,20,2009-08-28,2010-05-19,38,excluded,only 38 rows,0
FERG,21,2010-06-23,2010-06-23,1,excluded,only 1 rows,0
FERG,22,2010-09-22,2011-12-05,50,excluded,only 50 rows,0
FERG,23,2012-02-23,2012-02-23,1,excluded,only 1 rows,0
FERG,24,2012-07-10,2012-07-10,1,excluded,only 1 rows,0
FERG,25,2012-08-23,2012-08-23,1,excluded,only 1 rows,0
FERG,26,2012-10-24,2012-10-24,1,excluded,only 1 rows,0
FERG,27,2012-12-27,2012-12-27,1,excluded,only 1 rows,0
FERG,28,2013-04-02,2013-04-02,1,excluded,only 1 rows,0
FERG,29,2013-07-02,2017-03-15,251,unused,never in an index while trading,0
FERG,30,2017-04-19,2026-09-04,1716,clean,,1
FF,0,2008-07-14,2026-09-04,4289,clean,,60
FFB,0,,,0,excluded,no data,0
FFBC,0,1995-01-03,2026-09-04,7972,clean,,96
FFIN,0,1995-01-03,2026-09-04,7972,clean,,96
FFIV,0,1999-06-04,2026-09-04,6856,clean,,189
FG,0,2022-11-22,2026-09-04,949,clean,,4
FHB,0,2016-08-04,2026-09-04,2536,clean,,66
FHCC,0,1997-12-31,2005-01-28,1780,unused,never in an index while trading,0
FHI,0,1998-05-14,2026-09-04,7122,clean,,188
FHN,0,1995-01-03,2026-09-04,7972,clean,,287
FI,0,1995-01-03,2025-11-10,7767,unused,never in an index while trading,0
FIBK,0,2010-03-24,2026-09-04,4139,clean,,9
FICO,0,1995-01-03,2026-09-04,7970,clean,,188
FII,0,1998-05-14,2020-01-31,5465,clean,,75
FIS,0,2001-06-20,2026-09-04,6340,clean,,238
FISV,0,1995-01-03,2026-09-04,7972,clean,,380
FITB,0,1995-01-03,2026-09-04,7972,clean,,366
FIVE,0,2012-07-19,2026-09-04,3553,clean,,100
FIVN,0,2014-04-04,2026-09-04,3124,clean,,1
FIX,0,1997-06-27,2026-09-04,7343,clean,,96
FIZZ,0,1995-01-03,2026-09-04,7972,clean,,66
FJ,0,1997-12-31,2000-11-27,734,clean,,35
FL,0,1995-01-03,2025-09-05,7721,clean,,222
FLE,0,,,0,excluded,no data,0
FLEX,0,1995-01-03,2026-09-04,7972,clean,,22
FLG,0,1995-01-03,2026-09-04,7972,clean,,20
FLGT,0,2016-09-29,2026-09-04,2497,clean,,48
FLIR,0,1995-01-03,2021-05-13,6637,clean,,149
FLM,0,2008-10-15,2024-01-29,3593,unused,never in an index while trading,0
FLO,0,1995-01-03,2026-09-04,7972,clean,,188
FLOW,0,2023-07-12,2026-09-04,792,unused,never in an index while trading,0
FLR,0,1995-01-03,2026-09-04,7972,clean,,305
FLS,0,1995-01-03,2026-09-04,7972,clean,,215
FMBI,0,1995-01-03,2022-02-15,6824,clean,,41
FMC,0,1995-01-03,2026-09-04,7972,clean,,288
FMCC,0,1995-01-03,2026-09-04,7972,clean,,164
FMCN,0,2005-07-13,2013-05-23,1980,unused,never in an index while trading,0
FMER,0,1997-12-31,2016-08-15,4686,clean,,68
FMY,0,2005-05-26,2026-09-04,5353,unused,never in an index while trading,0
FN,0,2010-06-25,2026-09-04,4074,clean,,96
FNB,0,1995-01-03,2026-09-04,7972,clean,,127
FND,0,2017-04-26,2026-09-04,2354,clean,,35
FNF,0,2005-10-14,2026-09-04,5255,clean,,87
FNFG,0,1998-04-21,2016-07-29,4600,clean,,67
FNMA,0,1995-01-03,2026-09-04,7972,clean,,164
FNSR,0,1999-11-12,2019-09-23,4996,clean,,13
FOE,0,1995-01-03,2022-04-21,6875,clean,,13
FORE,0,2021-04-06,2021-12-08,173,unused,never in an index while trading,0
FORM,0,2003-06-12,2026-09-04,5846,clean,,96
FORR,0,1996-11-27,2026-09-04,7482,clean,,66
FORT,0,,,0,excluded,no data,0
FOSL,0,1995-01-03,2026-09-04,7971,clean,,111
FOUR,0,2020-06-05,2026-09-04,1571,clean,,22
FOX,0,2019-03-13,2026-09-04,1882,clean,,90
FOXA,0,2019-03-12,2026-09-04,1883,clean,,90
FOXF,0,2013-08-08,2026-09-04,3289,clean,,96
FPC,0,1997-12-31,2000-11-30,737,clean,,17
FPC,1,2016-05-04,2016-05-04,1,excluded,only 1 rows,0
FPC,2,2021-05-14,2021-05-14,1,excluded,only 1 rows,0
FR,0,1995-01-03,2026-09-04,7972,clean,,117
FRAN,0,2016-01-04,2021-01-29,1277,clean,,29
FRC,0,2010-12-09,2023-05-01,3108,clean,,53
FRGI,0,2012-04-26,2023-10-27,2894,clean,,43
FRO,0,2001-08-06,2026-09-04,6308,unused,never in an index while trading,0
FRPT,0,2014-11-07,2026-09-04,2973,clean,,18
FRT,0,1995-01-03,2026-09-04,7972,clean,,188
FRX,0,2021-01-15,2021-06-25,112,unused,never in an index while trading,0
FSB,0,2016-01-04,2021-05-06,1343,clean,,30
FSH,0,1997-12-31,2006-11-09,2230,clean,,27
FSLB,0,,,0,excluded,no data,0
FSLR,0,2006-11-17,2026-09-04,4979,clean,,203
FSP,0,2005-06-02,2026-09-04,5349,clean,,38
FSS,0,1995-01-03,2026-09-04,7972,clean,,96
FST,0,2020-10-12,2022-08-25,472,unused,never in an index while trading,0
FTD,0,2013-10-10,2019-06-12,1427,clean,,10
FTDR,0,2018-09-13,2026-09-04,2005,clean,,50
FTI,0,2001-06-14,2026-09-04,6344,clean,,152
FTK,0,1996-09-10,2026-09-04,6414,clean,,30
FTL-A,0,1997-12-31,2000-04-20,582,clean,,21
FTNT,0,2009-11-18,2026-09-04,4224,clean,,136
FTO,0,1997-12-31,2000-02-01,526,unused,never in an index while trading,0
FTO,1,2019-04-24,2019-04-24,1,excluded,only 1 rows,0
FTR,0,1995-01-03,2020-04-23,6370,clean,,295
FTRE,0,2023-06-16,2026-09-04,808,clean,,38
FTV,0,2016-06-13,2026-09-04,2570,clean,,122
FUL,0,1995-01-03,2026-09-04,7972,clean,,96
FULT,0,1995-01-03,2026-09-04,7972,clean,,188
FUN,0,1995-01-03,2026-09-04,7972,clean,,25
FWLT,0,1997-12-31,2014-12-03,4259,clean,,25
FWRD,0,1995-01-03,2026-09-04,7945,clean,,94
FYBR,0,2021-05-04,2026-01-16,1183,clean,,39
G,0,2007-08-02,2026-09-04,4804,clean,,63
GAP,0,1995-01-03,2026-09-04,7972,clean,,92
GAS,0,1997-12-31,2016-06-30,4655,clean,,222
GATX,0,1995-01-03,2026-09-04,7972,clean,,117
GBCI,0,1995-01-03,2026-09-04,7972,clean,,96
GBX,0,1995-01-03,2026-09-04,7972,clean,,96
GCI,0,2014-02-04,2025-11-14,2965,clean,,57
GCO,0,1995-01-03,2026-09-04,7972,clean,,57
GCP,0,2016-01-26,2022-09-26,1678,clean,,18
GD,0,1995-01-03,2026-09-04,7972,clean,,380
GDDY,0,2015-03-31,2026-09-04,2876,clean,,35
GDEN,0,1999-01-04,2026-04-29,6872,clean,,50
GDI,0,2017-05-11,2020-06-08,774,unused,never in an index while trading,0
GDOT,0,2010-07-22,2026-09-04,4056,clean,,78
GDT,0,2026-01-22,2026-09-04,157,unused,never in an index while trading,0
GDW,0,1997-12-31,2012-05-03,3609,excluded,21% zero-volume days,105
GDYN,0,2018-10-30,2026-09-04,1972,clean,,18
GE,0,1995-01-03,2026-09-04,7972,clean,,380
GEF,0,1996-02-28,2026-09-04,7677,clean,,188
GEHC,0,2022-12-15,2026-09-04,933,clean,,44
GEN,0,1995-01-03,2026-09-04,7972,clean,,282
GENZ,0,2008-01-24,2026-09-04,4684,clean,,39
GEO,0,1995-01-03,2026-09-04,7972,clean,,114
GEOS,0,1997-11-21,2026-09-04,7031,clean,,30
GES,0,1996-08-08,2026-01-22,7411,clean,,159
GEV,0,2024-03-27,2026-09-04,613,clean,,29
GFF,0,1995-01-03,2026-09-04,7971,clean,,96
GFS,0,2021-10-28,2026-09-04,1218,unused,never in an index while trading,0
GFS-A,0,,,0,excluded,no data,0
GGG,0,1995-01-03,2026-09-04,7972,clean,,188
GGP,0,1997-12-31,2018-08-27,5197,clean,,73
GHC,0,1995-01-03,2026-09-04,7972,clean,,217
GHL,0,2004-05-06,2023-11-30,4927,clean,,97
GIDL,0,,,0,excluded,no data,0
GIFI,0,1997-04-04,2026-01-16,7243,clean,,30
GIII,0,1995-01-03,2026-09-04,7972,clean,,96
GILD,0,1995-01-03,2026-09-04,7972,clean,,267
GIS,0,1995-01-03,2026-09-04,7972,clean,,380
GKOS,0,2015-06-25,2026-09-04,2816,clean,,66
GL,0,1995-01-03,2026-09-04,7972,clean,,380
GLBC,0,2004-01-22,2011-10-03,1940,unused,never in an index while trading,0
GLD,0,2004-11-18,2026-09-04,5483,unused,never in an index while trading,0
GLK,0,2004-01-30,2005-05-17,327,excluded,79% zero-volume days,17
GLPI,0,2013-10-14,2026-09-04,3243,clean,,35
GLT,0,1995-01-03,2024-11-05,7513,clean,,48
GLUU,0,2007-03-22,2021-04-28,3550,clean,,2
GLW,0,1995-01-03,2026-09-04,7972,clean,,379
GM,0,2010-11-18,2026-09-04,3972,clean,,159
GMCR,0,1997-12-31,2016-03-02,4571,clean,,62
GME,0,2002-02-13,2026-09-04,6180,clean,,217
GMED,0,2012-08-03,2026-09-04,3542,clean,,117
GMS,0,2016-05-26,2025-09-03,2331,clean,,54
GMST,0,1997-12-31,2008-05-02,2600,unused,never in an index while trading,0
GMT,0,,,0,excluded,no data,0
GNBC,0,2014-08-08,2018-12-31,1107,clean,,4
GNCI,0,1997-12-31,1999-08-10,405,unused,never in an index while trading,0
GNL,0,2015-06-02,2026-09-04,2833,clean,,96
GNRC,0,2010-02-11,2026-09-04,4167,clean,,70
GNT,0,2011-01-27,2026-09-04,3925,unused,never in an index while trading,0
GNTX,0,1995-01-03,2026-09-04,7972,clean,,187
GNW,0,2004-05-25,2026-09-04,5606,clean,,236
GO,0,2019-06-20,2026-09-04,1813,clean,,66
GOGO,0,2013-06-21,2026-09-04,3322,clean,,51
GOLD,0,2014-03-17,2026-09-04,3138,unused,never in an index while trading,0
GOLF,0,2016-10-28,2026-09-04,2476,clean,,19
GOOG,0,2004-08-19,2026-09-04,5547,clean,,149
GOOGL,0,2004-08-19,2026-09-04,5547,clean,,246
GOSHA,0,1997-12-31,2005-07-14,1895,unused,never in an index while trading,0
GOV,0,2016-01-04,2020-10-14,1188,clean,,26
GP,0,2020-08-28,2026-09-04,1512,unused,never in an index while trading,0
GPC,0,1995-01-03,2026-09-04,7972,clean,,380
GPI,0,1997-10-30,2026-09-04,7256,clean,,96
GPK,0,1995-01-03,2026-09-04,7972,clean,,39
GPMT,0,2017-06-23,2026-09-04,2313,clean,,24
GPN,0,2001-01-16,2026-09-04,6448,clean,,187
GPOR,0,2021-05-18,2026-09-04,1332,clean,,2
GPRE,0,2006-03-15,2026-09-04,5150,clean,,78
GPRO,0,2014-06-26,2026-09-04,3067,unused,never in an index while trading,0
GPS,0,1995-01-03,2024-10-15,7499,clean,,355
GPU,0,1997-12-31,2001-11-06,968,clean,,47
GR,0,1997-12-31,2018-01-10,5040,excluded,32% zero-volume days,175
GRA,0,1995-01-03,2021-09-21,6728,clean,,71
GRBK,0,2007-06-14,2026-09-04,4838,clean,,50
GRMN,0,2000-12-08,2026-09-04,6472,clean,,165
GRN,0,2019-09-10,2026-09-04,1757,unused,never in an index while trading,0
GRUB,0,2020-03-25,2022-05-13,532,clean,,15
GS,0,1999-05-04,2026-09-04,6878,clean,,290
GSHD,0,2018-04-27,2026-09-04,2101,clean,,36
GSX,0,2025-09-16,2026-02-19,108,unused,never in an index while trading,0
GT,0,1995-01-03,2026-09-04,7972,clean,,373
GTE,0,2005-11-14,2026-09-04,5234,unused,never in an index while trading,0
GTES,0,2018-01-25,2026-09-04,2165,clean,,26
GTLS,0,2006-07-26,2026-07-15,5023,clean,,94
GTM,0,2020-06-04,2026-09-04,1572,clean,,15
GTW,0,1997-12-31,2007-10-16,2463,clean,,99
GTY,0,1995-01-03,2026-09-04,7972,clean,,96
GVA,0,1995-01-03,2026-09-04,7972,clean,,188
GWB,0,2014-10-15,2022-01-31,1837,clean,,41
GWF,0,,,0,excluded,no data,0
GWR,0,1997-12-31,2019-12-27,5534,clean,,74
GWRE,0,2012-01-25,2026-09-04,3675,clean,,20
GWRS,0,2016-04-28,2026-09-04,2604,clean,,2
GWW,0,1995-01-03,2026-09-04,7972,clean,,380
GXO,0,2021-07-22,2026-09-04,1287,clean,,61
GXP,0,1995-01-03,1995-12-20,246,unused,never in an index while trading,0
GXP,1,1997-12-31,2018-06-04,5139,clean,,90
H,0,2009-11-05,2026-09-04,4233,clean,,35
HA,0,1995-06-21,2003-07-14,2010,unused,never in an index while trading,0
HA,1,2003-08-19,2024-09-17,5306,clean,,61
HAE,0,1995-01-03,2026-09-04,7972,clean,,98
HAFC,0,1995-07-26,2026-09-04,7315,clean,,96
HAIN,0,1995-01-03,2026-09-04,7971,clean,,118
HAL,0,1995-01-03,2026-09-04,7972,clean,,380
HALO,0,2004-03-12,2026-09-04,5652,clean,,67
HANS,0,,,0,excluded,no data,0
HAR,0,1997-12-31,2017-03-10,4829,clean,,134
HAS,0,1995-01-03,2026-09-04,7972,clean,,380
HASI,0,2013-04-18,2026-09-04,3367,clean,,36
HAYN,0,2004-09-21,2004-09-21,1,excluded,only 1 rows,0
HAYN,1,2004-10-29,2024-11-19,4805,clean,,74
HAYW,0,2021-03-11,2026-09-04,1379,clean,,36
HBAN,0,1995-01-03,2026-09-04,7972,clean,,349
HBHC,0,1995-01-03,2018-05-25,5892,clean,,55
HBI,0,2006-08-16,2025-12-02,4855,clean,,179
HBOC,0,1997-12-31,1999-01-13,261,clean,,13
HCA,0,2011-03-10,2026-09-04,3896,clean,,140
HCBK,0,1999-07-13,2015-10-30,4104,clean,,105
HCC,0,2017-04-13,2026-09-04,2362,clean,,66
HCI,0,2008-07-31,2026-09-04,4552,clean,,96
HCR,0,2012-08-16,2020-10-15,2055,unused,never in an index while trading,0
HCSG,0,1995-01-03,2026-09-04,7962,clean,,103
HD,0,1995-01-03,2026-09-04,7972,clean,,380
HDLM,0,1997-12-31,2013-01-15,3784,unused,never in an index while trading,0
HE,0,1995-01-03,2026-09-04,7972,clean,,162
HELE,0,1995-01-03,2026-09-04,7965,clean,,108
HES,0,1995-01-03,2025-07-17,7686,clean,,366
HF,0,2023-08-03,2026-09-04,776,unused,never in an index while trading,0
HFC,0,2011-07-01,2022-03-14,2693,clean,,100
HFS,0,,,0,excluded,no data,0
HFWA,0,1998-01-09,2026-09-04,7118,clean,,96
HGSI,0,1997-12-31,2012-08-03,3673,unused,never in an index while trading,0
HGV,0,2016-12-14,2026-09-04,2444,clean,,42
HHS,0,1995-01-03,2026-09-04,7972,clean,,34
HI,0,2008-03-20,2026-02-09,4501,clean,,89
HIBB,0,1996-10-11,2024-07-24,6979,clean,,71
HIG,0,1995-12-15,2026-09-04,7730,clean,,369
HII,0,2011-03-22,2026-09-04,3888,clean,,154
HIMS,0,2019-09-13,2026-09-04,1754,clean,,23
HIW,0,1995-01-03,2026-09-04,7972,clean,,188
HL,0,1995-01-03,2026-09-04,7972,clean,,11
HLI,0,2015-08-13,2026-09-04,2782,clean,,33
HLIT,0,1995-05-23,2026-09-04,7874,clean,,96
HLNE,0,2017-03-01,2026-09-04,2393,clean,,24
HLS,0,2006-10-26,2017-12-29,2814,clean,,13
HLT,0,2013-12-12,2026-09-04,3201,clean,,111
HLX,0,1997-07-01,2026-09-02,7339,clean,,167
HM,0,2012-12-21,2017-03-21,1068,excluded,86% zero-volume days,0
HMA,0,2022-03-14,2023-06-16,318,excluded,43% zero-volume days,0
HME,0,1997-12-31,2015-10-07,4471,clean,,24
HMN,0,1995-01-03,2026-09-04,7972,clean,,96
HMST,0,2012-02-10,2025-08-29,3408,clean,,57
HMSY,0,1995-01-03,2021-03-31,6607,clean,,67
HMX,0,,,0,excluded,no data,0
HNGR,0,1995-01-03,2022-09-30,6987,clean,,19
HNI,0,1995-01-03,2026-09-04,7972,clean,,188
HNT,0,1999-01-04,2016-03-23,4333,clean,,63
HNZ,0,2003-09-10,2013-06-07,2453,clean,,117
HOG,0,1995-01-03,2026-09-04,7972,clean,,374
HOLX,0,1995-01-03,2026-04-06,7866,clean,,183
HOMB,0,2006-06-23,2026-09-04,5082,clean,,111
HON,0,1995-01-03,2026-09-04,7972,clean,,380
HONA,0,2026-06-15,2026-09-04,58,excluded,only 58 rows,3
HONI,0,,,0,excluded,no data,0
HOOD,0,2021-07-29,2026-09-04,1282,clean,,12
HOPE,0,1996-03-13,2026-09-04,7369,clean,,96
HOT,0,1997-12-31,2016-09-22,4713,clean,,190
HOUS,0,2012-10-11,2026-01-08,3329,clean,,24
HP,0,1995-01-03,2026-09-04,7972,clean,,248
HPC,0,1997-12-31,2008-06-09,2625,clean,,127
HPC,1,2009-11-17,2009-11-17,1,excluded,only 1 rows,0
HPC,2,2011-04-20,2011-04-20,1,excluded,only 1 rows,0
HPC,3,2013-12-16,2015-11-10,480,excluded,59% zero-volume days,0
HPE,0,2015-10-19,2026-09-04,2736,clean,,130
HPH,0,2019-03-29,2025-05-02,1480,unused,never in an index while trading,0
HPP,0,2010-06-24,2026-09-04,4075,clean,,49
HPQ,0,1995-01-03,2026-09-04,7972,clean,,380
HPR,0,2004-12-10,2021-04-01,4105,clean,,30
HPT,0,1995-08-17,2019-09-24,6068,clean,,105
HQY,0,2014-07-31,2026-09-04,3043,clean,,96
HR,0,1995-01-03,2026-09-04,7972,clean,,117
HRB,0,1995-01-03,2026-09-04,7972,clean,,375
HRC,0,1995-01-03,2021-12-10,6785,clean,,131
HRL,0,1995-01-03,2026-09-04,7972,clean,,210
HRMY,0,2020-08-19,2026-09-04,1519,clean,,59
HSC,0,1995-01-03,2023-08-18,7208,clean,,131
HSH,0,2012-06-29,2014-08-28,544,clean,,10
HSH,1,2016-09-20,2020-07-21,714,unused,never in an index while trading,0
HSIC,0,1995-11-03,2026-09-04,7759,clean,,188
HSII,0,1999-04-27,2025-12-09,6698,clean,,87
HSKA,0,1997-07-01,2023-06-12,6521,clean,,57
HSNI,0,2008-08-12,2017-12-29,2364,clean,,53
HSP,0,2004-05-03,2015-09-02,2855,clean,,136
HST,0,1995-01-03,2026-09-04,7972,clean,,234
HSTM,0,2000-04-11,2026-09-04,6640,clean,,96
HSY,0,1995-01-03,2026-09-04,7972,clean,,380
HT,0,1999-01-21,2023-11-27,6138,clean,,54
HTH,0,2004-02-12,2026-09-04,5677,clean,,66
HTLD,0,1995-01-03,2026-09-04,7972,clean,,96
HTO,0,1995-01-03,2026-09-04,7972,clean,,13
HTSI,0,1995-01-03,2014-01-28,4802,clean,,3
HTZ,0,2021-07-01,2026-09-04,1301,clean,,40
HUB-B,0,,,0,excluded,no data,0
HUBB,0,1995-01-03,2026-09-04,7972,clean,,169
HUBG,0,1996-03-13,2026-09-04,7670,clean,,96
HUM,0,1995-01-03,2026-09-04,7972,clean,,370
HVT,0,1995-01-03,2026-09-04,7972,clean,,72
HWC,0,1995-01-03,2026-09-04,7972,clean,,96
HWKN,0,1995-01-03,2026-09-04,7972,clean,,96
HWM,0,2016-11-01,2026-09-04,2474,clean,,118
HXL,0,1995-01-03,2026-09-04,7972,clean,,69
HYH,0,2014-10-21,2018-06-29,930,clean,,38
HZO,0,1998-06-03,2026-09-04,7109,clean,,96
I,0,2013-04-18,2013-05-10,17,excluded,only 17 rows,0
I,1,2013-06-24,2020-10-08,1838,unused,never in an index while trading,0
IAA,0,2019-06-17,2023-03-31,956,clean,,25
IAC,0,1995-01-03,2026-06-03,7907,clean,,46
IART,0,1995-08-16,2026-09-04,7815,clean,,97
IBKR,0,2007-05-04,2026-09-04,4866,clean,,104
IBM,0,1995-01-03,2026-09-04,7972,clean,,380
IBOC,0,1995-08-30,2026-09-04,7805,clean,,188
IBP,0,2014-02-13,2026-09-04,3159,clean,,96
IBTX,0,2013-04-04,2024-12-31,2957,clean,,46
ICE,0,2005-11-16,2026-09-04,5232,clean,,228
ICHR,0,2016-12-09,2026-09-04,2447,clean,,66
ICOS,0,1999-01-04,2007-01-29,2029,unused,never in an index while trading,0
ICUI,0,1995-01-03,2026-09-04,7972,clean,,101
IDA,0,1995-01-03,2026-09-04,7972,clean,,188
IDCC,0,1995-01-03,2026-09-04,7972,clean,,154
IDTI,0,1997-12-31,2019-03-29,5345,clean,,99
IDXX,0,1995-01-03,2026-09-04,7972,clean,,188
IESC,0,2006-05-15,2026-09-04,5066,clean,,2
IEX,0,1995-01-03,2026-09-04,7972,clean,,188
IFF,0,1995-01-03,2026-09-04,7972,clean,,380
IGT,0,1995-01-03,2025-09-02,7718,clean,,154
IHRT,0,2019-05-07,2026-09-04,1836,unused,never in an index while trading,0
IIIN,0,1995-01-03,2026-09-04,7972,clean,,94
IIPR,0,2016-12-01,2026-09-04,2453,clean,,66
IIVI,0,2016-01-04,2023-06-30,1886,clean,,48
IJR,0,2000-05-26,2026-09-04,6608,clean,,65
IKN,0,1997-12-31,2008-10-31,2727,clean,,30
ILG,0,2008-08-12,2018-08-31,2533,clean,,12
ILMN,0,2000-07-28,2026-09-04,6565,clean,,130
ILPT,0,2018-01-12,2026-09-04,2173,clean,,24
IM,0,1997-12-31,2016-12-05,4764,clean,,71
IMCL,0,1999-01-04,2008-11-24,2490,unused,never in an index while trading,0
IMNX,0,1999-01-04,2002-07-15,886,clean,,10
IMS,0,2014-04-04,2016-09-30,629,unused,never in an index while trading,0
INCR,0,2019-01-28,2026-09-04,1767,unused,never in an index while trading,0
INCY,0,1995-01-03,2026-09-04,7971,clean,,115
INDB,0,1995-01-03,2026-09-04,7972,clean,,96
INDV,0,2014-12-29,2026-09-04,2939,excluded,22% zero-volume days,9
INEL,0,,,0,excluded,no data,0
INFA,0,2021-10-27,2025-11-17,1019,unused,never in an index while trading,0
INFO,0,2024-10-10,2026-09-04,477,unused,never in an index while trading,0
INFY,0,1999-03-11,2026-09-04,6915,unused,never in an index while trading,0
INGN,0,2014-02-14,2026-09-04,3158,clean,,57
INGR,0,1997-12-11,2026-09-04,7227,clean,,154
INKT,0,2021-10-15,2026-09-04,1227,unused,never in an index while trading,0
INN,0,2011-02-09,2026-09-04,3916,clean,,90
INSM,0,1995-01-03,2026-09-04,7972,unused,never in an index while trading,0
INSP,0,2018-05-03,2026-09-04,2097,clean,,24
INSW,0,2016-11-16,2026-09-04,2463,clean,,20
INT,0,1995-01-03,2023-08-17,7206,clean,,117
INTC,0,1995-01-03,2026-09-04,7972,clean,,380
INTL,0,2022-12-02,2026-09-04,942,unused,never in an index while trading,0
INTU,0,1995-01-03,2026-09-04,7972,clean,,309
INVA,0,2004-10-05,2026-09-04,5515,clean,,96
INVH,0,2017-02-01,2026-09-04,2412,clean,,48
INVX,0,1997-10-23,2026-09-04,7261,clean,,13
IOSP,0,1998-05-13,2026-09-04,7123,clean,,96
IP,0,1995-01-03,2026-09-04,7972,clean,,380
IPAR,0,1995-01-03,2026-09-04,7972,clean,,96
IPG,0,1995-01-03,2025-11-26,7779,clean,,370
IPGP,0,2006-12-13,2026-09-04,4962,clean,,136
IPHS,0,2006-11-02,2020-02-06,3337,clean,,18
IPI,0,2008-04-22,2026-09-04,4623,clean,,52
IQV,0,2013-05-09,2026-09-04,3352,clean,,109
IR,0,2017-05-12,2026-09-04,2342,clean,,78
IRBT,0,2005-11-09,2025-12-22,5061,clean,,66
IRDM,0,2008-03-20,2026-09-04,4645,clean,,95
IRF,0,1997-12-31,2015-01-13,4286,clean,,49
IRM,0,1996-02-01,2026-09-04,7698,clean,,212
IRT,0,2013-08-13,2026-09-04,3286,clean,,96
IRWD,0,2010-02-03,2026-09-04,4173,clean,,32
ISBC,0,2005-10-12,2022-04-06,4150,clean,,13
ISCA,0,1997-12-31,2019-10-17,5485,clean,,106
ISIL,0,2000-02-25,2017-02-23,4276,clean,,73
ISRG,0,2000-06-13,2026-09-04,6597,clean,,219
IT,0,1995-01-03,2026-09-04,7972,clean,,188
ITG,0,2026-07-01,2026-09-04,47,excluded,only 47 rows,0
ITGR,0,2000-09-29,2026-09-04,6520,clean,,96
ITOS,0,2020-07-24,2025-08-28,1281,clean,,21
ITRI,0,1995-01-03,2026-09-04,7972,clean,,167
ITT,0,1995-12-15,2026-09-04,7730,clean,,347
ITW,0,1995-01-03,2026-09-04,7972,clean,,380
ITWO,0,2024-09-05,2026-09-04,502,unused,never in an index while trading,0
IVC,0,1995-01-03,2023-04-03,7113,clean,,38
IVR,0,2009-06-26,2026-09-04,4325,clean,,63
IVT,0,2014-02-21,2026-09-04,3151,excluded,50% zero-volume days,2
IVZ,0,1995-08-25,2026-09-04,7808,clean,,217
J,0,1995-01-03,2026-09-04,7972,clean,,227
JACK,0,1995-01-03,2026-09-04,7972,clean,,106
JAH,0,1997-12-31,2016-04-15,4602,clean,,33
JAVA,0,1995-01-03,2010-01-26,3794,clean,,180
JAVA,1,2021-10-05,2026-09-04,1234,unused,never in an index while trading,0
JAZZ,0,2007-06-01,2026-09-04,4847,clean,,67
JBGS,0,2017-07-06,2026-09-04,2305,clean,,110
JBHT,0,1995-01-03,2026-09-04,7972,clean,,188
JBL,0,1995-01-03,2026-09-04,7972,clean,,302
JBLU,0,2002-04-12,2026-09-04,6140,clean,,188
JBSS,0,1995-01-03,2026-09-04,7972,clean,,96
JBT,0,2008-07-18,2025-01-03,4142,clean,,77
JBTM,0,2008-07-18,2026-09-04,4560,clean,,13
JCG,0,2006-06-28,2011-03-04,1180,clean,,3
JCI,0,1995-01-03,2026-09-04,7972,clean,,363
JCOM,0,,,0,excluded,no data,0
JCOR,0,1997-12-31,1999-05-04,337,unused,never in an index while trading,0
JCP,0,1995-01-03,2020-05-18,6387,clean,,272
JD,0,2014-05-22,2026-09-04,3091,unused,never in an index while trading,0
JDSU,0,2003-09-10,2015-08-03,2975,clean,,4
JEF,0,1995-01-03,2026-09-04,7972,clean,,228
JH,0,1999-01-04,2007-05-01,2093,unused,never in an index while trading,0
JH,1,2018-01-23,2018-01-23,1,excluded,only 1 rows,0
JHF,0,2000-01-28,2004-04-28,1067,clean,,34
JHG,0,2017-05-30,2026-06-30,2284,clean,,109
JJSF,0,1995-01-03,2026-09-04,7972,clean,,96
JKHY,0,1995-01-03,2026-09-04,7972,clean,,188
JLL,0,1997-07-17,2026-09-04,7329,clean,,188
JNJ,0,1995-01-03,2026-09-04,7972,clean,,380
JNPR,0,1999-06-25,2025-07-01,6544,clean,,229
JNS,0,2000-06-26,2017-05-26,4257,clean,,182
JNY,0,1997-12-31,2014-04-08,4093,clean,,87
JOE,0,1995-01-03,2026-09-04,7972,clean,,66
JOS,0,1997-12-31,2000-05-10,595,clean,,29
JOS,1,2003-09-17,2008-07-07,1209,excluded,84% zero-volume days,0
JOS,2,2010-01-29,2010-01-29,1,excluded,only 1 rows,0
JOS,3,2012-12-17,2012-12-17,1,excluded,only 1 rows,0
JOY,0,2001-05-25,2017-04-05,3990,clean,,60
JOYG,0,2003-09-11,2011-12-05,2062,clean,,12
JP,0,2015-07-15,2022-06-27,1749,unused,never in an index while trading,0
JPM,0,1995-01-03,2026-09-04,7972,clean,,380
JRVR,0,2014-12-12,2026-09-04,2949,clean,,63
JW-A,0,1995-01-03,2022-06-02,6880,clean,,86
JWA,0,1995-01-03,2021-05-07,6610,clean,,49
JWN,0,1995-01-03,2025-05-20,7647,clean,,358
JXN,0,2021-09-01,2026-09-04,1258,clean,,36
JYNT,0,2014-11-11,2026-09-04,2969,clean,,20
K,0,1995-01-03,2025-12-10,7788,clean,,371
KAI,0,1995-01-03,2026-09-04,7972,clean,,19
KALU,0,2006-06-15,2026-09-04,5074,clean,,96
KAMN,0,1995-01-03,2024-04-18,7375,clean,,67
KAR,0,2009-12-11,2026-02-26,4076,clean,,75
KATE,0,1997-12-31,2017-07-11,4913,clean,,158
KBH,0,1995-01-03,2026-09-04,7972,clean,,367
KBR,0,2006-11-16,2026-09-04,4980,clean,,188
KCI,0,2004-02-24,2011-11-04,1942,clean,,11
KD,0,2021-10-22,2026-09-04,1222,clean,,58
KDP,0,2008-05-07,2026-09-04,4612,clean,,51
KELYA,0,1995-01-03,2026-09-04,7972,clean,,76
KEM,0,2023-08-24,2025-05-09,429,excluded,11% zero-volume days,0
KEX,0,1995-01-03,2026-09-04,7972,clean,,188
KEY,0,1995-01-03,2026-09-04,7972,clean,,380
KEYS,0,2014-10-20,2026-09-04,2987,clean,,136
KFY,0,1999-02-11,2026-09-04,6934,clean,,127
KG,0,2008-05-06,2026-09-04,4613,clean,,31
KGS,0,2023-06-29,2026-09-04,800,clean,,13
KHC,0,2012-09-17,2026-09-04,3512,clean,,167
KIM,0,1995-01-03,2026-09-04,7972,clean,,246
KIRK,0,2002-07-11,2025-07-28,5798,clean,,30
KKR,0,2007-01-11,2026-09-04,4764,clean,,27
KLAC,0,1995-01-03,2026-09-04,7972,clean,,380
KLG,0,2023-09-27,2025-09-25,501,clean,,23
KLIC,0,1995-01-03,2026-09-04,7972,clean,,96
KLXI,0,2014-12-04,2018-10-08,968,clean,,42
KM,0,1997-12-31,2002-12-18,1249,clean,,49
KMAG,0,2006-02-09,2008-07-24,386,excluded,12 unexplained >50% moves,0
KMAG,1,2008-08-26,2009-02-06,27,excluded,only 27 rows,0
KMAG,2,2009-03-16,2009-03-16,1,excluded,only 1 rows,0
KMAG,3,2009-06-18,2016-07-05,1193,excluded,73 unexplained >50% moves,0
KMAG,4,2016-08-15,2016-08-15,1,excluded,only 1 rows,0
KMAG,5,2016-09-23,2016-09-23,1,excluded,only 1 rows,0
KMAG,6,2016-12-08,2016-12-08,1,excluded,only 1 rows,0
KMAG,7,2017-03-23,2017-03-23,1,excluded,only 1 rows,0
KMAG,8,2017-06-28,2017-06-28,1,excluded,only 1 rows,0
KMAG,9,2017-09-07,2017-09-07,1,excluded,only 1 rows,0
KMAG,10,2017-11-17,2017-11-17,1,excluded,only 1 rows,0
KMAG,11,2018-02-28,2018-02-28,1,excluded,only 1 rows,0
KMAG,12,2018-07-10,2018-07-10,1,excluded,only 1 rows,0
KMAG,13,2018-11-27,2018-11-27,1,excluded,only 1 rows,0
KMAG,14,2019-01-10,2019-01-10,1,excluded,only 1 rows,0
KMAG,15,2019-05-14,2019-05-14,1,excluded,only 1 rows,0
KMAG,16,2019-08-19,2019-08-19,1,excluded,only 1 rows,0
KMAG,17,2019-10-25,2021-03-19,300,excluded,78% zero-volume days,0
KMAG,18,2022-07-05,2022-07-05,1,excluded,only 1 rows,0
KMAG,19,2022-12-23,2022-12-23,1,excluded,only 1 rows,0
KMAG,20,2023-04-18,2023-04-18,1,excluded,only 1 rows,0
KMAG,21,2024-05-15,2024-05-15,1,excluded,only 1 rows,0
KMB,0,1995-01-03,2026-09-04,7972,clean,,380
KMG,0,1997-01-28,2018-11-14,5486,excluded,19% zero-volume days,115
KMI,0,2011-02-11,2026-09-04,3914,clean,,172
KMPR,0,1995-01-03,2026-09-04,7972,clean,,157
KMT,0,1995-01-03,2026-09-04,7972,clean,,188
KMX,0,1997-02-04,2026-09-04,7443,clean,,194
KN,0,2014-02-14,2026-09-04,3158,clean,,132
KND,0,2001-05-01,2018-06-29,4319,clean,,31
KNF,0,2023-05-25,2026-09-04,823,clean,,38
KNSL,0,2016-07-28,2026-09-04,2541,clean,,67
KNTK,0,2017-05-02,2026-09-04,2227,clean,,12
KNX,0,1995-01-03,2026-09-04,7972,clean,,110
KO,0,1995-01-03,2026-09-04,7972,clean,,380
KODK,0,2013-09-23,2026-09-04,3258,unused,never in an index while trading,0
KOP,0,2006-02-01,2026-09-04,5181,clean,,96
KOPN,0,1995-01-03,2026-09-04,7972,clean,,30
KR,0,1995-01-03,2026-09-04,7972,clean,,380
KRA,0,2009-12-17,2022-03-14,3080,clean,,42
KRB,0,1997-12-31,2009-12-28,3011,excluded,32% zero-volume days,96
KRC,0,1997-01-29,2026-09-04,7447,clean,,157
KREF,0,2017-05-05,2026-09-04,2347,clean,,60
KRG,0,2004-08-11,2026-09-04,5553,clean,,96
KRI,0,1997-12-31,2006-06-27,2135,clean,,102
KRI,1,2006-08-02,2018-12-14,3115,excluded,474 unexplained >50% moves,0
KRMN,0,2025-02-13,2026-09-04,392,clean,,2
KRYS,0,2017-09-20,2026-09-04,2252,clean,,26
KS,0,2007-03-01,2018-11-02,2943,clean,,3
KSE,0,1997-12-31,2007-08-24,2427,clean,,84
KSE,1,2009-11-05,2015-01-28,1314,excluded,18% zero-volume days,0
KSS,0,1995-01-03,2026-09-04,7972,clean,,332
KSU,0,1995-01-03,2021-12-13,6786,clean,,146
KTB,0,2019-05-09,2026-09-04,1841,clean,,66
KTOS,0,1999-11-05,2026-09-04,6748,clean,,17
KVUE,0,2023-05-04,2026-09-04,838,clean,,37
KW,0,2007-12-03,2026-06-15,4662,clean,,39
KWK,0,1995-01-03,2015-01-07,5040,clean,,31
KWP,0,1997-12-31,1999-11-15,473,clean,,23
KWR,0,1995-01-03,2026-09-04,7972,clean,,96
L,0,1995-01-03,2026-09-04,7972,clean,,376
LABL,0,1997-12-31,2019-07-01,5409,clean,,11
LAD,0,1996-12-18,2026-09-04,7455,clean,,96
LAMR,0,1996-08-02,2026-09-04,7571,clean,,188
LANC,0,1995-01-03,2025-06-30,7674,clean,,174
LAUR,0,2017-02-01,2026-09-04,2412,clean,,6
LAZ,0,2005-05-05,2026-09-04,5368,clean,,2
LBRT,0,2018-01-11,2026-09-04,2174,clean,,36
LBTYA,0,2004-06-02,2026-09-04,5601,unused,never in an index while trading,0
LBTYK,0,2005-08-30,2026-09-04,5284,unused,never in an index while trading,0
LCI,0,1995-07-27,2023-06-06,6129,clean,,33
LCID,0,2020-09-18,2026-09-04,1498,unused,never in an index while trading,0
LCII,0,1995-01-03,2026-09-04,7972,clean,,96
LCOS,0,1997-12-31,2000-10-27,714,unused,never in an index while trading,0
LDG,0,1997-12-31,2008-10-30,2726,clean,,42
LDG,1,2015-08-12,2020-12-11,1345,unused,never in an index while trading,0
LDG,2,2021-12-14,2022-03-02,54,excluded,only 54 rows,0
LDL,0,1995-01-03,2021-09-30,6735,clean,,37
LDOS,0,2006-10-13,2026-09-04,5004,clean,,199
LEA,0,2009-11-09,2026-09-04,4231,clean,,71
LECO,0,1995-01-03,2026-09-04,7972,clean,,188
LEG,0,1995-01-03,2026-07-17,7937,clean,,321
LEHMQ,0,,,0,excluded,no data,0
LEN,0,1995-01-03,2026-09-04,7972,clean,,251
LESL,0,2020-10-29,2026-09-04,1469,clean,,29
LEU,0,1998-07-23,2026-09-04,7074,clean,,2
LFST,0,2021-06-10,2026-09-04,1316,clean,,4
LFUS,0,1995-01-03,2026-09-04,7972,clean,,117
LGIH,0,2013-11-07,2026-09-04,3225,clean,,96
LGND,0,1995-01-03,2026-09-04,7972,clean,,96
LGNT,0,,,0,excluded,no data,0
LGTO,0,2021-12-23,2025-03-11,746,unused,never in an index while trading,0
LH,0,1995-01-03,2026-09-04,7972,clean,,263
LHCG,0,2005-06-09,2023-02-21,4456,clean,,53
LHO,0,1998-04-24,2018-11-30,5187,clean,,43
LHX,0,1995-01-03,2026-09-04,7972,clean,,274
LI,0,2020-07-30,2026-09-04,1533,unused,never in an index while trading,0
LIF,0,2024-06-06,2026-09-04,564,clean,,6
LIFE,0,2026-01-29,2026-09-04,152,unused,never in an index while trading,0
LII,0,1999-07-29,2026-09-04,6818,clean,,188
LILA,0,2015-07-02,2026-09-04,2811,unused,never in an index while trading,0
LILAK,0,2015-07-02,2026-09-04,2811,unused,never in an index while trading,0
LIN,0,1995-01-03,2026-09-04,7972,clean,,380
LINB,0,,,0,excluded,no data,0
LION,0,2021-12-09,2026-09-04,1170,unused,never in an index while trading,0
LITE,0,2015-07-23,2026-09-04,2797,clean,,101
LIVN,0,1995-01-04,2026-09-04,7840,clean,,117
LKFN,0,1995-07-31,1995-07-31,1,excluded,only 1 rows,0
LKFN,1,1995-09-06,2026-09-04,7448,clean,,61
LKQ,0,2003-10-03,2026-09-04,5767,clean,,154
LKQX,0,,,0,excluded,no data,0
LKSD,0,2016-10-03,2019-12-27,815,clean,,16
LL,0,2007-11-09,2024-08-13,4216,clean,,51
LLL,0,2021-10-13,2022-10-07,249,unused,never in an index while trading,0
LLTC,0,1997-12-31,2017-03-10,4829,clean,,204
LLX,0,,,0,excluded,no data,0
LLY,0,1995-01-03,2026-09-04,7972,clean,,380
LM,0,1995-01-03,2020-07-31,6441,clean,,172
LMAT,0,2006-10-19,2026-09-04,5000,clean,,96
LMCA,0,2011-11-29,2017-01-24,1291,unused,never in an index while trading,0
LMCK,0,2014-07-09,2017-01-24,642,unused,never in an index while trading,0
LMNX,0,2025-10-16,2026-08-27,217,unused,never in an index while trading,0
LMT,0,1995-01-03,2026-09-04,7972,clean,,380
LNC,0,1995-01-03,2026-09-04,7972,clean,,380
LNCE,0,1995-12-21,2018-03-23,5593,clean,,16
LNCR,0,1995-01-03,2012-08-13,4431,clean,,20
LNN,0,1995-01-03,2026-09-04,7972,clean,,96
LNT,0,1995-01-03,2026-09-04,7972,clean,,188
LNTH,0,2015-06-24,2026-09-04,2817,clean,,96
LNW,0,1995-01-03,2025-12-04,7784,clean,,43
LNW,1,2026-01-27,2026-05-22,82,unused,never in an index while trading,0
LO,0,2002-02-01,2015-06-11,3363,clean,,84
LOCO,0,2014-07-25,2026-09-04,3047,clean,,58
LOGI,0,1997-03-27,2026-09-04,7407,unused,never in an index while trading,0
LOGM,0,2009-07-01,2020-08-28,2811,clean,,43
LOPE,0,2008-11-20,2026-09-04,4474,clean,,71
LOR,0,,,0,excluded,no data,0
LOTS,0,,,0,excluded,no data,0
LOW,0,1995-01-03,2026-09-04,7972,clean,,380
LPG,0,2014-05-08,2026-09-04,3101,clean,,66
LPI,0,2011-12-15,2023-03-10,2826,clean,,25
LPNT,0,1999-05-12,2018-11-15,4913,clean,,95
LPS,0,2008-06-24,2014-01-02,1392,clean,,37
LPSN,0,2000-04-07,2026-09-03,6640,clean,,57
LPT,0,1997-12-31,2020-02-03,5558,clean,,58
LPX,0,1995-01-03,2026-09-04,7972,clean,,330
LQDA,0,2018-07-26,2026-09-04,2039,clean,,2
LQDT,0,2006-02-23,2026-09-04,5166,clean,,96
LRCX,0,1995-01-03,2026-09-04,7972,clean,,188
LRN,0,2007-12-13,2026-09-04,4711,clean,,50
LRY,0,,,0,excluded,no data,0
LSCC,0,1995-01-03,2026-09-04,7972,clean,,65
LSI,0,1995-06-21,2023-07-19,7068,clean,,301
LSTR,0,1995-01-03,2026-09-04,7972,clean,,188
LTC,0,1995-01-03,2026-09-04,7972,clean,,96
LTH,0,2021-10-07,2026-09-04,1233,clean,,6
LTHM,0,2018-10-11,2024-01-03,1315,clean,,34
LTM,0,2024-07-25,2026-09-04,531,unused,never in an index while trading,0
LTXB,0,2006-10-03,2019-10-31,3293,clean,,14
LU,0,2020-10-30,2026-09-04,1468,unused,never in an index while trading,0
LUB,0,1995-01-03,2022-05-27,6901,clean,,23
LULU,0,2007-07-27,2026-09-04,4808,clean,,35
LUMN,0,1995-01-03,2026-09-04,7972,clean,,330
LUV,0,1995-01-03,2026-09-04,7971,clean,,380
LVLT,0,1998-03-31,2017-10-31,4931,clean,,35
LVNTA,0,2012-08-10,2018-03-09,1403,unused,never in an index while trading,0
LVS,0,2004-12-15,2026-09-04,5465,clean,,83
LW,0,2016-11-10,2026-09-04,2467,clean,,117
LWIN,0,1998-09-25,2002-12-10,1058,unused,never in an index while trading,0
LXK,0,1997-12-31,2016-11-28,4759,clean,,194
LXP,0,1995-01-03,2026-09-04,7972,clean,,96
LXU,0,1995-01-03,2026-09-04,7972,clean,,30
LYB,0,2010-04-28,2026-09-04,4115,clean,,168
LYFT,0,2019-03-22,2026-09-04,1872,clean,,6
LYLT,0,2021-11-02,2023-04-21,369,excluded,5 unexplained >50% moves,8
LYV,0,2005-12-14,2026-09-04,5213,clean,,136
LZ,0,2021-06-30,2026-09-04,1302,clean,,7
LZB,0,1995-01-03,2026-09-04,7972,clean,,96
M,0,1995-01-03,2026-09-04,7972,clean,,359
MA,0,2006-05-25,2026-09-04,5102,clean,,218
MAA,0,1995-01-03,2026-09-04,7972,clean,,380
MAC,0,1995-01-03,2026-09-04,7972,clean,,178
MAI,0,,,0,excluded,no data,0
MAN,0,1995-01-03,2026-09-04,7972,clean,,188
MANH,0,1998-04-23,2026-09-04,7137,clean,,135
MANT,0,2002-02-07,2022-09-13,5186,clean,,100
MAR,0,1995-01-03,2026-09-04,7972,clean,,380
MARA,0,2012-05-04,2026-09-04,3605,clean,,28
MAS,0,1995-01-03,2026-09-04,7972,clean,,380
MASI,0,2007-08-08,2026-06-12,4742,clean,,163
MAT,0,1995-01-03,2026-09-04,7972,clean,,377
MATV,0,1995-11-09,2026-09-04,7755,clean,,18
MATW,0,1995-01-03,2026-09-04,7972,clean,,148
MATX,0,1995-01-03,2026-09-04,7972,clean,,114
MAY,0,1997-12-31,2005-08-29,1927,clean,,92
MAY,1,2005-09-29,2005-09-29,1,excluded,only 1 rows,0
MAY,2,2006-07-13,2018-01-30,2901,excluded,40% zero-volume days,0
MBC,0,2022-12-09,2026-09-04,937,clean,,45
MBFI,0,1997-12-31,2019-03-21,5339,clean,,32
MBGL,0,2026-06-26,2026-09-04,50,excluded,only 50 rows,2
MBI,0,1995-01-03,2026-09-04,7972,clean,,156
MBIN,0,2017-10-27,2026-09-04,2225,clean,,7
MC,0,2014-04-16,2026-09-04,3116,clean,,39
MCD,0,1995-01-03,2026-09-04,7972,clean,,380
MCHP,0,1995-01-03,2026-09-04,7972,clean,,228
MCIC,0,1997-09-12,2025-05-16,6962,excluded,40% zero-volume days,12
MCIP,0,2004-02-25,2006-01-06,472,unused,never in an index while trading,0
MCK,0,1995-01-03,2026-09-04,7972,clean,,332
MCLD,0,2018-06-04,2023-11-16,1232,unused,never in an index while trading,0
MCO,0,1995-01-03,2026-09-04,7972,clean,,311
MCRI,0,1995-01-03,2026-09-04,7972,clean,,96
MCRS,0,1997-12-31,2014-09-08,4198,clean,,45
MCS,0,1995-01-03,2026-09-04,7972,clean,,70
MCW,0,2021-06-25,2026-06-08,1233,clean,,43
MCY,0,1995-01-03,2026-09-04,7972,clean,,188
MD,0,1995-09-20,2026-09-04,7791,clean,,211
MDB,0,2017-10-19,2026-09-04,2231,unused,never in an index while trading,0
MDC,0,1995-01-03,2024-04-18,7375,clean,,138
MDCO,0,2000-08-08,2020-01-03,4882,clean,,17
MDLZ,0,2001-06-13,2026-09-04,6345,clean,,234
MDP,0,1995-01-03,2021-12-01,6778,clean,,289
MDR,0,2003-09-10,2020-01-17,4118,clean,,19
MDR,1,2020-09-14,2020-10-05,16,excluded,only 16 rows,2
MDRX,0,1999-07-23,2026-09-04,6822,clean,,158
MDSO,0,2009-06-25,2019-10-28,2604,clean,,29
MDT,0,1995-01-03,2026-09-04,7972,clean,,380
MDU,0,1995-01-03,2026-09-04,7972,clean,,188
MDXG,0,2007-08-22,2007-08-22,1,excluded,only 1 rows,0
MDXG,1,2008-02-06,2026-09-04,4675,clean,,30
MEA,0,2004-06-29,2015-09-11,2822,unused,never in an index while trading,0
MED,0,1995-01-03,2026-09-04,7972,clean,,70
MEDI,0,2022-11-17,2026-09-04,952,unused,never in an index while trading,0
MEDP,0,2016-08-11,2026-09-04,2531,clean,,67
MEE,0,1997-12-31,2011-06-01,3376,clean,,72
MEI,0,1995-01-03,2026-09-04,7972,clean,,70
MEL,0,2008-11-06,2018-06-28,2427,excluded,56% zero-volume days,0
MELI,0,2007-08-10,2026-09-04,4798,unused,never in an index while trading,0
MENT,0,1997-12-31,2017-03-30,4843,clean,,75
MER,0,1997-12-31,2008-12-31,2768,clean,,132
MER,1,2018-08-28,2019-06-07,195,unused,never in an index while trading,0
MERC,0,1995-01-03,2026-09-04,7963,clean,,42
MERQ,0,1999-01-04,2006-11-08,1976,clean,,67
MET,0,2000-04-05,2026-09-04,6644,clean,,309
META,0,2012-05-18,2026-09-04,3595,clean,,153
MFE,0,1997-12-31,2011-02-28,3311,clean,,26
MFNX,0,,,0,excluded,no data,0
MFP,0,2026-06-29,2026-09-04,49,excluded,only 49 rows,2
MFST,0,2012-09-14,2013-05-10,98,excluded,7 unexplained >50% moves,0
MFST,1,2013-06-24,2021-09-16,2002,excluded,41 unexplained >50% moves,0
MGEE,0,1995-01-03,2026-09-04,7971,clean,,30
MGI,0,1997-12-22,2001-12-19,1004,unused,never in an index while trading,0
MGI,1,2002-12-19,2023-05-31,5146,unused,never in an index while trading,0
MGLN,0,1995-01-03,2022-01-03,6797,clean,,40
MGM,0,1995-01-03,2026-09-04,7972,clean,,110
MGMA,0,1997-12-31,1999-09-14,429,unused,never in an index while trading,0
MGMA,1,2001-06-26,2001-06-26,1,excluded,only 1 rows,0
MGMA,2,2002-11-05,2002-11-05,1,excluded,only 1 rows,0
MGMA,3,2003-05-05,2003-05-05,1,excluded,only 1 rows,0
MGMA,4,2003-07-14,2003-07-14,1,excluded,only 1 rows,0
MGMA,5,2003-09-03,2003-09-03,1,excluded,only 1 rows,0
MGMA,6,2003-12-12,2003-12-12,1,excluded,only 1 rows,0
MGMA,7,2004-02-19,2004-02-19,1,excluded,only 1 rows,0
MGMA,8,2004-06-04,2004-06-04,1,excluded,only 1 rows,0
MGMA,9,2004-07-27,2005-02-28,28,excluded,only 28 rows,0
MGMA,10,2005-06-21,2005-06-21,1,excluded,only 1 rows,0
MGMA,11,2005-07-25,2005-07-25,1,excluded,only 1 rows,0
MGMA,12,2005-11-09,2005-11-09,1,excluded,only 1 rows,0
MGMA,13,2006-02-22,2006-02-22,1,excluded,only 1 rows,0
MGMA,14,2006-04-25,2006-04-25,1,excluded,only 1 rows,0
MGMA,15,2006-09-22,2006-09-22,1,excluded,only 1 rows,0
MGMA,16,2006-11-30,2006-11-30,1,excluded,only 1 rows,0
MGMA,17,2007-03-01,2007-03-01,1,excluded,only 1 rows,0
MGMA,18,2007-05-03,2007-05-03,1,excluded,only 1 rows,0
MGMA,19,2007-08-23,2007-08-23,1,excluded,only 1 rows,0
MGMA,20,2007-09-28,2008-03-07,15,excluded,only 15 rows,0
MGMA,21,2008-04-22,2008-04-22,1,excluded,only 1 rows,0
MGMA,22,2008-10-07,2008-10-07,1,excluded,only 1 rows,0
MGMA,23,2008-11-19,2008-11-19,1,excluded,only 1 rows,0
MGMA,24,2009-04-20,2009-04-20,1,excluded,only 1 rows,0
MGMA,25,2009-07-30,2009-07-30,1,excluded,only 1 rows,0
MGMA,26,2010-03-03,2010-03-03,1,excluded,only 1 rows,0
MGMA,27,2010-05-21,2010-05-21,1,excluded,only 1 rows,0
MGMA,28,2010-07-27,2010-07-27,1,excluded,only 1 rows,0
MGMA,29,2010-11-01,2010-11-01,1,excluded,only 1 rows,0
MGMA,30,2010-12-28,2010-12-28,1,excluded,only 1 rows,0
MGMA,31,2011-03-16,2011-03-16,1,excluded,only 1 rows,0
MGMA,32,2011-04-18,2011-04-18,1,excluded,only 1 rows,0
MGMA,33,2011-06-13,2011-06-13,1,excluded,only 1 rows,0
MGMA,34,2011-07-22,2011-07-22,1,excluded,only 1 rows,0
MGMA,35,2012-05-04,2012-05-04,1,excluded,only 1 rows,0
MGMA,36,2012-12-31,2012-12-31,1,excluded,only 1 rows,0
MGMA,37,2013-06-10,2013-06-10,1,excluded,only 1 rows,0
MGMA,38,2013-08-19,2013-08-19,1,excluded,only 1 rows,0
MGMA,39,2013-12-19,2013-12-19,1,excluded,only 1 rows,0
MGMA,40,2014-03-28,2014-03-28,1,excluded,only 1 rows,0
MGMA,41,2014-11-25,2014-11-25,1,excluded,only 1 rows,0
MGMA,42,2015-07-23,2015-07-23,1,excluded,only 1 rows,0
MGMA,43,2015-09-18,2015-09-18,1,excluded,only 1 rows,0
MGMA,44,2015-11-11,2015-11-11,1,excluded,only 1 rows,0
MGMA,45,2015-12-15,2015-12-15,1,excluded,only 1 rows,0
MGMA,46,2016-01-21,2016-01-21,1,excluded,only 1 rows,0
MGMA,47,2016-09-08,2016-09-08,1,excluded,only 1 rows,0
MGMA,48,2017-01-25,2017-01-25,1,excluded,only 1 rows,0
MGMA,49,2017-10-19,2017-10-19,1,excluded,only 1 rows,0
MGMA,50,2017-12-19,2017-12-19,1,excluded,only 1 rows,0
MGMA,51,2018-04-09,2018-04-09,1,excluded,only 1 rows,0
MGMA,52,2018-10-02,2018-10-02,1,excluded,only 1 rows,0
MGMA,53,2019-02-06,2019-02-06,1,excluded,only 1 rows,0
MGMA,54,2019-04-24,2019-04-24,1,excluded,only 1 rows,0
MGMA,55,2019-07-02,2019-07-02,1,excluded,only 1 rows,0
MGMA,56,2019-11-15,2019-11-15,1,excluded,only 1 rows,0
MGMA,57,2019-12-26,2019-12-26,1,excluded,only 1 rows,0
MGMA,58,2020-03-30,2020-07-27,26,excluded,only 26 rows,0
MGMA,59,2020-08-26,2020-08-26,1,excluded,only 1 rows,0
MGMA,60,2020-11-19,2021-06-21,123,excluded,59% zero-volume days,0
MGMA,61,2023-06-30,2023-06-30,1,excluded,only 1 rows,0
MGMA,62,2024-05-15,2024-05-15,1,excluded,only 1 rows,0
MGPI,0,1995-01-03,2026-09-04,7972,clean,,87
MGY,0,2017-06-29,2026-09-04,2309,clean,,30
MHK,0,1995-01-03,2026-09-04,7972,clean,,188
MHLD,0,2008-05-06,2025-05-28,4291,clean,,30
MHO,0,1995-01-03,2026-09-04,7939,clean,,96
MHS,0,2003-08-20,2012-03-30,2170,clean,,104
MI,0,2015-11-25,2026-09-04,2537,excluded,16% zero-volume days,0
MICC,0,2025-12-08,2026-09-04,187,unused,never in an index while trading,0
MIDD,0,1995-01-03,2026-09-04,7972,clean,,69
MII,0,1997-12-31,1999-06-21,370,clean,,18
MIK,0,2014-06-27,2021-04-14,1711,clean,,48
MIL,0,2003-09-10,2010-07-14,1723,clean,,82
MIL,1,2011-09-30,2016-02-12,1099,unused,never in an index while trading,0
MIME,0,2015-11-18,2022-05-18,1636,clean,,9
MINI,0,1997-12-31,2020-06-30,5661,clean,,22
MIR,0,2020-08-20,2026-09-04,1518,clean,,12
MJN,0,2009-02-11,2017-06-14,2100,clean,,90
MKC,0,1995-01-03,2026-09-04,7972,clean,,282
MKG,0,1997-12-31,2000-10-17,706,clean,,34
MKSI,0,1999-03-30,2026-09-04,6902,clean,,105
MKTX,0,2004-11-05,2026-09-04,5492,clean,,117
ML,0,2020-08-17,2025-04-16,1173,unused,never in an index while trading,0
MLAB,0,1995-01-03,2026-09-04,7972,clean,,54
MLHR,0,1995-01-03,2021-12-31,6799,clean,,130
MLI,0,1995-01-03,2026-09-04,7972,clean,,96
MLKN,0,1995-01-03,2026-09-04,7972,clean,,58
MLM,0,1995-01-03,2026-09-04,7972,clean,,188
MLNM,0,1997-12-31,2008-05-14,2608,unused,never in an index while trading,0
MMED,0,2026-03-05,2026-09-04,128,unused,never in an index while trading,0
MMI,0,2013-10-31,2026-09-04,3230,clean,,66
MMM,0,1995-01-03,2026-09-04,7972,clean,,380
MMS,0,1997-06-13,2026-09-04,7353,clean,,136
MMSI,0,1995-01-03,2026-09-04,7965,clean,,96
MNK,0,2022-10-27,2023-08-28,209,unused,never in an index while trading,0
MNR,0,2023-10-25,2026-09-04,718,unused,never in an index while trading,0
MNRO,0,1995-01-03,2026-09-04,7972,clean,,94
MNST,0,1995-01-03,2026-09-04,7877,clean,,171
MNTA,0,2004-06-22,2020-09-30,4099,clean,,25
MO,0,1995-01-03,2026-09-04,7972,clean,,380
MOB,0,2022-08-25,2026-09-04,1011,unused,never in an index while trading,0
MODG,0,1995-01-03,2026-01-15,7812,clean,,41
MODV,0,2003-08-19,2025-09-04,5545,clean,,37
MOG-A,0,1995-01-03,2026-09-04,7972,clean,,96
MOH,0,2003-07-02,2026-09-04,5832,clean,,117
MOLX,0,1995-01-03,2013-12-06,4768,clean,,169
MON,0,2021-03-16,2022-12-23,450,excluded,21% zero-volume days,0
MORN,0,2005-05-03,2026-09-04,5370,clean,,35
MOS,0,1995-01-03,2026-09-04,7972,clean,,180
MOV,0,1995-01-04,2026-09-04,7881,clean,,73
MP,0,2020-06-22,2026-09-04,1560,clean,,49
MPAA,0,1995-01-03,1999-07-30,1139,unused,never in an index while trading,0
MPAA,1,2003-07-21,2026-09-04,5628,clean,,54
MPC,0,2011-06-23,2026-09-04,3823,clean,,183
MPT,0,2005-07-08,2026-09-04,5324,clean,,7
MPW,0,2005-07-08,2026-01-30,5174,clean,,110
MPWR,0,2004-11-19,2026-09-04,5482,clean,,117
MRCY,0,1998-01-30,2026-09-04,7194,clean,,79
MRK,0,1995-01-03,2026-09-04,7972,clean,,380
MRN,0,,,0,excluded,no data,0
MRNA,0,2018-12-07,2026-09-04,1946,clean,,62
MRO,0,1995-01-03,2024-11-22,7527,clean,,358
MRP,0,2025-02-05,2026-09-04,398,clean,,19
MRSH,0,1995-01-03,2026-09-04,7972,clean,,380
MRTN,0,1995-01-03,2026-09-04,7972,excluded,12% zero-volume days,66
MRVL,0,2000-06-27,2026-09-04,6587,clean,,3
MRX,0,2024-04-24,2026-09-04,594,unused,never in an index while trading,0
MS,0,1995-01-03,2026-09-04,7972,clean,,372
MSA,0,1995-01-03,2026-09-04,7972,clean,,188
MSCC,0,1997-12-31,2018-05-29,5135,clean,,27
MSCI,0,2007-11-15,2026-09-04,4730,clean,,188
MSEX,0,1995-01-03,2026-09-04,7972,clean,,62
MSFT,0,1995-01-03,2026-09-04,7972,clean,,380
MSGS,0,2015-09-17,2026-09-04,2758,clean,,37
MSI,0,1995-01-03,2026-09-04,7972,clean,,380
MSM,0,1995-12-15,2026-09-04,7730,clean,,188
MST,0,2025-05-02,2026-09-04,338,unused,never in an index while trading,0
MSTR,0,1998-06-11,2026-09-04,7103,clean,,36
MTB,0,1995-01-03,2026-09-04,7951,clean,,271
MTCH,0,1995-01-03,2026-09-04,7972,clean,,60
MTD,0,1997-11-14,2026-09-04,7245,clean,,346
MTDR,0,2012-02-02,2026-09-04,3669,clean,,111
MTG,0,1995-01-03,2026-09-04,7972,clean,,214
MTH,0,1995-01-03,2026-09-04,7959,clean,,96
MTL,0,2004-10-29,2022-02-25,4362,unused,never in an index while trading,0
MTN,0,1997-02-04,2026-09-04,7443,clean,,35
MTOR,0,1997-09-15,2022-08-02,6262,clean,,17
MTRN,0,1995-01-03,2026-09-04,7972,clean,,96
MTRX,0,1995-01-03,2026-09-04,7957,clean,,40
MTSC,0,1995-01-03,2021-04-06,6597,clean,,31
MTSI,0,2012-03-15,2026-09-04,3640,clean,,49
MTUS,0,2014-06-19,2026-09-04,3072,clean,,28
MTW,0,1995-01-03,2026-09-04,7967,clean,,21
MTX,0,1995-01-03,2026-09-04,7972,clean,,188
MTZ,0,1995-01-03,2026-09-04,7972,clean,,93
MU,0,1995-01-03,2026-09-04,7972,clean,,380
MUR,0,1995-01-03,2026-09-04,7972,clean,,252
MUSA,0,2013-08-19,2026-09-04,3282,clean,,154
MWA,0,2006-05-26,2026-09-04,5101,clean,,18
MWI,0,1997-12-31,2004-02-27,1548,clean,,17
MWI,1,2014-07-21,2014-07-21,1,excluded,only 1 rows,0
MWW,0,1997-12-31,2016-10-31,4740,clean,,144
MXIM,0,1995-01-03,2021-08-25,6710,clean,,121
MXL,0,2010-03-24,2026-09-04,4139,clean,,96
MXS,0,,,0,excluded,no data,0
MYE,0,1995-01-03,2026-09-04,7972,clean,,74
MYG,0,2003-09-10,2006-03-31,645,clean,,30
MYG,1,2008-11-18,2009-02-06,42,excluded,only 42 rows,0
MYGN,0,1995-10-06,2026-09-04,7779,clean,,90
MYRG,0,2008-08-12,2026-09-04,4545,clean,,96
MZ,0,,,0,excluded,no data,0
MZTI,0,1995-01-03,2026-09-04,7972,clean,,13
N,0,2007-12-20,2016-11-04,2236,unused,never in an index while trading,0
NABL,0,2021-07-19,2026-09-04,1290,clean,,41
NAE,0,,,0,excluded,no data,0
NAL,0,2004-04-01,2010-05-06,1535,excluded,13% zero-volume days,0
NAL,1,2013-12-16,2013-12-16,1,excluded,only 1 rows,0
NANO,0,1995-01-04,2019-10-25,6230,clean,,14
NARI,0,2020-05-22,2025-02-18,1191,clean,,32
NATI,0,1995-03-14,2023-10-10,7193,clean,,153
NATL,0,2023-10-11,2026-09-04,728,clean,,35
NAV,0,1995-01-03,2021-06-30,6671,clean,,143
NAVG,0,1997-12-31,2019-05-22,5382,clean,,9
NAVI,0,2014-04-17,2026-09-04,3115,clean,,147
NBHC,0,2012-09-20,2026-09-04,3509,clean,,96
NBIS,0,2011-05-24,2022-02-25,2709,unused,never in an index while trading,0
NBIS,1,2024-10-21,2026-09-04,470,unused,never in an index while trading,0
NBIX,0,1996-05-23,2026-09-04,7619,clean,,65
NBL,0,1995-01-03,2020-10-09,6490,clean,,156
NBR,0,1995-01-03,2026-09-04,7972,clean,,291
NBTB,0,1995-01-03,2026-09-04,7972,clean,,96
NC,0,1995-01-03,2026-09-04,7972,clean,,65
NCC,0,2012-05-03,2014-07-11,548,excluded,16% zero-volume days,0
NCC,1,2019-12-16,2019-12-16,1,excluded,only 1 rows,0
NCE,0,1997-12-31,2000-08-18,665,clean,,32
NCI,0,2024-04-23,2026-09-04,595,excluded,7 unexplained >50% moves,0
NCLH,0,2013-01-18,2026-09-04,3428,clean,,107
NCR,0,1996-12-11,2023-12-18,6800,clean,,245
NDAQ,0,2002-07-01,2026-09-04,6085,clean,,215
NDN,0,1997-12-31,2012-01-13,3533,clean,,13
NDN,1,2014-12-04,2015-12-15,260,excluded,19% zero-volume days,0
NDN,2,2016-12-15,2018-01-31,283,unused,never in an index while trading,0
NDSN,0,1995-01-03,2026-09-04,7972,clean,,188
NE,0,2021-06-09,2026-09-04,1317,clean,,12
NEC,0,2016-01-27,2016-01-27,1,excluded,only 1 rows,0
NEE,0,1995-01-03,2026-09-04,7972,clean,,380
NEM,0,1995-01-03,2026-09-04,7972,clean,,380
NEO,0,1999-11-10,2026-09-04,6470,clean,,66
NEOG,0,1995-01-03,2026-09-04,7970,clean,,96
NEU,0,1995-01-03,2026-09-04,7972,clean,,188
NEWM,0,2014-02-04,2019-11-19,1460,clean,,15
NEX,0,2017-01-19,2023-09-06,1669,clean,,6
NFB,0,1997-12-31,2006-11-30,2244,clean,,52
NFBK,0,2007-11-08,2026-07-20,4701,clean,,70
NFG,0,1995-01-03,2026-09-04,7972,clean,,188
NFLX,0,2002-05-23,2026-09-04,6111,clean,,189
NFX,0,1995-01-03,2019-02-13,6072,clean,,98
NFX,1,2026-07-07,2026-09-04,44,excluded,only 44 rows,0
NGH,0,1997-12-31,2000-12-11,744,clean,,27
NGH,1,2004-12-15,2014-01-06,2280,excluded,47% zero-volume days,0
NGH,2,2015-02-09,2015-02-09,1,excluded,only 1 rows,0
NGVT,0,2016-05-02,2026-09-04,2602,clean,,96
NHC,0,1995-01-03,2026-09-04,7972,clean,,33
NHI,0,1995-01-03,2026-09-04,7972,clean,,2
NHP,0,2026-04-22,2026-09-04,95,unused,never in an index while trading,0
NI,0,1995-01-03,2026-09-04,7972,clean,,310
NIC,0,2013-05-17,2026-09-04,3346,clean,,2
NIHD,0,2015-07-09,2019-12-31,1129,unused,never in an index while trading,0
NJR,0,1995-01-03,2026-09-04,7971,clean,,117
NKE,0,1995-01-03,2026-09-04,7972,clean,,380
NKTR,0,1995-01-03,2026-09-04,7928,clean,,59
NLC,0,2004-11-11,2011-12-01,1778,unused,never in an index while trading,0
NLC,1,2013-12-16,2018-01-30,1038,excluded,58% zero-volume days,0
NLI,0,,,0,excluded,no data,0
NLOK,0,1995-01-03,2022-11-10,7016,unused,never in an index while trading,0
NLS,0,1999-05-05,2024-01-02,6206,clean,,30
NLSN,0,2011-01-26,2022-10-11,2948,clean,,111
NLV,0,,,0,excluded,no data,0
NLY,0,1997-10-08,2026-09-04,7272,clean,,48
NMIH,0,2013-11-08,2026-09-04,3224,clean,,96
NMK,0,,,0,excluded,no data,0
NNN,0,1995-01-03,2026-09-04,7972,clean,,154
NOC,0,1995-01-03,2026-09-04,7972,clean,,380
NOG,0,2007-01-10,2007-01-10,1,excluded,only 1 rows,0
NOG,1,2007-02-15,2007-02-15,1,excluded,only 1 rows,0
NOG,2,2007-03-23,2026-09-04,4886,clean,,43
NOV,0,1996-10-29,2026-09-04,7510,clean,,258
NOVL,0,1997-12-31,2011-04-27,3352,clean,,160
NOVT,0,1999-03-24,2026-09-04,6905,clean,,50
NOW,0,2012-06-29,2026-09-04,3566,clean,,82
NP,0,2025-10-01,2026-09-04,234,unused,never in an index while trading,0
NPK,0,1995-01-03,2026-09-04,7972,clean,,96
NPO,0,2002-05-24,2026-09-04,6110,clean,,96
NR,0,1995-01-03,2024-12-19,7545,clean,,30
NRG,0,2003-12-02,2026-09-04,5726,clean,,200
NSA,0,2015-04-22,2026-07-21,2828,clean,,94
NSC,0,1995-01-03,2026-09-04,7972,clean,,380
NSCP,0,1997-12-31,1999-03-17,304,unused,never in an index while trading,0
NSI,0,2023-12-07,2026-09-04,688,unused,never in an index while trading,0
NSIT,0,1995-01-24,2026-09-04,7957,clean,,96
NSM,0,2012-03-08,2018-07-30,1609,unused,never in an index while trading,0
NSOL,0,1997-12-31,2000-06-08,615,unused,never in an index while trading,0
NSP,0,1997-01-29,2026-09-04,7447,clean,,96
NSR,0,2015-02-11,2015-02-11,1,excluded,only 1 rows,1
NSR,1,2015-03-31,2015-03-31,1,excluded,only 1 rows,1
NSR,2,2015-07-27,2015-07-27,1,excluded,only 1 rows,1
NSR,3,2015-09-24,2015-09-24,1,excluded,only 1 rows,1
NSR,4,2015-12-10,2022-08-12,1667,excluded,61% zero-volume days,21
NSSC,0,1995-01-03,2026-09-04,7972,clean,,6
NST,0,1999-08-25,2010-03-04,2647,excluded,11% zero-volume days,0
NST,1,2017-10-03,2018-01-30,80,unused,never in an index while trading,0
NT,0,,,0,excluded,no data,0
NTAP,0,1995-11-21,2026-09-04,7747,clean,,327
NTCT,0,1999-08-12,2026-09-04,6808,clean,,117
NTES,0,2000-06-30,2026-09-04,6584,unused,never in an index while trading,0
NTGR,0,2003-07-31,2026-09-04,5812,clean,,60
NTNX,0,2016-09-30,2026-09-04,2496,clean,,11
NTRI,0,2000-03-30,2019-03-07,4763,clean,,7
NTRS,0,1995-01-03,2026-09-04,7972,clean,,344
NTST,0,2020-08-13,2026-09-04,1523,clean,,3
NTUS,0,2001-07-20,2022-07-20,5277,clean,,17
NUAN,0,1995-12-11,2022-03-03,6603,unused,never in an index while trading,0
NUE,0,1995-01-03,2026-09-04,7972,clean,,380
NUS,0,1996-11-22,2026-09-04,7492,clean,,90
NUVA,0,2004-05-13,2023-08-31,4859,clean,,81
NVDA,0,1999-01-22,2026-09-04,6948,clean,,298
NVE,0,1997-12-31,2013-12-19,4019,clean,,36
NVE,1,2020-04-23,2020-04-23,1,excluded,only 1 rows,0
NVEE,0,2013-09-30,2025-07-31,2888,clean,,44
NVLS,0,2003-09-10,2012-06-04,2200,clean,,105
NVLS,1,2015-06-17,2017-07-24,530,unused,never in an index while trading,0
NVR,0,1995-01-03,2026-09-04,7968,clean,,188
NVRI,0,1995-01-03,2026-09-04,7972,clean,,31
NVST,0,2019-09-18,2026-09-04,1751,clean,,65
NVT,0,2018-04-17,2026-09-04,2108,clean,,100
NWA,0,,,0,excluded,no data,0
NWBI,0,1995-01-03,2026-09-04,7959,clean,,96
NWE,0,2004-11-02,2026-09-04,5495,clean,,117
NWL,0,1995-01-03,2026-09-04,7972,clean,,380
NWN,0,1995-01-03,2026-09-04,7972,clean,,96
NWS,0,2013-06-19,2026-09-04,3324,clean,,132
NWSA,0,2013-06-19,2026-09-04,3324,clean,,159
NX,0,1995-01-03,2026-09-04,7972,clean,,96
NXGN,0,1995-01-03,2023-11-08,7196,clean,,32
NXPI,0,2010-08-06,2026-09-04,4044,clean,,66
NXRT,0,2015-03-19,2026-09-04,2884,clean,,66
NXST,0,2003-11-24,2026-09-04,5731,clean,,45
NXT,0,2023-02-09,2026-09-04,896,clean,,27
NXTL,0,1997-12-31,2005-08-12,1916,clean,,89
NYB,0,,,0,excluded,no data,0
NYCB,0,1995-01-03,2024-11-14,7516,clean,,133
NYMT,0,2004-06-24,2025-09-02,5304,clean,,84
NYN,0,,,0,excluded,no data,0
NYT,0,1995-01-03,2026-09-04,7972,clean,,379
NYX,0,2009-07-23,2013-11-12,1082,excluded,17% zero-volume days,52
O,0,1995-01-03,2026-09-04,7972,clean,,188
OA,0,1997-12-31,2018-06-06,5141,clean,,38
OAS,0,2010-06-17,2020-10-09,2598,clean,,29
OAS,1,2020-11-20,2022-07-01,405,clean,,4
OAT,0,1997-12-31,2001-08-02,905,clean,,44
OC,0,2006-09-20,2026-09-04,5021,clean,,83
OCLR,0,2000-04-11,2018-12-07,4695,clean,,4
OCR,0,1997-12-31,2015-08-17,4435,clean,,56
ODFL,0,1995-01-03,2026-09-04,7972,clean,,136
ODP,0,1995-01-03,2025-12-09,7787,clean,,309
OFC,0,1995-01-03,2023-11-16,7082,clean,,153
OFG,0,1995-01-03,2026-09-04,7972,clean,,96
OFIS,0,1997-12-31,2001-09-04,927,unused,never in an index while trading,0
OFIX,0,1995-01-03,2026-09-04,7968,clean,,63
OGE,0,1995-01-03,2026-09-04,7972,clean,,188
OGN,0,2021-05-14,2026-09-04,1334,clean,,63
OGS,0,2014-01-16,2026-09-04,3178,clean,,136
OHI,0,1995-01-03,2026-09-04,7972,clean,,188
OHP,0,1997-12-31,2004-07-29,1653,unused,never in an index while trading,0
OHP,1,2007-11-15,2007-11-15,1,excluded,only 1 rows,0
OHP,2,2008-01-28,2008-01-28,1,excluded,only 1 rows,0
OHP,3,2010-04-08,2010-04-08,1,excluded,only 1 rows,0
OHP,4,2011-11-17,2011-11-17,1,excluded,only 1 rows,0
OI,0,1995-01-03,2026-09-04,7972,clean,,380
OII,0,1995-01-03,2026-09-04,7972,clean,,188
OIS,0,2001-02-09,2026-09-04,6430,clean,,113
OK,0,1997-12-31,2001-04-02,820,clean,,39
OKE,0,1995-01-03,2026-09-04,7972,clean,,277
OKTA,0,2017-04-07,2026-09-04,2366,clean,,17
OLED,0,1995-06-23,1995-06-23,1,excluded,only 1 rows,0
OLED,1,1996-04-15,2026-09-04,7643,clean,,84
OLLI,0,2015-07-16,2026-09-04,2802,clean,,98
OLN,0,1995-01-03,2026-09-04,7972,clean,,188
OM,0,2020-09-15,2026-09-04,1501,unused,never in an index while trading,0
OMC,0,1995-01-03,2026-09-04,7972,clean,,345
OMCL,0,2001-08-07,2026-09-04,6307,clean,,96
OMI,0,1995-01-03,2026-03-04,7844,clean,,171
OMX,0,1995-01-03,2013-11-05,4745,clean,,161
ON,0,2000-04-28,2026-09-04,6628,clean,,51
ONB,0,1995-01-03,2026-09-04,7972,clean,,96
ONE,0,2003-09-11,2004-06-30,189,clean,,9
ONE,1,2010-06-17,2022-07-01,3032,excluded,16% zero-volume days,0
ONL,0,2021-11-01,2026-09-04,1211,clean,,22
ONTO,0,1995-01-04,2026-09-04,7953,clean,,66
OPB,0,2014-04-16,2020-05-29,1541,clean,,21
OPCH,0,1996-08-15,2026-09-04,7562,clean,,61
OPI,0,2026-06-18,2026-09-04,55,excluded,only 55 rows,0
OPLN,0,2009-12-11,2026-09-04,4208,clean,,8
OPRX,0,2005-05-18,2005-05-18,1,excluded,only 1 rows,0
OPRX,1,2005-06-21,2005-06-21,1,excluded,only 1 rows,0
OPRX,2,2005-08-08,2026-09-04,5270,clean,,17
ORA,0,2004-11-11,2026-09-04,5488,clean,,50
ORCL,0,1995-01-03,2026-09-04,7972,clean,,380
ORGO,0,2017-01-05,2018-10-30,260,unused,never in an index while trading,0
ORGO,1,2019-01-08,2026-09-04,1924,clean,,21
ORI,0,1995-01-03,2026-09-04,7972,clean,,188
ORIT,0,2007-01-24,2019-11-29,3237,clean,,15
ORLY,0,1995-01-03,2026-09-04,7972,clean,,210
ORN,0,2007-12-20,2026-09-04,4706,clean,,30
ORX,0,1997-12-31,1999-02-26,291,clean,,14
OSG,0,2013-05-01,2026-09-04,3358,clean,,3
OSI,0,2021-07-06,2024-05-17,537,unused,never in an index while trading,0
OSIS,0,1997-10-02,2026-09-04,7270,clean,,96
OSK,0,1995-01-03,2026-09-04,7972,clean,,188
OSPN,0,1998-03-23,2026-09-04,7158,clean,,63
OSUR,0,1995-01-03,2026-09-04,7971,clean,,70
OSW,0,2017-11-17,2026-09-04,2210,clean,,7
OTIS,0,2020-03-19,2026-09-04,1625,clean,,77
OTTR,0,1995-01-03,2026-09-04,7972,clean,,43
OUT,0,2014-03-28,2026-09-04,3129,clean,,48
OVV,0,2001-08-21,2026-09-04,6297,clean,,39
OXM,0,1995-01-03,2026-09-04,7972,clean,,94
OXY,0,1995-01-03,2026-09-04,7972,clean,,380
OZK,0,1997-07-17,2026-09-04,7330,clean,,98
OZRK,0,1997-07-17,2018-07-13,5283,clean,,37
P,0,2011-06-15,2026-09-04,3829,clean,,4
PAC,0,2006-02-24,2026-09-04,5165,unused,never in an index while trading,0
PACW,0,2000-06-05,2023-11-30,5777,clean,,136
PAG,0,1996-10-23,2026-09-04,7514,clean,,37
PAGE,0,1997-12-31,2000-07-14,640,unused,never in an index while trading,0
PAGE,1,2016-07-26,2016-07-26,1,excluded,only 1 rows,0
PAHC,0,2014-04-11,2026-09-04,3119,clean,,96
PAIR,0,,,0,excluded,no data,0
PALM,0,2000-03-02,2010-06-30,2598,clean,,25
PANW,0,2012-07-20,2026-09-04,3552,clean,,39
PAR,0,1995-01-03,2026-09-04,7972,clean,,116
PARR,0,2012-09-05,2026-09-04,3520,clean,,96
PAS,0,1997-12-31,2010-02-26,3058,clean,,1
PAS,1,2012-05-07,2012-05-07,1,excluded,only 1 rows,0
PAS,2,2013-12-16,2018-01-30,1038,excluded,49% zero-volume days,0
PATH,0,2021-04-21,2026-09-04,1351,clean,,8
PATK,0,1995-01-03,2026-09-04,7972,clean,,96
PAY,0,2021-05-26,2026-09-04,1326,unused,never in an index while trading,0
PAYC,0,2014-04-15,2026-09-04,3117,clean,,80
PAYO,0,2020-10-16,2026-09-04,1478,clean,,47
PAYX,0,1995-01-03,2026-09-04,7972,clean,,336
PB,0,1998-11-12,2026-09-04,6995,clean,,157
PBCT,0,1995-01-03,2022-04-04,6863,clean,,161
PBF,0,2012-12-13,2026-09-04,3452,clean,,113
PBG,0,1999-03-31,2018-01-30,4740,excluded,53 unexplained >50% moves,105
PBG,1,2020-01-24,2020-01-24,1,excluded,only 1 rows,0
PBH,0,2005-02-10,2026-09-04,5426,clean,,117
PBI,0,1995-01-03,2026-09-04,7972,clean,,379
PBY,0,2016-01-04,2021-06-14,1371,excluded,44% zero-volume days,0
PCAR,0,1995-01-03,2026-09-04,7972,clean,,380
PCG,0,1995-01-03,2026-09-04,7972,clean,,336
PCH,0,1995-01-03,2026-01-30,7822,clean,,258
PCL,0,2025-08-01,2026-09-04,276,excluded,24% zero-volume days,0
PCP,0,1997-12-31,2016-01-29,4549,clean,,104
PCRX,0,2011-02-03,2026-09-04,3920,clean,,66
PCS,0,2025-08-01,2026-09-04,276,excluded,15% zero-volume days,0
PCTY,0,2014-03-19,2026-09-04,3136,clean,,67
PCX,0,2007-12-28,2018-01-30,2527,excluded,51% zero-volume days,34
PCX,1,2021-12-14,2022-06-06,120,excluded,43% zero-volume days,0
PD,0,2019-04-11,2026-09-04,1861,unused,never in an index while trading,0
PDCE,0,1995-01-03,2023-08-04,7198,clean,,59
PDCO,0,1995-01-03,2025-04-16,7624,clean,,233
PDD,0,2018-07-26,2026-09-04,2039,unused,never in an index while trading,0
PDE,0,1997-12-31,2011-05-31,3375,clean,,5
PDFS,0,2001-07-27,2026-09-04,6314,clean,,96
PDG,0,1997-12-31,2006-03-08,2058,clean,,55
PDG,1,2014-07-29,2015-03-26,167,unused,never in an index while trading,0
PDG,2,2016-01-27,2016-01-27,1,excluded,only 1 rows,0
PDLI,0,1995-01-03,2020-12-30,6546,unused,never in an index while trading,0
PEB,0,2009-12-09,2026-09-04,4210,clean,,84
PECO,0,2021-02-25,2026-09-04,1389,clean,,39
PEG,0,1995-01-03,2026-09-04,7972,clean,,380
PEGA,0,1996-07-19,2026-09-04,7581,clean,,16
PEI,0,1995-01-03,2023-02-16,7082,clean,,30
PEL,0,,,0,excluded,no data,0
PEN,0,2015-09-17,2026-09-04,2757,clean,,83
PENG,0,2017-05-24,2026-09-04,2334,clean,,13
PENN,0,1995-01-03,2026-09-04,7971,clean,,95
PEP,0,1995-01-03,2026-09-04,7972,clean,,380
PERY,0,1997-12-31,2018-10-19,5236,clean,,2
PES,0,1995-01-04,1996-06-13,76,excluded,4 unexplained >50% moves,0
PES,1,1996-07-24,1997-03-17,39,excluded,only 39 rows,0
PES,2,1997-04-18,2019-08-16,5191,clean,,12
PET,0,2021-09-27,2025-09-02,987,unused,never in an index while trading,0
PETM,0,1997-12-31,2015-03-11,4325,clean,,50
PETS,0,1997-09-16,2026-09-04,7035,clean,,57
PFBC,0,1999-08-19,2026-09-04,6803,excluded,20% zero-volume days,96
PFE,0,1995-01-03,2026-09-04,7972,clean,,380
PFG,0,2001-10-23,2026-09-04,6257,clean,,290
PFGC,0,2015-10-01,2026-09-04,2748,clean,,60
PFS,0,2003-01-16,2026-09-04,5947,clean,,96
PG,0,1995-01-03,2026-09-04,7972,clean,,380
PGL,0,1997-12-31,2007-02-21,2298,clean,,110
PGL,1,2009-01-30,2017-09-22,2177,unused,never in an index while trading,0
PGN,0,2014-07-21,2015-12-17,358,unused,never in an index while trading,0
PGNX,0,1997-11-19,2020-06-19,5681,clean,,22
PGNY,0,2019-10-25,2026-09-04,1724,clean,,65
PGR,0,1995-01-03,2026-09-04,7972,clean,,349
PGTI,0,2006-06-28,2024-03-27,4465,clean,,67
PH,0,1995-01-03,2026-09-04,7972,clean,,380
PHA,0,1997-12-31,2003-04-15,1329,clean,,64
PHB,0,2007-11-15,2026-02-20,4590,unused,never in an index while trading,0
PHIN,0,2023-06-28,2026-09-04,801,clean,,38
PHM,0,1995-01-03,2026-09-04,7972,clean,,380
PHSYB,0,,,0,excluded,no data,0
PHYC,0,,,0,excluded,no data,0
PI,0,2016-07-21,2026-09-04,2546,clean,,24
PII,0,1995-01-03,2026-09-04,7972,clean,,188
PINC,0,2026-06-11,2026-09-04,59,excluded,only 59 rows,0
PINS,0,2019-04-11,2026-09-04,1861,clean,,8
PIPR,0,2003-12-19,2026-09-04,5712,clean,,66
PIXR,0,1997-12-31,2006-05-05,2099,unused,never in an index while trading,0
PJC,0,2003-12-19,2020-01-10,4041,clean,,17
PJT,0,2015-09-22,2026-09-04,2755,clean,,33
PK,0,2016-12-13,2026-09-04,2445,clean,,83
PKE,0,1995-01-03,2026-09-04,7972,clean,,54
PKG,0,2000-01-28,2026-09-04,6691,clean,,188
PL,0,2021-04-26,2026-09-04,1348,unused,never in an index while trading,0
PLAB,0,1995-01-03,2026-09-04,7972,clean,,96
PLAY,0,2014-10-10,2026-09-04,2993,clean,,90
PLCE,0,1997-09-19,2026-09-04,7285,clean,,57
PLCM,0,1997-12-31,2016-09-26,4715,clean,,69
PLD,0,1997-11-21,2026-09-04,7240,clean,,278
PLL,0,2017-11-07,2025-08-29,1895,unused,never in an index while trading,0
PLMR,0,2019-04-17,2026-09-04,1857,clean,,66
PLNT,0,2015-08-06,2026-09-04,2787,clean,,39
PLT,0,2025-08-19,2026-01-26,110,unused,never in an index while trading,0
PLTR,0,2020-09-30,2026-09-04,1490,clean,,24
PLUS,0,1996-11-15,2026-09-04,7497,clean,,96
PLXS,0,1995-01-03,2026-09-04,7970,clean,,96
PM,0,2008-03-17,2026-09-04,4648,clean,,222
PMCS,0,1999-01-04,2016-01-14,4286,clean,,101
PMI,0,2025-08-29,2026-09-04,256,excluded,6 unexplained >50% moves,0
PMT,0,2009-07-30,2026-09-04,4302,clean,,96
PMTC,0,,,0,excluded,no data,0
PNC,0,1995-01-03,2026-09-04,7972,clean,,380
PNFP,0,2000-08-21,2026-09-04,6345,clean,,105
PNM,0,1995-01-03,2024-10-04,7492,clean,,166
PNR,0,1995-01-03,2026-09-04,7972,clean,,188
PNRA,0,1997-12-31,2017-07-17,4917,clean,,78
PNTG,0,2019-10-01,2026-09-04,1742,clean,,24
PNU,0,1997-12-31,2000-03-31,568,clean,,27
PNW,0,1995-01-03,2026-09-04,7972,clean,,323
PODD,0,2007-05-15,2026-09-04,4859,clean,,42
POL,0,2016-01-04,2019-12-13,995,clean,,48
POL,1,2020-07-31,2024-04-03,924,excluded,19 unexplained >50% moves,6
POLY,0,1995-01-03,2022-08-26,6959,clean,,15
POM,0,2025-10-08,2026-09-04,229,excluded,5 unexplained >50% moves,0
POOL,0,1995-10-13,2026-09-04,7774,clean,,116
POR,0,2006-03-31,2026-09-04,5140,clean,,51
POST,0,2012-01-27,2026-09-04,3673,clean,,157
POWI,0,1997-12-12,2026-09-04,7226,clean,,96
POWL,0,1995-01-03,2026-09-04,7972,clean,,96
PPBI,0,1997-06-25,2025-08-28,6787,clean,,84
PPC,0,1995-01-03,2026-09-04,7967,clean,,83
PPDI,0,1997-12-31,2011-12-05,3506,clean,,12
PPG,0,1995-01-03,2026-09-04,7972,clean,,380
PPL,0,1995-01-03,2026-09-04,7972,clean,,370
PPLI,0,1995-01-03,2026-09-04,7972,clean,,3
PPW,0,1997-12-31,1999-11-29,482,clean,,23
PPW,1,2017-05-02,2017-05-02,1,excluded,only 1 rows,0
PR,0,2016-04-15,2026-09-04,2613,clean,,35
PRA,0,1995-01-03,2026-06-25,7922,clean,,93
PRAA,0,2002-11-08,2026-09-04,5993,clean,,94
PRAH,0,2014-11-13,2021-06-30,1668,clean,,36
PRD,0,1997-12-31,2001-10-09,948,clean,,36
PRDO,0,1998-01-29,2026-09-04,7195,clean,,66
PRFT,0,1999-07-29,2024-09-30,6189,clean,,73
PRG,0,1995-01-03,2026-09-04,7972,excluded,15% zero-volume days,67
PRGO,0,1995-01-03,2026-09-04,7972,clean,,188
PRGS,0,1995-01-03,2026-09-04,7972,clean,,96
PRI,0,2010-04-01,2026-09-04,4133,clean,,162
PRIM,0,2006-10-26,2026-09-04,4805,clean,,9
PRK,0,1995-01-03,2026-09-04,7972,clean,,8
PRKS,0,2013-04-19,2026-09-04,3366,clean,,12
PRLB,0,2012-02-24,2026-09-04,3654,clean,,96
PRSC,0,2003-08-19,2021-01-06,4375,clean,,29
PRSP,0,2018-05-24,2021-05-06,743,clean,,32
PRSU,0,1995-01-03,2026-09-04,7972,clean,,14
PRU,0,2001-12-13,2026-09-04,6221,clean,,290
PRVA,0,2021-04-28,2026-09-04,1346,clean,,39
PRXL,0,1997-12-31,2017-09-29,4970,clean,,10
PSA,0,1995-01-03,2026-09-04,7972,clean,,253
PSB,0,1995-01-03,2022-07-19,6920,clean,,46
PSFT,0,2008-04-10,2021-01-29,3225,excluded,89% zero-volume days,0
PSKY,0,1995-01-03,2026-09-04,7972,clean,,380
PSMT,0,1997-09-02,2026-09-04,7298,clean,,66
PSN,0,2019-05-08,2026-09-04,1843,clean,,24
PSS,0,1996-04-17,2012-10-08,4150,clean,,22
PSTG,0,2015-10-07,2026-04-16,2646,clean,,28
PSX,0,2012-04-12,2026-09-04,3621,clean,,173
PT,0,2018-10-25,2026-03-19,1846,unused,never in an index while trading,0
PTC,0,1995-01-03,2026-09-04,7972,clean,,151
PTCM,0,,,0,excluded,no data,0
PTCT,0,2013-06-20,2026-09-04,3323,clean,,9
PTEN,0,1995-01-03,2026-09-04,7972,clean,,188
PTGX,0,2016-08-11,2026-09-04,2531,clean,,26
PTON,0,2019-09-26,2026-09-04,1745,clean,,3
PTV,0,1999-10-27,2010-11-16,2782,clean,,132
PUMP,0,2017-03-17,2026-09-04,2381,clean,,84
PVAC,0,2016-11-15,2021-12-17,1280,clean,,40
PVH,0,1995-01-03,2026-09-04,7972,clean,,188
PVN,0,1999-01-04,2005-09-30,1697,clean,,80
PVT,0,2019-03-25,2019-12-18,188,excluded,11% zero-volume days,0
PVTB,0,1999-06-30,2017-06-22,4525,clean,,6
PWER,0,2023-11-29,2026-09-04,694,unused,never in an index while trading,0
PWJ,0,1997-12-31,2000-11-03,719,clean,,17
PWR,0,1998-02-12,2026-09-04,7185,clean,,207
PXD,0,1995-01-03,2024-05-02,7385,clean,,188
PXP,0,2002-12-18,2013-05-30,2629,clean,,29
PYPL,0,2015-07-06,2026-09-04,2810,clean,,134
PZE,0,2000-01-26,2018-05-18,4608,unused,never in an index while trading,0
PZZA,0,1995-01-03,2026-09-04,7972,clean,,117
Q,0,2024-12-31,2024-12-31,1,excluded,only 1 rows,0
Q,1,2025-10-27,2026-09-04,216,clean,,10
QCOM,0,1995-01-03,2026-09-04,7972,clean,,326
QCP,0,2016-11-01,2018-07-26,436,clean,,20
QDEL,0,1995-01-03,2026-09-04,7972,clean,,68
QEP,0,2010-06-16,2021-03-16,2706,clean,,111
QGEN,0,1996-06-28,2026-09-04,7593,unused,never in an index while trading,0
QHC,0,2016-04-21,2020-04-06,993,clean,,20
QLGC,0,1999-01-04,2016-08-15,4433,clean,,152
QLYS,0,2012-09-28,2026-09-04,3503,clean,,96
QMCO,0,1995-01-03,2026-09-04,7972,unused,never in an index while trading,0
QNST,0,2010-02-11,2026-09-04,4167,clean,,96
QRTEA,0,2006-05-04,2025-02-21,4731,unused,never in an index while trading,0
QRVO,0,1997-06-03,2026-09-04,7361,clean,,135
QSFT,0,1999-08-13,2012-09-28,3305,clean,,21
QTRN,0,1997-12-31,2003-09-25,1442,clean,,46
QTWO,0,2014-03-20,2026-09-04,3135,clean,,12
QURE,0,2014-02-05,2026-09-04,3165,clean,,24
QVCN,0,,,0,excluded,no data,0
R,0,1995-01-03,2026-09-04,7972,clean,,379
RAD,0,1995-01-03,2023-12-15,7291,clean,,66
RAH,0,1997-12-31,2013-01-29,3793,clean,,25
RAI,0,1999-06-01,2017-07-24,4567,clean,,178
RAL,0,2025-06-25,2026-09-04,302,clean,,14
RAMP,0,1995-01-03,2026-09-04,7972,clean,,94
RATL,0,1999-01-04,2003-02-20,1038,clean,,13
RAVN,0,1995-01-03,2021-11-29,6671,clean,,39
RAX,0,2008-08-08,2016-11-02,2075,clean,,71
RBA,0,1998-03-10,2026-09-04,7168,clean,,27
RBC,0,2005-08-10,2026-09-04,5301,clean,,166
RBD,0,1997-12-31,1999-03-24,309,clean,,15
RBD,1,2005-05-26,2005-05-26,1,excluded,only 1 rows,0
RBD,2,2006-12-18,2006-12-18,1,excluded,only 1 rows,0
RBD,3,2010-01-29,2010-01-29,1,excluded,only 1 rows,0
RBD,4,2016-01-27,2016-01-27,1,excluded,only 1 rows,0
RBK,0,1997-12-31,2006-01-31,2033,clean,,97
RC,0,2013-02-08,2026-09-04,3414,clean,,57
RCII,0,1995-01-25,2023-04-28,7109,clean,,127
RCL,0,1995-01-03,2026-09-04,7972,clean,,141
RCM,0,2010-05-20,2024-11-18,3650,clean,,43
RCUS,0,2018-03-15,2026-09-04,2131,clean,,53
RD,0,,,0,excluded,no data,0
RDC,0,1997-12-31,2019-04-10,5353,clean,,247
RDDT,0,2024-03-18,2026-09-04,620,clean,,1
RDK,0,,,0,excluded,no data,0
RDN,0,1995-01-03,2026-09-04,7972,clean,,42
RDNT,0,1995-01-03,1995-04-12,71,unused,never in an index while trading,0
RDNT,1,1995-07-24,2026-09-04,7700,clean,,66
RDRT,0,,,0,excluded,no data,0
RE,0,,,0,excluded,no data,0
RECN,0,2000-12-15,2020-04-07,4856,clean,,20
REG,0,1995-01-03,2026-09-04,7972,clean,,188
REGI,0,2012-01-19,2022-06-10,2617,clean,,45
REGN,0,1995-01-03,2026-09-04,7972,clean,,161
REI,0,2007-03-29,2026-09-04,4886,excluded,25% zero-volume days,30
RELY,0,2021-09-23,2026-09-04,1243,clean,,4
REN,0,2007-10-08,2019-02-28,2868,unused,never in an index while trading,0
RES,0,1995-01-03,2026-09-04,7972,clean,,66
REX,0,1995-01-03,2026-09-04,7972,clean,,96
REXR,0,2013-07-19,2026-09-04,3303,clean,,67
REYN,0,2020-01-31,2026-09-04,1658,clean,,12
REZI,0,2018-10-15,2026-09-04,1983,clean,,66
RF,0,1995-01-03,2026-09-04,7972,clean,,337
RFMD,0,1997-12-31,2015-01-30,4298,clean,,49
RGA,0,1995-01-03,2026-09-04,7966,clean,,188
RGEN,0,1995-01-03,2026-09-04,7972,clean,,96
RGLD,0,1995-01-03,2026-09-04,7972,clean,,154
RGNX,0,2015-09-17,2026-09-04,2758,clean,,76
RGP,0,2000-12-15,2026-09-04,6467,clean,,40
RGR,0,1995-01-03,2026-09-04,7972,clean,,87
RGS,0,1995-01-03,2026-09-04,7972,clean,,89
RH,0,2012-11-02,2026-09-04,3480,clean,,98
RHI,0,1995-01-03,2026-09-04,7972,clean,,308
RHP,0,1995-01-03,2026-09-04,7972,clean,,18
RHT,0,1999-08-11,2019-07-08,5008,clean,,120
RIG,0,1995-01-03,2026-09-04,7972,clean,,196
RILY,0,2007-08-13,2012-02-02,862,unused,never in an index while trading,0
RILY,1,2012-03-20,2026-09-04,3159,clean,,41
RITM,0,2013-05-02,2026-09-04,3357,clean,,6
RIVN,0,2021-11-03,2026-09-04,1214,unused,never in an index while trading,0
RJF,0,1995-01-03,2026-09-04,7972,clean,,188
RKLB,0,2020-11-24,2026-09-04,1451,unused,never in an index while trading,0
RKT,0,2020-08-06,2026-09-04,1528,unused,never in an index while trading,0
RL,0,1997-06-12,2026-09-04,7354,clean,,235
RLGY,0,2012-10-11,2022-08-10,2473,clean,,27
RLI,0,1995-01-03,2026-09-04,7972,clean,,96
RLM,0,2018-09-05,2019-07-30,226,unused,never in an index while trading,0
RMAX,0,2013-10-02,2026-09-04,3251,clean,,60
RMBS,0,1997-05-14,2026-09-04,7374,clean,,96
RMD,0,1995-06-02,2026-09-04,7867,clean,,188
RMG,0,2019-04-01,2020-12-30,443,excluded,30% zero-volume days,0
RML,0,1997-12-31,2015-03-26,4336,clean,,36
RML,1,2016-01-27,2016-01-27,1,excluded,only 1 rows,0
RML,2,2018-02-22,2018-02-22,1,excluded,only 1 rows,0
RNB,0,1997-12-31,1999-12-31,505,clean,,24
RNG,0,2013-09-27,2026-09-04,3254,clean,,7
RNR,0,1995-07-27,2026-09-04,7829,clean,,136
RNST,0,1995-01-03,2026-09-04,7972,clean,,66
RNWK,0,1997-11-21,2022-12-21,6312,unused,never in an index while trading,0
ROAD,0,2018-05-04,2026-09-04,2096,clean,,2
ROCC,0,2016-11-16,2023-06-16,1656,clean,,16
ROCK,0,1995-01-03,2026-09-04,7966,clean,,96
ROG,0,1995-01-03,2026-09-04,7972,clean,,96
ROH,0,1997-12-31,2009-04-01,2830,clean,,136
ROIC,0,2007-10-30,2025-02-12,4318,clean,,77
ROIV,0,2020-12-08,2026-09-04,1442,clean,,30
ROK,0,1995-01-03,2026-09-04,7972,clean,,318
ROKU,0,2017-09-28,2026-09-04,2246,clean,,3
ROL,0,1995-01-03,2026-09-04,7972,clean,,188
ROP,0,1995-01-03,2026-09-04,7972,clean,,201
ROSE,0,2017-04-28,2023-11-20,1653,excluded,29% zero-volume days,0
ROST,0,1995-01-03,2026-09-04,7972,clean,,201
ROVI,0,1997-12-31,2016-09-07,4702,clean,,69
RPAI,0,2012-04-05,2021-10-21,2403,clean,,7
RPM,0,1995-01-03,2026-09-04,7972,clean,,188
RPT,0,2015-02-13,2026-09-04,2907,clean,,64
RRC,0,1995-01-03,2026-09-04,7972,clean,,224
RRD,0,1995-01-03,2022-02-25,6837,clean,,282
RRGB,0,2002-07-19,2026-09-04,6072,clean,,45
RRR,0,2016-04-27,2026-09-04,2605,clean,,10
RRX,0,1995-01-03,2026-09-04,7972,clean,,57
RS,0,1995-01-03,2026-09-04,7970,clean,,188
RSG,0,1998-07-01,2026-09-04,7089,clean,,213
RSH,0,2003-09-10,2015-02-02,2869,clean,,93
RSI,0,2020-04-23,2026-09-04,1600,clean,,2
RTEC,0,1999-11-12,2019-10-25,5020,clean,,14
RTN,0,1997-12-31,2020-04-02,5600,clean,,268
RTX,0,1995-01-03,2026-09-04,7972,clean,,380
RUN,0,2015-08-05,2026-09-04,2788,clean,,66
RUSHA,0,2002-07-10,2026-09-04,6028,clean,,32
RUTH,0,2005-08-09,2023-06-13,4492,clean,,57
RVBD,0,2006-09-21,2015-04-24,2162,clean,,52
RVTY,0,1995-01-03,2026-09-04,7972,clean,,380
RWIN,0,2026-04-07,2026-09-04,106,excluded,23% zero-volume days,0
RWT,0,1995-08-04,2026-09-04,7823,clean,,94
RXO,0,2022-10-27,2026-09-04,967,clean,,46
RXSD,0,1997-12-31,2000-07-10,636,unused,never in an index while trading,0
RYAAY,0,1997-05-29,2026-09-04,7364,unused,never in an index while trading,0
RYAM,0,2014-06-16,2026-09-04,3075,clean,,57
RYAN,0,2021-07-22,2026-09-04,1287,clean,,27
RYC,0,1997-12-31,1999-08-12,407,clean,,20
RYC,1,2007-07-13,2007-07-13,1,excluded,only 1 rows,0
RYC,2,2008-05-05,2008-05-05,1,excluded,only 1 rows,0
RYC,3,2009-08-17,2009-08-17,1,excluded,only 1 rows,0
RYI,0,2014-08-08,2026-04-28,2947,unused,never in an index while trading,0
RYL,0,1997-12-31,2015-09-30,4466,clean,,34
RYN,0,1995-01-03,2026-09-04,7972,clean,,188
S,0,2021-06-30,2026-09-04,1302,unused,never in an index while trading,0
SABR,0,2014-04-17,2026-09-04,3115,clean,,113
SAF,0,2018-08-29,2021-08-30,756,unused,never in an index while trading,0
SAFE,0,1995-01-04,2026-09-04,7759,clean,,66
SAFM,0,1995-01-03,2022-07-21,6919,clean,,57
SAFT,0,2002-11-22,2026-09-04,5983,clean,,96
SAH,0,1997-11-11,2026-09-04,7248,clean,,96
SAI,0,2021-06-28,2024-11-13,852,unused,never in an index while trading,0
SAIA,0,2002-09-11,2026-09-04,6035,clean,,96
SAIC,0,2013-09-16,2026-09-04,3263,clean,,154
SAIL,0,2025-02-13,2026-09-04,392,unused,never in an index while trading,0
SAM,0,1995-11-21,2026-09-04,7747,clean,,136
SANM,0,1995-01-03,2026-09-04,7972,clean,,180
SAPE,0,1997-12-31,2015-02-05,4302,clean,,24
SARO,0,2024-10-01,2026-09-04,484,clean,,8
SATS,0,2007-12-31,2026-06-23,4648,clean,,26
SB,0,2008-05-29,2026-09-04,4597,unused,never in an index while trading,0
SBAC,0,1999-06-16,2026-09-04,6848,clean,,109
SBCF,0,1995-01-03,2026-09-04,7972,clean,,96
SBH,0,2006-11-13,2026-09-04,4983,clean,,117
SBL,0,1997-12-31,2007-01-09,2269,clean,,73
SBNY,0,2004-03-23,2026-09-03,5639,clean,,112
SBRA,0,2002-04-02,2026-09-04,6148,clean,,108
SBSI,0,1996-10-30,1996-10-30,1,excluded,only 1 rows,0
SBSI,1,1996-12-11,1996-12-11,1,excluded,only 1 rows,0
SBSI,2,1997-01-20,1997-01-20,1,excluded,only 1 rows,0
SBSI,3,1997-04-17,1997-04-17,1,excluded,only 1 rows,0
SBSI,4,1997-12-30,1997-12-30,1,excluded,only 1 rows,0
SBSI,5,1998-03-25,2026-09-04,7142,clean,,96
SBUX,0,1995-01-03,2026-09-04,7972,clean,,315
SCG,0,1997-12-31,2018-12-31,5284,clean,,120
SCHL,0,1995-01-03,2026-09-04,7972,clean,,148
SCHW,0,1995-01-03,2026-09-04,7972,clean,,352
SCI,0,1995-01-03,2026-09-04,7972,clean,,250
SCL,0,1995-01-03,2026-09-04,7972,clean,,96
SCOR,0,2007-06-27,2026-09-04,4827,clean,,2
SCSC,0,1995-01-03,2026-09-04,7959,clean,,96
SCVL,0,1995-01-03,2026-07-17,7929,clean,,87
SDGR,0,2020-02-06,2026-09-04,1654,clean,,39
SDLI,0,1999-01-04,2001-02-13,534,unused,never in an index while trading,0
SDS,0,2006-07-13,2026-09-04,5069,unused,never in an index while trading,0
SE,0,2017-10-20,2026-09-04,2230,unused,never in an index while trading,0
SEBL,0,1997-12-31,2006-01-31,2033,clean,,68
SEDG,0,2015-03-26,2026-09-04,2879,clean,,96
SEE,0,1995-01-03,2026-04-08,7868,clean,,337
SEG,0,2024-07-29,2026-09-04,529,unused,never in an index while trading,0
SEI,0,2017-05-12,2026-09-04,2342,clean,,2
SEIC,0,1995-01-03,2026-09-04,7972,clean,,188
SEM,0,2009-09-25,2026-06-30,4215,clean,,94
SENEA,0,1995-09-26,2026-09-04,6528,clean,,58
SEPR,0,1997-12-31,2009-10-20,2970,unused,never in an index while trading,0
SEZL,0,2023-08-17,2026-09-04,749,clean,,9
SF,0,1995-01-03,2026-09-04,7972,clean,,136
SFA,0,1997-12-31,2006-02-24,2050,clean,,98
SFBS,0,2014-05-14,2026-09-04,3097,clean,,96
SFD,0,2025-01-28,2026-09-04,404,unused,never in an index while trading,0
SFG,0,1999-04-16,2016-03-07,4250,clean,,63
SFLY,0,2006-09-29,2019-09-24,3268,clean,,13
SFM,0,2013-08-01,2026-09-04,3294,clean,,117
SFNC,0,1995-01-03,2026-09-04,7972,clean,,96
SFS,0,2014-09-24,2019-06-19,1192,unused,never in an index while trading,0
SFX,0,,,0,excluded,no data,0
SGEN,0,2001-03-07,2023-12-13,5729,unused,never in an index while trading,0
SGH,0,2017-05-24,2024-10-15,1861,clean,,44
SGI,0,2003-12-18,2026-09-04,5714,clean,,18
SGMS,0,1995-01-03,2022-06-30,6923,clean,,102
SGP,0,2026-02-06,2026-09-04,146,unused,never in an index while trading,0
SHAK,0,2015-01-30,2026-09-04,2917,clean,,96
SHAW,0,1997-12-31,2013-02-12,3803,clean,,26
SHC,0,2020-11-20,2026-09-04,1453,clean,,51
SHEN,0,1995-08-01,2026-09-04,6983,clean,,66
SHLD,0,2023-09-13,2026-09-04,748,unused,never in an index while trading,0
SHLM,0,1997-12-31,2018-08-20,5193,unused,never in an index while trading,0
SHN,0,,,0,excluded,no data,0
SHO,0,2004-10-21,2026-09-04,5503,clean,,50
SHOO,0,1995-01-03,2026-09-04,7972,clean,,96
SHOP,0,2015-05-20,2026-09-04,2841,unused,never in an index while trading,0
SHPG,0,1998-03-25,2019-01-07,5231,unused,never in an index while trading,0
SHW,0,1995-01-03,2026-09-04,7972,clean,,380
SIAL,0,1997-12-31,2015-11-18,4501,clean,,215
SIG,0,1995-01-03,2026-09-04,7972,clean,,153
SIGI,0,1995-01-03,2026-09-04,7972,clean,,96
SII,0,2010-02-22,2026-09-04,4161,excluded,12% zero-volume days,6
SIRI,0,1995-01-03,2026-09-04,7972,clean,,3
SIRO,0,1997-12-31,2016-02-26,4568,clean,,10
SITC,0,1995-01-03,2026-09-04,7972,clean,,81
SITM,0,2019-11-20,2026-09-04,1706,clean,,57
SIVB,0,1995-01-03,2023-03-09,7096,clean,,146
SIX,0,2015-01-02,2015-01-02,1,excluded,only 1 rows,0
SJI,0,1995-01-03,2023-01-31,7070,clean,,53
SJM,0,1995-01-03,2026-09-04,7972,clean,,214
SJW,0,1995-01-03,2025-05-16,7645,clean,,30
SK,0,2005-10-18,2016-05-09,2657,unused,never in an index while trading,0
SKS,0,1995-01-03,2013-11-04,4745,clean,,35
SKT,0,1995-01-03,2026-09-04,7972,clean,,136
SKX,0,1999-06-09,2025-09-11,6606,clean,,105
SKY,0,1995-01-03,2026-09-04,7972,clean,,26
SKYT,0,2021-04-21,2026-07-30,1325,unused,never in an index while trading,0
SKYW,0,1995-01-03,2026-09-04,7972,clean,,96
SLAB,0,2000-03-24,2026-09-04,6652,clean,,188
SLB,0,1995-01-03,2026-09-04,7971,clean,,380
SLCA,0,2012-02-01,2024-07-31,3144,clean,,71
SLG,0,1997-08-15,2026-09-04,7309,clean,,188
SLGN,0,1997-02-14,2026-09-04,7435,clean,,188
SLH,0,2007-05-11,2016-03-03,2219,clean,,63
SLM,0,1995-01-03,2026-09-04,7972,clean,,327
SLP,0,1997-06-18,2026-09-04,7350,clean,,54
SLQT,0,2020-05-21,2026-09-04,1581,clean,,16
SLR,0,1996-08-13,2018-06-28,5507,excluded,30% zero-volume days,106
SLVM,0,2021-09-23,2026-09-04,1243,clean,,59
SLXP,0,2000-11-20,2015-03-31,3610,clean,,17
SM,0,1995-01-03,2026-09-04,7972,clean,,188
SMCI,0,2007-03-29,2026-09-04,4891,clean,,45
SMG,0,1995-01-03,2026-09-04,7972,clean,,188
SMI,0,2015-01-02,2015-01-02,1,excluded,only 1 rows,0
SMI,1,2016-12-08,2016-12-08,1,excluded,only 1 rows,0
SMLS,0,,,0,excluded,no data,0
SMP,0,1995-01-03,2026-09-04,7972,clean,,96
SMPL,0,2016-09-15,2026-09-04,2426,clean,,66
SMS,0,1997-12-31,2000-07-05,633,clean,,30
SMS,1,2008-03-17,2013-10-10,1404,unused,never in an index while trading,0
SMTC,0,1995-01-03,2026-09-04,7972,clean,,167
SN,0,2023-07-31,2026-09-04,779,clean,,4
SNA,0,1995-01-03,2026-09-04,7972,clean,,380
SNBR,0,1998-12-04,2026-09-04,6976,clean,,63
SNC,0,2014-11-03,2017-11-17,768,unused,never in an index while trading,0
SNCY,0,2021-03-17,2026-05-12,1295,clean,,46
SNDK,0,2025-02-13,2026-09-04,392,clean,,19
SNDR,0,2017-04-06,2026-09-04,2367,clean,,25
SNEX,0,1995-03-06,2026-09-04,7100,clean,,66
SNH,0,2000-02-23,2019-12-31,4996,clean,,108
SNI,0,2008-06-12,2018-03-06,2450,clean,,117
SNPS,0,1995-01-03,2026-09-04,7972,clean,,188
SNT,0,1995-01-03,2026-09-04,7898,clean,,57
SNV,0,1995-01-03,2025-12-31,7802,clean,,301
SNX,0,2003-11-25,2026-09-04,5730,clean,,117
SO,0,1995-01-03,2026-09-04,7972,clean,,380
SOLS,0,2024-12-31,2024-12-31,1,excluded,only 1 rows,1
SOLS,1,2025-10-20,2026-09-04,221,clean,,11
SOLSV,0,2025-10-20,2025-10-20,1,excluded,only 1 rows,0
SOLV,0,2024-03-26,2026-09-04,614,clean,,29
SON,0,1995-01-03,2026-09-04,7972,clean,,188
SONC,0,1997-12-31,2018-12-07,5269,clean,,4
SONO,0,2018-08-02,2026-09-04,2034,clean,,53
SOTR,0,1997-12-31,2004-10-29,1718,clean,,68
SOV,0,1997-12-31,2016-05-25,4630,excluded,80% zero-volume days,55
SPCX,0,2026-06-11,2026-09-04,60,unused,never in an index while trading,0
SPG,0,1995-01-03,2026-09-04,7972,clean,,291
SPGI,0,1995-01-03,2026-09-04,7972,clean,,380
SPHR,0,2020-04-09,2026-09-04,1610,clean,,6
SPLK,0,2012-04-19,2024-03-14,2995,unused,never in an index while trading,0
SPLS,0,2026-01-16,2026-09-04,160,unused,never in an index while trading,0
SPN,0,1995-01-03,2020-10-22,6422,clean,,118
SPNT,0,2013-08-15,2026-09-04,3284,clean,,62
SPOK,0,2002-05-30,2026-09-04,6086,clean,,35
SPOT,0,2018-04-03,2026-09-04,2119,unused,never in an index while trading,0
SPP,0,2017-01-03,2017-06-02,105,unused,never in an index while trading,0
SPP,1,2020-01-24,2020-01-24,1,excluded,only 1 rows,0
SPPI,0,1996-09-26,2023-07-31,6754,clean,,41
SPSC,0,2010-04-22,2026-09-04,4119,clean,,96
SPSM,0,2013-07-09,2026-09-04,3291,clean,,65
SPTN,0,2000-08-02,2025-09-18,6320,clean,,84
SPW,0,1995-01-03,2015-09-25,5221,clean,,57
SPWR,0,2021-04-19,2026-09-04,1343,clean,,34
SPXC,0,1995-01-03,2026-09-04,7972,clean,,108
SR,0,1995-01-03,2026-09-04,7972,clean,,96
SRC,0,2012-09-20,2024-01-22,2851,clean,,52
SRCI,0,2008-02-28,2020-01-14,2991,excluded,15% zero-volume days,17
SRCL,0,1996-08-23,2024-11-01,7096,clean,,182
SRDX,0,1998-03-04,2025-11-18,6973,clean,,54
SRE,0,1998-06-29,2026-09-04,7091,clean,,339
SRPT,0,1997-06-04,2026-09-04,7360,clean,,27
SRR,0,1999-01-04,2008-11-06,2478,unused,never in an index while trading,0
SRR,1,2009-12-17,2011-09-15,440,unused,never in an index while trading,0
SRR,2,2012-12-17,2014-11-14,483,excluded,44% zero-volume days,0
SRX,0,2002-05-24,2017-12-29,3929,excluded,60% zero-volume days,34
SSB,0,1997-01-28,2026-09-04,7448,clean,,42
SSCCQ,0,1997-12-31,2010-06-30,3144,unused,never in an index while trading,0
SSD,0,1995-01-03,2026-09-04,7913,clean,,96
SSP,0,1995-01-03,2026-09-04,7972,clean,,97
SSTK,0,2012-10-11,2026-09-04,3494,clean,,93
ST,0,2010-03-11,2026-09-04,4148,clean,,35
STAA,0,1995-01-03,2026-09-04,7971,clean,,65
STAG,0,2011-04-15,2026-09-04,3870,clean,,40
STAR,0,1995-01-04,2023-03-30,6898,clean,,55
STBA,0,1995-01-03,2026-09-04,7972,clean,,96
STC,0,1995-01-03,2026-09-04,7972,clean,,96
STCN,0,1995-01-03,2025-01-02,7553,unused,never in an index while trading,0
STE,0,1995-01-03,2026-09-04,7972,clean,,188
STEI,0,1997-12-31,2013-12-23,4021,unused,never in an index while trading,0
STEL,0,2017-11-08,2026-06-30,2170,clean,,45
STEP,0,2020-09-16,2026-09-04,1500,clean,,26
STI,0,2022-05-02,2026-09-04,1091,excluded,17% zero-volume days,0
STJ,0,1997-12-31,2017-01-04,4784,clean,,229
STL,0,1999-01-08,2022-01-31,5760,clean,,52
STLD,0,1996-11-22,2026-09-04,7492,clean,,188
STMP,0,1999-06-25,2021-10-29,5624,clean,,37
STO,0,1997-12-31,1998-11-17,223,clean,,11
STO,1,2016-01-04,2018-05-16,597,unused,never in an index while trading,0
STOR,0,2014-11-18,2023-02-02,2066,clean,,24
STR,0,2017-09-08,2017-09-08,1,excluded,only 1 rows,0
STR,1,2017-10-12,2025-08-18,1966,unused,never in an index while trading,0
STRA,0,1996-07-25,2026-09-04,7577,clean,,130
STRL,0,1995-01-03,2026-09-04,6834,clean,,17
STRM,0,1996-04-18,2026-09-04,7465,unused,never in an index while trading,0
STRZA,0,2006-05-16,2016-12-08,2662,unused,never in an index while trading,0
STT,0,1995-01-03,2026-09-04,7972,clean,,349
STWD,0,2009-08-12,2026-09-04,4293,clean,,42
STX,0,2002-12-11,2026-09-04,5971,clean,,171
STZ,0,1995-01-03,2026-09-04,7972,clean,,254
SUB,0,2008-11-07,2026-09-04,4482,unused,never in an index while trading,0
SUG,0,1999-01-04,2012-03-26,3329,clean,,15
SUG,1,2019-01-22,2019-01-22,1,excluded,only 1 rows,0
SUI,0,1995-01-03,2026-09-04,7972,clean,,1
SUN,0,2012-09-20,2026-09-04,3509,clean,,1
SUNE,0,1995-01-03,2026-09-04,7972,excluded,89% zero-volume days,37
SUNEQ,0,2016-01-04,2017-12-29,503,excluded,7 unexplained >50% moves,0
SUP,0,1995-01-03,2025-08-26,7714,clean,,30
SUPN,0,2012-05-01,2026-09-04,3608,clean,,96
SVC,0,1995-08-17,2026-09-04,7814,clean,,56
SVU,0,1995-01-03,2018-10-19,5985,clean,,246
SW,0,2008-04-25,2008-04-25,1,excluded,only 1 rows,0
SW,1,2008-06-16,2008-06-16,1,excluded,only 1 rows,0
SW,2,2008-07-25,2008-07-25,1,excluded,only 1 rows,0
SW,3,2008-08-29,2008-08-29,1,excluded,only 1 rows,0
SW,4,2009-02-25,2009-02-25,1,excluded,only 1 rows,0
SW,5,2009-08-20,2009-08-20,1,excluded,only 1 rows,0
SW,6,2009-10-01,2009-10-01,1,excluded,only 1 rows,0
SW,7,2009-12-14,2009-12-14,1,excluded,only 1 rows,0
SW,8,2010-02-01,2010-02-01,1,excluded,only 1 rows,0
SW,9,2010-03-30,2010-03-30,1,excluded,only 1 rows,0
SW,10,2010-07-14,2010-07-14,1,excluded,only 1 rows,0
SW,11,2010-08-18,2010-08-18,1,excluded,only 1 rows,0
SW,12,2010-10-04,2010-10-04,1,excluded,only 1 rows,0
SW,13,2010-12-08,2010-12-08,1,excluded,only 1 rows,0
SW,14,2011-02-18,2011-02-18,1,excluded,only 1 rows,0
SW,15,2011-04-06,2011-09-23,23,excluded,only 23 rows,0
SW,16,2011-11-04,2014-05-28,169,unused,never in an index while trading,0
SW,17,2014-06-30,2015-06-10,48,excluded,only 48 rows,0
SW,18,2015-07-13,2015-07-13,1,excluded,only 1 rows,0
SW,19,2015-10-19,2016-07-18,45,excluded,only 45 rows,0
SW,20,2016-09-06,2016-09-06,1,excluded,only 1 rows,0
SW,21,2016-11-14,2026-09-04,1344,clean,,26
SWAV,0,2019-03-07,2024-05-30,1318,clean,,24
SWI,0,2018-10-19,2025-04-15,1630,clean,,8
SWK,0,1995-01-03,2026-09-04,7972,clean,,380
SWKS,0,1995-01-03,2026-09-04,7972,clean,,188
SWM,0,1995-11-09,2022-09-06,6752,clean,,49
SWN,0,1995-01-03,2024-09-30,7488,clean,,196
SWX,0,1995-01-03,2026-09-04,7972,clean,,117
SWY,0,1997-12-31,2015-01-29,4297,clean,,194
SXC,0,2011-07-21,2026-09-04,3804,clean,,90
SXCL,0,1999-01-04,2017-02-15,4560,clean,,20
SXI,0,1995-01-03,2026-09-04,7972,clean,,96
SXT,0,1995-01-03,2026-09-04,7972,clean,,188
SY,0,2019-05-02,2026-09-04,1847,unused,never in an index while trading,0
SYF,0,2014-07-31,2026-09-04,3043,clean,,130
SYK,0,1995-01-03,2026-09-04,7972,clean,,309
SYKE,0,1996-04-30,2021-08-26,6376,clean,,36
SYNA,0,2002-01-29,2026-09-04,6191,clean,,117
SYNH,0,2014-11-07,2023-09-27,2236,clean,,66
SYY,0,1995-01-03,2026-09-04,7972,clean,,380
T,0,1995-01-03,2026-09-04,7972,clean,,380
TA,0,2007-01-29,2023-05-12,4102,unused,never in an index while trading,0
TALO,0,1995-01-03,2026-09-04,7961,clean,,66
TAP,0,1995-01-03,2026-09-04,7972,clean,,380
TAP-B,0,,,0,excluded,no data,0
TBBK,0,2004-02-03,2026-09-04,5684,clean,,64
TBI,0,1995-01-03,2026-09-04,7972,clean,,66
TBK,0,2014-11-07,2023-02-02,2073,clean,,24
TBL,0,1997-12-31,2011-09-13,3448,clean,,9
TCB,0,2007-10-16,2007-10-16,1,excluded,only 1 rows,0
TCB,1,2007-11-26,2007-11-26,1,excluded,only 1 rows,0
TCB,2,2008-10-22,2008-10-22,1,excluded,only 1 rows,0
TCB,3,2010-07-30,2010-07-30,1,excluded,only 1 rows,0
TCB,4,2011-06-23,2011-06-23,1,excluded,only 1 rows,1
TCB,5,2011-08-01,2011-08-01,1,excluded,only 1 rows,1
TCB,6,2012-07-02,2012-07-02,1,excluded,only 1 rows,1
TCB,7,2016-01-04,2017-05-05,338,clean,,17
TCBI,0,2003-08-13,2026-09-04,5803,clean,,113
TCF,0,1995-01-03,2021-06-08,6585,clean,,44
TCMD,0,2016-07-28,2026-09-04,2541,clean,,15
TCO,0,1995-01-03,2020-12-28,6544,clean,,120
TCOM,0,2003-12-09,2026-09-04,5721,unused,never in an index while trading,0
TCOMA,0,1997-12-31,1999-03-09,298,clean,,15
TDC,0,2007-09-12,2026-09-04,4776,clean,,227
TDG,0,2006-03-15,2026-09-04,5152,clean,,123
TDM,0,,,0,excluded,no data,0
TDS,0,1995-01-03,2026-09-04,7972,clean,,188
TDW,0,1995-01-03,2026-09-04,7972,clean,,97
TDY,0,1999-11-23,2026-09-04,6736,clean,,136
TE,0,2020-01-10,2026-09-04,1672,unused,never in an index while trading,0
TEAM,0,2015-12-10,2026-09-04,2699,unused,never in an index while trading,0
TECD,0,1995-01-03,2020-06-29,6418,clean,,114
TECH,0,1995-01-03,2026-09-04,7972,clean,,380
TECUA,0,2003-09-10,2014-05-01,2679,unused,never in an index while trading,0
TEG,0,1997-12-31,2015-06-29,4401,clean,,100
TEK,0,2024-10-22,2026-09-04,469,unused,never in an index while trading,0
TEL,0,2007-06-14,2026-09-04,4838,clean,,203
TEN,0,2002-03-05,2026-09-04,6167,unused,never in an index while trading,0
TER,0,1995-01-03,2026-09-04,7972,clean,,305
TEVA,0,1995-01-03,2026-09-04,7972,unused,never in an index while trading,0
TEX,0,1995-01-03,2026-09-04,7972,clean,,211
TFC,0,1995-01-03,2026-09-04,7972,clean,,345
TFIN,0,2014-11-07,2026-09-04,2973,clean,,37
TFX,0,1995-01-03,2026-09-04,7972,clean,,188
TG,0,1995-01-03,2026-09-04,7972,clean,,57
TGI,0,1996-10-25,2025-07-18,7221,clean,,121
TGNA,0,1995-01-03,2026-03-19,7855,clean,,374
TGT,0,1995-01-03,2026-09-04,7972,clean,,380
TGTX,0,2013-05-13,2026-09-04,3331,clean,,24
THC,0,1995-01-03,2026-09-04,7972,clean,,372
THG,0,1995-10-11,2026-09-04,7776,clean,,188
THO,0,1995-01-03,2026-09-04,7972,clean,,188
THOR,0,2026-06-23,2026-09-04,53,excluded,only 53 rows,0
THRM,0,1995-01-03,2026-09-04,7894,clean,,96
THRY,0,2017-04-05,2017-04-05,1,excluded,only 1 rows,0
THRY,1,2017-06-29,2018-01-18,26,excluded,only 26 rows,0
THRY,2,2018-02-20,2018-02-20,1,excluded,only 1 rows,0
THRY,3,2018-04-18,2026-09-04,2108,excluded,28% zero-volume days,49
THS,0,2005-06-15,2026-02-10,5197,clean,,129
THY,0,2020-06-25,2026-09-04,1557,unused,never in an index while trading,0
TIBX,0,1999-07-14,2014-12-05,3876,clean,,48
TIE,0,1997-12-31,2013-01-07,3778,clean,,62
TIF,0,1995-01-03,2021-01-06,6550,clean,,247
TILE,0,1995-01-03,2026-09-04,7972,clean,,96
TIME,0,2022-01-28,2026-09-04,1155,unused,never in an index while trading,0
TIN,0,1997-12-31,2012-03-28,3584,excluded,20% zero-volume days,135
TISI,0,1995-01-03,2026-09-04,7970,clean,,36
TIVO,0,1997-03-13,2020-05-29,5839,clean,,21
TJX,0,1995-01-03,2026-09-04,7972,clean,,380
TKO,0,1999-10-19,2026-09-04,6761,clean,,35
TKR,0,1995-01-03,2026-09-04,7972,clean,,267
TLAB,0,1995-01-03,2013-12-03,4765,clean,,198
TLN,0,2023-06-02,2026-09-04,818,clean,,12
TLRD,0,1995-01-03,2020-07-31,6441,clean,,23
TMC-A,0,1997-12-31,2000-06-12,617,clean,,30
TMDX,0,2019-05-02,2026-09-04,1847,clean,,23
TMHC,0,2013-04-10,2026-07-23,3342,clean,,68
TMO,0,1995-01-03,2026-09-04,7972,clean,,357
TMP,0,1995-01-03,2026-09-04,7972,clean,,38
TMST,0,,,0,excluded,no data,0
TMUS,0,2007-04-19,2026-09-04,4877,clean,,233
TNB,0,1997-12-31,2012-05-16,3618,clean,,97
TNC,0,1995-01-03,2026-09-04,7972,clean,,66
TNDM,0,2013-11-14,2026-09-04,3220,clean,,60
TNL,0,2006-07-19,2026-09-04,5065,clean,,66
TOL,0,1995-01-03,2026-09-04,7972,clean,,188
TOS,0,2026-01-29,2026-09-04,152,unused,never in an index while trading,0
TOST,0,2021-09-22,2026-09-04,1244,clean,,2
TOY,0,1997-12-31,2005-07-21,1900,clean,,91
TOY,1,2014-07-14,2014-07-14,1,excluded,only 1 rows,0
TPC,0,1995-01-03,2026-09-04,7972,clean,,2
TPH,0,2013-01-31,2026-05-12,3340,clean,,113
TPL,0,1995-01-03,2026-09-04,7972,clean,,27
TPR,0,2000-10-05,2026-09-04,6517,clean,,265
TPRE,0,2013-08-19,2021-04-29,1938,clean,,32
TPX,0,2003-12-18,2025-02-14,5324,clean,,136
TR,0,1995-01-03,2026-09-04,7972,clean,,188
TRCO,0,2013-01-07,2019-09-18,1687,unused,never in an index while trading,0
TREE,0,2008-08-12,2026-09-04,4545,clean,,63
TREX,0,1999-04-08,2026-09-04,6896,clean,,96
TRGP,0,2010-12-07,2026-09-04,3960,clean,,63
TRH,0,1997-12-31,2022-02-28,6079,excluded,22% zero-volume days,34
TRHC,0,2016-09-29,2023-11-02,1786,clean,,12
TRI,0,2002-06-12,2026-09-04,6096,unused,never in an index while trading,0
TRIP,0,2011-12-07,2026-09-04,3707,clean,,167
TRMB,0,1995-01-03,2026-09-04,7972,clean,,188
TRMK,0,1995-01-03,2026-09-04,7970,clean,,187
TRN,0,1995-01-03,2026-09-04,7972,clean,,188
TRNO,0,2010-02-10,2026-09-04,4168,clean,,20
TROW,0,1995-01-03,2026-09-04,7972,clean,,323
TRST,0,1995-01-03,2026-09-04,7972,clean,,96
TRU,0,2015-06-24,2026-09-04,2817,clean,,11
TRUP,0,2014-07-18,2026-09-04,3052,clean,,66
TRV,0,1995-01-03,2026-09-04,7972,clean,,380
TRW,0,2004-02-03,2015-05-14,2840,unused,never in an index while trading,0
TSCO,0,1995-01-03,2026-09-04,7972,clean,,188
TSE,0,2014-06-12,2026-09-04,3071,clean,,30
TSG,0,2010-10-15,2020-05-04,2403,excluded,26% zero-volume days,0
TSLA,0,2010-06-29,2026-09-04,4072,clean,,69
TSN,0,1995-01-03,2026-09-04,7972,clean,,253
TSS,0,1997-12-31,2019-09-17,5463,clean,,141
TT,0,1995-01-03,2026-09-04,7972,clean,,275
TTC,0,1995-01-03,2026-09-04,7972,clean,,117
TTD,0,2016-09-21,2026-09-04,2503,clean,,14
TTEC,0,1996-08-01,2026-09-04,7572,clean,,70
TTEK,0,1995-01-03,2026-09-04,7972,clean,,96
TTGT,0,2007-05-17,2026-09-04,4857,clean,,54
TTI,0,1995-01-03,2026-09-04,7972,clean,,30
TTMI,0,2000-09-21,2026-09-04,6527,clean,,96
TTS,0,2010-12-20,2012-01-30,83,unused,never in an index while trading,0
TTS,1,2012-03-02,2019-11-13,1907,clean,,15
TTS,2,2020-06-10,2020-06-10,1,excluded,only 1 rows,1
TTWO,0,1997-04-15,2026-09-04,7395,clean,,353
TUP,0,1996-05-20,2024-09-19,7131,clean,,237
TVPT,0,2014-09-25,2019-05-30,1177,clean,,9
TVTY,0,1995-01-03,2022-06-27,6908,clean,,46
TW,0,2019-04-01,2026-09-04,1868,unused,never in an index while trading,0
TWC,0,2007-01-10,2016-05-17,2355,clean,,86
TWI,0,1995-01-03,2026-09-04,7972,clean,,91
TWLO,0,2016-06-23,2026-09-04,2565,clean,,13
TWNK,0,2015-11-30,2023-11-06,1922,clean,,21
TWO,0,2007-12-12,2026-08-24,4579,clean,,62
TWTC,0,1999-05-13,2014-10-31,3894,clean,,46
TWTR,0,2013-11-07,2022-10-27,2259,clean,,52
TWX,0,1997-12-31,2018-06-15,5148,clean,,234
TX,0,2006-02-01,2026-09-04,5181,unused,never in an index while trading,0
TXN,0,1995-01-03,2026-09-04,7972,clean,,306
TXNM,0,1995-01-03,2026-09-04,7972,clean,,20
TXRH,0,2004-10-05,2026-09-04,5515,clean,,118
TXT,0,1995-01-03,2026-09-04,7972,clean,,380
TXU,0,1997-12-31,2007-10-10,2459,clean,,118
TYC,0,1997-12-31,2016-09-02,4700,clean,,225
TYL,0,1995-01-03,2026-09-04,7968,clean,,136
TYPE,0,2007-07-25,2019-10-10,3076,clean,,14
U,0,2020-09-18,2026-09-04,1498,unused,never in an index while trading,0
UA,0,2016-03-23,2026-09-04,2629,clean,,125
UAA,0,2005-11-18,2026-09-04,5230,clean,,51
UAL,0,2006-01-26,2026-09-04,5185,clean,,132
UBA,0,1998-08-17,2023-08-17,6224,clean,,59
UBER,0,2019-05-10,2026-09-04,1841,clean,,33
UBSI,0,1995-01-03,2026-09-04,7972,clean,,113
UCB,0,1997-05-20,1997-05-20,1,excluded,only 1 rows,0
UCB,1,2001-12-14,2001-12-14,1,excluded,only 1 rows,0
UCB,2,2002-02-07,2026-09-04,6163,clean,,12
UCBI,0,2002-03-18,2024-08-06,5636,clean,,72
UCC,0,2007-02-01,2026-09-04,4636,unused,never in an index while trading,0
UCL,0,2020-06-10,2026-09-04,1565,unused,never in an index while trading,0
UCM,0,1997-12-31,2000-10-20,709,clean,,34
UCM,1,2007-11-19,2007-11-19,1,excluded,only 1 rows,0
UCTT,0,2004-03-25,2026-09-04,5647,clean,,96
UDR,0,1995-01-03,2026-09-04,7972,clean,,188
UE,0,2015-01-05,2026-09-04,2934,clean,,136
UEIC,0,1995-01-03,2026-09-04,7971,clean,,54
UFCS,0,1995-01-03,2026-09-04,7972,clean,,96
UFI,0,1995-01-03,2026-09-04,7971,clean,,50
UFPI,0,1995-01-03,2026-09-04,7972,clean,,96
UFPT,0,1995-01-03,2026-09-04,7380,clean,,39
UFS,0,1995-01-03,2021-12-01,6773,clean,,97
UGI,0,1995-01-03,2026-09-04,7972,clean,,188
UHS,0,1995-01-03,2026-09-04,7972,clean,,188
UHT,0,1995-01-03,2026-09-04,7972,clean,,94
UIHC,0,,,0,excluded,no data,0
UIS,0,1995-01-03,2026-09-04,7972,clean,,190
UK,0,2019-11-07,2026-09-04,1715,unused,never in an index while trading,0
ULS,0,2024-04-12,2026-09-04,602,clean,,8
ULTA,0,2007-10-25,2026-09-04,4745,clean,,125
ULTI,0,2025-10-31,2026-09-04,212,unused,never in an index while trading,0
UMBF,0,1995-01-03,2026-09-04,7972,clean,,117
UMG,0,2007-06-20,2007-10-30,93,excluded,55% zero-volume days,0
UMPQ,0,1996-12-18,2023-02-28,6434,clean,,94
UN,0,2026-07-07,2026-09-04,44,excluded,only 44 rows,0
UNF,0,1995-01-03,2026-09-04,7972,clean,,96
UNFI,0,1996-11-01,2026-09-04,7504,clean,,154
UNH,0,1995-01-03,2026-09-04,7972,clean,,380
UNIT,0,2015-04-20,2026-09-04,2863,clean,,113
UNM,0,1995-01-03,2026-09-04,7972,clean,,380
UNP,0,1995-01-03,2026-09-04,7972,clean,,380
UNT,0,1995-01-03,2020-10-08,6489,clean,,97
UNVR,0,2015-06-17,2023-07-31,2044,clean,,32
UPBD,0,1995-01-25,2026-09-04,7956,clean,,34
UPC,0,2021-03-23,2026-09-04,1370,unused,never in an index while trading,0
UPJ,0,,,0,excluded,no data,0
UPR,0,1997-12-31,2000-07-14,640,clean,,31
UPR,1,2006-08-21,2006-08-21,1,excluded,only 1 rows,0
UPR,2,2010-01-29,2014-10-07,1181,excluded,98% zero-volume days,0
UPS,0,1999-11-10,2026-09-04,6745,clean,,290
UPWK,0,2018-10-03,2026-09-04,1991,clean,,9
URBN,0,1995-01-03,2026-09-04,7972,clean,,199
URI,0,1997-12-18,2026-09-04,7222,clean,,188
URS,0,1997-12-31,2014-10-16,4226,clean,,46
USB,0,1995-01-03,2026-09-04,7972,clean,,333
USBC,0,2006-04-18,2026-09-04,5129,excluded,18% zero-volume days,0
USCR,0,2010-10-15,2021-08-25,2713,clean,,36
USFD,0,2016-05-26,2026-09-04,2584,clean,,42
USH,0,,,0,excluded,no data,0
USHC,0,,,0,excluded,no data,0
USLM,0,1995-01-03,2026-09-04,7972,excluded,11% zero-volume days,2
USNA,0,1995-07-24,2026-09-04,7826,clean,,56
USPH,0,1995-01-03,2026-09-04,7972,clean,,96
USRX,0,,,0,excluded,no data,0
USS,0,1997-12-31,1998-10-01,190,clean,,10
USS,1,2000-06-26,2000-12-18,123,excluded,26% zero-volume days,0
USS,2,2001-12-19,2015-12-15,3520,excluded,46% zero-volume days,0
USS,3,2016-12-15,2019-02-12,542,excluded,25% zero-volume days,0
UST,0,2010-01-22,2026-09-04,4151,unused,never in an index while trading,0
USW,0,1997-12-31,2000-06-30,631,clean,,31
UTHR,0,1999-06-17,2026-09-04,6846,clean,,188
UTI,0,2003-12-17,2026-09-04,5715,clean,,3
UTIW,0,2000-11-02,2016-01-22,3827,clean,,18
UTL,0,1995-01-03,2026-09-04,7972,clean,,64
UTR,0,,,0,excluded,no data,0
UVE,0,1995-01-03,2003-03-19,1204,excluded,23 unexplained >50% moves,0
UVE,1,2003-05-02,2026-09-04,5853,clean,,60
UVN,0,1997-12-31,2009-10-29,2977,excluded,42% zero-volume days,73
UVN,1,2010-12-17,2015-12-15,1257,excluded,43% zero-volume days,0
UVN,2,2016-12-15,2018-01-30,282,excluded,25% zero-volume days,0
UVV,0,1995-01-03,2026-09-04,7972,clean,,148
V,0,2008-03-19,2026-09-04,4646,clean,,201
VAC,0,2011-11-08,2026-09-04,3727,clean,,96
VAL,0,2021-05-03,2026-09-04,1343,clean,,42
VAR,0,1995-01-03,2021-04-14,6617,clean,,170
VAT,0,,,0,excluded,no data,0
VBTX,0,2014-10-09,2025-10-16,2763,clean,,55
VC,0,2010-09-27,2026-09-04,4010,clean,,98
VCEL,0,1997-02-04,2026-09-04,7441,clean,,66
VCELA,0,1997-12-31,1999-05-03,336,unused,never in an index while trading,0
VCI,0,1997-12-31,2014-02-04,4049,clean,,4
VCLK,0,,,0,excluded,no data,0
VCTR,0,2018-02-08,2026-09-04,2155,clean,,14
VCYT,0,2013-10-30,2026-09-04,3231,clean,,14
VECO,0,1995-01-03,2026-09-04,7972,clean,,96
VEEV,0,2013-10-16,2026-09-04,3241,clean,,4
VEON,0,1996-11-15,2026-09-04,7497,unused,never in an index while trading,0
VFC,0,1995-01-03,2026-09-04,7972,clean,,380
VG,0,2025-01-24,2026-09-04,406,unused,never in an index while trading,0
VGNT,0,2026-03-27,2026-09-04,112,clean,,5
VGR,0,1995-01-03,2024-10-07,7490,clean,,62
VIAB,0,2005-12-05,2019-12-04,3524,clean,,168
VIAV,0,1995-01-03,2026-09-04,7972,clean,,257
VICI,0,2017-10-18,2026-09-04,2229,clean,,51
VICR,0,1995-01-03,2026-09-04,7972,clean,,96
VIOO,0,2010-09-09,2026-09-04,3998,clean,,65
VIR,0,2019-10-11,2026-09-04,1734,clean,,53
VIRT,0,2015-04-15,2026-09-04,2866,clean,,26
VITL,0,2020-07-31,2026-09-04,1532,clean,,7
VIVO,0,2015-05-27,2026-09-04,2837,excluded,13% zero-volume days,52
VKNG,0,,,0,excluded,no data,0
VLO,0,1995-01-03,2026-09-04,7972,clean,,269
VLTO,0,2023-09-27,2026-09-04,738,clean,,36
VLY,0,1995-01-03,2026-09-04,7972,clean,,188
VMC,0,1995-01-03,2026-09-04,7972,clean,,327
VMED,0,2004-07-13,2013-06-07,2243,unused,never in an index while trading,0
VMI,0,1995-01-03,2026-09-04,7971,clean,,188
VMRK,0,1995-01-03,2026-09-04,7972,clean,,380
VNDA,0,2006-04-12,2026-09-04,5130,clean,,30
VNO,0,1995-01-03,2026-09-04,7972,clean,,253
VNOM,0,2014-06-18,2026-09-04,3073,clean,,24
VNT,0,2020-09-24,2026-09-04,1494,clean,,71
VO,0,2004-01-30,2026-09-04,5683,unused,never in an index while trading,0
VOD,0,1995-01-03,2026-09-04,7972,unused,never in an index while trading,0
VOYA,0,2013-05-02,2026-09-04,3357,clean,,57
VRA,0,2010-10-21,2026-09-04,3992,clean,,45
VRE,0,1995-01-03,2026-06-05,7909,clean,,54
VREX,0,2017-01-20,2026-09-04,2420,clean,,72
VRRM,0,2017-03-24,2026-09-04,2270,clean,,42
VRSK,0,2009-10-07,2026-09-04,4254,clean,,131
VRSN,0,1998-01-30,2026-09-04,7194,clean,,248
VRT,0,2018-07-30,2026-09-04,2037,clean,,6
VRTS,0,2009-01-02,2026-09-04,4446,clean,,96
VRTU,0,2007-08-03,2021-02-10,3405,clean,,30
VRTV,0,2014-06-18,2023-11-29,2380,clean,,62
VRTX,0,1995-01-03,2026-09-04,7972,clean,,188
VRX,0,2015-03-09,2015-03-09,1,excluded,only 1 rows,0
VRX,1,2015-08-20,2018-10-11,675,clean,,23
VRX,2,2019-01-10,2019-06-05,15,excluded,only 15 rows,0
VSAT,0,1996-12-03,2026-09-04,7486,clean,,117
VSCO,0,2021-07-21,2026-06-01,1221,clean,,58
VSEC,0,1995-01-04,2026-09-04,6943,clean,,6
VSH,0,1995-01-03,2026-09-04,7972,clean,,188
VSI,0,2009-10-28,2019-12-16,2551,clean,,16
VSM,0,2016-10-03,2019-10-04,757,clean,,35
VSNT,0,2025-12-15,2026-09-04,182,clean,,8
VST,0,2016-10-05,2026-09-04,2493,clean,,35
VSTO,0,2015-01-29,2024-11-26,2475,clean,,97
VSTR,0,2006-06-05,2006-06-05,1,excluded,only 1 rows,0
VSTR,1,2006-07-12,2006-07-12,1,excluded,only 1 rows,0
VSTR,2,2006-09-14,2010-03-08,401,excluded,23 unexplained >50% moves,0
VSTR,3,2010-04-30,2010-04-30,1,excluded,only 1 rows,0
VSTR,4,2010-07-08,2010-07-08,1,excluded,only 1 rows,0
VSTR,5,2010-10-11,2012-04-23,117,excluded,9 unexplained >50% moves,0
VSTR,6,2012-06-07,2012-08-09,19,excluded,only 19 rows,0
VSTR,7,2012-10-01,2013-01-23,23,excluded,only 23 rows,0
VSTR,8,2013-03-20,2021-01-27,1366,excluded,66 unexplained >50% moves,0
VSTS,0,2023-09-27,2026-09-04,738,clean,,35
VSXY,0,2026-04-28,2026-09-04,91,clean,,3
VTLE,0,2011-12-15,2025-12-19,3524,clean,,28
VTOL,0,2013-01-22,2026-09-04,3427,clean,,67
VTR,0,1995-01-03,2026-09-04,7972,clean,,210
VTRS,0,1995-01-03,2026-09-04,7972,clean,,269
VTSS,0,1997-12-31,2015-04-27,4357,clean,,20
VVC,0,1997-12-31,2019-01-31,5305,excluded,105 unexplained >50% moves,97
VVC,1,2019-12-16,2020-12-11,248,excluded,21% zero-volume days,13
VVI,0,2004-06-22,2025-03-04,5207,clean,,79
VVV,0,2016-09-23,2026-09-04,2501,clean,,112
VVX,0,2014-09-16,2026-09-04,3011,clean,,2
VYX,0,1996-12-11,2026-09-04,7480,clean,,35
VZ,0,1995-01-03,2026-09-04,7972,clean,,380
WAB,0,1995-06-16,2026-09-04,7857,clean,,188
WABC,0,1995-01-03,2026-09-04,7972,clean,,148
WAFD,0,1995-01-03,2026-09-04,7972,clean,,154
WAGE,0,2012-05-11,2019-08-29,1837,clean,,12
WAI,0,2023-04-18,2026-07-15,813,unused,never in an index while trading,0
WAL,0,2005-06-30,2026-09-04,5329,clean,,24
WAT,0,1995-11-17,2026-09-04,7749,clean,,297
WAY,0,2024-06-07,2026-09-04,563,clean,,12
WB,0,2014-04-17,2026-09-04,3115,unused,never in an index while trading,0
WBA,0,1995-01-03,2025-08-27,7715,clean,,367
WBD,0,2005-07-06,2026-09-04,5326,clean,,199
WBMD,0,2005-09-29,2017-09-15,3012,clean,,9
WBS,0,1995-01-03,2026-08-19,7960,clean,,187
WCC,0,1999-05-12,2026-09-04,6872,clean,,39
WCG,0,2004-07-01,2020-01-23,3918,clean,,109
WCLX,0,1999-01-04,2001-10-08,694,unused,never in an index while trading,0
WCN,0,1998-05-22,2026-09-04,7116,clean,,71
WCOM,0,,,0,excluded,no data,0
WCRX,0,2004-06-28,2005-01-04,133,unused,never in an index while trading,0
WCRX,1,2006-09-21,2013-09-30,1768,unused,never in an index while trading,0
WD,0,2010-12-15,2026-09-04,3954,clean,,96
WDAY,0,2012-10-12,2026-09-04,3493,clean,,21
WDC,0,1995-01-03,2026-09-04,7972,clean,,207
WDFC,0,1995-01-03,2026-09-04,7972,clean,,96
WDR,0,1998-03-05,2021-06-18,5857,clean,,107
WEC,0,1995-01-03,2026-09-04,7972,clean,,215
WELL,0,1995-01-03,2026-09-04,7972,clean,,212
WEN,0,1995-01-03,2026-09-04,7971,clean,,352
WERN,0,1995-01-03,2026-09-04,7972,clean,,187
WETF,0,1995-01-03,2023-01-19,6773,clean,,75
WEX,0,2005-02-16,2026-09-04,5422,clean,,154
WFC,0,1995-01-03,2026-09-04,7972,clean,,380
WFM,0,1995-01-03,2017-08-25,5704,clean,,140
WFRD,0,1995-01-03,2026-09-04,7962,clean,,35
WFSL,0,,,0,excluded,no data,0
WFT,0,1995-01-03,2023-04-27,7119,clean,,43
WGL,0,1997-12-31,2018-07-06,5162,clean,,90
WGO,0,1995-01-03,2026-09-04,7972,clean,,96
WGOV,0,,,0,excluded,no data,0
WH,0,2018-05-18,2026-09-04,2086,clean,,92
WHD,0,2018-02-08,2026-09-04,2155,clean,,26
WHR,0,1995-01-03,2026-09-04,7972,clean,,380
WIN,0,2003-09-10,2019-06-28,3960,clean,,106
WIN,1,2020-03-20,2020-03-20,1,excluded,only 1 rows,0
WIN,2,2020-06-10,2020-06-10,1,excluded,only 1 rows,0
WINA,0,1995-01-03,2026-09-04,7972,clean,,8
WING,0,2015-06-12,2026-09-04,2825,clean,,96
WIRE,0,1995-01-03,2024-07-01,7420,clean,,70
WKC,0,1995-01-03,2026-09-04,7972,clean,,37
WLA,0,1997-12-31,2000-06-19,622,clean,,30
WLH,0,2013-05-17,2020-02-05,1692,clean,,18
WLK,0,2004-08-11,2026-09-04,5553,clean,,47
WLL,0,2004-12-20,2005-12-16,252,unused,never in an index while trading,0
WLL,1,2008-12-17,2010-12-17,505,unused,never in an index while trading,0
WLL,2,2014-12-16,2022-06-30,1888,unused,never in an index while trading,0
WLP,0,2014-09-22,2014-12-02,51,excluded,only 51 rows,0
WLTW,0,2001-06-12,2022-01-07,5178,unused,never in an index while trading,0
WLY,0,1995-01-03,2026-09-04,7972,clean,,45
WM,0,1995-01-03,2026-09-04,7972,clean,,338
WMB,0,1995-01-03,2026-09-04,7972,clean,,380
WMG,0,2020-06-03,2026-09-04,1573,clean,,27
WMS,0,1995-01-03,2013-05-10,4622,clean,,29
WMS,1,2014-07-25,2026-09-04,3046,clean,,52
WMT,0,1995-01-03,2026-09-04,7972,clean,,380
WMX,0,1997-12-31,1998-07-16,136,clean,,7
WNC,0,1995-01-03,2026-09-04,7972,clean,,78
WNR,0,2006-01-19,2017-06-01,2862,clean,,25
WOLF,0,2025-09-29,2026-09-04,236,unused,never in an index while trading,0
WOOF,0,2021-01-14,2026-09-04,1417,unused,never in an index while trading,0
WOR,0,1995-01-03,2026-09-04,7972,clean,,307
WPC,0,1998-01-21,2026-09-04,7201,clean,,34
WPG,0,2014-05-23,2021-09-30,1853,clean,,67
WPX,0,2011-12-12,2021-01-06,2282,clean,,95
WR,0,2026-05-12,2026-09-04,81,unused,never in an index while trading,0
WRB,0,1995-01-03,2026-09-04,7972,clean,,188
WRBY,0,2021-09-29,2026-09-04,1239,clean,,2
WRC,0,2000-10-20,2004-06-25,922,unused,never in an index while trading,0
WRE,0,1995-01-03,2022-10-19,7000,clean,,27
WRI,0,1995-01-03,2021-08-03,6694,clean,,127
WRK,0,1995-01-03,2024-07-05,7423,clean,,354
WRLD,0,1995-01-03,2026-09-04,7962,clean,,96
WS,0,2023-11-28,2026-09-04,695,clean,,33
WSBC,0,1995-01-03,2026-09-04,7972,clean,,2
WSC,0,2015-11-05,2026-09-04,2723,clean,,18
WSFS,0,1995-01-03,2026-09-04,7972,clean,,66
WSM,0,1995-01-03,2026-09-04,7972,clean,,188
WSO,0,1995-01-03,2026-09-04,7972,clean,,188
WSR,0,2010-08-26,2026-07-13,3992,clean,,94
WST,0,1995-01-03,2026-09-04,7972,clean,,118
WT,0,1995-01-03,2026-09-04,7972,clean,,37
WTFC,0,1996-09-23,2026-09-04,7516,clean,,113
WTR,0,2008-03-27,2008-08-15,35,excluded,only 35 rows,0
WTR,1,2008-12-16,2013-07-08,730,excluded,9 unexplained >50% moves,31
WTR,2,2013-08-09,2013-08-09,1,excluded,only 1 rows,1
WTR,3,2013-09-13,2014-07-18,64,clean,,11
WTR,4,2014-08-25,2020-04-30,1143,clean,,69
WTR,5,2020-06-04,2020-10-21,34,excluded,only 34 rows,2
WTRG,0,1995-01-03,2026-09-04,7972,clean,,78
WTS,0,1995-01-03,2026-09-04,7972,clean,,96
WTW,0,2001-06-12,2026-09-04,6346,clean,,128
WU,0,2006-09-20,2026-09-04,5021,clean,,240
WW,0,2025-06-27,2026-09-04,300,unused,never in an index while trading,0
WWAV,0,2012-10-26,2017-04-11,1120,clean,,41
WWD,0,1995-07-24,2026-09-04,7762,clean,,154
WWE,0,1999-10-19,2023-11-06,6052,clean,,62
WWW,0,1995-01-03,2026-09-04,7972,clean,,96
WWY,0,1997-12-31,2008-10-06,2708,clean,,130
WWY,1,2010-10-13,2010-10-13,1,excluded,only 1 rows,0
WY,0,1995-01-03,2026-09-04,7972,clean,,380
WYE,0,1997-12-31,2009-10-15,2967,clean,,142
WYND,0,2018-06-01,2021-02-16,682,clean,,32
WYNN,0,2002-10-25,2026-09-04,6003,clean,,214
X,0,1995-01-03,2025-06-20,7668,clean,,355
XEC,0,2002-09-25,2021-09-30,4788,clean,,121
XEL,0,1995-01-03,2026-09-04,7972,clean,,380
XHR,0,2015-02-04,2026-09-04,2914,clean,,73
XL,0,2016-01-04,2023-01-13,1771,excluded,32% zero-volume days,32
XLNX,0,1995-01-03,2022-02-11,6828,clean,,267
XLS,0,2011-10-13,2015-05-28,910,clean,,19
XMSR,0,1999-10-05,2008-07-28,2216,unused,never in an index while trading,0
XNCR,0,2013-12-03,2026-09-04,3208,clean,,73
XOM,0,1995-01-03,2026-09-04,7972,clean,,380
XOXO,0,1999-12-02,2018-12-20,4794,clean,,4
XPEL,0,2006-10-18,2010-07-23,402,excluded,26 unexplained >50% moves,0
XPEL,1,2010-09-16,2010-09-16,1,excluded,only 1 rows,0
XPEL,2,2010-11-26,2010-11-26,1,excluded,only 1 rows,0
XPEL,3,2010-12-29,2026-09-04,3238,clean,,55
XPER,0,2022-09-20,2026-09-04,987,clean,,22
XPO,0,2002-07-26,2026-09-04,5949,clean,,84
XRAY,0,1995-01-03,2026-09-04,7972,clean,,214
XRX,0,1995-01-03,2026-09-04,7972,clean,,368
XTO,0,1997-12-31,2010-06-25,3141,clean,,66
XYL,0,2011-10-13,2026-09-04,3745,clean,,179
XYZ,0,2015-11-19,2026-09-04,2713,clean,,14
Y,0,1995-01-03,2022-10-18,6932,clean,,110
YELP,0,2012-03-02,2026-09-04,3649,clean,,84
YETI,0,2018-10-25,2026-09-04,1975,clean,,64
YHOO,0,1997-12-31,2017-06-16,4897,clean,,210
YNR,0,1998-05-12,2000-10-03,606,clean,,9
YOU,0,2021-06-30,2026-09-04,1302,clean,,24
YRCW,0,1995-01-03,2021-04-09,6614,clean,,22
YUM,0,1997-09-17,2026-09-04,7287,clean,,347
ZBH,0,2001-07-25,2026-09-04,6316,clean,,301
ZBRA,0,1995-01-03,2026-09-04,7972,clean,,188
ZD,0,1999-07-23,2026-09-04,6822,clean,,59
ZE,0,1997-12-31,1998-05-21,98,unused,never in an index while trading,0
ZEUS,0,1995-01-03,2026-02-11,7814,clean,,72
ZI,0,2020-06-04,2025-07-14,1283,clean,,24
ZIMV,0,2022-02-16,2025-10-17,921,clean,,12
ZION,0,1995-01-03,2026-09-04,7972,clean,,303
ZM,0,2019-04-18,2026-09-04,1856,unused,never in an index while trading,0
ZRN,0,,,0,excluded,no data,0
ZS,0,2018-03-16,2026-09-04,2130,unused,never in an index while trading,0
ZTS,0,2013-02-01,2026-09-04,3419,clean,,159
ZUMZ,0,2005-05-06,2026-09-04,5367,clean,,57
ZWS,0,2012-03-29,2026-09-04,3630,clean,,24
ZYXI,0,2000-06-13,2000-06-13,1,excluded,only 1 rows,0
ZYXI,1,2001-08-03,2001-08-03,1,excluded,only 1 rows,0
ZYXI,2,2001-11-16,2002-09-19,83,excluded,4 unexplained >50% moves,0
ZYXI,3,2002-10-22,2003-02-19,29,excluded,only 29 rows,0
ZYXI,4,2003-05-01,2026-02-24,5195,clean,,37
